10:39:15.127 [INFO]   [Preparing]   Diffblue Cover 2025.12.02-74144f0-licensed
10:39:15.128 [INFO]   [Preparing]   Running: dcover create -B --include-modules com.paritytrading.parity:parity-file --coverage-reports
10:39:15.128 [INFO]   [Preparing]   
10:39:15.128 [INFO]   [Preparing]   Command: create
10:39:15.129 [INFO]   [Preparing]   Create tests for the specified package/class/method.
10:39:15.129 [INFO]   [Preparing]   
10:39:19.248 [INFO]   [Checking]    Maven Using ${maven.home} of: /home/jbergqvist/.sdkman/candidates/maven/current.
10:39:19.251 [INFO]   [Checking]    Maven Executing: /bin/sh -c cd /home/jbergqvist/diffblue/paritytrading-parity && /home/jbergqvist/.sdkman/candidates/maven/3.9.12/bin/mvn -B -version
10:39:19.486 [INFO]   [Checking]    Standard output of build tool (Maven)
10:39:19.486 [INFO]   [Checking]    > Apache Maven 3.9.12 (848fbb4bf2d427b72bdb2471c22fced7ebd9a7a1)
10:39:19.486 [INFO]   [Checking]    > Maven home: /home/jbergqvist/.sdkman/candidates/maven/3.9.12
10:39:19.486 [INFO]   [Checking]    > Java version: 1.8.0_472, vendor: Amazon.com Inc., runtime: /home/jbergqvist/.sdkman/candidates/java/8.0.472-amzn/jre
10:39:19.486 [INFO]   [Checking]    > Default locale: en_GB, platform encoding: UTF-8
10:39:19.486 [INFO]   [Checking]    > OS name: "linux", version: "6.8.0-90-generic", arch: "amd64", family: "unix"
10:39:19.488 [INFO]   [Checking]    Using default build rules as no custom rules found in any of [/home/jbergqvist/diffblue/paritytrading-parity]
10:39:19.494 [INFO]   [Checking]    Attempting to invoke mvnw in working directory: /home/jbergqvist/diffblue/paritytrading-parity
10:39:19.495 [INFO]   [Checking]    Attempting to invoke /home/jbergqvist/.sdkman/candidates/maven/current/bin/mvn in working directory: /home/jbergqvist/diffblue/paritytrading-parity
10:39:19.495 [INFO]   [Checking]    Started "/home/jbergqvist/.sdkman/candidates/maven/current/bin/mvn -Dmaven.ext.class.path=/opt/cover/cover-buildsystem-maven-spy-jar-with-dependencies.jar -Dcom.diffblue.cover.skipTests=true -DskipTestOptimizer --batch-mode --global-settings=/home/jbergqvist/.sdkman/candidates/maven/current/conf/settings.xml dependency:build-classpath"
10:39:20.243 [INFO]   [Checking]    out: [INFO] Scanning for projects...
10:39:20.332 [INFO]   [Checking]    out: [INFO] ------------------------------------------------------------------------
10:39:20.332 [INFO]   [Checking]    out: [INFO] Reactor Build Order:
10:39:20.332 [INFO]   [Checking]    out: [INFO] 
10:39:20.333 [INFO]   [Checking]    out: [INFO] Parity (Parent)                                                    [pom]
10:39:20.333 [INFO]   [Checking]    out: [INFO] Parity Order Book                                                  [jar]
10:39:20.333 [INFO]   [Checking]    out: [INFO] Parity File Formats                                                [jar]
10:39:20.333 [INFO]   [Checking]    out: [INFO] Parity Matching Algorithm                                          [jar]
10:39:20.333 [INFO]   [Checking]    out: [INFO] Parity Network Protocols                                           [jar]
10:39:20.333 [INFO]   [Checking]    out: [INFO] Parity Utilities                                                   [jar]
10:39:20.333 [INFO]   [Checking]    out: [INFO] Parity Terminal Client                                             [jar]
10:39:20.333 [INFO]   [Checking]    out: [INFO] Parity FIX Gateway                                                 [jar]
10:39:20.333 [INFO]   [Checking]    out: [INFO] Parity Trade Reporter                                              [jar]
10:39:20.334 [INFO]   [Checking]    out: [INFO] Parity Trading System                                              [jar]
10:39:20.334 [INFO]   [Checking]    out: [INFO] Parity Stock Ticker                                                [jar]
10:39:20.334 [INFO]   [Checking]    out: [INFO] Parity Order Book Performance Test                                 [jar]
10:39:20.334 [INFO]   [Checking]    out: [INFO] Parity Matching Algorithm Performance Test                         [jar]
10:39:20.398 [INFO]   [Checking]    out: [INFO] 
10:39:20.398 [INFO]   [Checking]    out: [INFO] ---------------< com.paritytrading.parity:parity-parent >---------------
10:39:20.398 [INFO]   [Checking]    out: [INFO] Building Parity (Parent) 0.7.1-SNAPSHOT                           [1/13]
10:39:20.398 [INFO]   [Checking]    out: [INFO]   from pom.xml
10:39:20.398 [INFO]   [Checking]    out: [INFO] --------------------------------[ pom ]---------------------------------
10:39:20.557 [INFO]   [Checking]    deserializing line [DIFFBLUE]{"__type":"com.diffblue.cover.buildsystem.model.DefaultEventMessage","project":"com.paritytrading.parity:parity-parent","goal":"build-classpath","cause":null,"state":"STARTED"}
10:39:20.612 [INFO]   [Checking]    out: [INFO] 
10:39:20.612 [INFO]   [Checking]    out: [INFO] --- dependency:3.1.1:build-classpath (default-cli) @ parity-parent ---
10:39:20.957 [INFO]   [Checking]    out: [INFO] No dependencies found.
10:39:20.957 [INFO]   [Checking]    out: [INFO] Dependencies classpath:
10:39:20.957 [INFO]   [Checking]    out: 
10:39:20.958 [INFO]   [Checking]    deserializing line [DIFFBLUE]{"__type":"com.diffblue.cover.buildsystem.model.DefaultEventMessage","project":"com.paritytrading.parity:parity-parent","goal":"build-classpath","cause":null,"state":"SUCCESS"}
10:39:20.962 [INFO]   [Checking]    out: [INFO] 
10:39:20.963 [INFO]   [Checking]    out: [INFO] ----------------< com.paritytrading.parity:parity-book >----------------
10:39:20.963 [INFO]   [Checking]    out: [INFO] Building Parity Order Book 0.7.1-SNAPSHOT                         [2/13]
10:39:20.963 [INFO]   [Checking]    out: [INFO]   from libraries/book/pom.xml
10:39:20.963 [INFO]   [Checking]    out: [INFO] --------------------------------[ jar ]---------------------------------
10:39:20.989 [INFO]   [Checking]    deserializing line [DIFFBLUE]{"__type":"com.diffblue.cover.buildsystem.model.DefaultEventMessage","project":"com.paritytrading.parity:parity-book","goal":"build-classpath","cause":null,"state":"STARTED"}
10:39:20.993 [INFO]   [Checking]    out: [INFO] 
10:39:20.994 [INFO]   [Checking]    out: [INFO] --- dependency:3.1.1:build-classpath (default-cli) @ parity-book ---
10:39:20.994 [INFO]   [Checking]    out: [INFO] Dependencies classpath:
10:39:20.994 [INFO]   [Checking]    out: /home/jbergqvist/.m2/repository/it/unimi/dsi/fastutil/8.1.0/fastutil-8.1.0.jar:/home/jbergqvist/.m2/repository/org/apache/commons/commons-lang3/3.12.0/commons-lang3-3.12.0.jar:/home/jbergqvist/.m2/repository/org/junit/jupiter/junit-jupiter/5.7.0/junit-jupiter-5.7.0.jar:/home/jbergqvist/.m2/repository/org/junit/jupiter/junit-jupiter-api/5.7.0/junit-jupiter-api-5.7.0.jar:/home/jbergqvist/.m2/repository/org/apiguardian/apiguardian-api/1.1.0/apiguardian-api-1.1.0.jar:/home/jbergqvist/.m2/repository/org/opentest4j/opentest4j/1.2.0/opentest4j-1.2.0.jar:/home/jbergqvist/.m2/repository/org/junit/platform/junit-platform-commons/1.7.0/junit-platform-commons-1.7.0.jar:/home/jbergqvist/.m2/repository/org/junit/jupiter/junit-jupiter-params/5.7.0/junit-jupiter-params-5.7.0.jar:/home/jbergqvist/.m2/repository/org/junit/jupiter/junit-jupiter-engine/5.7.0/junit-jupiter-engine-5.7.0.jar:/home/jbergqvist/.m2/repository/org/junit/platform/junit-platform-engine/1.7.0/junit-platform-engine-1.7.0.jar:/home/jbergqvist/.m2/repository/com/diffblue/cover/cover-annotations/1.9.0/cover-annotations-1.9.0.jar:/home/jbergqvist/.m2/repository/org/mockito/mockito-core/4.11.0/mockito-core-4.11.0.jar:/home/jbergqvist/.m2/repository/net/bytebuddy/byte-buddy/1.12.19/byte-buddy-1.12.19.jar:/home/jbergqvist/.m2/repository/net/bytebuddy/byte-buddy-agent/1.12.19/byte-buddy-agent-1.12.19.jar:/home/jbergqvist/.m2/repository/org/objenesis/objenesis/3.3/objenesis-3.3.jar:/home/jbergqvist/.m2/repository/org/mockito/mockito-junit-jupiter/4.11.0/mockito-junit-jupiter-4.11.0.jar
10:39:20.994 [INFO]   [Checking]    deserializing line [DIFFBLUE]{"__type":"com.diffblue.cover.buildsystem.model.DefaultEventMessage","project":"com.paritytrading.parity:parity-book","goal":"build-classpath","cause":null,"state":"SUCCESS"}
10:39:20.997 [INFO]   [Checking]    out: [INFO] 
10:39:20.997 [INFO]   [Checking]    out: [INFO] ----------------< com.paritytrading.parity:parity-file >----------------
10:39:20.998 [INFO]   [Checking]    out: [INFO] Building Parity File Formats 0.7.1-SNAPSHOT                       [3/13]
10:39:20.998 [INFO]   [Checking]    out: [INFO]   from libraries/file/pom.xml
10:39:20.998 [INFO]   [Checking]    out: [INFO] --------------------------------[ jar ]---------------------------------
10:39:20.998 [INFO]   [Checking]    deserializing line [DIFFBLUE]{"__type":"com.diffblue.cover.buildsystem.model.DefaultEventMessage","project":"com.paritytrading.parity:parity-file","goal":"build-classpath","cause":null,"state":"STARTED"}
10:39:21.001 [INFO]   [Checking]    out: [INFO] 
10:39:21.001 [INFO]   [Checking]    out: [INFO] --- dependency:3.1.1:build-classpath (default-cli) @ parity-file ---
10:39:21.001 [INFO]   [Checking]    out: [INFO] Dependencies classpath:
10:39:21.001 [INFO]   [Checking]    out: /home/jbergqvist/.m2/repository/org/junit/jupiter/junit-jupiter/5.7.0/junit-jupiter-5.7.0.jar:/home/jbergqvist/.m2/repository/org/junit/jupiter/junit-jupiter-api/5.7.0/junit-jupiter-api-5.7.0.jar:/home/jbergqvist/.m2/repository/org/apiguardian/apiguardian-api/1.1.0/apiguardian-api-1.1.0.jar:/home/jbergqvist/.m2/repository/org/opentest4j/opentest4j/1.2.0/opentest4j-1.2.0.jar:/home/jbergqvist/.m2/repository/org/junit/platform/junit-platform-commons/1.7.0/junit-platform-commons-1.7.0.jar:/home/jbergqvist/.m2/repository/org/junit/jupiter/junit-jupiter-params/5.7.0/junit-jupiter-params-5.7.0.jar:/home/jbergqvist/.m2/repository/org/junit/jupiter/junit-jupiter-engine/5.7.0/junit-jupiter-engine-5.7.0.jar:/home/jbergqvist/.m2/repository/org/junit/platform/junit-platform-engine/1.7.0/junit-platform-engine-1.7.0.jar:/home/jbergqvist/.m2/repository/com/diffblue/cover/cover-annotations/1.9.0/cover-annotations-1.9.0.jar:/home/jbergqvist/.m2/repository/org/mockito/mockito-core/4.11.0/mockito-core-4.11.0.jar:/home/jbergqvist/.m2/repository/net/bytebuddy/byte-buddy/1.12.19/byte-buddy-1.12.19.jar:/home/jbergqvist/.m2/repository/net/bytebuddy/byte-buddy-agent/1.12.19/byte-buddy-agent-1.12.19.jar:/home/jbergqvist/.m2/repository/org/objenesis/objenesis/3.3/objenesis-3.3.jar:/home/jbergqvist/.m2/repository/org/mockito/mockito-junit-jupiter/4.11.0/mockito-junit-jupiter-4.11.0.jar
10:39:21.002 [INFO]   [Checking]    deserializing line [DIFFBLUE]{"__type":"com.diffblue.cover.buildsystem.model.DefaultEventMessage","project":"com.paritytrading.parity:parity-file","goal":"build-classpath","cause":null,"state":"SUCCESS"}
10:39:21.005 [INFO]   [Checking]    out: [INFO] 
10:39:21.005 [INFO]   [Checking]    out: [INFO] ---------------< com.paritytrading.parity:parity-match >----------------
10:39:21.005 [INFO]   [Checking]    out: [INFO] Building Parity Matching Algorithm 0.7.1-SNAPSHOT                 [4/13]
10:39:21.005 [INFO]   [Checking]    out: [INFO]   from libraries/match/pom.xml
10:39:21.005 [INFO]   [Checking]    out: [INFO] --------------------------------[ jar ]---------------------------------
10:39:21.006 [INFO]   [Checking]    deserializing line [DIFFBLUE]{"__type":"com.diffblue.cover.buildsystem.model.DefaultEventMessage","project":"com.paritytrading.parity:parity-match","goal":"build-classpath","cause":null,"state":"STARTED"}
10:39:21.010 [INFO]   [Checking]    out: [INFO] 
10:39:21.010 [INFO]   [Checking]    out: [INFO] --- dependency:3.1.1:build-classpath (default-cli) @ parity-match ---
10:39:21.010 [INFO]   [Checking]    out: [INFO] Dependencies classpath:
10:39:21.010 [INFO]   [Checking]    out: /home/jbergqvist/.m2/repository/it/unimi/dsi/fastutil/8.1.0/fastutil-8.1.0.jar:/home/jbergqvist/.m2/repository/org/apache/commons/commons-lang3/3.12.0/commons-lang3-3.12.0.jar:/home/jbergqvist/.m2/repository/org/junit/jupiter/junit-jupiter/5.7.0/junit-jupiter-5.7.0.jar:/home/jbergqvist/.m2/repository/org/junit/jupiter/junit-jupiter-api/5.7.0/junit-jupiter-api-5.7.0.jar:/home/jbergqvist/.m2/repository/org/apiguardian/apiguardian-api/1.1.0/apiguardian-api-1.1.0.jar:/home/jbergqvist/.m2/repository/org/opentest4j/opentest4j/1.2.0/opentest4j-1.2.0.jar:/home/jbergqvist/.m2/repository/org/junit/platform/junit-platform-commons/1.7.0/junit-platform-commons-1.7.0.jar:/home/jbergqvist/.m2/repository/org/junit/jupiter/junit-jupiter-params/5.7.0/junit-jupiter-params-5.7.0.jar:/home/jbergqvist/.m2/repository/org/junit/jupiter/junit-jupiter-engine/5.7.0/junit-jupiter-engine-5.7.0.jar:/home/jbergqvist/.m2/repository/org/junit/platform/junit-platform-engine/1.7.0/junit-platform-engine-1.7.0.jar:/home/jbergqvist/.m2/repository/com/diffblue/cover/cover-annotations/1.9.0/cover-annotations-1.9.0.jar:/home/jbergqvist/.m2/repository/org/mockito/mockito-core/4.11.0/mockito-core-4.11.0.jar:/home/jbergqvist/.m2/repository/net/bytebuddy/byte-buddy/1.12.19/byte-buddy-1.12.19.jar:/home/jbergqvist/.m2/repository/net/bytebuddy/byte-buddy-agent/1.12.19/byte-buddy-agent-1.12.19.jar:/home/jbergqvist/.m2/repository/org/objenesis/objenesis/3.3/objenesis-3.3.jar:/home/jbergqvist/.m2/repository/org/mockito/mockito-junit-jupiter/4.11.0/mockito-junit-jupiter-4.11.0.jar
10:39:21.011 [INFO]   [Checking]    deserializing line [DIFFBLUE]{"__type":"com.diffblue.cover.buildsystem.model.DefaultEventMessage","project":"com.paritytrading.parity:parity-match","goal":"build-classpath","cause":null,"state":"SUCCESS"}
10:39:21.014 [INFO]   [Checking]    out: [INFO] 
10:39:21.014 [INFO]   [Checking]    out: [INFO] ----------------< com.paritytrading.parity:parity-net >-----------------
10:39:21.014 [INFO]   [Checking]    out: [INFO] Building Parity Network Protocols 0.7.1-SNAPSHOT                  [5/13]
10:39:21.014 [INFO]   [Checking]    out: [INFO]   from libraries/net/pom.xml
10:39:21.014 [INFO]   [Checking]    out: [INFO] --------------------------------[ jar ]---------------------------------
10:39:21.020 [INFO]   [Checking]    deserializing line [DIFFBLUE]{"__type":"com.diffblue.cover.buildsystem.model.DefaultEventMessage","project":"com.paritytrading.parity:parity-net","goal":"build-classpath","cause":null,"state":"STARTED"}
10:39:21.023 [INFO]   [Checking]    out: [INFO] 
10:39:21.024 [INFO]   [Checking]    out: [INFO] --- dependency:3.1.1:build-classpath (default-cli) @ parity-net ---
10:39:21.024 [INFO]   [Checking]    out: [INFO] Dependencies classpath:
10:39:21.024 [INFO]   [Checking]    out: /home/jbergqvist/.m2/repository/com/paritytrading/nassau/nassau-core/0.13.0/nassau-core-0.13.0.jar:/home/jbergqvist/.m2/repository/com/paritytrading/foundation/foundation/0.3.0/foundation-0.3.0.jar:/home/jbergqvist/.m2/repository/com/diffblue/cover/cover-annotations/1.9.0/cover-annotations-1.9.0.jar:/home/jbergqvist/.m2/repository/org/junit/jupiter/junit-jupiter-engine/5.13.4/junit-jupiter-engine-5.13.4.jar:/home/jbergqvist/.m2/repository/org/junit/platform/junit-platform-engine/1.13.4/junit-platform-engine-1.13.4.jar:/home/jbergqvist/.m2/repository/org/opentest4j/opentest4j/1.3.0/opentest4j-1.3.0.jar:/home/jbergqvist/.m2/repository/org/junit/platform/junit-platform-commons/1.13.4/junit-platform-commons-1.13.4.jar:/home/jbergqvist/.m2/repository/org/junit/jupiter/junit-jupiter-api/5.13.4/junit-jupiter-api-5.13.4.jar:/home/jbergqvist/.m2/repository/org/apiguardian/apiguardian-api/1.1.2/apiguardian-api-1.1.2.jar:/home/jbergqvist/.m2/repository/org/mockito/mockito-core/4.11.0/mockito-core-4.11.0.jar:/home/jbergqvist/.m2/repository/net/bytebuddy/byte-buddy/1.12.19/byte-buddy-1.12.19.jar:/home/jbergqvist/.m2/repository/net/bytebuddy/byte-buddy-agent/1.12.19/byte-buddy-agent-1.12.19.jar:/home/jbergqvist/.m2/repository/org/objenesis/objenesis/3.3/objenesis-3.3.jar:/home/jbergqvist/.m2/repository/org/mockito/mockito-junit-jupiter/4.11.0/mockito-junit-jupiter-4.11.0.jar
10:39:21.024 [INFO]   [Checking]    deserializing line [DIFFBLUE]{"__type":"com.diffblue.cover.buildsystem.model.DefaultEventMessage","project":"com.paritytrading.parity:parity-net","goal":"build-classpath","cause":null,"state":"SUCCESS"}
10:39:21.027 [INFO]   [Checking]    out: [INFO] 
10:39:21.028 [INFO]   [Checking]    out: [INFO] ----------------< com.paritytrading.parity:parity-util >----------------
10:39:21.028 [INFO]   [Checking]    out: [INFO] Building Parity Utilities 0.7.1-SNAPSHOT                          [6/13]
10:39:21.028 [INFO]   [Checking]    out: [INFO]   from libraries/util/pom.xml
10:39:21.028 [INFO]   [Checking]    out: [INFO] --------------------------------[ jar ]---------------------------------
10:39:21.029 [INFO]   [Checking]    deserializing line [DIFFBLUE]{"__type":"com.diffblue.cover.buildsystem.model.DefaultEventMessage","project":"com.paritytrading.parity:parity-util","goal":"build-classpath","cause":null,"state":"STARTED"}
10:39:21.032 [INFO]   [Checking]    out: [INFO] 
10:39:21.032 [INFO]   [Checking]    out: [INFO] --- dependency:3.1.1:build-classpath (default-cli) @ parity-util ---
10:39:21.032 [INFO]   [Checking]    out: [INFO] Dependencies classpath:
10:39:21.033 [INFO]   [Checking]    out: /home/jbergqvist/.m2/repository/com/paritytrading/foundation/foundation/0.3.0/foundation-0.3.0.jar:/home/jbergqvist/.m2/repository/com/typesafe/config/1.3.1/config-1.3.1.jar:/home/jbergqvist/.m2/repository/org/junit/jupiter/junit-jupiter/5.7.0/junit-jupiter-5.7.0.jar:/home/jbergqvist/.m2/repository/org/junit/jupiter/junit-jupiter-api/5.7.0/junit-jupiter-api-5.7.0.jar:/home/jbergqvist/.m2/repository/org/apiguardian/apiguardian-api/1.1.0/apiguardian-api-1.1.0.jar:/home/jbergqvist/.m2/repository/org/opentest4j/opentest4j/1.2.0/opentest4j-1.2.0.jar:/home/jbergqvist/.m2/repository/org/junit/platform/junit-platform-commons/1.7.0/junit-platform-commons-1.7.0.jar:/home/jbergqvist/.m2/repository/org/junit/jupiter/junit-jupiter-params/5.7.0/junit-jupiter-params-5.7.0.jar:/home/jbergqvist/.m2/repository/org/junit/jupiter/junit-jupiter-engine/5.7.0/junit-jupiter-engine-5.7.0.jar:/home/jbergqvist/.m2/repository/org/junit/platform/junit-platform-engine/1.7.0/junit-platform-engine-1.7.0.jar:/home/jbergqvist/.m2/repository/com/diffblue/cover/cover-annotations/1.9.0/cover-annotations-1.9.0.jar:/home/jbergqvist/.m2/repository/org/mockito/mockito-core/4.11.0/mockito-core-4.11.0.jar:/home/jbergqvist/.m2/repository/net/bytebuddy/byte-buddy/1.12.19/byte-buddy-1.12.19.jar:/home/jbergqvist/.m2/repository/net/bytebuddy/byte-buddy-agent/1.12.19/byte-buddy-agent-1.12.19.jar:/home/jbergqvist/.m2/repository/org/objenesis/objenesis/3.3/objenesis-3.3.jar:/home/jbergqvist/.m2/repository/org/mockito/mockito-junit-jupiter/4.11.0/mockito-junit-jupiter-4.11.0.jar
10:39:21.033 [INFO]   [Checking]    deserializing line [DIFFBLUE]{"__type":"com.diffblue.cover.buildsystem.model.DefaultEventMessage","project":"com.paritytrading.parity:parity-util","goal":"build-classpath","cause":null,"state":"SUCCESS"}
10:39:21.035 [INFO]   [Checking]    out: [INFO] 
10:39:21.036 [INFO]   [Checking]    out: [INFO] ---------------< com.paritytrading.parity:parity-client >---------------
10:39:21.036 [INFO]   [Checking]    out: [INFO] Building Parity Terminal Client 0.7.1-SNAPSHOT                    [7/13]
10:39:21.036 [INFO]   [Checking]    out: [INFO]   from applications/client/pom.xml
10:39:21.036 [INFO]   [Checking]    out: [INFO] --------------------------------[ jar ]---------------------------------
10:39:21.044 [INFO]   [Checking]    deserializing line [DIFFBLUE]{"__type":"com.diffblue.cover.buildsystem.model.DefaultEventMessage","project":"com.paritytrading.parity:parity-client","goal":"build-classpath","cause":null,"state":"STARTED"}
10:39:21.047 [INFO]   [Checking]    out: [INFO] 
10:39:21.047 [INFO]   [Checking]    out: [INFO] --- dependency:3.1.1:build-classpath (default-cli) @ parity-client ---
10:39:21.047 [INFO]   [Checking]    out: [INFO] Dependencies classpath:
10:39:21.047 [INFO]   [Checking]    out: /home/jbergqvist/.m2/repository/com/paritytrading/parity/parity-net/0.7.1-SNAPSHOT/parity-net-0.7.1-SNAPSHOT.jar:/home/jbergqvist/.m2/repository/com/paritytrading/parity/parity-util/0.7.1-SNAPSHOT/parity-util-0.7.1-SNAPSHOT.jar:/home/jbergqvist/.m2/repository/com/paritytrading/foundation/foundation/0.3.0/foundation-0.3.0.jar:/home/jbergqvist/.m2/repository/com/paritytrading/nassau/nassau-core/0.13.0/nassau-core-0.13.0.jar:/home/jbergqvist/.m2/repository/com/typesafe/config/1.3.1/config-1.3.1.jar:/home/jbergqvist/.m2/repository/org/jline/jline-reader/3.8.0/jline-reader-3.8.0.jar:/home/jbergqvist/.m2/repository/org/jline/jline-terminal/3.8.0/jline-terminal-3.8.0.jar:/home/jbergqvist/.m2/repository/org/jvirtanen/config/config-extras/0.2.0/config-extras-0.2.0.jar:/home/jbergqvist/.m2/repository/org/jvirtanen/util/util-extras/0.2.0/util-extras-0.2.0.jar:/home/jbergqvist/.m2/repository/com/diffblue/cover/cover-annotations/1.9.0/cover-annotations-1.9.0.jar:/home/jbergqvist/.m2/repository/org/junit/jupiter/junit-jupiter-engine/5.13.4/junit-jupiter-engine-5.13.4.jar:/home/jbergqvist/.m2/repository/org/junit/platform/junit-platform-engine/1.13.4/junit-platform-engine-1.13.4.jar:/home/jbergqvist/.m2/repository/org/opentest4j/opentest4j/1.3.0/opentest4j-1.3.0.jar:/home/jbergqvist/.m2/repository/org/junit/platform/junit-platform-commons/1.13.4/junit-platform-commons-1.13.4.jar:/home/jbergqvist/.m2/repository/org/junit/jupiter/junit-jupiter-api/5.13.4/junit-jupiter-api-5.13.4.jar:/home/jbergqvist/.m2/repository/org/apiguardian/apiguardian-api/1.1.2/apiguardian-api-1.1.2.jar:/home/jbergqvist/.m2/repository/org/mockito/mockito-core/4.11.0/mockito-core-4.11.0.jar:/home/jbergqvist/.m2/repository/net/bytebuddy/byte-buddy/1.12.19/byte-buddy-1.12.19.jar:/home/jbergqvist/.m2/repository/net/bytebuddy/byte-buddy-agent/1.12.19/byte-buddy-agent-1.12.19.jar:/home/jbergqvist/.m2/repository/org/objenesis/objenesis/3.3/objenesis-3.3.jar:/home/jbergqvist/.m2/repository/org/mockito/mockito-junit-jupiter/4.11.0/mockito-junit-jupiter-4.11.0.jar
10:39:21.047 [INFO]   [Checking]    deserializing line [DIFFBLUE]{"__type":"com.diffblue.cover.buildsystem.model.DefaultEventMessage","project":"com.paritytrading.parity:parity-client","goal":"build-classpath","cause":null,"state":"SUCCESS"}
10:39:21.049 [INFO]   [Checking]    out: [INFO] 
10:39:21.049 [INFO]   [Checking]    out: [INFO] ----------------< com.paritytrading.parity:parity-fix >-----------------
10:39:21.049 [INFO]   [Checking]    out: [INFO] Building Parity FIX Gateway 0.7.1-SNAPSHOT                        [8/13]
10:39:21.050 [INFO]   [Checking]    out: [INFO]   from applications/fix/pom.xml
10:39:21.050 [INFO]   [Checking]    out: [INFO] --------------------------------[ jar ]---------------------------------
10:39:21.053 [INFO]   [Checking]    deserializing line [DIFFBLUE]{"__type":"com.diffblue.cover.buildsystem.model.DefaultEventMessage","project":"com.paritytrading.parity:parity-fix","goal":"build-classpath","cause":null,"state":"STARTED"}
10:39:21.056 [INFO]   [Checking]    out: [INFO] 
10:39:21.056 [INFO]   [Checking]    out: [INFO] --- dependency:3.1.1:build-classpath (default-cli) @ parity-fix ---
10:39:21.056 [INFO]   [Checking]    out: [INFO] Dependencies classpath:
10:39:21.056 [INFO]   [Checking]    out: /home/jbergqvist/.m2/repository/com/paritytrading/parity/parity-net/0.7.1-SNAPSHOT/parity-net-0.7.1-SNAPSHOT.jar:/home/jbergqvist/.m2/repository/com/paritytrading/parity/parity-util/0.7.1-SNAPSHOT/parity-util-0.7.1-SNAPSHOT.jar:/home/jbergqvist/.m2/repository/com/paritytrading/foundation/foundation/0.3.0/foundation-0.3.0.jar:/home/jbergqvist/.m2/repository/com/paritytrading/nassau/nassau-core/0.13.0/nassau-core-0.13.0.jar:/home/jbergqvist/.m2/repository/com/paritytrading/philadelphia/philadelphia-core/1.2.0/philadelphia-core-1.2.0.jar:/home/jbergqvist/.m2/repository/com/paritytrading/philadelphia/philadelphia-fix44/1.2.0/philadelphia-fix44-1.2.0.jar:/home/jbergqvist/.m2/repository/com/typesafe/config/1.3.1/config-1.3.1.jar:/home/jbergqvist/.m2/repository/joda-time/joda-time/2.10.6/joda-time-2.10.6.jar:/home/jbergqvist/.m2/repository/org/jvirtanen/config/config-extras/0.2.0/config-extras-0.2.0.jar:/home/jbergqvist/.m2/repository/org/jvirtanen/util/util-extras/0.2.0/util-extras-0.2.0.jar:/home/jbergqvist/.m2/repository/com/diffblue/cover/cover-annotations/1.9.0/cover-annotations-1.9.0.jar:/home/jbergqvist/.m2/repository/org/junit/jupiter/junit-jupiter-engine/5.13.4/junit-jupiter-engine-5.13.4.jar:/home/jbergqvist/.m2/repository/org/junit/platform/junit-platform-engine/1.13.4/junit-platform-engine-1.13.4.jar:/home/jbergqvist/.m2/repository/org/opentest4j/opentest4j/1.3.0/opentest4j-1.3.0.jar:/home/jbergqvist/.m2/repository/org/junit/platform/junit-platform-commons/1.13.4/junit-platform-commons-1.13.4.jar:/home/jbergqvist/.m2/repository/org/junit/jupiter/junit-jupiter-api/5.13.4/junit-jupiter-api-5.13.4.jar:/home/jbergqvist/.m2/repository/org/apiguardian/apiguardian-api/1.1.2/apiguardian-api-1.1.2.jar:/home/jbergqvist/.m2/repository/org/mockito/mockito-core/4.11.0/mockito-core-4.11.0.jar:/home/jbergqvist/.m2/repository/net/bytebuddy/byte-buddy/1.12.19/byte-buddy-1.12.19.jar:/home/jbergqvist/.m2/repository/net/bytebuddy/byte-buddy-agent/1.12.19/byte-buddy-agent-1.12.19.jar:/home/jbergqvist/.m2/repository/org/objenesis/objenesis/3.3/objenesis-3.3.jar:/home/jbergqvist/.m2/repository/org/mockito/mockito-junit-jupiter/4.11.0/mockito-junit-jupiter-4.11.0.jar
10:39:21.056 [INFO]   [Checking]    deserializing line [DIFFBLUE]{"__type":"com.diffblue.cover.buildsystem.model.DefaultEventMessage","project":"com.paritytrading.parity:parity-fix","goal":"build-classpath","cause":null,"state":"SUCCESS"}
10:39:21.059 [INFO]   [Checking]    out: [INFO] 
10:39:21.059 [INFO]   [Checking]    out: [INFO] --------------< com.paritytrading.parity:parity-reporter >--------------
10:39:21.059 [INFO]   [Checking]    out: [INFO] Building Parity Trade Reporter 0.7.1-SNAPSHOT                     [9/13]
10:39:21.059 [INFO]   [Checking]    out: [INFO]   from applications/reporter/pom.xml
10:39:21.060 [INFO]   [Checking]    out: [INFO] --------------------------------[ jar ]---------------------------------
10:39:21.062 [INFO]   [Checking]    deserializing line [DIFFBLUE]{"__type":"com.diffblue.cover.buildsystem.model.DefaultEventMessage","project":"com.paritytrading.parity:parity-reporter","goal":"build-classpath","cause":null,"state":"STARTED"}
10:39:21.064 [INFO]   [Checking]    out: [INFO] 
10:39:21.065 [INFO]   [Checking]    out: [INFO] --- dependency:3.1.1:build-classpath (default-cli) @ parity-reporter ---
10:39:21.065 [INFO]   [Checking]    out: [INFO] Dependencies classpath:
10:39:21.065 [INFO]   [Checking]    out: /home/jbergqvist/.m2/repository/com/paritytrading/parity/parity-net/0.7.1-SNAPSHOT/parity-net-0.7.1-SNAPSHOT.jar:/home/jbergqvist/.m2/repository/com/paritytrading/parity/parity-util/0.7.1-SNAPSHOT/parity-util-0.7.1-SNAPSHOT.jar:/home/jbergqvist/.m2/repository/com/paritytrading/foundation/foundation/0.3.0/foundation-0.3.0.jar:/home/jbergqvist/.m2/repository/com/paritytrading/nassau/nassau-core/0.13.0/nassau-core-0.13.0.jar:/home/jbergqvist/.m2/repository/com/paritytrading/nassau/nassau-util/0.13.0/nassau-util-0.13.0.jar:/home/jbergqvist/.m2/repository/com/typesafe/config/1.3.1/config-1.3.1.jar:/home/jbergqvist/.m2/repository/org/jvirtanen/config/config-extras/0.2.0/config-extras-0.2.0.jar:/home/jbergqvist/.m2/repository/org/jvirtanen/util/util-extras/0.2.0/util-extras-0.2.0.jar:/home/jbergqvist/.m2/repository/com/diffblue/cover/cover-annotations/1.9.0/cover-annotations-1.9.0.jar:/home/jbergqvist/.m2/repository/org/junit/jupiter/junit-jupiter-engine/5.13.4/junit-jupiter-engine-5.13.4.jar:/home/jbergqvist/.m2/repository/org/junit/platform/junit-platform-engine/1.13.4/junit-platform-engine-1.13.4.jar:/home/jbergqvist/.m2/repository/org/opentest4j/opentest4j/1.3.0/opentest4j-1.3.0.jar:/home/jbergqvist/.m2/repository/org/junit/platform/junit-platform-commons/1.13.4/junit-platform-commons-1.13.4.jar:/home/jbergqvist/.m2/repository/org/junit/jupiter/junit-jupiter-api/5.13.4/junit-jupiter-api-5.13.4.jar:/home/jbergqvist/.m2/repository/org/apiguardian/apiguardian-api/1.1.2/apiguardian-api-1.1.2.jar:/home/jbergqvist/.m2/repository/org/mockito/mockito-core/4.11.0/mockito-core-4.11.0.jar:/home/jbergqvist/.m2/repository/net/bytebuddy/byte-buddy/1.12.19/byte-buddy-1.12.19.jar:/home/jbergqvist/.m2/repository/net/bytebuddy/byte-buddy-agent/1.12.19/byte-buddy-agent-1.12.19.jar:/home/jbergqvist/.m2/repository/org/objenesis/objenesis/3.3/objenesis-3.3.jar:/home/jbergqvist/.m2/repository/org/mockito/mockito-junit-jupiter/4.11.0/mockito-junit-jupiter-4.11.0.jar
10:39:21.065 [INFO]   [Checking]    deserializing line [DIFFBLUE]{"__type":"com.diffblue.cover.buildsystem.model.DefaultEventMessage","project":"com.paritytrading.parity:parity-reporter","goal":"build-classpath","cause":null,"state":"SUCCESS"}
10:39:21.067 [INFO]   [Checking]    out: [INFO] 
10:39:21.067 [INFO]   [Checking]    out: [INFO] ---------------< com.paritytrading.parity:parity-system >---------------
10:39:21.067 [INFO]   [Checking]    out: [INFO] Building Parity Trading System 0.7.1-SNAPSHOT                    [10/13]
10:39:21.067 [INFO]   [Checking]    out: [INFO]   from applications/system/pom.xml
10:39:21.067 [INFO]   [Checking]    out: [INFO] --------------------------------[ jar ]---------------------------------
10:39:21.069 [INFO]   [Checking]    deserializing line [DIFFBLUE]{"__type":"com.diffblue.cover.buildsystem.model.DefaultEventMessage","project":"com.paritytrading.parity:parity-system","goal":"build-classpath","cause":null,"state":"STARTED"}
10:39:21.071 [INFO]   [Checking]    out: [INFO] 
10:39:21.071 [INFO]   [Checking]    out: [INFO] --- dependency:3.1.1:build-classpath (default-cli) @ parity-system ---
10:39:21.071 [INFO]   [Checking]    out: [INFO] Dependencies classpath:
10:39:21.071 [INFO]   [Checking]    out: /home/jbergqvist/.m2/repository/com/paritytrading/parity/parity-match/0.7.1-SNAPSHOT/parity-match-0.7.1-SNAPSHOT.jar:/home/jbergqvist/.m2/repository/com/paritytrading/parity/parity-net/0.7.1-SNAPSHOT/parity-net-0.7.1-SNAPSHOT.jar:/home/jbergqvist/.m2/repository/com/paritytrading/foundation/foundation/0.3.0/foundation-0.3.0.jar:/home/jbergqvist/.m2/repository/com/paritytrading/nassau/nassau-core/0.13.0/nassau-core-0.13.0.jar:/home/jbergqvist/.m2/repository/com/typesafe/config/1.3.1/config-1.3.1.jar:/home/jbergqvist/.m2/repository/it/unimi/dsi/fastutil/8.1.0/fastutil-8.1.0.jar:/home/jbergqvist/.m2/repository/org/jvirtanen/config/config-extras/0.2.0/config-extras-0.2.0.jar:/home/jbergqvist/.m2/repository/org/jvirtanen/util/util-extras/0.2.0/util-extras-0.2.0.jar:/home/jbergqvist/.m2/repository/com/diffblue/cover/cover-annotations/1.9.0/cover-annotations-1.9.0.jar:/home/jbergqvist/.m2/repository/org/junit/jupiter/junit-jupiter-engine/5.13.4/junit-jupiter-engine-5.13.4.jar:/home/jbergqvist/.m2/repository/org/junit/platform/junit-platform-engine/1.13.4/junit-platform-engine-1.13.4.jar:/home/jbergqvist/.m2/repository/org/opentest4j/opentest4j/1.3.0/opentest4j-1.3.0.jar:/home/jbergqvist/.m2/repository/org/junit/platform/junit-platform-commons/1.13.4/junit-platform-commons-1.13.4.jar:/home/jbergqvist/.m2/repository/org/junit/jupiter/junit-jupiter-api/5.13.4/junit-jupiter-api-5.13.4.jar:/home/jbergqvist/.m2/repository/org/apiguardian/apiguardian-api/1.1.2/apiguardian-api-1.1.2.jar:/home/jbergqvist/.m2/repository/org/mockito/mockito-core/4.11.0/mockito-core-4.11.0.jar:/home/jbergqvist/.m2/repository/net/bytebuddy/byte-buddy/1.12.19/byte-buddy-1.12.19.jar:/home/jbergqvist/.m2/repository/net/bytebuddy/byte-buddy-agent/1.12.19/byte-buddy-agent-1.12.19.jar:/home/jbergqvist/.m2/repository/org/objenesis/objenesis/3.3/objenesis-3.3.jar:/home/jbergqvist/.m2/repository/org/mockito/mockito-junit-jupiter/4.11.0/mockito-junit-jupiter-4.11.0.jar
10:39:21.072 [INFO]   [Checking]    deserializing line [DIFFBLUE]{"__type":"com.diffblue.cover.buildsystem.model.DefaultEventMessage","project":"com.paritytrading.parity:parity-system","goal":"build-classpath","cause":null,"state":"SUCCESS"}
10:39:21.074 [INFO]   [Checking]    out: [INFO] 
10:39:21.074 [INFO]   [Checking]    out: [INFO] ---------------< com.paritytrading.parity:parity-ticker >---------------
10:39:21.074 [INFO]   [Checking]    out: [INFO] Building Parity Stock Ticker 0.7.1-SNAPSHOT                      [11/13]
10:39:21.074 [INFO]   [Checking]    out: [INFO]   from applications/ticker/pom.xml
10:39:21.074 [INFO]   [Checking]    out: [INFO] --------------------------------[ jar ]---------------------------------
10:39:21.078 [INFO]   [Checking]    deserializing line [DIFFBLUE]{"__type":"com.diffblue.cover.buildsystem.model.DefaultEventMessage","project":"com.paritytrading.parity:parity-ticker","goal":"build-classpath","cause":null,"state":"STARTED"}
10:39:21.080 [INFO]   [Checking]    out: [INFO] 
10:39:21.080 [INFO]   [Checking]    out: [INFO] --- dependency:3.1.1:build-classpath (default-cli) @ parity-ticker ---
10:39:21.080 [INFO]   [Checking]    out: [INFO] Dependencies classpath:
10:39:21.080 [INFO]   [Checking]    out: /home/jbergqvist/.m2/repository/com/paritytrading/parity/parity-book/0.7.1-SNAPSHOT/parity-book-0.7.1-SNAPSHOT.jar:/home/jbergqvist/.m2/repository/it/unimi/dsi/fastutil/8.1.0/fastutil-8.1.0.jar:/home/jbergqvist/.m2/repository/com/paritytrading/parity/parity-file/0.7.1-SNAPSHOT/parity-file-0.7.1-SNAPSHOT.jar:/home/jbergqvist/.m2/repository/com/paritytrading/parity/parity-net/0.7.1-SNAPSHOT/parity-net-0.7.1-SNAPSHOT.jar:/home/jbergqvist/.m2/repository/com/paritytrading/parity/parity-util/0.7.1-SNAPSHOT/parity-util-0.7.1-SNAPSHOT.jar:/home/jbergqvist/.m2/repository/com/paritytrading/foundation/foundation/0.3.0/foundation-0.3.0.jar:/home/jbergqvist/.m2/repository/com/paritytrading/nassau/nassau-core/0.13.0/nassau-core-0.13.0.jar:/home/jbergqvist/.m2/repository/com/paritytrading/nassau/nassau-util/0.13.0/nassau-util-0.13.0.jar:/home/jbergqvist/.m2/repository/com/typesafe/config/1.3.1/config-1.3.1.jar:/home/jbergqvist/.m2/repository/org/jvirtanen/config/config-extras/0.2.0/config-extras-0.2.0.jar:/home/jbergqvist/.m2/repository/org/jvirtanen/util/util-extras/0.2.0/util-extras-0.2.0.jar:/home/jbergqvist/.m2/repository/com/diffblue/cover/cover-annotations/1.9.0/cover-annotations-1.9.0.jar:/home/jbergqvist/.m2/repository/org/junit/jupiter/junit-jupiter-engine/5.13.4/junit-jupiter-engine-5.13.4.jar:/home/jbergqvist/.m2/repository/org/junit/platform/junit-platform-engine/1.13.4/junit-platform-engine-1.13.4.jar:/home/jbergqvist/.m2/repository/org/opentest4j/opentest4j/1.3.0/opentest4j-1.3.0.jar:/home/jbergqvist/.m2/repository/org/junit/platform/junit-platform-commons/1.13.4/junit-platform-commons-1.13.4.jar:/home/jbergqvist/.m2/repository/org/junit/jupiter/junit-jupiter-api/5.13.4/junit-jupiter-api-5.13.4.jar:/home/jbergqvist/.m2/repository/org/apiguardian/apiguardian-api/1.1.2/apiguardian-api-1.1.2.jar:/home/jbergqvist/.m2/repository/org/mockito/mockito-core/4.11.0/mockito-core-4.11.0.jar:/home/jbergqvist/.m2/repository/net/bytebuddy/byte-buddy/1.12.19/byte-buddy-1.12.19.jar:/home/jbergqvist/.m2/repository/net/bytebuddy/byte-buddy-agent/1.12.19/byte-buddy-agent-1.12.19.jar:/home/jbergqvist/.m2/repository/org/objenesis/objenesis/3.3/objenesis-3.3.jar:/home/jbergqvist/.m2/repository/org/mockito/mockito-junit-jupiter/4.11.0/mockito-junit-jupiter-4.11.0.jar
10:39:21.080 [INFO]   [Checking]    deserializing line [DIFFBLUE]{"__type":"com.diffblue.cover.buildsystem.model.DefaultEventMessage","project":"com.paritytrading.parity:parity-ticker","goal":"build-classpath","cause":null,"state":"SUCCESS"}
10:39:21.082 [INFO]   [Checking]    out: [INFO] 
10:39:21.082 [INFO]   [Checking]    out: [INFO] -----------< com.paritytrading.parity:parity-book-perf-test >-----------
10:39:21.082 [INFO]   [Checking]    out: [INFO] Building Parity Order Book Performance Test 0.7.1-SNAPSHOT       [12/13]
10:39:21.082 [INFO]   [Checking]    out: [INFO]   from tests/book-perf-test/pom.xml
10:39:21.082 [INFO]   [Checking]    out: [INFO] --------------------------------[ jar ]---------------------------------
10:39:21.090 [INFO]   [Checking]    deserializing line [DIFFBLUE]{"__type":"com.diffblue.cover.buildsystem.model.DefaultEventMessage","project":"com.paritytrading.parity:parity-book-perf-test","goal":"build-classpath","cause":null,"state":"STARTED"}
10:39:21.093 [INFO]   [Checking]    out: [INFO] 
10:39:21.093 [INFO]   [Checking]    out: [INFO] --- dependency:3.1.1:build-classpath (default-cli) @ parity-book-perf-test ---
10:39:21.093 [INFO]   [Checking]    out: [INFO] Dependencies classpath:
10:39:21.093 [INFO]   [Checking]    out: /home/jbergqvist/.m2/repository/com/paritytrading/parity/parity-book/0.7.1-SNAPSHOT/parity-book-0.7.1-SNAPSHOT.jar:/home/jbergqvist/.m2/repository/it/unimi/dsi/fastutil/8.1.0/fastutil-8.1.0.jar:/home/jbergqvist/.m2/repository/org/openjdk/jmh/jmh-core/1.19/jmh-core-1.19.jar:/home/jbergqvist/.m2/repository/net/sf/jopt-simple/jopt-simple/4.6/jopt-simple-4.6.jar:/home/jbergqvist/.m2/repository/org/apache/commons/commons-math3/3.2/commons-math3-3.2.jar:/home/jbergqvist/.m2/repository/com/diffblue/cover/cover-annotations/1.9.0/cover-annotations-1.9.0.jar:/home/jbergqvist/.m2/repository/org/openjdk/jmh/jmh-generator-annprocess/1.19/jmh-generator-annprocess-1.19.jar:/home/jbergqvist/.m2/repository/org/junit/jupiter/junit-jupiter-engine/5.13.4/junit-jupiter-engine-5.13.4.jar:/home/jbergqvist/.m2/repository/org/junit/platform/junit-platform-engine/1.13.4/junit-platform-engine-1.13.4.jar:/home/jbergqvist/.m2/repository/org/opentest4j/opentest4j/1.3.0/opentest4j-1.3.0.jar:/home/jbergqvist/.m2/repository/org/junit/platform/junit-platform-commons/1.13.4/junit-platform-commons-1.13.4.jar:/home/jbergqvist/.m2/repository/org/junit/jupiter/junit-jupiter-api/5.13.4/junit-jupiter-api-5.13.4.jar:/home/jbergqvist/.m2/repository/org/apiguardian/apiguardian-api/1.1.2/apiguardian-api-1.1.2.jar:/home/jbergqvist/.m2/repository/org/mockito/mockito-core/4.11.0/mockito-core-4.11.0.jar:/home/jbergqvist/.m2/repository/net/bytebuddy/byte-buddy/1.12.19/byte-buddy-1.12.19.jar:/home/jbergqvist/.m2/repository/net/bytebuddy/byte-buddy-agent/1.12.19/byte-buddy-agent-1.12.19.jar:/home/jbergqvist/.m2/repository/org/objenesis/objenesis/3.3/objenesis-3.3.jar:/home/jbergqvist/.m2/repository/org/mockito/mockito-junit-jupiter/4.11.0/mockito-junit-jupiter-4.11.0.jar
10:39:21.093 [INFO]   [Checking]    deserializing line [DIFFBLUE]{"__type":"com.diffblue.cover.buildsystem.model.DefaultEventMessage","project":"com.paritytrading.parity:parity-book-perf-test","goal":"build-classpath","cause":null,"state":"SUCCESS"}
10:39:21.095 [INFO]   [Checking]    out: [INFO] 
10:39:21.095 [INFO]   [Checking]    out: [INFO] ----------< com.paritytrading.parity:parity-match-perf-test >-----------
10:39:21.096 [INFO]   [Checking]    out: [INFO] Building Parity Matching Algorithm Performance Test 0.7.1-SNAPSHOT [13/13]
10:39:21.096 [INFO]   [Checking]    out: [INFO]   from tests/match-perf-test/pom.xml
10:39:21.096 [INFO]   [Checking]    out: [INFO] --------------------------------[ jar ]---------------------------------
10:39:21.097 [INFO]   [Checking]    deserializing line [DIFFBLUE]{"__type":"com.diffblue.cover.buildsystem.model.DefaultEventMessage","project":"com.paritytrading.parity:parity-match-perf-test","goal":"build-classpath","cause":null,"state":"STARTED"}
10:39:21.099 [INFO]   [Checking]    out: [INFO] 
10:39:21.100 [INFO]   [Checking]    out: [INFO] --- dependency:3.1.1:build-classpath (default-cli) @ parity-match-perf-test ---
10:39:21.100 [INFO]   [Checking]    out: [INFO] Dependencies classpath:
10:39:21.100 [INFO]   [Checking]    out: /home/jbergqvist/.m2/repository/com/paritytrading/parity/parity-match/0.7.1-SNAPSHOT/parity-match-0.7.1-SNAPSHOT.jar:/home/jbergqvist/.m2/repository/it/unimi/dsi/fastutil/8.1.0/fastutil-8.1.0.jar:/home/jbergqvist/.m2/repository/org/openjdk/jmh/jmh-core/1.19/jmh-core-1.19.jar:/home/jbergqvist/.m2/repository/net/sf/jopt-simple/jopt-simple/4.6/jopt-simple-4.6.jar:/home/jbergqvist/.m2/repository/org/apache/commons/commons-math3/3.2/commons-math3-3.2.jar:/home/jbergqvist/.m2/repository/com/diffblue/cover/cover-annotations/1.9.0/cover-annotations-1.9.0.jar:/home/jbergqvist/.m2/repository/org/openjdk/jmh/jmh-generator-annprocess/1.19/jmh-generator-annprocess-1.19.jar:/home/jbergqvist/.m2/repository/org/junit/jupiter/junit-jupiter-engine/5.13.4/junit-jupiter-engine-5.13.4.jar:/home/jbergqvist/.m2/repository/org/junit/platform/junit-platform-engine/1.13.4/junit-platform-engine-1.13.4.jar:/home/jbergqvist/.m2/repository/org/opentest4j/opentest4j/1.3.0/opentest4j-1.3.0.jar:/home/jbergqvist/.m2/repository/org/junit/platform/junit-platform-commons/1.13.4/junit-platform-commons-1.13.4.jar:/home/jbergqvist/.m2/repository/org/junit/jupiter/junit-jupiter-api/5.13.4/junit-jupiter-api-5.13.4.jar:/home/jbergqvist/.m2/repository/org/apiguardian/apiguardian-api/1.1.2/apiguardian-api-1.1.2.jar:/home/jbergqvist/.m2/repository/org/mockito/mockito-core/4.11.0/mockito-core-4.11.0.jar:/home/jbergqvist/.m2/repository/net/bytebuddy/byte-buddy/1.12.19/byte-buddy-1.12.19.jar:/home/jbergqvist/.m2/repository/net/bytebuddy/byte-buddy-agent/1.12.19/byte-buddy-agent-1.12.19.jar:/home/jbergqvist/.m2/repository/org/objenesis/objenesis/3.3/objenesis-3.3.jar:/home/jbergqvist/.m2/repository/org/mockito/mockito-junit-jupiter/4.11.0/mockito-junit-jupiter-4.11.0.jar
10:39:21.100 [INFO]   [Checking]    deserializing line [DIFFBLUE]{"__type":"com.diffblue.cover.buildsystem.model.DefaultEventMessage","project":"com.paritytrading.parity:parity-match-perf-test","goal":"build-classpath","cause":null,"state":"SUCCESS"}
10:39:21.131 [INFO]   [Checking]    deserializing line [DIFFBLUE]{"__type":"com.diffblue.cover.buildsystem.model.DefaultProjectModuleMessage","project":{"__type":"DefaultProjectModule","junitReport":["/home/jbergqvist/diffblue/paritytrading-parity/target/surefire-reports"],"jacocoReport":["/home/jbergqvist/diffblue/paritytrading-parity/target/site/jacoco/jacoco.xml"],"jacocoDestFile":["/home/jbergqvist/diffblue/paritytrading-parity/target/jacoco.exec"],"jacocoFormats":["xml"],"jacocoSkipped":false,"classpath":["/home/jbergqvist/diffblue/paritytrading-parity/target/classes"],"complianceLevel":"1.8","productionSources":["/home/jbergqvist/diffblue/paritytrading-parity/src/main/java"],"testSources":["/home/jbergqvist/diffblue/paritytrading-parity/src/test/java"],"productionClasses":"/home/jbergqvist/diffblue/paritytrading-parity/target/classes","testClasses":"/home/jbergqvist/diffblue/paritytrading-parity/target/test-classes","sourceToBuildPathMap":null,"testSourceToBuildPathMap":null,"buildDirectory":"/home/jbergqvist/diffblue/paritytrading-parity/target","plugins":[{"__type":"DefaultPlugin","groupId":"org.apache.maven.plugins","artefactId":"maven-enforcer-plugin","version":"1.0","pluginClassName":null},{"__type":"DefaultPlugin","groupId":"org.apache.maven.plugins","artefactId":"maven-checkstyle-plugin","version":"3.1.0","pluginClassName":null},{"__type":"DefaultPlugin","groupId":"org.apache.maven.plugins","artefactId":"maven-compiler-plugin","version":"3.8.0","pluginClassName":null},{"__type":"DefaultPlugin","groupId":"org.apache.maven.plugins","artefactId":"maven-javadoc-plugin","version":"3.0.1","pluginClassName":null},{"__type":"DefaultPlugin","groupId":"org.apache.maven.plugins","artefactId":"maven-release-plugin","version":"2.5.3","pluginClassName":null},{"__type":"DefaultPlugin","groupId":"org.apache.maven.plugins","artefactId":"maven-clean-plugin","version":"3.2.0","pluginClassName":null},{"__type":"DefaultPlugin","groupId":"org.apache.maven.plugins","artefactId":"maven-install-plugin","version":"3.1.2","pluginClassName":null},{"__type":"DefaultPlugin","groupId":"org.apache.maven.plugins","artefactId":"maven-deploy-plugin","version":"2.8.2","pluginClassName":null},{"__type":"DefaultPlugin","groupId":"org.apache.maven.plugins","artefactId":"maven-site-plugin","version":"3.12.1","pluginClassName":null}],"version":"3.9.12","encoding":"UTF-8","name":"maven","subModules":[{"__type":"DefaultProjectModule","junitReport":["/home/jbergqvist/diffblue/paritytrading-parity/libraries/book/target/surefire-reports"],"jacocoReport":["/home/jbergqvist/diffblue/paritytrading-parity/libraries/book/target/site/jacoco/jacoco.xml"],"jacocoDestFile":["/home/jbergqvist/diffblue/paritytrading-parity/libraries/book/target/jacoco.exec"],"jacocoFormats":["xml"],"jacocoSkipped":false,"classpath":["/home/jbergqvist/diffblue/paritytrading-parity/libraries/book/target/classes","/home/jbergqvist/.m2/repository/it/unimi/dsi/fastutil/8.1.0/fastutil-8.1.0.jar","/home/jbergqvist/.m2/repository/org/apache/commons/commons-lang3/3.12.0/commons-lang3-3.12.0.jar","/home/jbergqvist/.m2/repository/org/junit/jupiter/junit-jupiter/5.7.0/junit-jupiter-5.7.0.jar","/home/jbergqvist/.m2/repository/org/junit/jupiter/junit-jupiter-api/5.7.0/junit-jupiter-api-5.7.0.jar","/home/jbergqvist/.m2/repository/org/apiguardian/apiguardian-api/1.1.0/apiguardian-api-1.1.0.jar","/home/jbergqvist/.m2/repository/org/opentest4j/opentest4j/1.2.0/opentest4j-1.2.0.jar","/home/jbergqvist/.m2/repository/org/junit/platform/junit-platform-commons/1.7.0/junit-platform-commons-1.7.0.jar","/home/jbergqvist/.m2/repository/org/junit/jupiter/junit-jupiter-params/5.7.0/junit-jupiter-params-5.7.0.jar","/home/jbergqvist/.m2/repository/org/junit/jupiter/junit-jupiter-engine/5.7.0/junit-jupiter-engine-5.7.0.jar","/home/jbergqvist/.m2/repository/org/junit/platform/junit-platform-engine/1.7.0/junit-platform-engine-1.7.0.jar","/home/jbergqvist/.m2/repository/com/diffblue/cover/cover-annotations/1.9.0/cover-annotations-1.9.0.jar","/home/jbergqvist/.m2/repository/org/mockito/mockito-core/4.11.0/mockito-core-4.11.0.jar","/home/jbergqvist/.m2/repository/net/bytebuddy/byte-buddy/1.12.19/byte-buddy-1.12.19.jar","/home/jbergqvist/.m2/repository/net/bytebuddy/byte-buddy-agent/1.12.19/byte-buddy-agent-1.12.19.jar","/home/jbergqvist/.m2/repository/org/objenesis/objenesis/3.3/objenesis-3.3.jar","/home/jbergqvist/.m2/repository/org/mockito/mockito-junit-jupiter/4.11.0/mockito-junit-jupiter-4.11.0.jar"],"complianceLevel":"1.8","productionSources":["/home/jbergqvist/diffblue/paritytrading-parity/libraries/book/src/main/java"],"testSources":["/home/jbergqvist/diffblue/paritytrading-parity/libraries/book/src/test/java"],"productionClasses":"/home/jbergqvist/diffblue/paritytrading-parity/libraries/book/target/classes","testClasses":"/home/jbergqvist/diffblue/paritytrading-parity/libraries/book/target/test-classes","sourceToBuildPathMap":null,"testSourceToBuildPathMap":null,"buildDirectory":"/home/jbergqvist/diffblue/paritytrading-parity/libraries/book/target","plugins":[{"__type":"DefaultPlugin","groupId":"org.apache.maven.plugins","artefactId":"maven-enforcer-plugin","version":"1.0","pluginClassName":null},{"__type":"DefaultPlugin","groupId":"org.apache.maven.plugins","artefactId":"maven-checkstyle-plugin","version":"3.1.0","pluginClassName":null},{"__type":"DefaultPlugin","groupId":"org.apache.maven.plugins","artefactId":"maven-compiler-plugin","version":"3.8.0","pluginClassName":null},{"__type":"DefaultPlugin","groupId":"org.apache.maven.plugins","artefactId":"maven-javadoc-plugin","version":"3.0.1","pluginClassName":null},{"__type":"DefaultPlugin","groupId":"org.apache.maven.plugins","artefactId":"maven-release-plugin","version":"2.5.3","pluginClassName":null},{"__type":"DefaultPlugin","groupId":"org.apache.maven.plugins","artefactId":"maven-clean-plugin","version":"3.2.0","pluginClassName":null},{"__type":"DefaultPlugin","groupId":"org.apache.maven.plugins","artefactId":"maven-resources-plugin","version":"3.3.1","pluginClassName":null},{"__type":"DefaultPlugin","groupId":"org.apache.maven.plugins","artefactId":"maven-jar-plugin","version":"3.4.1","pluginClassName":null},{"__type":"DefaultPlugin","groupId":"org.apache.maven.plugins","artefactId":"maven-surefire-plugin","version":"3.0.0-M5","pluginClassName":null},{"__type":"DefaultPlugin","groupId":"org.apache.maven.plugins","artefactId":"maven-install-plugin","version":"3.1.2","pluginClassName":null},{"__type":"DefaultPlugin","groupId":"org.apache.maven.plugins","artefactId":"maven-deploy-plugin","version":"2.8.2","pluginClassName":null},{"__type":"DefaultPlugin","groupId":"org.apache.maven.plugins","artefactId":"maven-site-plugin","version":"3.12.1","pluginClassName":null}],"version":"3.9.12","encoding":"UTF-8","name":"maven","subModules":[],"simpleModuleName":null,"parentModuleName":"com.paritytrading.parity:parity-parent","location":"/home/jbergqvist/diffblue/paritytrading-parity/libraries/book","fullModuleName":"com.paritytrading.parity:parity-book"},{"__type":"DefaultProjectModule","junitReport":["/home/jbergqvist/diffblue/paritytrading-parity/libraries/file/target/surefire-reports"],"jacocoReport":["/home/jbergqvist/diffblue/paritytrading-parity/libraries/file/target/site/jacoco/jacoco.xml"],"jacocoDestFile":["/home/jbergqvist/diffblue/paritytrading-parity/libraries/file/target/jacoco.exec"],"jacocoFormats":["xml"],"jacocoSkipped":false,"classpath":["/home/jbergqvist/diffblue/paritytrading-parity/libraries/file/target/classes","/home/jbergqvist/.m2/repository/org/junit/jupiter/junit-jupiter/5.7.0/junit-jupiter-5.7.0.jar","/home/jbergqvist/.m2/repository/org/junit/jupiter/junit-jupiter-api/5.7.0/junit-jupiter-api-5.7.0.jar","/home/jbergqvist/.m2/repository/org/apiguardian/apiguardian-api/1.1.0/apiguardian-api-1.1.0.jar","/home/jbergqvist/.m2/repository/org/opentest4j/opentest4j/1.2.0/opentest4j-1.2.0.jar","/home/jbergqvist/.m2/repository/org/junit/platform/junit-platform-commons/1.7.0/junit-platform-commons-1.7.0.jar","/home/jbergqvist/.m2/repository/org/junit/jupiter/junit-jupiter-params/5.7.0/junit-jupiter-params-5.7.0.jar","/home/jbergqvist/.m2/repository/org/junit/jupiter/junit-jupiter-engine/5.7.0/junit-jupiter-engine-5.7.0.jar","/home/jbergqvist/.m2/repository/org/junit/platform/junit-platform-engine/1.7.0/junit-platform-engine-1.7.0.jar","/home/jbergqvist/.m2/repository/com/diffblue/cover/cover-annotations/1.9.0/cover-annotations-1.9.0.jar","/home/jbergqvist/.m2/repository/org/mockito/mockito-core/4.11.0/mockito-core-4.11.0.jar","/home/jbergqvist/.m2/repository/net/bytebuddy/byte-buddy/1.12.19/byte-buddy-1.12.19.jar","/home/jbergqvist/.m2/repository/net/bytebuddy/byte-buddy-agent/1.12.19/byte-buddy-agent-1.12.19.jar","/home/jbergqvist/.m2/repository/org/objenesis/objenesis/3.3/objenesis-3.3.jar","/home/jbergqvist/.m2/repository/org/mockito/mockito-junit-jupiter/4.11.0/mockito-junit-jupiter-4.11.0.jar"],"complianceLevel":"1.8","productionSources":["/home/jbergqvist/diffblue/paritytrading-parity/libraries/file/src/main/java"],"testSources":["/home/jbergqvist/diffblue/paritytrading-parity/libraries/file/src/test/java"],"productionClasses":"/home/jbergqvist/diffblue/paritytrading-parity/libraries/file/target/classes","testClasses":"/home/jbergqvist/diffblue/paritytrading-parity/libraries/file/target/test-classes","sourceToBuildPathMap":null,"testSourceToBuildPathMap":null,"buildDirectory":"/home/jbergqvist/diffblue/paritytrading-parity/libraries/file/target","plugins":[{"__type":"DefaultPlugin","groupId":"org.apache.maven.plugins","artefactId":"maven-enforcer-plugin","version":"1.0","pluginClassName":null},{"__type":"DefaultPlugin","groupId":"org.apache.maven.plugins","artefactId":"maven-checkstyle-plugin","version":"3.1.0","pluginClassName":null},{"__type":"DefaultPlugin","groupId":"org.apache.maven.plugins","artefactId":"maven-compiler-plugin","version":"3.8.0","pluginClassName":null},{"__type":"DefaultPlugin","groupId":"org.apache.maven.plugins","artefactId":"maven-javadoc-plugin","version":"3.0.1","pluginClassName":null},{"__type":"DefaultPlugin","groupId":"org.apache.maven.plugins","artefactId":"maven-release-plugin","version":"2.5.3","pluginClassName":null},{"__type":"DefaultPlugin","groupId":"org.apache.maven.plugins","artefactId":"maven-clean-plugin","version":"3.2.0","pluginClassName":null},{"__type":"DefaultPlugin","groupId":"org.apache.maven.plugins","artefactId":"maven-resources-plugin","version":"3.3.1","pluginClassName":null},{"__type":"DefaultPlugin","groupId":"org.apache.maven.plugins","artefactId":"maven-jar-plugin","version":"3.4.1","pluginClassName":null},{"__type":"DefaultPlugin","groupId":"org.apache.maven.plugins","artefactId":"maven-surefire-plugin","version":"3.0.0-M5","pluginClassName":null},{"__type":"DefaultPlugin","groupId":"org.apache.maven.plugins","artefactId":"maven-install-plugin","version":"3.1.2","pluginClassName":null},{"__type":"DefaultPlugin","groupId":"org.apache.maven.plugins","artefactId":"maven-deploy-plugin","version":"2.8.2","pluginClassName":null},{"__type":"DefaultPlugin","groupId":"org.apache.maven.plugins","artefactId":"maven-site-plugin","version":"3.12.1","pluginClassName":null}],"version":"3.9.12","encoding":"UTF-8","name":"maven","subModules":[],"simpleModuleName":null,"parentModuleName":"com.paritytrading.parity:parity-parent","location":"/home/jbergqvist/diffblue/paritytrading-parity/libraries/file","fullModuleName":"com.paritytrading.parity:parity-file"},{"__type":"DefaultProjectModule","junitReport":["/home/jbergqvist/diffblue/paritytrading-parity/libraries/match/target/surefire-reports"],"jacocoReport":["/home/jbergqvist/diffblue/paritytrading-parity/libraries/match/target/site/jacoco/jacoco.xml"],"jacocoDestFile":["/home/jbergqvist/diffblue/paritytrading-parity/libraries/match/target/jacoco.exec"],"jacocoFormats":["xml"],"jacocoSkipped":false,"classpath":["/home/jbergqvist/diffblue/paritytrading-parity/libraries/match/target/classes","/home/jbergqvist/.m2/repository/it/unimi/dsi/fastutil/8.1.0/fastutil-8.1.0.jar","/home/jbergqvist/.m2/repository/org/apache/commons/commons-lang3/3.12.0/commons-lang3-3.12.0.jar","/home/jbergqvist/.m2/repository/org/junit/jupiter/junit-jupiter/5.7.0/junit-jupiter-5.7.0.jar","/home/jbergqvist/.m2/repository/org/junit/jupiter/junit-jupiter-api/5.7.0/junit-jupiter-api-5.7.0.jar","/home/jbergqvist/.m2/repository/org/apiguardian/apiguardian-api/1.1.0/apiguardian-api-1.1.0.jar","/home/jbergqvist/.m2/repository/org/opentest4j/opentest4j/1.2.0/opentest4j-1.2.0.jar","/home/jbergqvist/.m2/repository/org/junit/platform/junit-platform-commons/1.7.0/junit-platform-commons-1.7.0.jar","/home/jbergqvist/.m2/repository/org/junit/jupiter/junit-jupiter-params/5.7.0/junit-jupiter-params-5.7.0.jar","/home/jbergqvist/.m2/repository/org/junit/jupiter/junit-jupiter-engine/5.7.0/junit-jupiter-engine-5.7.0.jar","/home/jbergqvist/.m2/repository/org/junit/platform/junit-platform-engine/1.7.0/junit-platform-engine-1.7.0.jar","/home/jbergqvist/.m2/repository/com/diffblue/cover/cover-annotations/1.9.0/cover-annotations-1.9.0.jar","/home/jbergqvist/.m2/repository/org/mockito/mockito-core/4.11.0/mockito-core-4.11.0.jar","/home/jbergqvist/.m2/repository/net/bytebuddy/byte-buddy/1.12.19/byte-buddy-1.12.19.jar","/home/jbergqvist/.m2/repository/net/bytebuddy/byte-buddy-agent/1.12.19/byte-buddy-agent-1.12.19.jar","/home/jbergqvist/.m2/repository/org/objenesis/objenesis/3.3/objenesis-3.3.jar","/home/jbergqvist/.m2/repository/org/mockito/mockito-junit-jupiter/4.11.0/mockito-junit-jupiter-4.11.0.jar"],"complianceLevel":"1.8","productionSources":["/home/jbergqvist/diffblue/paritytrading-parity/libraries/match/src/main/java"],"testSources":["/home/jbergqvist/diffblue/paritytrading-parity/libraries/match/src/test/java"],"productionClasses":"/home/jbergqvist/diffblue/paritytrading-parity/libraries/match/target/classes","testClasses":"/home/jbergqvist/diffblue/paritytrading-parity/libraries/match/target/test-classes","sourceToBuildPathMap":null,"testSourceToBuildPathMap":null,"buildDirectory":"/home/jbergqvist/diffblue/paritytrading-parity/libraries/match/target","plugins":[{"__type":"DefaultPlugin","groupId":"org.apache.maven.plugins","artefactId":"maven-enforcer-plugin","version":"1.0","pluginClassName":null},{"__type":"DefaultPlugin","groupId":"org.apache.maven.plugins","artefactId":"maven-checkstyle-plugin","version":"3.1.0","pluginClassName":null},{"__type":"DefaultPlugin","groupId":"org.apache.maven.plugins","artefactId":"maven-compiler-plugin","version":"3.8.0","pluginClassName":null},{"__type":"DefaultPlugin","groupId":"org.apache.maven.plugins","artefactId":"maven-javadoc-plugin","version":"3.0.1","pluginClassName":null},{"__type":"DefaultPlugin","groupId":"org.apache.maven.plugins","artefactId":"maven-release-plugin","version":"2.5.3","pluginClassName":null},{"__type":"DefaultPlugin","groupId":"org.apache.maven.plugins","artefactId":"maven-clean-plugin","version":"3.2.0","pluginClassName":null},{"__type":"DefaultPlugin","groupId":"org.apache.maven.plugins","artefactId":"maven-resources-plugin","version":"3.3.1","pluginClassName":null},{"__type":"DefaultPlugin","groupId":"org.apache.maven.plugins","artefactId":"maven-jar-plugin","version":"3.4.1","pluginClassName":null},{"__type":"DefaultPlugin","groupId":"org.apache.maven.plugins","artefactId":"maven-surefire-plugin","version":"3.0.0-M5","pluginClassName":null},{"__type":"DefaultPlugin","groupId":"org.apache.maven.plugins","artefactId":"maven-install-plugin","version":"3.1.2","pluginClassName":null},{"__type":"DefaultPlugin","groupId":"org.apache.maven.plugins","artefactId":"maven-deploy-plugin","version":"2.8.2","pluginClassName":null},{"__type":"DefaultPlugin","groupId":"org.apache.maven.plugins","artefactId":"maven-site-plugin","version":"3.12.1","pluginClassName":null}],"version":"3.9.12","encoding":"UTF-8","name":"maven","subModules":[],"simpleModuleName":null,"parentModuleName":"com.paritytrading.parity:parity-parent","location":"/home/jbergqvist/diffblue/paritytrading-parity/libraries/match","fullModuleName":"com.paritytrading.parity:parity-match"},{"__type":"DefaultProjectModule","junitReport":["/home/jbergqvist/diffblue/paritytrading-parity/libraries/net/target/surefire-reports"],"jacocoReport":["/home/jbergqvist/diffblue/paritytrading-parity/libraries/net/target/site/jacoco/jacoco.xml"],"jacocoDestFile":["/home/jbergqvist/diffblue/paritytrading-parity/libraries/net/target/jacoco.exec"],"jacocoFormats":["xml"],"jacocoSkipped":false,"classpath":["/home/jbergqvist/diffblue/paritytrading-parity/libraries/net/target/classes","/home/jbergqvist/.m2/repository/com/paritytrading/nassau/nassau-core/0.13.0/nassau-core-0.13.0.jar","/home/jbergqvist/.m2/repository/com/paritytrading/foundation/foundation/0.3.0/foundation-0.3.0.jar","/home/jbergqvist/.m2/repository/com/diffblue/cover/cover-annotations/1.9.0/cover-annotations-1.9.0.jar","/home/jbergqvist/.m2/repository/org/junit/jupiter/junit-jupiter-engine/5.13.4/junit-jupiter-engine-5.13.4.jar","/home/jbergqvist/.m2/repository/org/junit/platform/junit-platform-engine/1.13.4/junit-platform-engine-1.13.4.jar","/home/jbergqvist/.m2/repository/org/opentest4j/opentest4j/1.3.0/opentest4j-1.3.0.jar","/home/jbergqvist/.m2/repository/org/junit/platform/junit-platform-commons/1.13.4/junit-platform-commons-1.13.4.jar","/home/jbergqvist/.m2/repository/org/junit/jupiter/junit-jupiter-api/5.13.4/junit-jupiter-api-5.13.4.jar","/home/jbergqvist/.m2/repository/org/apiguardian/apiguardian-api/1.1.2/apiguardian-api-1.1.2.jar","/home/jbergqvist/.m2/repository/org/mockito/mockito-core/4.11.0/mockito-core-4.11.0.jar","/home/jbergqvist/.m2/repository/net/bytebuddy/byte-buddy/1.12.19/byte-buddy-1.12.19.jar","/home/jbergqvist/.m2/repository/net/bytebuddy/byte-buddy-agent/1.12.19/byte-buddy-agent-1.12.19.jar","/home/jbergqvist/.m2/repository/org/objenesis/objenesis/3.3/objenesis-3.3.jar","/home/jbergqvist/.m2/repository/org/mockito/mockito-junit-jupiter/4.11.0/mockito-junit-jupiter-4.11.0.jar"],"complianceLevel":"1.8","productionSources":["/home/jbergqvist/diffblue/paritytrading-parity/libraries/net/src/main/java"],"testSources":["/home/jbergqvist/diffblue/paritytrading-parity/libraries/net/src/test/java"],"productionClasses":"/home/jbergqvist/diffblue/paritytrading-parity/libraries/net/target/classes","testClasses":"/home/jbergqvist/diffblue/paritytrading-parity/libraries/net/target/test-classes","sourceToBuildPathMap":null,"testSourceToBuildPathMap":null,"buildDirectory":"/home/jbergqvist/diffblue/paritytrading-parity/libraries/net/target","plugins":[{"__type":"DefaultPlugin","groupId":"org.apache.maven.plugins","artefactId":"maven-enforcer-plugin","version":"1.0","pluginClassName":null},{"__type":"DefaultPlugin","groupId":"org.apache.maven.plugins","artefactId":"maven-checkstyle-plugin","version":"3.1.0","pluginClassName":null},{"__type":"DefaultPlugin","groupId":"org.apache.maven.plugins","artefactId":"maven-compiler-plugin","version":"3.8.0","pluginClassName":null},{"__type":"DefaultPlugin","groupId":"org.apache.maven.plugins","artefactId":"maven-javadoc-plugin","version":"3.0.1","pluginClassName":null},{"__type":"DefaultPlugin","groupId":"org.apache.maven.plugins","artefactId":"maven-release-plugin","version":"2.5.3","pluginClassName":null},{"__type":"DefaultPlugin","groupId":"org.apache.maven.plugins","artefactId":"maven-clean-plugin","version":"3.2.0","pluginClassName":null},{"__type":"DefaultPlugin","groupId":"org.apache.maven.plugins","artefactId":"maven-resources-plugin","version":"3.3.1","pluginClassName":null},{"__type":"DefaultPlugin","groupId":"org.apache.maven.plugins","artefactId":"maven-jar-plugin","version":"3.4.1","pluginClassName":null},{"__type":"DefaultPlugin","groupId":"org.apache.maven.plugins","artefactId":"maven-surefire-plugin","version":"3.0.0-M5","pluginClassName":null},{"__type":"DefaultPlugin","groupId":"org.apache.maven.plugins","artefactId":"maven-install-plugin","version":"3.1.2","pluginClassName":null},{"__type":"DefaultPlugin","groupId":"org.apache.maven.plugins","artefactId":"maven-deploy-plugin","version":"2.8.2","pluginClassName":null},{"__type":"DefaultPlugin","groupId":"org.apache.maven.plugins","artefactId":"maven-site-plugin","version":"3.12.1","pluginClassName":null}],"version":"3.9.12","encoding":"UTF-8","name":"maven","subModules":[],"simpleModuleName":null,"parentModuleName":"com.paritytrading.parity:parity-parent","location":"/home/jbergqvist/diffblue/paritytrading-parity/libraries/net","fullModuleName":"com.paritytrading.parity:parity-net"},{"__type":"DefaultProjectModule","junitReport":["/home/jbergqvist/diffblue/paritytrading-parity/libraries/util/target/surefire-reports"],"jacocoReport":["/home/jbergqvist/diffblue/paritytrading-parity/libraries/util/target/site/jacoco/jacoco.xml"],"jacocoDestFile":["/home/jbergqvist/diffblue/paritytrading-parity/libraries/util/target/jacoco.exec"],"jacocoFormats":["xml"],"jacocoSkipped":false,"classpath":["/home/jbergqvist/diffblue/paritytrading-parity/libraries/util/target/classes","/home/jbergqvist/.m2/repository/com/paritytrading/foundation/foundation/0.3.0/foundation-0.3.0.jar","/home/jbergqvist/.m2/repository/com/typesafe/config/1.3.1/config-1.3.1.jar","/home/jbergqvist/.m2/repository/org/junit/jupiter/junit-jupiter/5.7.0/junit-jupiter-5.7.0.jar","/home/jbergqvist/.m2/repository/org/junit/jupiter/junit-jupiter-api/5.7.0/junit-jupiter-api-5.7.0.jar","/home/jbergqvist/.m2/repository/org/apiguardian/apiguardian-api/1.1.0/apiguardian-api-1.1.0.jar","/home/jbergqvist/.m2/repository/org/opentest4j/opentest4j/1.2.0/opentest4j-1.2.0.jar","/home/jbergqvist/.m2/repository/org/junit/platform/junit-platform-commons/1.7.0/junit-platform-commons-1.7.0.jar","/home/jbergqvist/.m2/repository/org/junit/jupiter/junit-jupiter-params/5.7.0/junit-jupiter-params-5.7.0.jar","/home/jbergqvist/.m2/repository/org/junit/jupiter/junit-jupiter-engine/5.7.0/junit-jupiter-engine-5.7.0.jar","/home/jbergqvist/.m2/repository/org/junit/platform/junit-platform-engine/1.7.0/junit-platform-engine-1.7.0.jar","/home/jbergqvist/.m2/repository/com/diffblue/cover/cover-annotations/1.9.0/cover-annotations-1.9.0.jar","/home/jbergqvist/.m2/repository/org/mockito/mockito-core/4.11.0/mockito-core-4.11.0.jar","/home/jbergqvist/.m2/repository/net/bytebuddy/byte-buddy/1.12.19/byte-buddy-1.12.19.jar","/home/jbergqvist/.m2/repository/net/bytebuddy/byte-buddy-agent/1.12.19/byte-buddy-agent-1.12.19.jar","/home/jbergqvist/.m2/repository/org/objenesis/objenesis/3.3/objenesis-3.3.jar","/home/jbergqvist/.m2/repository/org/mockito/mockito-junit-jupiter/4.11.0/mockito-junit-jupiter-4.11.0.jar"],"complianceLevel":"1.8","productionSources":["/home/jbergqvist/diffblue/paritytrading-parity/libraries/util/src/main/java"],"testSources":["/home/jbergqvist/diffblue/paritytrading-parity/libraries/util/src/test/java"],"productionClasses":"/home/jbergqvist/diffblue/paritytrading-parity/libraries/util/target/classes","testClasses":"/home/jbergqvist/diffblue/paritytrading-parity/libraries/util/target/test-classes","sourceToBuildPathMap":null,"testSourceToBuildPathMap":null,"buildDirectory":"/home/jbergqvist/diffblue/paritytrading-parity/libraries/util/target","plugins":[{"__type":"DefaultPlugin","groupId":"org.apache.maven.plugins","artefactId":"maven-enforcer-plugin","version":"1.0","pluginClassName":null},{"__type":"DefaultPlugin","groupId":"org.apache.maven.plugins","artefactId":"maven-checkstyle-plugin","version":"3.1.0","pluginClassName":null},{"__type":"DefaultPlugin","groupId":"org.apache.maven.plugins","artefactId":"maven-compiler-plugin","version":"3.8.0","pluginClassName":null},{"__type":"DefaultPlugin","groupId":"org.apache.maven.plugins","artefactId":"maven-javadoc-plugin","version":"3.0.1","pluginClassName":null},{"__type":"DefaultPlugin","groupId":"org.apache.maven.plugins","artefactId":"maven-release-plugin","version":"2.5.3","pluginClassName":null},{"__type":"DefaultPlugin","groupId":"org.apache.maven.plugins","artefactId":"maven-clean-plugin","version":"3.2.0","pluginClassName":null},{"__type":"DefaultPlugin","groupId":"org.apache.maven.plugins","artefactId":"maven-resources-plugin","version":"3.3.1","pluginClassName":null},{"__type":"DefaultPlugin","groupId":"org.apache.maven.plugins","artefactId":"maven-jar-plugin","version":"3.4.1","pluginClassName":null},{"__type":"DefaultPlugin","groupId":"org.apache.maven.plugins","artefactId":"maven-surefire-plugin","version":"3.0.0-M5","pluginClassName":null},{"__type":"DefaultPlugin","groupId":"org.apache.maven.plugins","artefactId":"maven-install-plugin","version":"3.1.2","pluginClassName":null},{"__type":"DefaultPlugin","groupId":"org.apache.maven.plugins","artefactId":"maven-deploy-plugin","version":"2.8.2","pluginClassName":null},{"__type":"DefaultPlugin","groupId":"org.apache.maven.plugins","artefactId":"maven-site-plugin","version":"3.12.1","pluginClassName":null}],"version":"3.9.12","encoding":"UTF-8","name":"maven","subModules":[],"simpleModuleName":null,"parentModuleName":"com.paritytrading.parity:parity-parent","location":"/home/jbergqvist/diffblue/paritytrading-parity/libraries/util","fullModuleName":"com.paritytrading.parity:parity-util"},{"__type":"DefaultProjectModule","junitReport":["/home/jbergqvist/diffblue/paritytrading-parity/applications/client/target/surefire-reports"],"jacocoReport":["/home/jbergqvist/diffblue/paritytrading-parity/applications/client/target/site/jacoco/jacoco.xml"],"jacocoDestFile":["/home/jbergqvist/diffblue/paritytrading-parity/applications/client/target/jacoco.exec"],"jacocoFormats":["xml"],"jacocoSkipped":false,"classpath":["/home/jbergqvist/diffblue/paritytrading-parity/applications/client/target/classes","/home/jbergqvist/.m2/repository/com/paritytrading/parity/parity-net/0.7.1-SNAPSHOT/parity-net-0.7.1-SNAPSHOT.jar","/home/jbergqvist/.m2/repository/com/paritytrading/parity/parity-util/0.7.1-SNAPSHOT/parity-util-0.7.1-SNAPSHOT.jar","/home/jbergqvist/.m2/repository/com/paritytrading/foundation/foundation/0.3.0/foundation-0.3.0.jar","/home/jbergqvist/.m2/repository/com/paritytrading/nassau/nassau-core/0.13.0/nassau-core-0.13.0.jar","/home/jbergqvist/.m2/repository/com/typesafe/config/1.3.1/config-1.3.1.jar","/home/jbergqvist/.m2/repository/org/jline/jline-reader/3.8.0/jline-reader-3.8.0.jar","/home/jbergqvist/.m2/repository/org/jline/jline-terminal/3.8.0/jline-terminal-3.8.0.jar","/home/jbergqvist/.m2/repository/org/jvirtanen/config/config-extras/0.2.0/config-extras-0.2.0.jar","/home/jbergqvist/.m2/repository/org/jvirtanen/util/util-extras/0.2.0/util-extras-0.2.0.jar","/home/jbergqvist/.m2/repository/com/diffblue/cover/cover-annotations/1.9.0/cover-annotations-1.9.0.jar","/home/jbergqvist/.m2/repository/org/junit/jupiter/junit-jupiter-engine/5.13.4/junit-jupiter-engine-5.13.4.jar","/home/jbergqvist/.m2/repository/org/junit/platform/junit-platform-engine/1.13.4/junit-platform-engine-1.13.4.jar","/home/jbergqvist/.m2/repository/org/opentest4j/opentest4j/1.3.0/opentest4j-1.3.0.jar","/home/jbergqvist/.m2/repository/org/junit/platform/junit-platform-commons/1.13.4/junit-platform-commons-1.13.4.jar","/home/jbergqvist/.m2/repository/org/junit/jupiter/junit-jupiter-api/5.13.4/junit-jupiter-api-5.13.4.jar","/home/jbergqvist/.m2/repository/org/apiguardian/apiguardian-api/1.1.2/apiguardian-api-1.1.2.jar","/home/jbergqvist/.m2/repository/org/mockito/mockito-core/4.11.0/mockito-core-4.11.0.jar","/home/jbergqvist/.m2/repository/net/bytebuddy/byte-buddy/1.12.19/byte-buddy-1.12.19.jar","/home/jbergqvist/.m2/repository/net/bytebuddy/byte-buddy-agent/1.12.19/byte-buddy-agent-1.12.19.jar","/home/jbergqvist/.m2/repository/org/objenesis/objenesis/3.3/objenesis-3.3.jar","/home/jbergqvist/.m2/repository/org/mockito/mockito-junit-jupiter/4.11.0/mockito-junit-jupiter-4.11.0.jar"],"complianceLevel":"1.8","productionSources":["/home/jbergqvist/diffblue/paritytrading-parity/applications/client/src/main/java"],"testSources":["/home/jbergqvist/diffblue/paritytrading-parity/applications/client/src/test/java"],"productionClasses":"/home/jbergqvist/diffblue/paritytrading-parity/applications/client/target/classes","testClasses":"/home/jbergqvist/diffblue/paritytrading-parity/applications/client/target/test-classes","sourceToBuildPathMap":null,"testSourceToBuildPathMap":null,"buildDirectory":"/home/jbergqvist/diffblue/paritytrading-parity/applications/client/target","plugins":[{"__type":"DefaultPlugin","groupId":"org.apache.maven.plugins","artefactId":"maven-enforcer-plugin","version":"1.0","pluginClassName":null},{"__type":"DefaultPlugin","groupId":"org.apache.maven.plugins","artefactId":"maven-checkstyle-plugin","version":"3.1.0","pluginClassName":null},{"__type":"DefaultPlugin","groupId":"org.apache.maven.plugins","artefactId":"maven-compiler-plugin","version":"3.8.0","pluginClassName":null},{"__type":"DefaultPlugin","groupId":"org.apache.maven.plugins","artefactId":"maven-javadoc-plugin","version":"3.0.1","pluginClassName":null},{"__type":"DefaultPlugin","groupId":"org.apache.maven.plugins","artefactId":"maven-release-plugin","version":"2.5.3","pluginClassName":null},{"__type":"DefaultPlugin","groupId":"org.apache.maven.plugins","artefactId":"maven-deploy-plugin","version":"2.8.2","pluginClassName":null},{"__type":"DefaultPlugin","groupId":"org.apache.maven.plugins","artefactId":"maven-shade-plugin","version":"3.2.1","pluginClassName":null},{"__type":"DefaultPlugin","groupId":"org.apache.maven.plugins","artefactId":"maven-clean-plugin","version":"3.2.0","pluginClassName":null},{"__type":"DefaultPlugin","groupId":"org.apache.maven.plugins","artefactId":"maven-resources-plugin","version":"3.3.1","pluginClassName":null},{"__type":"DefaultPlugin","groupId":"org.apache.maven.plugins","artefactId":"maven-jar-plugin","version":"3.4.1","pluginClassName":null},{"__type":"DefaultPlugin","groupId":"org.apache.maven.plugins","artefactId":"maven-surefire-plugin","version":"3.0.0-M5","pluginClassName":null},{"__type":"DefaultPlugin","groupId":"org.apache.maven.plugins","artefactId":"maven-install-plugin","version":"3.1.2","pluginClassName":null},{"__type":"DefaultPlugin","groupId":"org.apache.maven.plugins","artefactId":"maven-site-plugin","version":"3.12.1","pluginClassName":null}],"version":"3.9.12","encoding":"UTF-8","name":"maven","subModules":[],"simpleModuleName":null,"parentModuleName":"com.paritytrading.parity:parity-parent","location":"/home/jbergqvist/diffblue/paritytrading-parity/applications/client","fullModuleName":"com.paritytrading.parity:parity-client"},{"__type":"DefaultProjectModule","junitReport":["/home/jbergqvist/diffblue/paritytrading-parity/applications/fix/target/surefire-reports"],"jacocoReport":["/home/jbergqvist/diffblue/paritytrading-parity/applications/fix/target/site/jacoco/jacoco.xml"],"jacocoDestFile":["/home/jbergqvist/diffblue/paritytrading-parity/applications/fix/target/jacoco.exec"],"jacocoFormats":["xml"],"jacocoSkipped":false,"classpath":["/home/jbergqvist/diffblue/paritytrading-parity/applications/fix/target/classes","/home/jbergqvist/.m2/repository/com/paritytrading/parity/parity-net/0.7.1-SNAPSHOT/parity-net-0.7.1-SNAPSHOT.jar","/home/jbergqvist/.m2/repository/com/paritytrading/parity/parity-util/0.7.1-SNAPSHOT/parity-util-0.7.1-SNAPSHOT.jar","/home/jbergqvist/.m2/repository/com/paritytrading/foundation/foundation/0.3.0/foundation-0.3.0.jar","/home/jbergqvist/.m2/repository/com/paritytrading/nassau/nassau-core/0.13.0/nassau-core-0.13.0.jar","/home/jbergqvist/.m2/repository/com/paritytrading/philadelphia/philadelphia-core/1.2.0/philadelphia-core-1.2.0.jar","/home/jbergqvist/.m2/repository/com/paritytrading/philadelphia/philadelphia-fix44/1.2.0/philadelphia-fix44-1.2.0.jar","/home/jbergqvist/.m2/repository/com/typesafe/config/1.3.1/config-1.3.1.jar","/home/jbergqvist/.m2/repository/joda-time/joda-time/2.10.6/joda-time-2.10.6.jar","/home/jbergqvist/.m2/repository/org/jvirtanen/config/config-extras/0.2.0/config-extras-0.2.0.jar","/home/jbergqvist/.m2/repository/org/jvirtanen/util/util-extras/0.2.0/util-extras-0.2.0.jar","/home/jbergqvist/.m2/repository/com/diffblue/cover/cover-annotations/1.9.0/cover-annotations-1.9.0.jar","/home/jbergqvist/.m2/repository/org/junit/jupiter/junit-jupiter-engine/5.13.4/junit-jupiter-engine-5.13.4.jar","/home/jbergqvist/.m2/repository/org/junit/platform/junit-platform-engine/1.13.4/junit-platform-engine-1.13.4.jar","/home/jbergqvist/.m2/repository/org/opentest4j/opentest4j/1.3.0/opentest4j-1.3.0.jar","/home/jbergqvist/.m2/repository/org/junit/platform/junit-platform-commons/1.13.4/junit-platform-commons-1.13.4.jar","/home/jbergqvist/.m2/repository/org/junit/jupiter/junit-jupiter-api/5.13.4/junit-jupiter-api-5.13.4.jar","/home/jbergqvist/.m2/repository/org/apiguardian/apiguardian-api/1.1.2/apiguardian-api-1.1.2.jar","/home/jbergqvist/.m2/repository/org/mockito/mockito-core/4.11.0/mockito-core-4.11.0.jar","/home/jbergqvist/.m2/repository/net/bytebuddy/byte-buddy/1.12.19/byte-buddy-1.12.19.jar","/home/jbergqvist/.m2/repository/net/bytebuddy/byte-buddy-agent/1.12.19/byte-buddy-agent-1.12.19.jar","/home/jbergqvist/.m2/repository/org/objenesis/objenesis/3.3/objenesis-3.3.jar","/home/jbergqvist/.m2/repository/org/mockito/mockito-junit-jupiter/4.11.0/mockito-junit-jupiter-4.11.0.jar"],"complianceLevel":"1.8","productionSources":["/home/jbergqvist/diffblue/paritytrading-parity/applications/fix/src/main/java"],"testSources":["/home/jbergqvist/diffblue/paritytrading-parity/applications/fix/src/test/java"],"productionClasses":"/home/jbergqvist/diffblue/paritytrading-parity/applications/fix/target/classes","testClasses":"/home/jbergqvist/diffblue/paritytrading-parity/applications/fix/target/test-classes","sourceToBuildPathMap":null,"testSourceToBuildPathMap":null,"buildDirectory":"/home/jbergqvist/diffblue/paritytrading-parity/applications/fix/target","plugins":[{"__type":"DefaultPlugin","groupId":"org.apache.maven.plugins","artefactId":"maven-enforcer-plugin","version":"1.0","pluginClassName":null},{"__type":"DefaultPlugin","groupId":"org.apache.maven.plugins","artefactId":"maven-checkstyle-plugin","version":"3.1.0","pluginClassName":null},{"__type":"DefaultPlugin","groupId":"org.apache.maven.plugins","artefactId":"maven-compiler-plugin","version":"3.8.0","pluginClassName":null},{"__type":"DefaultPlugin","groupId":"org.apache.maven.plugins","artefactId":"maven-javadoc-plugin","version":"3.0.1","pluginClassName":null},{"__type":"DefaultPlugin","groupId":"org.apache.maven.plugins","artefactId":"maven-release-plugin","version":"2.5.3","pluginClassName":null},{"__type":"DefaultPlugin","groupId":"org.apache.maven.plugins","artefactId":"maven-deploy-plugin","version":"2.8.2","pluginClassName":null},{"__type":"DefaultPlugin","groupId":"org.apache.maven.plugins","artefactId":"maven-shade-plugin","version":"3.2.1","pluginClassName":null},{"__type":"DefaultPlugin","groupId":"org.apache.maven.plugins","artefactId":"maven-clean-plugin","version":"3.2.0","pluginClassName":null},{"__type":"DefaultPlugin","groupId":"org.apache.maven.plugins","artefactId":"maven-resources-plugin","version":"3.3.1","pluginClassName":null},{"__type":"DefaultPlugin","groupId":"org.apache.maven.plugins","artefactId":"maven-jar-plugin","version":"3.4.1","pluginClassName":null},{"__type":"DefaultPlugin","groupId":"org.apache.maven.plugins","artefactId":"maven-surefire-plugin","version":"3.0.0-M5","pluginClassName":null},{"__type":"DefaultPlugin","groupId":"org.apache.maven.plugins","artefactId":"maven-install-plugin","version":"3.1.2","pluginClassName":null},{"__type":"DefaultPlugin","groupId":"org.apache.maven.plugins","artefactId":"maven-site-plugin","version":"3.12.1","pluginClassName":null}],"version":"3.9.12","encoding":"UTF-8","name":"maven","subModules":[],"simpleModuleName":null,"parentModuleName":"com.paritytrading.parity:parity-parent","location":"/home/jbergqvist/diffblue/paritytrading-parity/applications/fix","fullModuleName":"com.paritytrading.parity:parity-fix"},{"__type":"DefaultProjectModule","junitReport":["/home/jbergqvist/diffblue/paritytrading-parity/applications/reporter/target/surefire-reports"],"jacocoReport":["/home/jbergqvist/diffblue/paritytrading-parity/applications/reporter/target/site/jacoco/jacoco.xml"],"jacocoDestFile":["/home/jbergqvist/diffblue/paritytrading-parity/applications/reporter/target/jacoco.exec"],"jacocoFormats":["xml"],"jacocoSkipped":false,"classpath":["/home/jbergqvist/diffblue/paritytrading-parity/applications/reporter/target/classes","/home/jbergqvist/.m2/repository/com/paritytrading/parity/parity-net/0.7.1-SNAPSHOT/parity-net-0.7.1-SNAPSHOT.jar","/home/jbergqvist/.m2/repository/com/paritytrading/parity/parity-util/0.7.1-SNAPSHOT/parity-util-0.7.1-SNAPSHOT.jar","/home/jbergqvist/.m2/repository/com/paritytrading/foundation/foundation/0.3.0/foundation-0.3.0.jar","/home/jbergqvist/.m2/repository/com/paritytrading/nassau/nassau-core/0.13.0/nassau-core-0.13.0.jar","/home/jbergqvist/.m2/repository/com/paritytrading/nassau/nassau-util/0.13.0/nassau-util-0.13.0.jar","/home/jbergqvist/.m2/repository/com/typesafe/config/1.3.1/config-1.3.1.jar","/home/jbergqvist/.m2/repository/org/jvirtanen/config/config-extras/0.2.0/config-extras-0.2.0.jar","/home/jbergqvist/.m2/repository/org/jvirtanen/util/util-extras/0.2.0/util-extras-0.2.0.jar","/home/jbergqvist/.m2/repository/com/diffblue/cover/cover-annotations/1.9.0/cover-annotations-1.9.0.jar","/home/jbergqvist/.m2/repository/org/junit/jupiter/junit-jupiter-engine/5.13.4/junit-jupiter-engine-5.13.4.jar","/home/jbergqvist/.m2/repository/org/junit/platform/junit-platform-engine/1.13.4/junit-platform-engine-1.13.4.jar","/home/jbergqvist/.m2/repository/org/opentest4j/opentest4j/1.3.0/opentest4j-1.3.0.jar","/home/jbergqvist/.m2/repository/org/junit/platform/junit-platform-commons/1.13.4/junit-platform-commons-1.13.4.jar","/home/jbergqvist/.m2/repository/org/junit/jupiter/junit-jupiter-api/5.13.4/junit-jupiter-api-5.13.4.jar","/home/jbergqvist/.m2/repository/org/apiguardian/apiguardian-api/1.1.2/apiguardian-api-1.1.2.jar","/home/jbergqvist/.m2/repository/org/mockito/mockito-core/4.11.0/mockito-core-4.11.0.jar","/home/jbergqvist/.m2/repository/net/bytebuddy/byte-buddy/1.12.19/byte-buddy-1.12.19.jar","/home/jbergqvist/.m2/repository/net/bytebuddy/byte-buddy-agent/1.12.19/byte-buddy-agent-1.12.19.jar","/home/jbergqvist/.m2/repository/org/objenesis/objenesis/3.3/objenesis-3.3.jar","/home/jbergqvist/.m2/repository/org/mockito/mockito-junit-jupiter/4.11.0/mockito-junit-jupiter-4.11.0.jar"],"complianceLevel":"1.8","productionSources":["/home/jbergqvist/diffblue/paritytrading-parity/applications/reporter/src/main/java"],"testSources":["/home/jbergqvist/diffblue/paritytrading-parity/applications/reporter/src/test/java"],"productionClasses":"/home/jbergqvist/diffblue/paritytrading-parity/applications/reporter/target/classes","testClasses":"/home/jbergqvist/diffblue/paritytrading-parity/applications/reporter/target/test-classes","sourceToBuildPathMap":null,"testSourceToBuildPathMap":null,"buildDirectory":"/home/jbergqvist/diffblue/paritytrading-parity/applications/reporter/target","plugins":[{"__type":"DefaultPlugin","groupId":"org.apache.maven.plugins","artefactId":"maven-enforcer-plugin","version":"1.0","pluginClassName":null},{"__type":"DefaultPlugin","groupId":"org.apache.maven.plugins","artefactId":"maven-checkstyle-plugin","version":"3.1.0","pluginClassName":null},{"__type":"DefaultPlugin","groupId":"org.apache.maven.plugins","artefactId":"maven-compiler-plugin","version":"3.8.0","pluginClassName":null},{"__type":"DefaultPlugin","groupId":"org.apache.maven.plugins","artefactId":"maven-javadoc-plugin","version":"3.0.1","pluginClassName":null},{"__type":"DefaultPlugin","groupId":"org.apache.maven.plugins","artefactId":"maven-release-plugin","version":"2.5.3","pluginClassName":null},{"__type":"DefaultPlugin","groupId":"org.apache.maven.plugins","artefactId":"maven-deploy-plugin","version":"2.8.2","pluginClassName":null},{"__type":"DefaultPlugin","groupId":"org.apache.maven.plugins","artefactId":"maven-shade-plugin","version":"3.2.1","pluginClassName":null},{"__type":"DefaultPlugin","groupId":"org.apache.maven.plugins","artefactId":"maven-clean-plugin","version":"3.2.0","pluginClassName":null},{"__type":"DefaultPlugin","groupId":"org.apache.maven.plugins","artefactId":"maven-resources-plugin","version":"3.3.1","pluginClassName":null},{"__type":"DefaultPlugin","groupId":"org.apache.maven.plugins","artefactId":"maven-jar-plugin","version":"3.4.1","pluginClassName":null},{"__type":"DefaultPlugin","groupId":"org.apache.maven.plugins","artefactId":"maven-surefire-plugin","version":"3.0.0-M5","pluginClassName":null},{"__type":"DefaultPlugin","groupId":"org.apache.maven.plugins","artefactId":"maven-install-plugin","version":"3.1.2","pluginClassName":null},{"__type":"DefaultPlugin","groupId":"org.apache.maven.plugins","artefactId":"maven-site-plugin","version":"3.12.1","pluginClassName":null}],"version":"3.9.12","encoding":"UTF-8","name":"maven","subModules":[],"simpleModuleName":null,"parentModuleName":"com.paritytrading.parity:parity-parent","location":"/home/jbergqvist/diffblue/paritytrading-parity/applications/reporter","fullModuleName":"com.paritytrading.parity:parity-reporter"},{"__type":"DefaultProjectModule","junitReport":["/home/jbergqvist/diffblue/paritytrading-parity/applications/system/target/surefire-reports"],"jacocoReport":["/home/jbergqvist/diffblue/paritytrading-parity/applications/system/target/site/jacoco/jacoco.xml"],"jacocoDestFile":["/home/jbergqvist/diffblue/paritytrading-parity/applications/system/target/jacoco.exec"],"jacocoFormats":["xml"],"jacocoSkipped":false,"classpath":["/home/jbergqvist/diffblue/paritytrading-parity/applications/system/target/classes","/home/jbergqvist/.m2/repository/com/paritytrading/parity/parity-match/0.7.1-SNAPSHOT/parity-match-0.7.1-SNAPSHOT.jar","/home/jbergqvist/.m2/repository/com/paritytrading/parity/parity-net/0.7.1-SNAPSHOT/parity-net-0.7.1-SNAPSHOT.jar","/home/jbergqvist/.m2/repository/com/paritytrading/foundation/foundation/0.3.0/foundation-0.3.0.jar","/home/jbergqvist/.m2/repository/com/paritytrading/nassau/nassau-core/0.13.0/nassau-core-0.13.0.jar","/home/jbergqvist/.m2/repository/com/typesafe/config/1.3.1/config-1.3.1.jar","/home/jbergqvist/.m2/repository/it/unimi/dsi/fastutil/8.1.0/fastutil-8.1.0.jar","/home/jbergqvist/.m2/repository/org/jvirtanen/config/config-extras/0.2.0/config-extras-0.2.0.jar","/home/jbergqvist/.m2/repository/org/jvirtanen/util/util-extras/0.2.0/util-extras-0.2.0.jar","/home/jbergqvist/.m2/repository/com/diffblue/cover/cover-annotations/1.9.0/cover-annotations-1.9.0.jar","/home/jbergqvist/.m2/repository/org/junit/jupiter/junit-jupiter-engine/5.13.4/junit-jupiter-engine-5.13.4.jar","/home/jbergqvist/.m2/repository/org/junit/platform/junit-platform-engine/1.13.4/junit-platform-engine-1.13.4.jar","/home/jbergqvist/.m2/repository/org/opentest4j/opentest4j/1.3.0/opentest4j-1.3.0.jar","/home/jbergqvist/.m2/repository/org/junit/platform/junit-platform-commons/1.13.4/junit-platform-commons-1.13.4.jar","/home/jbergqvist/.m2/repository/org/junit/jupiter/junit-jupiter-api/5.13.4/junit-jupiter-api-5.13.4.jar","/home/jbergqvist/.m2/repository/org/apiguardian/apiguardian-api/1.1.2/apiguardian-api-1.1.2.jar","/home/jbergqvist/.m2/repository/org/mockito/mockito-core/4.11.0/mockito-core-4.11.0.jar","/home/jbergqvist/.m2/repository/net/bytebuddy/byte-buddy/1.12.19/byte-buddy-1.12.19.jar","/home/jbergqvist/.m2/repository/net/bytebuddy/byte-buddy-agent/1.12.19/byte-buddy-agent-1.12.19.jar","/home/jbergqvist/.m2/repository/org/objenesis/objenesis/3.3/objenesis-3.3.jar","/home/jbergqvist/.m2/repository/org/mockito/mockito-junit-jupiter/4.11.0/mockito-junit-jupiter-4.11.0.jar"],"complianceLevel":"1.8","productionSources":["/home/jbergqvist/diffblue/paritytrading-parity/applications/system/src/main/java"],"testSources":["/home/jbergqvist/diffblue/paritytrading-parity/applications/system/src/test/java"],"productionClasses":"/home/jbergqvist/diffblue/paritytrading-parity/applications/system/target/classes","testClasses":"/home/jbergqvist/diffblue/paritytrading-parity/applications/system/target/test-classes","sourceToBuildPathMap":null,"testSourceToBuildPathMap":null,"buildDirectory":"/home/jbergqvist/diffblue/paritytrading-parity/applications/system/target","plugins":[{"__type":"DefaultPlugin","groupId":"org.apache.maven.plugins","artefactId":"maven-enforcer-plugin","version":"1.0","pluginClassName":null},{"__type":"DefaultPlugin","groupId":"org.apache.maven.plugins","artefactId":"maven-checkstyle-plugin","version":"3.1.0","pluginClassName":null},{"__type":"DefaultPlugin","groupId":"org.apache.maven.plugins","artefactId":"maven-compiler-plugin","version":"3.8.0","pluginClassName":null},{"__type":"DefaultPlugin","groupId":"org.apache.maven.plugins","artefactId":"maven-javadoc-plugin","version":"3.0.1","pluginClassName":null},{"__type":"DefaultPlugin","groupId":"org.apache.maven.plugins","artefactId":"maven-release-plugin","version":"2.5.3","pluginClassName":null},{"__type":"DefaultPlugin","groupId":"org.apache.maven.plugins","artefactId":"maven-deploy-plugin","version":"2.8.2","pluginClassName":null},{"__type":"DefaultPlugin","groupId":"org.apache.maven.plugins","artefactId":"maven-shade-plugin","version":"3.2.1","pluginClassName":null},{"__type":"DefaultPlugin","groupId":"org.apache.maven.plugins","artefactId":"maven-clean-plugin","version":"3.2.0","pluginClassName":null},{"__type":"DefaultPlugin","groupId":"org.apache.maven.plugins","artefactId":"maven-resources-plugin","version":"3.3.1","pluginClassName":null},{"__type":"DefaultPlugin","groupId":"org.apache.maven.plugins","artefactId":"maven-jar-plugin","version":"3.4.1","pluginClassName":null},{"__type":"DefaultPlugin","groupId":"org.apache.maven.plugins","artefactId":"maven-surefire-plugin","version":"3.0.0-M5","pluginClassName":null},{"__type":"DefaultPlugin","groupId":"org.apache.maven.plugins","artefactId":"maven-install-plugin","version":"3.1.2","pluginClassName":null},{"__type":"DefaultPlugin","groupId":"org.apache.maven.plugins","artefactId":"maven-site-plugin","version":"3.12.1","pluginClassName":null}],"version":"3.9.12","encoding":"UTF-8","name":"maven","subModules":[],"simpleModuleName":null,"parentModuleName":"com.paritytrading.parity:parity-parent","location":"/home/jbergqvist/diffblue/paritytrading-parity/applications/system","fullModuleName":"com.paritytrading.parity:parity-system"},{"__type":"DefaultProjectModule","junitReport":["/home/jbergqvist/diffblue/paritytrading-parity/applications/ticker/target/surefire-reports"],"jacocoReport":["/home/jbergqvist/diffblue/paritytrading-parity/applications/ticker/target/site/jacoco/jacoco.xml"],"jacocoDestFile":["/home/jbergqvist/diffblue/paritytrading-parity/applications/ticker/target/jacoco.exec"],"jacocoFormats":["xml"],"jacocoSkipped":false,"classpath":["/home/jbergqvist/diffblue/paritytrading-parity/applications/ticker/target/classes","/home/jbergqvist/.m2/repository/com/paritytrading/parity/parity-book/0.7.1-SNAPSHOT/parity-book-0.7.1-SNAPSHOT.jar","/home/jbergqvist/.m2/repository/it/unimi/dsi/fastutil/8.1.0/fastutil-8.1.0.jar","/home/jbergqvist/.m2/repository/com/paritytrading/parity/parity-file/0.7.1-SNAPSHOT/parity-file-0.7.1-SNAPSHOT.jar","/home/jbergqvist/.m2/repository/com/paritytrading/parity/parity-net/0.7.1-SNAPSHOT/parity-net-0.7.1-SNAPSHOT.jar","/home/jbergqvist/.m2/repository/com/paritytrading/parity/parity-util/0.7.1-SNAPSHOT/parity-util-0.7.1-SNAPSHOT.jar","/home/jbergqvist/.m2/repository/com/paritytrading/foundation/foundation/0.3.0/foundation-0.3.0.jar","/home/jbergqvist/.m2/repository/com/paritytrading/nassau/nassau-core/0.13.0/nassau-core-0.13.0.jar","/home/jbergqvist/.m2/repository/com/paritytrading/nassau/nassau-util/0.13.0/nassau-util-0.13.0.jar","/home/jbergqvist/.m2/repository/com/typesafe/config/1.3.1/config-1.3.1.jar","/home/jbergqvist/.m2/repository/org/jvirtanen/config/config-extras/0.2.0/config-extras-0.2.0.jar","/home/jbergqvist/.m2/repository/org/jvirtanen/util/util-extras/0.2.0/util-extras-0.2.0.jar","/home/jbergqvist/.m2/repository/com/diffblue/cover/cover-annotations/1.9.0/cover-annotations-1.9.0.jar","/home/jbergqvist/.m2/repository/org/junit/jupiter/junit-jupiter-engine/5.13.4/junit-jupiter-engine-5.13.4.jar","/home/jbergqvist/.m2/repository/org/junit/platform/junit-platform-engine/1.13.4/junit-platform-engine-1.13.4.jar","/home/jbergqvist/.m2/repository/org/opentest4j/opentest4j/1.3.0/opentest4j-1.3.0.jar","/home/jbergqvist/.m2/repository/org/junit/platform/junit-platform-commons/1.13.4/junit-platform-commons-1.13.4.jar","/home/jbergqvist/.m2/repository/org/junit/jupiter/junit-jupiter-api/5.13.4/junit-jupiter-api-5.13.4.jar","/home/jbergqvist/.m2/repository/org/apiguardian/apiguardian-api/1.1.2/apiguardian-api-1.1.2.jar","/home/jbergqvist/.m2/repository/org/mockito/mockito-core/4.11.0/mockito-core-4.11.0.jar","/home/jbergqvist/.m2/repository/net/bytebuddy/byte-buddy/1.12.19/byte-buddy-1.12.19.jar","/home/jbergqvist/.m2/repository/net/bytebuddy/byte-buddy-agent/1.12.19/byte-buddy-agent-1.12.19.jar","/home/jbergqvist/.m2/repository/org/objenesis/objenesis/3.3/objenesis-3.3.jar","/home/jbergqvist/.m2/repository/org/mockito/mockito-junit-jupiter/4.11.0/mockito-junit-jupiter-4.11.0.jar"],"complianceLevel":"1.8","productionSources":["/home/jbergqvist/diffblue/paritytrading-parity/applications/ticker/src/main/java"],"testSources":["/home/jbergqvist/diffblue/paritytrading-parity/applications/ticker/src/test/java"],"productionClasses":"/home/jbergqvist/diffblue/paritytrading-parity/applications/ticker/target/classes","testClasses":"/home/jbergqvist/diffblue/paritytrading-parity/applications/ticker/target/test-classes","sourceToBuildPathMap":null,"testSourceToBuildPathMap":null,"buildDirectory":"/home/jbergqvist/diffblue/paritytrading-parity/applications/ticker/target","plugins":[{"__type":"DefaultPlugin","groupId":"org.apache.maven.plugins","artefactId":"maven-enforcer-plugin","version":"1.0","pluginClassName":null},{"__type":"DefaultPlugin","groupId":"org.apache.maven.plugins","artefactId":"maven-checkstyle-plugin","version":"3.1.0","pluginClassName":null},{"__type":"DefaultPlugin","groupId":"org.apache.maven.plugins","artefactId":"maven-compiler-plugin","version":"3.8.0","pluginClassName":null},{"__type":"DefaultPlugin","groupId":"org.apache.maven.plugins","artefactId":"maven-javadoc-plugin","version":"3.0.1","pluginClassName":null},{"__type":"DefaultPlugin","groupId":"org.apache.maven.plugins","artefactId":"maven-release-plugin","version":"2.5.3","pluginClassName":null},{"__type":"DefaultPlugin","groupId":"org.apache.maven.plugins","artefactId":"maven-deploy-plugin","version":"2.8.2","pluginClassName":null},{"__type":"DefaultPlugin","groupId":"org.apache.maven.plugins","artefactId":"maven-shade-plugin","version":"3.2.1","pluginClassName":null},{"__type":"DefaultPlugin","groupId":"org.apache.maven.plugins","artefactId":"maven-clean-plugin","version":"3.2.0","pluginClassName":null},{"__type":"DefaultPlugin","groupId":"org.apache.maven.plugins","artefactId":"maven-resources-plugin","version":"3.3.1","pluginClassName":null},{"__type":"DefaultPlugin","groupId":"org.apache.maven.plugins","artefactId":"maven-jar-plugin","version":"3.4.1","pluginClassName":null},{"__type":"DefaultPlugin","groupId":"org.apache.maven.plugins","artefactId":"maven-surefire-plugin","version":"3.0.0-M5","pluginClassName":null},{"__type":"DefaultPlugin","groupId":"org.apache.maven.plugins","artefactId":"maven-install-plugin","version":"3.1.2","pluginClassName":null},{"__type":"DefaultPlugin","groupId":"org.apache.maven.plugins","artefactId":"maven-site-plugin","version":"3.12.1","pluginClassName":null}],"version":"3.9.12","encoding":"UTF-8","name":"maven","subModules":[],"simpleModuleName":null,"parentModuleName":"com.paritytrading.parity:parity-parent","location":"/home/jbergqvist/diffblue/paritytrading-parity/applications/ticker","fullModuleName":"com.paritytrading.parity:parity-ticker"},{"__type":"DefaultProjectModule","junitReport":["/home/jbergqvist/diffblue/paritytrading-parity/tests/book-perf-test/target/surefire-reports"],"jacocoReport":["/home/jbergqvist/diffblue/paritytrading-parity/tests/book-perf-test/target/site/jacoco/jacoco.xml"],"jacocoDestFile":["/home/jbergqvist/diffblue/paritytrading-parity/tests/book-perf-test/target/jacoco.exec"],"jacocoFormats":["xml"],"jacocoSkipped":false,"classpath":["/home/jbergqvist/diffblue/paritytrading-parity/tests/book-perf-test/target/classes","/home/jbergqvist/.m2/repository/com/paritytrading/parity/parity-book/0.7.1-SNAPSHOT/parity-book-0.7.1-SNAPSHOT.jar","/home/jbergqvist/.m2/repository/it/unimi/dsi/fastutil/8.1.0/fastutil-8.1.0.jar","/home/jbergqvist/.m2/repository/org/openjdk/jmh/jmh-core/1.19/jmh-core-1.19.jar","/home/jbergqvist/.m2/repository/net/sf/jopt-simple/jopt-simple/4.6/jopt-simple-4.6.jar","/home/jbergqvist/.m2/repository/org/apache/commons/commons-math3/3.2/commons-math3-3.2.jar","/home/jbergqvist/.m2/repository/com/diffblue/cover/cover-annotations/1.9.0/cover-annotations-1.9.0.jar","/home/jbergqvist/.m2/repository/org/openjdk/jmh/jmh-generator-annprocess/1.19/jmh-generator-annprocess-1.19.jar","/home/jbergqvist/.m2/repository/org/junit/jupiter/junit-jupiter-engine/5.13.4/junit-jupiter-engine-5.13.4.jar","/home/jbergqvist/.m2/repository/org/junit/platform/junit-platform-engine/1.13.4/junit-platform-engine-1.13.4.jar","/home/jbergqvist/.m2/repository/org/opentest4j/opentest4j/1.3.0/opentest4j-1.3.0.jar","/home/jbergqvist/.m2/repository/org/junit/platform/junit-platform-commons/1.13.4/junit-platform-commons-1.13.4.jar","/home/jbergqvist/.m2/repository/org/junit/jupiter/junit-jupiter-api/5.13.4/junit-jupiter-api-5.13.4.jar","/home/jbergqvist/.m2/repository/org/apiguardian/apiguardian-api/1.1.2/apiguardian-api-1.1.2.jar","/home/jbergqvist/.m2/repository/org/mockito/mockito-core/4.11.0/mockito-core-4.11.0.jar","/home/jbergqvist/.m2/repository/net/bytebuddy/byte-buddy/1.12.19/byte-buddy-1.12.19.jar","/home/jbergqvist/.m2/repository/net/bytebuddy/byte-buddy-agent/1.12.19/byte-buddy-agent-1.12.19.jar","/home/jbergqvist/.m2/repository/org/objenesis/objenesis/3.3/objenesis-3.3.jar","/home/jbergqvist/.m2/repository/org/mockito/mockito-junit-jupiter/4.11.0/mockito-junit-jupiter-4.11.0.jar"],"complianceLevel":"1.8","productionSources":["/home/jbergqvist/diffblue/paritytrading-parity/tests/book-perf-test/src/main/java"],"testSources":["/home/jbergqvist/diffblue/paritytrading-parity/tests/book-perf-test/src/test/java"],"productionClasses":"/home/jbergqvist/diffblue/paritytrading-parity/tests/book-perf-test/target/classes","testClasses":"/home/jbergqvist/diffblue/paritytrading-parity/tests/book-perf-test/target/test-classes","sourceToBuildPathMap":null,"testSourceToBuildPathMap":null,"buildDirectory":"/home/jbergqvist/diffblue/paritytrading-parity/tests/book-perf-test/target","plugins":[{"__type":"DefaultPlugin","groupId":"org.apache.maven.plugins","artefactId":"maven-enforcer-plugin","version":"1.0","pluginClassName":null},{"__type":"DefaultPlugin","groupId":"org.apache.maven.plugins","artefactId":"maven-checkstyle-plugin","version":"3.1.0","pluginClassName":null},{"__type":"DefaultPlugin","groupId":"org.apache.maven.plugins","artefactId":"maven-compiler-plugin","version":"3.8.0","pluginClassName":null},{"__type":"DefaultPlugin","groupId":"org.apache.maven.plugins","artefactId":"maven-javadoc-plugin","version":"3.0.1","pluginClassName":null},{"__type":"DefaultPlugin","groupId":"org.apache.maven.plugins","artefactId":"maven-release-plugin","version":"2.5.3","pluginClassName":null},{"__type":"DefaultPlugin","groupId":"org.apache.maven.plugins","artefactId":"maven-deploy-plugin","version":"2.8.2","pluginClassName":null},{"__type":"DefaultPlugin","groupId":"org.apache.maven.plugins","artefactId":"maven-shade-plugin","version":"3.2.1","pluginClassName":null},{"__type":"DefaultPlugin","groupId":"org.apache.maven.plugins","artefactId":"maven-clean-plugin","version":"3.2.0","pluginClassName":null},{"__type":"DefaultPlugin","groupId":"org.apache.maven.plugins","artefactId":"maven-resources-plugin","version":"3.3.1","pluginClassName":null},{"__type":"DefaultPlugin","groupId":"org.apache.maven.plugins","artefactId":"maven-jar-plugin","version":"3.4.1","pluginClassName":null},{"__type":"DefaultPlugin","groupId":"org.apache.maven.plugins","artefactId":"maven-surefire-plugin","version":"3.0.0-M5","pluginClassName":null},{"__type":"DefaultPlugin","groupId":"org.apache.maven.plugins","artefactId":"maven-install-plugin","version":"3.1.2","pluginClassName":null},{"__type":"DefaultPlugin","groupId":"org.apache.maven.plugins","artefactId":"maven-site-plugin","version":"3.12.1","pluginClassName":null}],"version":"3.9.12","encoding":"UTF-8","name":"maven","subModules":[],"simpleModuleName":null,"parentModuleName":"com.paritytrading.parity:parity-parent","location":"/home/jbergqvist/diffblue/paritytrading-parity/tests/book-perf-test","fullModuleName":"com.paritytrading.parity:parity-book-perf-test"},{"__type":"DefaultProjectModule","junitReport":["/home/jbergqvist/diffblue/paritytrading-parity/tests/match-perf-test/target/surefire-reports"],"jacocoReport":["/home/jbergqvist/diffblue/paritytrading-parity/tests/match-perf-test/target/site/jacoco/jacoco.xml"],"jacocoDestFile":["/home/jbergqvist/diffblue/paritytrading-parity/tests/match-perf-test/target/jacoco.exec"],"jacocoFormats":["xml"],"jacocoSkipped":false,"classpath":["/home/jbergqvist/diffblue/paritytrading-parity/tests/match-perf-test/target/classes","/home/jbergqvist/.m2/repository/com/paritytrading/parity/parity-match/0.7.1-SNAPSHOT/parity-match-0.7.1-SNAPSHOT.jar","/home/jbergqvist/.m2/repository/it/unimi/dsi/fastutil/8.1.0/fastutil-8.1.0.jar","/home/jbergqvist/.m2/repository/org/openjdk/jmh/jmh-core/1.19/jmh-core-1.19.jar","/home/jbergqvist/.m2/repository/net/sf/jopt-simple/jopt-simple/4.6/jopt-simple-4.6.jar","/home/jbergqvist/.m2/repository/org/apache/commons/commons-math3/3.2/commons-math3-3.2.jar","/home/jbergqvist/.m2/repository/com/diffblue/cover/cover-annotations/1.9.0/cover-annotations-1.9.0.jar","/home/jbergqvist/.m2/repository/org/openjdk/jmh/jmh-generator-annprocess/1.19/jmh-generator-annprocess-1.19.jar","/home/jbergqvist/.m2/repository/org/junit/jupiter/junit-jupiter-engine/5.13.4/junit-jupiter-engine-5.13.4.jar","/home/jbergqvist/.m2/repository/org/junit/platform/junit-platform-engine/1.13.4/junit-platform-engine-1.13.4.jar","/home/jbergqvist/.m2/repository/org/opentest4j/opentest4j/1.3.0/opentest4j-1.3.0.jar","/home/jbergqvist/.m2/repository/org/junit/platform/junit-platform-commons/1.13.4/junit-platform-commons-1.13.4.jar","/home/jbergqvist/.m2/repository/org/junit/jupiter/junit-jupiter-api/5.13.4/junit-jupiter-api-5.13.4.jar","/home/jbergqvist/.m2/repository/org/apiguardian/apiguardian-api/1.1.2/apiguardian-api-1.1.2.jar","/home/jbergqvist/.m2/repository/org/mockito/mockito-core/4.11.0/mockito-core-4.11.0.jar","/home/jbergqvist/.m2/repository/net/bytebuddy/byte-buddy/1.12.19/byte-buddy-1.12.19.jar","/home/jbergqvist/.m2/repository/net/bytebuddy/byte-buddy-agent/1.12.19/byte-buddy-agent-1.12.19.jar","/home/jbergqvist/.m2/repository/org/objenesis/objenesis/3.3/objenesis-3.3.jar","/home/jbergqvist/.m2/repository/org/mockito/mockito-junit-jupiter/4.11.0/mockito-junit-jupiter-4.11.0.jar"],"complianceLevel":"1.8","productionSources":["/home/jbergqvist/diffblue/paritytrading-parity/tests/match-perf-test/src/main/java"],"testSources":["/home/jbergqvist/diffblue/paritytrading-parity/tests/match-perf-test/src/test/java"],"productionClasses":"/home/jbergqvist/diffblue/paritytrading-parity/tests/match-perf-test/target/classes","testClasses":"/home/jbergqvist/diffblue/paritytrading-parity/tests/match-perf-test/target/test-classes","sourceToBuildPathMap":null,"testSourceToBuildPathMap":null,"buildDirectory":"/home/jbergqvist/diffblue/paritytrading-parity/tests/match-perf-test/target","plugins":[{"__type":"DefaultPlugin","groupId":"org.apache.maven.plugins","artefactId":"maven-enforcer-plugin","version":"1.0","pluginClassName":null},{"__type":"DefaultPlugin","groupId":"org.apache.maven.plugins","artefactId":"maven-checkstyle-plugin","version":"3.1.0","pluginClassName":null},{"__type":"DefaultPlugin","groupId":"org.apache.maven.plugins","artefactId":"maven-compiler-plugin","version":"3.8.0","pluginClassName":null},{"__type":"DefaultPlugin","groupId":"org.apache.maven.plugins","artefactId":"maven-javadoc-plugin","version":"3.0.1","pluginClassName":null},{"__type":"DefaultPlugin","groupId":"org.apache.maven.plugins","artefactId":"maven-release-plugin","version":"2.5.3","pluginClassName":null},{"__type":"DefaultPlugin","groupId":"org.apache.maven.plugins","artefactId":"maven-deploy-plugin","version":"2.8.2","pluginClassName":null},{"__type":"DefaultPlugin","groupId":"org.apache.maven.plugins","artefactId":"maven-shade-plugin","version":"3.2.1","pluginClassName":null},{"__type":"DefaultPlugin","groupId":"org.apache.maven.plugins","artefactId":"maven-clean-plugin","version":"3.2.0","pluginClassName":null},{"__type":"DefaultPlugin","groupId":"org.apache.maven.plugins","artefactId":"maven-resources-plugin","version":"3.3.1","pluginClassName":null},{"__type":"DefaultPlugin","groupId":"org.apache.maven.plugins","artefactId":"maven-jar-plugin","version":"3.4.1","pluginClassName":null},{"__type":"DefaultPlugin","groupId":"org.apache.maven.plugins","artefactId":"maven-surefire-plugin","version":"3.0.0-M5","pluginClassName":null},{"__type":"DefaultPlugin","groupId":"org.apache.maven.plugins","artefactId":"maven-install-plugin","version":"3.1.2","pluginClassName":null},{"__type":"DefaultPlugin","groupId":"org.apache.maven.plugins","artefactId":"maven-site-plugin","version":"3.12.1","pluginClassName":null}],"version":"3.9.12","encoding":"UTF-8","name":"maven","subModules":[],"simpleModuleName":null,"parentModuleName":"com.paritytrading.parity:parity-parent","location":"/home/jbergqvist/diffblue/paritytrading-parity/tests/match-perf-test","fullModuleName":"com.paritytrading.parity:parity-match-perf-test"}],"simpleModuleName":null,"parentModuleName":"org.sonatype.oss:oss-parent","location":"/home/jbergqvist/diffblue/paritytrading-parity","fullModuleName":"com.paritytrading.parity:parity-parent"}}
10:39:21.150 [INFO]   [Checking]    out: [INFO] ------------------------------------------------------------------------
10:39:21.150 [INFO]   [Checking]    out: [INFO] Reactor Summary for Parity (Parent) 0.7.1-SNAPSHOT:
10:39:21.150 [INFO]   [Checking]    out: [INFO] 
10:39:21.150 [INFO]   [Checking]    out: [INFO] Parity (Parent) .................................... SUCCESS [  0.561 s]
10:39:21.150 [INFO]   [Checking]    out: [INFO] Parity Order Book .................................. SUCCESS [  0.034 s]
10:39:21.150 [INFO]   [Checking]    out: [INFO] Parity File Formats ................................ SUCCESS [  0.008 s]
10:39:21.150 [INFO]   [Checking]    out: [INFO] Parity Matching Algorithm .......................... SUCCESS [  0.010 s]
10:39:21.150 [INFO]   [Checking]    out: [INFO] Parity Network Protocols ........................... SUCCESS [  0.012 s]
10:39:21.150 [INFO]   [Checking]    out: [INFO] Parity Utilities ................................... SUCCESS [  0.009 s]
10:39:21.150 [INFO]   [Checking]    out: [INFO] Parity Terminal Client ............................. SUCCESS [  0.015 s]
10:39:21.150 [INFO]   [Checking]    out: [INFO] Parity FIX Gateway ................................. SUCCESS [  0.010 s]
10:39:21.150 [INFO]   [Checking]    out: [INFO] Parity Trade Reporter .............................. SUCCESS [  0.008 s]
10:39:21.150 [INFO]   [Checking]    out: [INFO] Parity Trading System .............................. SUCCESS [  0.007 s]
10:39:21.151 [INFO]   [Checking]    out: [INFO] Parity Stock Ticker ................................ SUCCESS [  0.008 s]
10:39:21.151 [INFO]   [Checking]    out: [INFO] Parity Order Book Performance Test ................. SUCCESS [  0.014 s]
10:39:21.151 [INFO]   [Checking]    out: [INFO] Parity Matching Algorithm Performance Test ......... SUCCESS [  0.006 s]
10:39:21.151 [INFO]   [Checking]    out: [INFO] ------------------------------------------------------------------------
10:39:21.151 [INFO]   [Checking]    out: [INFO] BUILD SUCCESS
10:39:21.151 [INFO]   [Checking]    out: [INFO] ------------------------------------------------------------------------
10:39:21.151 [INFO]   [Checking]    out: [INFO] Total time:  0.905 s
10:39:21.151 [INFO]   [Checking]    out: [INFO] Finished at: 2026-01-20T10:39:21Z
10:39:21.151 [INFO]   [Checking]    out: [INFO] ------------------------------------------------------------------------
10:39:21.151 [INFO]   [Checking]    deserializing line [DIFFBLUE]{"__type":"com.diffblue.cover.buildsystem.model.ProjectInfoMessage","projectName":"com.paritytrading.parity:parity-parent","productionSources":["/home/jbergqvist/diffblue/paritytrading-parity/src/main/java"],"testSources":["/home/jbergqvist/diffblue/paritytrading-parity/src/test/java"],"location":"/home/jbergqvist/diffblue/paritytrading-parity"}
10:39:21.153 [INFO]   [Checking]    deserializing line [DIFFBLUE]{"__type":"com.diffblue.cover.buildsystem.model.ProjectInfoMessage","projectName":"com.paritytrading.parity:parity-book","productionSources":["/home/jbergqvist/diffblue/paritytrading-parity/libraries/book/src/main/java"],"testSources":["/home/jbergqvist/diffblue/paritytrading-parity/libraries/book/src/test/java"],"location":"/home/jbergqvist/diffblue/paritytrading-parity/libraries/book"}
10:39:21.154 [INFO]   [Checking]    deserializing line [DIFFBLUE]{"__type":"com.diffblue.cover.buildsystem.model.ProjectInfoMessage","projectName":"com.paritytrading.parity:parity-file","productionSources":["/home/jbergqvist/diffblue/paritytrading-parity/libraries/file/src/main/java"],"testSources":["/home/jbergqvist/diffblue/paritytrading-parity/libraries/file/src/test/java"],"location":"/home/jbergqvist/diffblue/paritytrading-parity/libraries/file"}
10:39:21.155 [INFO]   [Checking]    deserializing line [DIFFBLUE]{"__type":"com.diffblue.cover.buildsystem.model.ProjectInfoMessage","projectName":"com.paritytrading.parity:parity-match","productionSources":["/home/jbergqvist/diffblue/paritytrading-parity/libraries/match/src/main/java"],"testSources":["/home/jbergqvist/diffblue/paritytrading-parity/libraries/match/src/test/java"],"location":"/home/jbergqvist/diffblue/paritytrading-parity/libraries/match"}
10:39:21.156 [INFO]   [Checking]    deserializing line [DIFFBLUE]{"__type":"com.diffblue.cover.buildsystem.model.ProjectInfoMessage","projectName":"com.paritytrading.parity:parity-net","productionSources":["/home/jbergqvist/diffblue/paritytrading-parity/libraries/net/src/main/java"],"testSources":["/home/jbergqvist/diffblue/paritytrading-parity/libraries/net/src/test/java"],"location":"/home/jbergqvist/diffblue/paritytrading-parity/libraries/net"}
10:39:21.157 [INFO]   [Checking]    deserializing line [DIFFBLUE]{"__type":"com.diffblue.cover.buildsystem.model.ProjectInfoMessage","projectName":"com.paritytrading.parity:parity-util","productionSources":["/home/jbergqvist/diffblue/paritytrading-parity/libraries/util/src/main/java"],"testSources":["/home/jbergqvist/diffblue/paritytrading-parity/libraries/util/src/test/java"],"location":"/home/jbergqvist/diffblue/paritytrading-parity/libraries/util"}
10:39:21.158 [INFO]   [Checking]    deserializing line [DIFFBLUE]{"__type":"com.diffblue.cover.buildsystem.model.ProjectInfoMessage","projectName":"com.paritytrading.parity:parity-client","productionSources":["/home/jbergqvist/diffblue/paritytrading-parity/applications/client/src/main/java"],"testSources":["/home/jbergqvist/diffblue/paritytrading-parity/applications/client/src/test/java"],"location":"/home/jbergqvist/diffblue/paritytrading-parity/applications/client"}
10:39:21.159 [INFO]   [Checking]    deserializing line [DIFFBLUE]{"__type":"com.diffblue.cover.buildsystem.model.ProjectInfoMessage","projectName":"com.paritytrading.parity:parity-fix","productionSources":["/home/jbergqvist/diffblue/paritytrading-parity/applications/fix/src/main/java"],"testSources":["/home/jbergqvist/diffblue/paritytrading-parity/applications/fix/src/test/java"],"location":"/home/jbergqvist/diffblue/paritytrading-parity/applications/fix"}
10:39:21.160 [INFO]   [Checking]    deserializing line [DIFFBLUE]{"__type":"com.diffblue.cover.buildsystem.model.ProjectInfoMessage","projectName":"com.paritytrading.parity:parity-reporter","productionSources":["/home/jbergqvist/diffblue/paritytrading-parity/applications/reporter/src/main/java"],"testSources":["/home/jbergqvist/diffblue/paritytrading-parity/applications/reporter/src/test/java"],"location":"/home/jbergqvist/diffblue/paritytrading-parity/applications/reporter"}
10:39:21.160 [INFO]   [Checking]    deserializing line [DIFFBLUE]{"__type":"com.diffblue.cover.buildsystem.model.ProjectInfoMessage","projectName":"com.paritytrading.parity:parity-system","productionSources":["/home/jbergqvist/diffblue/paritytrading-parity/applications/system/src/main/java"],"testSources":["/home/jbergqvist/diffblue/paritytrading-parity/applications/system/src/test/java"],"location":"/home/jbergqvist/diffblue/paritytrading-parity/applications/system"}
10:39:21.161 [INFO]   [Checking]    deserializing line [DIFFBLUE]{"__type":"com.diffblue.cover.buildsystem.model.ProjectInfoMessage","projectName":"com.paritytrading.parity:parity-ticker","productionSources":["/home/jbergqvist/diffblue/paritytrading-parity/applications/ticker/src/main/java"],"testSources":["/home/jbergqvist/diffblue/paritytrading-parity/applications/ticker/src/test/java"],"location":"/home/jbergqvist/diffblue/paritytrading-parity/applications/ticker"}
10:39:21.162 [INFO]   [Checking]    deserializing line [DIFFBLUE]{"__type":"com.diffblue.cover.buildsystem.model.ProjectInfoMessage","projectName":"com.paritytrading.parity:parity-book-perf-test","productionSources":["/home/jbergqvist/diffblue/paritytrading-parity/tests/book-perf-test/src/main/java"],"testSources":["/home/jbergqvist/diffblue/paritytrading-parity/tests/book-perf-test/src/test/java"],"location":"/home/jbergqvist/diffblue/paritytrading-parity/tests/book-perf-test"}
10:39:21.163 [INFO]   [Checking]    deserializing line [DIFFBLUE]{"__type":"com.diffblue.cover.buildsystem.model.ProjectInfoMessage","projectName":"com.paritytrading.parity:parity-match-perf-test","productionSources":["/home/jbergqvist/diffblue/paritytrading-parity/tests/match-perf-test/src/main/java"],"testSources":["/home/jbergqvist/diffblue/paritytrading-parity/tests/match-perf-test/src/test/java"],"location":"/home/jbergqvist/diffblue/paritytrading-parity/tests/match-perf-test"}
10:39:21.188 [INFO]   [Checking]    maven:err process not stopped, joining thread
10:39:21.189 [INFO]   [Checking]    maven:out process not stopped, joining thread
10:39:21.189 [INFO]   [Checking]    Deserializing project module message
10:39:21.190 [INFO]   [Checking]    deserializing line [DIFFBLUE]{"__type":"com.diffblue.cover.buildsystem.model.DefaultEventMessage","project":"com.paritytrading.parity:parity-parent","goal":"build-classpath","cause":null,"state":"STARTED"}
10:39:21.191 [INFO]   [Checking]    deserializing line [DIFFBLUE]{"__type":"com.diffblue.cover.buildsystem.model.DefaultEventMessage","project":"com.paritytrading.parity:parity-parent","goal":"build-classpath","cause":null,"state":"SUCCESS"}
10:39:21.193 [INFO]   [Checking]    deserializing line [DIFFBLUE]{"__type":"com.diffblue.cover.buildsystem.model.DefaultEventMessage","project":"com.paritytrading.parity:parity-book","goal":"build-classpath","cause":null,"state":"STARTED"}
10:39:21.194 [INFO]   [Checking]    deserializing line [DIFFBLUE]{"__type":"com.diffblue.cover.buildsystem.model.DefaultEventMessage","project":"com.paritytrading.parity:parity-book","goal":"build-classpath","cause":null,"state":"SUCCESS"}
10:39:21.195 [INFO]   [Checking]    deserializing line [DIFFBLUE]{"__type":"com.diffblue.cover.buildsystem.model.DefaultEventMessage","project":"com.paritytrading.parity:parity-file","goal":"build-classpath","cause":null,"state":"STARTED"}
10:39:21.197 [INFO]   [Checking]    deserializing line [DIFFBLUE]{"__type":"com.diffblue.cover.buildsystem.model.DefaultEventMessage","project":"com.paritytrading.parity:parity-file","goal":"build-classpath","cause":null,"state":"SUCCESS"}
10:39:21.198 [INFO]   [Checking]    deserializing line [DIFFBLUE]{"__type":"com.diffblue.cover.buildsystem.model.DefaultEventMessage","project":"com.paritytrading.parity:parity-match","goal":"build-classpath","cause":null,"state":"STARTED"}
10:39:21.199 [INFO]   [Checking]    deserializing line [DIFFBLUE]{"__type":"com.diffblue.cover.buildsystem.model.DefaultEventMessage","project":"com.paritytrading.parity:parity-match","goal":"build-classpath","cause":null,"state":"SUCCESS"}
10:39:21.200 [INFO]   [Checking]    deserializing line [DIFFBLUE]{"__type":"com.diffblue.cover.buildsystem.model.DefaultEventMessage","project":"com.paritytrading.parity:parity-net","goal":"build-classpath","cause":null,"state":"STARTED"}
10:39:21.201 [INFO]   [Checking]    deserializing line [DIFFBLUE]{"__type":"com.diffblue.cover.buildsystem.model.DefaultEventMessage","project":"com.paritytrading.parity:parity-net","goal":"build-classpath","cause":null,"state":"SUCCESS"}
10:39:21.202 [INFO]   [Checking]    deserializing line [DIFFBLUE]{"__type":"com.diffblue.cover.buildsystem.model.DefaultEventMessage","project":"com.paritytrading.parity:parity-util","goal":"build-classpath","cause":null,"state":"STARTED"}
10:39:21.203 [INFO]   [Checking]    deserializing line [DIFFBLUE]{"__type":"com.diffblue.cover.buildsystem.model.DefaultEventMessage","project":"com.paritytrading.parity:parity-util","goal":"build-classpath","cause":null,"state":"SUCCESS"}
10:39:21.204 [INFO]   [Checking]    deserializing line [DIFFBLUE]{"__type":"com.diffblue.cover.buildsystem.model.DefaultEventMessage","project":"com.paritytrading.parity:parity-client","goal":"build-classpath","cause":null,"state":"STARTED"}
10:39:21.205 [INFO]   [Checking]    deserializing line [DIFFBLUE]{"__type":"com.diffblue.cover.buildsystem.model.DefaultEventMessage","project":"com.paritytrading.parity:parity-client","goal":"build-classpath","cause":null,"state":"SUCCESS"}
10:39:21.206 [INFO]   [Checking]    deserializing line [DIFFBLUE]{"__type":"com.diffblue.cover.buildsystem.model.DefaultEventMessage","project":"com.paritytrading.parity:parity-fix","goal":"build-classpath","cause":null,"state":"STARTED"}
10:39:21.207 [INFO]   [Checking]    deserializing line [DIFFBLUE]{"__type":"com.diffblue.cover.buildsystem.model.DefaultEventMessage","project":"com.paritytrading.parity:parity-fix","goal":"build-classpath","cause":null,"state":"SUCCESS"}
10:39:21.208 [INFO]   [Checking]    deserializing line [DIFFBLUE]{"__type":"com.diffblue.cover.buildsystem.model.DefaultEventMessage","project":"com.paritytrading.parity:parity-reporter","goal":"build-classpath","cause":null,"state":"STARTED"}
10:39:21.209 [INFO]   [Checking]    deserializing line [DIFFBLUE]{"__type":"com.diffblue.cover.buildsystem.model.DefaultEventMessage","project":"com.paritytrading.parity:parity-reporter","goal":"build-classpath","cause":null,"state":"SUCCESS"}
10:39:21.210 [INFO]   [Checking]    deserializing line [DIFFBLUE]{"__type":"com.diffblue.cover.buildsystem.model.DefaultEventMessage","project":"com.paritytrading.parity:parity-system","goal":"build-classpath","cause":null,"state":"STARTED"}
10:39:21.211 [INFO]   [Checking]    deserializing line [DIFFBLUE]{"__type":"com.diffblue.cover.buildsystem.model.DefaultEventMessage","project":"com.paritytrading.parity:parity-system","goal":"build-classpath","cause":null,"state":"SUCCESS"}
10:39:21.212 [INFO]   [Checking]    deserializing line [DIFFBLUE]{"__type":"com.diffblue.cover.buildsystem.model.DefaultEventMessage","project":"com.paritytrading.parity:parity-ticker","goal":"build-classpath","cause":null,"state":"STARTED"}
10:39:21.214 [INFO]   [Checking]    deserializing line [DIFFBLUE]{"__type":"com.diffblue.cover.buildsystem.model.DefaultEventMessage","project":"com.paritytrading.parity:parity-ticker","goal":"build-classpath","cause":null,"state":"SUCCESS"}
10:39:21.215 [INFO]   [Checking]    deserializing line [DIFFBLUE]{"__type":"com.diffblue.cover.buildsystem.model.DefaultEventMessage","project":"com.paritytrading.parity:parity-book-perf-test","goal":"build-classpath","cause":null,"state":"STARTED"}
10:39:21.216 [INFO]   [Checking]    deserializing line [DIFFBLUE]{"__type":"com.diffblue.cover.buildsystem.model.DefaultEventMessage","project":"com.paritytrading.parity:parity-book-perf-test","goal":"build-classpath","cause":null,"state":"SUCCESS"}
10:39:21.217 [INFO]   [Checking]    deserializing line [DIFFBLUE]{"__type":"com.diffblue.cover.buildsystem.model.DefaultEventMessage","project":"com.paritytrading.parity:parity-match-perf-test","goal":"build-classpath","cause":null,"state":"STARTED"}
10:39:21.218 [INFO]   [Checking]    deserializing line [DIFFBLUE]{"__type":"com.diffblue.cover.buildsystem.model.DefaultEventMessage","project":"com.paritytrading.parity:parity-match-perf-test","goal":"build-classpath","cause":null,"state":"SUCCESS"}
10:39:21.218 [INFO]   [Checking]    deserializing line [DIFFBLUE]{"__type":"com.diffblue.cover.buildsystem.model.DefaultProjectModuleMessage","project":{"__type":"DefaultProjectModule","junitReport":["/home/jbergqvist/diffblue/paritytrading-parity/target/surefire-reports"],"jacocoReport":["/home/jbergqvist/diffblue/paritytrading-parity/target/site/jacoco/jacoco.xml"],"jacocoDestFile":["/home/jbergqvist/diffblue/paritytrading-parity/target/jacoco.exec"],"jacocoFormats":["xml"],"jacocoSkipped":false,"classpath":["/home/jbergqvist/diffblue/paritytrading-parity/target/classes"],"complianceLevel":"1.8","productionSources":["/home/jbergqvist/diffblue/paritytrading-parity/src/main/java"],"testSources":["/home/jbergqvist/diffblue/paritytrading-parity/src/test/java"],"productionClasses":"/home/jbergqvist/diffblue/paritytrading-parity/target/classes","testClasses":"/home/jbergqvist/diffblue/paritytrading-parity/target/test-classes","sourceToBuildPathMap":null,"testSourceToBuildPathMap":null,"buildDirectory":"/home/jbergqvist/diffblue/paritytrading-parity/target","plugins":[{"__type":"DefaultPlugin","groupId":"org.apache.maven.plugins","artefactId":"maven-enforcer-plugin","version":"1.0","pluginClassName":null},{"__type":"DefaultPlugin","groupId":"org.apache.maven.plugins","artefactId":"maven-checkstyle-plugin","version":"3.1.0","pluginClassName":null},{"__type":"DefaultPlugin","groupId":"org.apache.maven.plugins","artefactId":"maven-compiler-plugin","version":"3.8.0","pluginClassName":null},{"__type":"DefaultPlugin","groupId":"org.apache.maven.plugins","artefactId":"maven-javadoc-plugin","version":"3.0.1","pluginClassName":null},{"__type":"DefaultPlugin","groupId":"org.apache.maven.plugins","artefactId":"maven-release-plugin","version":"2.5.3","pluginClassName":null},{"__type":"DefaultPlugin","groupId":"org.apache.maven.plugins","artefactId":"maven-clean-plugin","version":"3.2.0","pluginClassName":null},{"__type":"DefaultPlugin","groupId":"org.apache.maven.plugins","artefactId":"maven-install-plugin","version":"3.1.2","pluginClassName":null},{"__type":"DefaultPlugin","groupId":"org.apache.maven.plugins","artefactId":"maven-deploy-plugin","version":"2.8.2","pluginClassName":null},{"__type":"DefaultPlugin","groupId":"org.apache.maven.plugins","artefactId":"maven-site-plugin","version":"3.12.1","pluginClassName":null}],"version":"3.9.12","encoding":"UTF-8","name":"maven","subModules":[{"__type":"DefaultProjectModule","junitReport":["/home/jbergqvist/diffblue/paritytrading-parity/libraries/book/target/surefire-reports"],"jacocoReport":["/home/jbergqvist/diffblue/paritytrading-parity/libraries/book/target/site/jacoco/jacoco.xml"],"jacocoDestFile":["/home/jbergqvist/diffblue/paritytrading-parity/libraries/book/target/jacoco.exec"],"jacocoFormats":["xml"],"jacocoSkipped":false,"classpath":["/home/jbergqvist/diffblue/paritytrading-parity/libraries/book/target/classes","/home/jbergqvist/.m2/repository/it/unimi/dsi/fastutil/8.1.0/fastutil-8.1.0.jar","/home/jbergqvist/.m2/repository/org/apache/commons/commons-lang3/3.12.0/commons-lang3-3.12.0.jar","/home/jbergqvist/.m2/repository/org/junit/jupiter/junit-jupiter/5.7.0/junit-jupiter-5.7.0.jar","/home/jbergqvist/.m2/repository/org/junit/jupiter/junit-jupiter-api/5.7.0/junit-jupiter-api-5.7.0.jar","/home/jbergqvist/.m2/repository/org/apiguardian/apiguardian-api/1.1.0/apiguardian-api-1.1.0.jar","/home/jbergqvist/.m2/repository/org/opentest4j/opentest4j/1.2.0/opentest4j-1.2.0.jar","/home/jbergqvist/.m2/repository/org/junit/platform/junit-platform-commons/1.7.0/junit-platform-commons-1.7.0.jar","/home/jbergqvist/.m2/repository/org/junit/jupiter/junit-jupiter-params/5.7.0/junit-jupiter-params-5.7.0.jar","/home/jbergqvist/.m2/repository/org/junit/jupiter/junit-jupiter-engine/5.7.0/junit-jupiter-engine-5.7.0.jar","/home/jbergqvist/.m2/repository/org/junit/platform/junit-platform-engine/1.7.0/junit-platform-engine-1.7.0.jar","/home/jbergqvist/.m2/repository/com/diffblue/cover/cover-annotations/1.9.0/cover-annotations-1.9.0.jar","/home/jbergqvist/.m2/repository/org/mockito/mockito-core/4.11.0/mockito-core-4.11.0.jar","/home/jbergqvist/.m2/repository/net/bytebuddy/byte-buddy/1.12.19/byte-buddy-1.12.19.jar","/home/jbergqvist/.m2/repository/net/bytebuddy/byte-buddy-agent/1.12.19/byte-buddy-agent-1.12.19.jar","/home/jbergqvist/.m2/repository/org/objenesis/objenesis/3.3/objenesis-3.3.jar","/home/jbergqvist/.m2/repository/org/mockito/mockito-junit-jupiter/4.11.0/mockito-junit-jupiter-4.11.0.jar"],"complianceLevel":"1.8","productionSources":["/home/jbergqvist/diffblue/paritytrading-parity/libraries/book/src/main/java"],"testSources":["/home/jbergqvist/diffblue/paritytrading-parity/libraries/book/src/test/java"],"productionClasses":"/home/jbergqvist/diffblue/paritytrading-parity/libraries/book/target/classes","testClasses":"/home/jbergqvist/diffblue/paritytrading-parity/libraries/book/target/test-classes","sourceToBuildPathMap":null,"testSourceToBuildPathMap":null,"buildDirectory":"/home/jbergqvist/diffblue/paritytrading-parity/libraries/book/target","plugins":[{"__type":"DefaultPlugin","groupId":"org.apache.maven.plugins","artefactId":"maven-enforcer-plugin","version":"1.0","pluginClassName":null},{"__type":"DefaultPlugin","groupId":"org.apache.maven.plugins","artefactId":"maven-checkstyle-plugin","version":"3.1.0","pluginClassName":null},{"__type":"DefaultPlugin","groupId":"org.apache.maven.plugins","artefactId":"maven-compiler-plugin","version":"3.8.0","pluginClassName":null},{"__type":"DefaultPlugin","groupId":"org.apache.maven.plugins","artefactId":"maven-javadoc-plugin","version":"3.0.1","pluginClassName":null},{"__type":"DefaultPlugin","groupId":"org.apache.maven.plugins","artefactId":"maven-release-plugin","version":"2.5.3","pluginClassName":null},{"__type":"DefaultPlugin","groupId":"org.apache.maven.plugins","artefactId":"maven-clean-plugin","version":"3.2.0","pluginClassName":null},{"__type":"DefaultPlugin","groupId":"org.apache.maven.plugins","artefactId":"maven-resources-plugin","version":"3.3.1","pluginClassName":null},{"__type":"DefaultPlugin","groupId":"org.apache.maven.plugins","artefactId":"maven-jar-plugin","version":"3.4.1","pluginClassName":null},{"__type":"DefaultPlugin","groupId":"org.apache.maven.plugins","artefactId":"maven-surefire-plugin","version":"3.0.0-M5","pluginClassName":null},{"__type":"DefaultPlugin","groupId":"org.apache.maven.plugins","artefactId":"maven-install-plugin","version":"3.1.2","pluginClassName":null},{"__type":"DefaultPlugin","groupId":"org.apache.maven.plugins","artefactId":"maven-deploy-plugin","version":"2.8.2","pluginClassName":null},{"__type":"DefaultPlugin","groupId":"org.apache.maven.plugins","artefactId":"maven-site-plugin","version":"3.12.1","pluginClassName":null}],"version":"3.9.12","encoding":"UTF-8","name":"maven","subModules":[],"simpleModuleName":null,"parentModuleName":"com.paritytrading.parity:parity-parent","location":"/home/jbergqvist/diffblue/paritytrading-parity/libraries/book","fullModuleName":"com.paritytrading.parity:parity-book"},{"__type":"DefaultProjectModule","junitReport":["/home/jbergqvist/diffblue/paritytrading-parity/libraries/file/target/surefire-reports"],"jacocoReport":["/home/jbergqvist/diffblue/paritytrading-parity/libraries/file/target/site/jacoco/jacoco.xml"],"jacocoDestFile":["/home/jbergqvist/diffblue/paritytrading-parity/libraries/file/target/jacoco.exec"],"jacocoFormats":["xml"],"jacocoSkipped":false,"classpath":["/home/jbergqvist/diffblue/paritytrading-parity/libraries/file/target/classes","/home/jbergqvist/.m2/repository/org/junit/jupiter/junit-jupiter/5.7.0/junit-jupiter-5.7.0.jar","/home/jbergqvist/.m2/repository/org/junit/jupiter/junit-jupiter-api/5.7.0/junit-jupiter-api-5.7.0.jar","/home/jbergqvist/.m2/repository/org/apiguardian/apiguardian-api/1.1.0/apiguardian-api-1.1.0.jar","/home/jbergqvist/.m2/repository/org/opentest4j/opentest4j/1.2.0/opentest4j-1.2.0.jar","/home/jbergqvist/.m2/repository/org/junit/platform/junit-platform-commons/1.7.0/junit-platform-commons-1.7.0.jar","/home/jbergqvist/.m2/repository/org/junit/jupiter/junit-jupiter-params/5.7.0/junit-jupiter-params-5.7.0.jar","/home/jbergqvist/.m2/repository/org/junit/jupiter/junit-jupiter-engine/5.7.0/junit-jupiter-engine-5.7.0.jar","/home/jbergqvist/.m2/repository/org/junit/platform/junit-platform-engine/1.7.0/junit-platform-engine-1.7.0.jar","/home/jbergqvist/.m2/repository/com/diffblue/cover/cover-annotations/1.9.0/cover-annotations-1.9.0.jar","/home/jbergqvist/.m2/repository/org/mockito/mockito-core/4.11.0/mockito-core-4.11.0.jar","/home/jbergqvist/.m2/repository/net/bytebuddy/byte-buddy/1.12.19/byte-buddy-1.12.19.jar","/home/jbergqvist/.m2/repository/net/bytebuddy/byte-buddy-agent/1.12.19/byte-buddy-agent-1.12.19.jar","/home/jbergqvist/.m2/repository/org/objenesis/objenesis/3.3/objenesis-3.3.jar","/home/jbergqvist/.m2/repository/org/mockito/mockito-junit-jupiter/4.11.0/mockito-junit-jupiter-4.11.0.jar"],"complianceLevel":"1.8","productionSources":["/home/jbergqvist/diffblue/paritytrading-parity/libraries/file/src/main/java"],"testSources":["/home/jbergqvist/diffblue/paritytrading-parity/libraries/file/src/test/java"],"productionClasses":"/home/jbergqvist/diffblue/paritytrading-parity/libraries/file/target/classes","testClasses":"/home/jbergqvist/diffblue/paritytrading-parity/libraries/file/target/test-classes","sourceToBuildPathMap":null,"testSourceToBuildPathMap":null,"buildDirectory":"/home/jbergqvist/diffblue/paritytrading-parity/libraries/file/target","plugins":[{"__type":"DefaultPlugin","groupId":"org.apache.maven.plugins","artefactId":"maven-enforcer-plugin","version":"1.0","pluginClassName":null},{"__type":"DefaultPlugin","groupId":"org.apache.maven.plugins","artefactId":"maven-checkstyle-plugin","version":"3.1.0","pluginClassName":null},{"__type":"DefaultPlugin","groupId":"org.apache.maven.plugins","artefactId":"maven-compiler-plugin","version":"3.8.0","pluginClassName":null},{"__type":"DefaultPlugin","groupId":"org.apache.maven.plugins","artefactId":"maven-javadoc-plugin","version":"3.0.1","pluginClassName":null},{"__type":"DefaultPlugin","groupId":"org.apache.maven.plugins","artefactId":"maven-release-plugin","version":"2.5.3","pluginClassName":null},{"__type":"DefaultPlugin","groupId":"org.apache.maven.plugins","artefactId":"maven-clean-plugin","version":"3.2.0","pluginClassName":null},{"__type":"DefaultPlugin","groupId":"org.apache.maven.plugins","artefactId":"maven-resources-plugin","version":"3.3.1","pluginClassName":null},{"__type":"DefaultPlugin","groupId":"org.apache.maven.plugins","artefactId":"maven-jar-plugin","version":"3.4.1","pluginClassName":null},{"__type":"DefaultPlugin","groupId":"org.apache.maven.plugins","artefactId":"maven-surefire-plugin","version":"3.0.0-M5","pluginClassName":null},{"__type":"DefaultPlugin","groupId":"org.apache.maven.plugins","artefactId":"maven-install-plugin","version":"3.1.2","pluginClassName":null},{"__type":"DefaultPlugin","groupId":"org.apache.maven.plugins","artefactId":"maven-deploy-plugin","version":"2.8.2","pluginClassName":null},{"__type":"DefaultPlugin","groupId":"org.apache.maven.plugins","artefactId":"maven-site-plugin","version":"3.12.1","pluginClassName":null}],"version":"3.9.12","encoding":"UTF-8","name":"maven","subModules":[],"simpleModuleName":null,"parentModuleName":"com.paritytrading.parity:parity-parent","location":"/home/jbergqvist/diffblue/paritytrading-parity/libraries/file","fullModuleName":"com.paritytrading.parity:parity-file"},{"__type":"DefaultProjectModule","junitReport":["/home/jbergqvist/diffblue/paritytrading-parity/libraries/match/target/surefire-reports"],"jacocoReport":["/home/jbergqvist/diffblue/paritytrading-parity/libraries/match/target/site/jacoco/jacoco.xml"],"jacocoDestFile":["/home/jbergqvist/diffblue/paritytrading-parity/libraries/match/target/jacoco.exec"],"jacocoFormats":["xml"],"jacocoSkipped":false,"classpath":["/home/jbergqvist/diffblue/paritytrading-parity/libraries/match/target/classes","/home/jbergqvist/.m2/repository/it/unimi/dsi/fastutil/8.1.0/fastutil-8.1.0.jar","/home/jbergqvist/.m2/repository/org/apache/commons/commons-lang3/3.12.0/commons-lang3-3.12.0.jar","/home/jbergqvist/.m2/repository/org/junit/jupiter/junit-jupiter/5.7.0/junit-jupiter-5.7.0.jar","/home/jbergqvist/.m2/repository/org/junit/jupiter/junit-jupiter-api/5.7.0/junit-jupiter-api-5.7.0.jar","/home/jbergqvist/.m2/repository/org/apiguardian/apiguardian-api/1.1.0/apiguardian-api-1.1.0.jar","/home/jbergqvist/.m2/repository/org/opentest4j/opentest4j/1.2.0/opentest4j-1.2.0.jar","/home/jbergqvist/.m2/repository/org/junit/platform/junit-platform-commons/1.7.0/junit-platform-commons-1.7.0.jar","/home/jbergqvist/.m2/repository/org/junit/jupiter/junit-jupiter-params/5.7.0/junit-jupiter-params-5.7.0.jar","/home/jbergqvist/.m2/repository/org/junit/jupiter/junit-jupiter-engine/5.7.0/junit-jupiter-engine-5.7.0.jar","/home/jbergqvist/.m2/repository/org/junit/platform/junit-platform-engine/1.7.0/junit-platform-engine-1.7.0.jar","/home/jbergqvist/.m2/repository/com/diffblue/cover/cover-annotations/1.9.0/cover-annotations-1.9.0.jar","/home/jbergqvist/.m2/repository/org/mockito/mockito-core/4.11.0/mockito-core-4.11.0.jar","/home/jbergqvist/.m2/repository/net/bytebuddy/byte-buddy/1.12.19/byte-buddy-1.12.19.jar","/home/jbergqvist/.m2/repository/net/bytebuddy/byte-buddy-agent/1.12.19/byte-buddy-agent-1.12.19.jar","/home/jbergqvist/.m2/repository/org/objenesis/objenesis/3.3/objenesis-3.3.jar","/home/jbergqvist/.m2/repository/org/mockito/mockito-junit-jupiter/4.11.0/mockito-junit-jupiter-4.11.0.jar"],"complianceLevel":"1.8","productionSources":["/home/jbergqvist/diffblue/paritytrading-parity/libraries/match/src/main/java"],"testSources":["/home/jbergqvist/diffblue/paritytrading-parity/libraries/match/src/test/java"],"productionClasses":"/home/jbergqvist/diffblue/paritytrading-parity/libraries/match/target/classes","testClasses":"/home/jbergqvist/diffblue/paritytrading-parity/libraries/match/target/test-classes","sourceToBuildPathMap":null,"testSourceToBuildPathMap":null,"buildDirectory":"/home/jbergqvist/diffblue/paritytrading-parity/libraries/match/target","plugins":[{"__type":"DefaultPlugin","groupId":"org.apache.maven.plugins","artefactId":"maven-enforcer-plugin","version":"1.0","pluginClassName":null},{"__type":"DefaultPlugin","groupId":"org.apache.maven.plugins","artefactId":"maven-checkstyle-plugin","version":"3.1.0","pluginClassName":null},{"__type":"DefaultPlugin","groupId":"org.apache.maven.plugins","artefactId":"maven-compiler-plugin","version":"3.8.0","pluginClassName":null},{"__type":"DefaultPlugin","groupId":"org.apache.maven.plugins","artefactId":"maven-javadoc-plugin","version":"3.0.1","pluginClassName":null},{"__type":"DefaultPlugin","groupId":"org.apache.maven.plugins","artefactId":"maven-release-plugin","version":"2.5.3","pluginClassName":null},{"__type":"DefaultPlugin","groupId":"org.apache.maven.plugins","artefactId":"maven-clean-plugin","version":"3.2.0","pluginClassName":null},{"__type":"DefaultPlugin","groupId":"org.apache.maven.plugins","artefactId":"maven-resources-plugin","version":"3.3.1","pluginClassName":null},{"__type":"DefaultPlugin","groupId":"org.apache.maven.plugins","artefactId":"maven-jar-plugin","version":"3.4.1","pluginClassName":null},{"__type":"DefaultPlugin","groupId":"org.apache.maven.plugins","artefactId":"maven-surefire-plugin","version":"3.0.0-M5","pluginClassName":null},{"__type":"DefaultPlugin","groupId":"org.apache.maven.plugins","artefactId":"maven-install-plugin","version":"3.1.2","pluginClassName":null},{"__type":"DefaultPlugin","groupId":"org.apache.maven.plugins","artefactId":"maven-deploy-plugin","version":"2.8.2","pluginClassName":null},{"__type":"DefaultPlugin","groupId":"org.apache.maven.plugins","artefactId":"maven-site-plugin","version":"3.12.1","pluginClassName":null}],"version":"3.9.12","encoding":"UTF-8","name":"maven","subModules":[],"simpleModuleName":null,"parentModuleName":"com.paritytrading.parity:parity-parent","location":"/home/jbergqvist/diffblue/paritytrading-parity/libraries/match","fullModuleName":"com.paritytrading.parity:parity-match"},{"__type":"DefaultProjectModule","junitReport":["/home/jbergqvist/diffblue/paritytrading-parity/libraries/net/target/surefire-reports"],"jacocoReport":["/home/jbergqvist/diffblue/paritytrading-parity/libraries/net/target/site/jacoco/jacoco.xml"],"jacocoDestFile":["/home/jbergqvist/diffblue/paritytrading-parity/libraries/net/target/jacoco.exec"],"jacocoFormats":["xml"],"jacocoSkipped":false,"classpath":["/home/jbergqvist/diffblue/paritytrading-parity/libraries/net/target/classes","/home/jbergqvist/.m2/repository/com/paritytrading/nassau/nassau-core/0.13.0/nassau-core-0.13.0.jar","/home/jbergqvist/.m2/repository/com/paritytrading/foundation/foundation/0.3.0/foundation-0.3.0.jar","/home/jbergqvist/.m2/repository/com/diffblue/cover/cover-annotations/1.9.0/cover-annotations-1.9.0.jar","/home/jbergqvist/.m2/repository/org/junit/jupiter/junit-jupiter-engine/5.13.4/junit-jupiter-engine-5.13.4.jar","/home/jbergqvist/.m2/repository/org/junit/platform/junit-platform-engine/1.13.4/junit-platform-engine-1.13.4.jar","/home/jbergqvist/.m2/repository/org/opentest4j/opentest4j/1.3.0/opentest4j-1.3.0.jar","/home/jbergqvist/.m2/repository/org/junit/platform/junit-platform-commons/1.13.4/junit-platform-commons-1.13.4.jar","/home/jbergqvist/.m2/repository/org/junit/jupiter/junit-jupiter-api/5.13.4/junit-jupiter-api-5.13.4.jar","/home/jbergqvist/.m2/repository/org/apiguardian/apiguardian-api/1.1.2/apiguardian-api-1.1.2.jar","/home/jbergqvist/.m2/repository/org/mockito/mockito-core/4.11.0/mockito-core-4.11.0.jar","/home/jbergqvist/.m2/repository/net/bytebuddy/byte-buddy/1.12.19/byte-buddy-1.12.19.jar","/home/jbergqvist/.m2/repository/net/bytebuddy/byte-buddy-agent/1.12.19/byte-buddy-agent-1.12.19.jar","/home/jbergqvist/.m2/repository/org/objenesis/objenesis/3.3/objenesis-3.3.jar","/home/jbergqvist/.m2/repository/org/mockito/mockito-junit-jupiter/4.11.0/mockito-junit-jupiter-4.11.0.jar"],"complianceLevel":"1.8","productionSources":["/home/jbergqvist/diffblue/paritytrading-parity/libraries/net/src/main/java"],"testSources":["/home/jbergqvist/diffblue/paritytrading-parity/libraries/net/src/test/java"],"productionClasses":"/home/jbergqvist/diffblue/paritytrading-parity/libraries/net/target/classes","testClasses":"/home/jbergqvist/diffblue/paritytrading-parity/libraries/net/target/test-classes","sourceToBuildPathMap":null,"testSourceToBuildPathMap":null,"buildDirectory":"/home/jbergqvist/diffblue/paritytrading-parity/libraries/net/target","plugins":[{"__type":"DefaultPlugin","groupId":"org.apache.maven.plugins","artefactId":"maven-enforcer-plugin","version":"1.0","pluginClassName":null},{"__type":"DefaultPlugin","groupId":"org.apache.maven.plugins","artefactId":"maven-checkstyle-plugin","version":"3.1.0","pluginClassName":null},{"__type":"DefaultPlugin","groupId":"org.apache.maven.plugins","artefactId":"maven-compiler-plugin","version":"3.8.0","pluginClassName":null},{"__type":"DefaultPlugin","groupId":"org.apache.maven.plugins","artefactId":"maven-javadoc-plugin","version":"3.0.1","pluginClassName":null},{"__type":"DefaultPlugin","groupId":"org.apache.maven.plugins","artefactId":"maven-release-plugin","version":"2.5.3","pluginClassName":null},{"__type":"DefaultPlugin","groupId":"org.apache.maven.plugins","artefactId":"maven-clean-plugin","version":"3.2.0","pluginClassName":null},{"__type":"DefaultPlugin","groupId":"org.apache.maven.plugins","artefactId":"maven-resources-plugin","version":"3.3.1","pluginClassName":null},{"__type":"DefaultPlugin","groupId":"org.apache.maven.plugins","artefactId":"maven-jar-plugin","version":"3.4.1","pluginClassName":null},{"__type":"DefaultPlugin","groupId":"org.apache.maven.plugins","artefactId":"maven-surefire-plugin","version":"3.0.0-M5","pluginClassName":null},{"__type":"DefaultPlugin","groupId":"org.apache.maven.plugins","artefactId":"maven-install-plugin","version":"3.1.2","pluginClassName":null},{"__type":"DefaultPlugin","groupId":"org.apache.maven.plugins","artefactId":"maven-deploy-plugin","version":"2.8.2","pluginClassName":null},{"__type":"DefaultPlugin","groupId":"org.apache.maven.plugins","artefactId":"maven-site-plugin","version":"3.12.1","pluginClassName":null}],"version":"3.9.12","encoding":"UTF-8","name":"maven","subModules":[],"simpleModuleName":null,"parentModuleName":"com.paritytrading.parity:parity-parent","location":"/home/jbergqvist/diffblue/paritytrading-parity/libraries/net","fullModuleName":"com.paritytrading.parity:parity-net"},{"__type":"DefaultProjectModule","junitReport":["/home/jbergqvist/diffblue/paritytrading-parity/libraries/util/target/surefire-reports"],"jacocoReport":["/home/jbergqvist/diffblue/paritytrading-parity/libraries/util/target/site/jacoco/jacoco.xml"],"jacocoDestFile":["/home/jbergqvist/diffblue/paritytrading-parity/libraries/util/target/jacoco.exec"],"jacocoFormats":["xml"],"jacocoSkipped":false,"classpath":["/home/jbergqvist/diffblue/paritytrading-parity/libraries/util/target/classes","/home/jbergqvist/.m2/repository/com/paritytrading/foundation/foundation/0.3.0/foundation-0.3.0.jar","/home/jbergqvist/.m2/repository/com/typesafe/config/1.3.1/config-1.3.1.jar","/home/jbergqvist/.m2/repository/org/junit/jupiter/junit-jupiter/5.7.0/junit-jupiter-5.7.0.jar","/home/jbergqvist/.m2/repository/org/junit/jupiter/junit-jupiter-api/5.7.0/junit-jupiter-api-5.7.0.jar","/home/jbergqvist/.m2/repository/org/apiguardian/apiguardian-api/1.1.0/apiguardian-api-1.1.0.jar","/home/jbergqvist/.m2/repository/org/opentest4j/opentest4j/1.2.0/opentest4j-1.2.0.jar","/home/jbergqvist/.m2/repository/org/junit/platform/junit-platform-commons/1.7.0/junit-platform-commons-1.7.0.jar","/home/jbergqvist/.m2/repository/org/junit/jupiter/junit-jupiter-params/5.7.0/junit-jupiter-params-5.7.0.jar","/home/jbergqvist/.m2/repository/org/junit/jupiter/junit-jupiter-engine/5.7.0/junit-jupiter-engine-5.7.0.jar","/home/jbergqvist/.m2/repository/org/junit/platform/junit-platform-engine/1.7.0/junit-platform-engine-1.7.0.jar","/home/jbergqvist/.m2/repository/com/diffblue/cover/cover-annotations/1.9.0/cover-annotations-1.9.0.jar","/home/jbergqvist/.m2/repository/org/mockito/mockito-core/4.11.0/mockito-core-4.11.0.jar","/home/jbergqvist/.m2/repository/net/bytebuddy/byte-buddy/1.12.19/byte-buddy-1.12.19.jar","/home/jbergqvist/.m2/repository/net/bytebuddy/byte-buddy-agent/1.12.19/byte-buddy-agent-1.12.19.jar","/home/jbergqvist/.m2/repository/org/objenesis/objenesis/3.3/objenesis-3.3.jar","/home/jbergqvist/.m2/repository/org/mockito/mockito-junit-jupiter/4.11.0/mockito-junit-jupiter-4.11.0.jar"],"complianceLevel":"1.8","productionSources":["/home/jbergqvist/diffblue/paritytrading-parity/libraries/util/src/main/java"],"testSources":["/home/jbergqvist/diffblue/paritytrading-parity/libraries/util/src/test/java"],"productionClasses":"/home/jbergqvist/diffblue/paritytrading-parity/libraries/util/target/classes","testClasses":"/home/jbergqvist/diffblue/paritytrading-parity/libraries/util/target/test-classes","sourceToBuildPathMap":null,"testSourceToBuildPathMap":null,"buildDirectory":"/home/jbergqvist/diffblue/paritytrading-parity/libraries/util/target","plugins":[{"__type":"DefaultPlugin","groupId":"org.apache.maven.plugins","artefactId":"maven-enforcer-plugin","version":"1.0","pluginClassName":null},{"__type":"DefaultPlugin","groupId":"org.apache.maven.plugins","artefactId":"maven-checkstyle-plugin","version":"3.1.0","pluginClassName":null},{"__type":"DefaultPlugin","groupId":"org.apache.maven.plugins","artefactId":"maven-compiler-plugin","version":"3.8.0","pluginClassName":null},{"__type":"DefaultPlugin","groupId":"org.apache.maven.plugins","artefactId":"maven-javadoc-plugin","version":"3.0.1","pluginClassName":null},{"__type":"DefaultPlugin","groupId":"org.apache.maven.plugins","artefactId":"maven-release-plugin","version":"2.5.3","pluginClassName":null},{"__type":"DefaultPlugin","groupId":"org.apache.maven.plugins","artefactId":"maven-clean-plugin","version":"3.2.0","pluginClassName":null},{"__type":"DefaultPlugin","groupId":"org.apache.maven.plugins","artefactId":"maven-resources-plugin","version":"3.3.1","pluginClassName":null},{"__type":"DefaultPlugin","groupId":"org.apache.maven.plugins","artefactId":"maven-jar-plugin","version":"3.4.1","pluginClassName":null},{"__type":"DefaultPlugin","groupId":"org.apache.maven.plugins","artefactId":"maven-surefire-plugin","version":"3.0.0-M5","pluginClassName":null},{"__type":"DefaultPlugin","groupId":"org.apache.maven.plugins","artefactId":"maven-install-plugin","version":"3.1.2","pluginClassName":null},{"__type":"DefaultPlugin","groupId":"org.apache.maven.plugins","artefactId":"maven-deploy-plugin","version":"2.8.2","pluginClassName":null},{"__type":"DefaultPlugin","groupId":"org.apache.maven.plugins","artefactId":"maven-site-plugin","version":"3.12.1","pluginClassName":null}],"version":"3.9.12","encoding":"UTF-8","name":"maven","subModules":[],"simpleModuleName":null,"parentModuleName":"com.paritytrading.parity:parity-parent","location":"/home/jbergqvist/diffblue/paritytrading-parity/libraries/util","fullModuleName":"com.paritytrading.parity:parity-util"},{"__type":"DefaultProjectModule","junitReport":["/home/jbergqvist/diffblue/paritytrading-parity/applications/client/target/surefire-reports"],"jacocoReport":["/home/jbergqvist/diffblue/paritytrading-parity/applications/client/target/site/jacoco/jacoco.xml"],"jacocoDestFile":["/home/jbergqvist/diffblue/paritytrading-parity/applications/client/target/jacoco.exec"],"jacocoFormats":["xml"],"jacocoSkipped":false,"classpath":["/home/jbergqvist/diffblue/paritytrading-parity/applications/client/target/classes","/home/jbergqvist/.m2/repository/com/paritytrading/parity/parity-net/0.7.1-SNAPSHOT/parity-net-0.7.1-SNAPSHOT.jar","/home/jbergqvist/.m2/repository/com/paritytrading/parity/parity-util/0.7.1-SNAPSHOT/parity-util-0.7.1-SNAPSHOT.jar","/home/jbergqvist/.m2/repository/com/paritytrading/foundation/foundation/0.3.0/foundation-0.3.0.jar","/home/jbergqvist/.m2/repository/com/paritytrading/nassau/nassau-core/0.13.0/nassau-core-0.13.0.jar","/home/jbergqvist/.m2/repository/com/typesafe/config/1.3.1/config-1.3.1.jar","/home/jbergqvist/.m2/repository/org/jline/jline-reader/3.8.0/jline-reader-3.8.0.jar","/home/jbergqvist/.m2/repository/org/jline/jline-terminal/3.8.0/jline-terminal-3.8.0.jar","/home/jbergqvist/.m2/repository/org/jvirtanen/config/config-extras/0.2.0/config-extras-0.2.0.jar","/home/jbergqvist/.m2/repository/org/jvirtanen/util/util-extras/0.2.0/util-extras-0.2.0.jar","/home/jbergqvist/.m2/repository/com/diffblue/cover/cover-annotations/1.9.0/cover-annotations-1.9.0.jar","/home/jbergqvist/.m2/repository/org/junit/jupiter/junit-jupiter-engine/5.13.4/junit-jupiter-engine-5.13.4.jar","/home/jbergqvist/.m2/repository/org/junit/platform/junit-platform-engine/1.13.4/junit-platform-engine-1.13.4.jar","/home/jbergqvist/.m2/repository/org/opentest4j/opentest4j/1.3.0/opentest4j-1.3.0.jar","/home/jbergqvist/.m2/repository/org/junit/platform/junit-platform-commons/1.13.4/junit-platform-commons-1.13.4.jar","/home/jbergqvist/.m2/repository/org/junit/jupiter/junit-jupiter-api/5.13.4/junit-jupiter-api-5.13.4.jar","/home/jbergqvist/.m2/repository/org/apiguardian/apiguardian-api/1.1.2/apiguardian-api-1.1.2.jar","/home/jbergqvist/.m2/repository/org/mockito/mockito-core/4.11.0/mockito-core-4.11.0.jar","/home/jbergqvist/.m2/repository/net/bytebuddy/byte-buddy/1.12.19/byte-buddy-1.12.19.jar","/home/jbergqvist/.m2/repository/net/bytebuddy/byte-buddy-agent/1.12.19/byte-buddy-agent-1.12.19.jar","/home/jbergqvist/.m2/repository/org/objenesis/objenesis/3.3/objenesis-3.3.jar","/home/jbergqvist/.m2/repository/org/mockito/mockito-junit-jupiter/4.11.0/mockito-junit-jupiter-4.11.0.jar"],"complianceLevel":"1.8","productionSources":["/home/jbergqvist/diffblue/paritytrading-parity/applications/client/src/main/java"],"testSources":["/home/jbergqvist/diffblue/paritytrading-parity/applications/client/src/test/java"],"productionClasses":"/home/jbergqvist/diffblue/paritytrading-parity/applications/client/target/classes","testClasses":"/home/jbergqvist/diffblue/paritytrading-parity/applications/client/target/test-classes","sourceToBuildPathMap":null,"testSourceToBuildPathMap":null,"buildDirectory":"/home/jbergqvist/diffblue/paritytrading-parity/applications/client/target","plugins":[{"__type":"DefaultPlugin","groupId":"org.apache.maven.plugins","artefactId":"maven-enforcer-plugin","version":"1.0","pluginClassName":null},{"__type":"DefaultPlugin","groupId":"org.apache.maven.plugins","artefactId":"maven-checkstyle-plugin","version":"3.1.0","pluginClassName":null},{"__type":"DefaultPlugin","groupId":"org.apache.maven.plugins","artefactId":"maven-compiler-plugin","version":"3.8.0","pluginClassName":null},{"__type":"DefaultPlugin","groupId":"org.apache.maven.plugins","artefactId":"maven-javadoc-plugin","version":"3.0.1","pluginClassName":null},{"__type":"DefaultPlugin","groupId":"org.apache.maven.plugins","artefactId":"maven-release-plugin","version":"2.5.3","pluginClassName":null},{"__type":"DefaultPlugin","groupId":"org.apache.maven.plugins","artefactId":"maven-deploy-plugin","version":"2.8.2","pluginClassName":null},{"__type":"DefaultPlugin","groupId":"org.apache.maven.plugins","artefactId":"maven-shade-plugin","version":"3.2.1","pluginClassName":null},{"__type":"DefaultPlugin","groupId":"org.apache.maven.plugins","artefactId":"maven-clean-plugin","version":"3.2.0","pluginClassName":null},{"__type":"DefaultPlugin","groupId":"org.apache.maven.plugins","artefactId":"maven-resources-plugin","version":"3.3.1","pluginClassName":null},{"__type":"DefaultPlugin","groupId":"org.apache.maven.plugins","artefactId":"maven-jar-plugin","version":"3.4.1","pluginClassName":null},{"__type":"DefaultPlugin","groupId":"org.apache.maven.plugins","artefactId":"maven-surefire-plugin","version":"3.0.0-M5","pluginClassName":null},{"__type":"DefaultPlugin","groupId":"org.apache.maven.plugins","artefactId":"maven-install-plugin","version":"3.1.2","pluginClassName":null},{"__type":"DefaultPlugin","groupId":"org.apache.maven.plugins","artefactId":"maven-site-plugin","version":"3.12.1","pluginClassName":null}],"version":"3.9.12","encoding":"UTF-8","name":"maven","subModules":[],"simpleModuleName":null,"parentModuleName":"com.paritytrading.parity:parity-parent","location":"/home/jbergqvist/diffblue/paritytrading-parity/applications/client","fullModuleName":"com.paritytrading.parity:parity-client"},{"__type":"DefaultProjectModule","junitReport":["/home/jbergqvist/diffblue/paritytrading-parity/applications/fix/target/surefire-reports"],"jacocoReport":["/home/jbergqvist/diffblue/paritytrading-parity/applications/fix/target/site/jacoco/jacoco.xml"],"jacocoDestFile":["/home/jbergqvist/diffblue/paritytrading-parity/applications/fix/target/jacoco.exec"],"jacocoFormats":["xml"],"jacocoSkipped":false,"classpath":["/home/jbergqvist/diffblue/paritytrading-parity/applications/fix/target/classes","/home/jbergqvist/.m2/repository/com/paritytrading/parity/parity-net/0.7.1-SNAPSHOT/parity-net-0.7.1-SNAPSHOT.jar","/home/jbergqvist/.m2/repository/com/paritytrading/parity/parity-util/0.7.1-SNAPSHOT/parity-util-0.7.1-SNAPSHOT.jar","/home/jbergqvist/.m2/repository/com/paritytrading/foundation/foundation/0.3.0/foundation-0.3.0.jar","/home/jbergqvist/.m2/repository/com/paritytrading/nassau/nassau-core/0.13.0/nassau-core-0.13.0.jar","/home/jbergqvist/.m2/repository/com/paritytrading/philadelphia/philadelphia-core/1.2.0/philadelphia-core-1.2.0.jar","/home/jbergqvist/.m2/repository/com/paritytrading/philadelphia/philadelphia-fix44/1.2.0/philadelphia-fix44-1.2.0.jar","/home/jbergqvist/.m2/repository/com/typesafe/config/1.3.1/config-1.3.1.jar","/home/jbergqvist/.m2/repository/joda-time/joda-time/2.10.6/joda-time-2.10.6.jar","/home/jbergqvist/.m2/repository/org/jvirtanen/config/config-extras/0.2.0/config-extras-0.2.0.jar","/home/jbergqvist/.m2/repository/org/jvirtanen/util/util-extras/0.2.0/util-extras-0.2.0.jar","/home/jbergqvist/.m2/repository/com/diffblue/cover/cover-annotations/1.9.0/cover-annotations-1.9.0.jar","/home/jbergqvist/.m2/repository/org/junit/jupiter/junit-jupiter-engine/5.13.4/junit-jupiter-engine-5.13.4.jar","/home/jbergqvist/.m2/repository/org/junit/platform/junit-platform-engine/1.13.4/junit-platform-engine-1.13.4.jar","/home/jbergqvist/.m2/repository/org/opentest4j/opentest4j/1.3.0/opentest4j-1.3.0.jar","/home/jbergqvist/.m2/repository/org/junit/platform/junit-platform-commons/1.13.4/junit-platform-commons-1.13.4.jar","/home/jbergqvist/.m2/repository/org/junit/jupiter/junit-jupiter-api/5.13.4/junit-jupiter-api-5.13.4.jar","/home/jbergqvist/.m2/repository/org/apiguardian/apiguardian-api/1.1.2/apiguardian-api-1.1.2.jar","/home/jbergqvist/.m2/repository/org/mockito/mockito-core/4.11.0/mockito-core-4.11.0.jar","/home/jbergqvist/.m2/repository/net/bytebuddy/byte-buddy/1.12.19/byte-buddy-1.12.19.jar","/home/jbergqvist/.m2/repository/net/bytebuddy/byte-buddy-agent/1.12.19/byte-buddy-agent-1.12.19.jar","/home/jbergqvist/.m2/repository/org/objenesis/objenesis/3.3/objenesis-3.3.jar","/home/jbergqvist/.m2/repository/org/mockito/mockito-junit-jupiter/4.11.0/mockito-junit-jupiter-4.11.0.jar"],"complianceLevel":"1.8","productionSources":["/home/jbergqvist/diffblue/paritytrading-parity/applications/fix/src/main/java"],"testSources":["/home/jbergqvist/diffblue/paritytrading-parity/applications/fix/src/test/java"],"productionClasses":"/home/jbergqvist/diffblue/paritytrading-parity/applications/fix/target/classes","testClasses":"/home/jbergqvist/diffblue/paritytrading-parity/applications/fix/target/test-classes","sourceToBuildPathMap":null,"testSourceToBuildPathMap":null,"buildDirectory":"/home/jbergqvist/diffblue/paritytrading-parity/applications/fix/target","plugins":[{"__type":"DefaultPlugin","groupId":"org.apache.maven.plugins","artefactId":"maven-enforcer-plugin","version":"1.0","pluginClassName":null},{"__type":"DefaultPlugin","groupId":"org.apache.maven.plugins","artefactId":"maven-checkstyle-plugin","version":"3.1.0","pluginClassName":null},{"__type":"DefaultPlugin","groupId":"org.apache.maven.plugins","artefactId":"maven-compiler-plugin","version":"3.8.0","pluginClassName":null},{"__type":"DefaultPlugin","groupId":"org.apache.maven.plugins","artefactId":"maven-javadoc-plugin","version":"3.0.1","pluginClassName":null},{"__type":"DefaultPlugin","groupId":"org.apache.maven.plugins","artefactId":"maven-release-plugin","version":"2.5.3","pluginClassName":null},{"__type":"DefaultPlugin","groupId":"org.apache.maven.plugins","artefactId":"maven-deploy-plugin","version":"2.8.2","pluginClassName":null},{"__type":"DefaultPlugin","groupId":"org.apache.maven.plugins","artefactId":"maven-shade-plugin","version":"3.2.1","pluginClassName":null},{"__type":"DefaultPlugin","groupId":"org.apache.maven.plugins","artefactId":"maven-clean-plugin","version":"3.2.0","pluginClassName":null},{"__type":"DefaultPlugin","groupId":"org.apache.maven.plugins","artefactId":"maven-resources-plugin","version":"3.3.1","pluginClassName":null},{"__type":"DefaultPlugin","groupId":"org.apache.maven.plugins","artefactId":"maven-jar-plugin","version":"3.4.1","pluginClassName":null},{"__type":"DefaultPlugin","groupId":"org.apache.maven.plugins","artefactId":"maven-surefire-plugin","version":"3.0.0-M5","pluginClassName":null},{"__type":"DefaultPlugin","groupId":"org.apache.maven.plugins","artefactId":"maven-install-plugin","version":"3.1.2","pluginClassName":null},{"__type":"DefaultPlugin","groupId":"org.apache.maven.plugins","artefactId":"maven-site-plugin","version":"3.12.1","pluginClassName":null}],"version":"3.9.12","encoding":"UTF-8","name":"maven","subModules":[],"simpleModuleName":null,"parentModuleName":"com.paritytrading.parity:parity-parent","location":"/home/jbergqvist/diffblue/paritytrading-parity/applications/fix","fullModuleName":"com.paritytrading.parity:parity-fix"},{"__type":"DefaultProjectModule","junitReport":["/home/jbergqvist/diffblue/paritytrading-parity/applications/reporter/target/surefire-reports"],"jacocoReport":["/home/jbergqvist/diffblue/paritytrading-parity/applications/reporter/target/site/jacoco/jacoco.xml"],"jacocoDestFile":["/home/jbergqvist/diffblue/paritytrading-parity/applications/reporter/target/jacoco.exec"],"jacocoFormats":["xml"],"jacocoSkipped":false,"classpath":["/home/jbergqvist/diffblue/paritytrading-parity/applications/reporter/target/classes","/home/jbergqvist/.m2/repository/com/paritytrading/parity/parity-net/0.7.1-SNAPSHOT/parity-net-0.7.1-SNAPSHOT.jar","/home/jbergqvist/.m2/repository/com/paritytrading/parity/parity-util/0.7.1-SNAPSHOT/parity-util-0.7.1-SNAPSHOT.jar","/home/jbergqvist/.m2/repository/com/paritytrading/foundation/foundation/0.3.0/foundation-0.3.0.jar","/home/jbergqvist/.m2/repository/com/paritytrading/nassau/nassau-core/0.13.0/nassau-core-0.13.0.jar","/home/jbergqvist/.m2/repository/com/paritytrading/nassau/nassau-util/0.13.0/nassau-util-0.13.0.jar","/home/jbergqvist/.m2/repository/com/typesafe/config/1.3.1/config-1.3.1.jar","/home/jbergqvist/.m2/repository/org/jvirtanen/config/config-extras/0.2.0/config-extras-0.2.0.jar","/home/jbergqvist/.m2/repository/org/jvirtanen/util/util-extras/0.2.0/util-extras-0.2.0.jar","/home/jbergqvist/.m2/repository/com/diffblue/cover/cover-annotations/1.9.0/cover-annotations-1.9.0.jar","/home/jbergqvist/.m2/repository/org/junit/jupiter/junit-jupiter-engine/5.13.4/junit-jupiter-engine-5.13.4.jar","/home/jbergqvist/.m2/repository/org/junit/platform/junit-platform-engine/1.13.4/junit-platform-engine-1.13.4.jar","/home/jbergqvist/.m2/repository/org/opentest4j/opentest4j/1.3.0/opentest4j-1.3.0.jar","/home/jbergqvist/.m2/repository/org/junit/platform/junit-platform-commons/1.13.4/junit-platform-commons-1.13.4.jar","/home/jbergqvist/.m2/repository/org/junit/jupiter/junit-jupiter-api/5.13.4/junit-jupiter-api-5.13.4.jar","/home/jbergqvist/.m2/repository/org/apiguardian/apiguardian-api/1.1.2/apiguardian-api-1.1.2.jar","/home/jbergqvist/.m2/repository/org/mockito/mockito-core/4.11.0/mockito-core-4.11.0.jar","/home/jbergqvist/.m2/repository/net/bytebuddy/byte-buddy/1.12.19/byte-buddy-1.12.19.jar","/home/jbergqvist/.m2/repository/net/bytebuddy/byte-buddy-agent/1.12.19/byte-buddy-agent-1.12.19.jar","/home/jbergqvist/.m2/repository/org/objenesis/objenesis/3.3/objenesis-3.3.jar","/home/jbergqvist/.m2/repository/org/mockito/mockito-junit-jupiter/4.11.0/mockito-junit-jupiter-4.11.0.jar"],"complianceLevel":"1.8","productionSources":["/home/jbergqvist/diffblue/paritytrading-parity/applications/reporter/src/main/java"],"testSources":["/home/jbergqvist/diffblue/paritytrading-parity/applications/reporter/src/test/java"],"productionClasses":"/home/jbergqvist/diffblue/paritytrading-parity/applications/reporter/target/classes","testClasses":"/home/jbergqvist/diffblue/paritytrading-parity/applications/reporter/target/test-classes","sourceToBuildPathMap":null,"testSourceToBuildPathMap":null,"buildDirectory":"/home/jbergqvist/diffblue/paritytrading-parity/applications/reporter/target","plugins":[{"__type":"DefaultPlugin","groupId":"org.apache.maven.plugins","artefactId":"maven-enforcer-plugin","version":"1.0","pluginClassName":null},{"__type":"DefaultPlugin","groupId":"org.apache.maven.plugins","artefactId":"maven-checkstyle-plugin","version":"3.1.0","pluginClassName":null},{"__type":"DefaultPlugin","groupId":"org.apache.maven.plugins","artefactId":"maven-compiler-plugin","version":"3.8.0","pluginClassName":null},{"__type":"DefaultPlugin","groupId":"org.apache.maven.plugins","artefactId":"maven-javadoc-plugin","version":"3.0.1","pluginClassName":null},{"__type":"DefaultPlugin","groupId":"org.apache.maven.plugins","artefactId":"maven-release-plugin","version":"2.5.3","pluginClassName":null},{"__type":"DefaultPlugin","groupId":"org.apache.maven.plugins","artefactId":"maven-deploy-plugin","version":"2.8.2","pluginClassName":null},{"__type":"DefaultPlugin","groupId":"org.apache.maven.plugins","artefactId":"maven-shade-plugin","version":"3.2.1","pluginClassName":null},{"__type":"DefaultPlugin","groupId":"org.apache.maven.plugins","artefactId":"maven-clean-plugin","version":"3.2.0","pluginClassName":null},{"__type":"DefaultPlugin","groupId":"org.apache.maven.plugins","artefactId":"maven-resources-plugin","version":"3.3.1","pluginClassName":null},{"__type":"DefaultPlugin","groupId":"org.apache.maven.plugins","artefactId":"maven-jar-plugin","version":"3.4.1","pluginClassName":null},{"__type":"DefaultPlugin","groupId":"org.apache.maven.plugins","artefactId":"maven-surefire-plugin","version":"3.0.0-M5","pluginClassName":null},{"__type":"DefaultPlugin","groupId":"org.apache.maven.plugins","artefactId":"maven-install-plugin","version":"3.1.2","pluginClassName":null},{"__type":"DefaultPlugin","groupId":"org.apache.maven.plugins","artefactId":"maven-site-plugin","version":"3.12.1","pluginClassName":null}],"version":"3.9.12","encoding":"UTF-8","name":"maven","subModules":[],"simpleModuleName":null,"parentModuleName":"com.paritytrading.parity:parity-parent","location":"/home/jbergqvist/diffblue/paritytrading-parity/applications/reporter","fullModuleName":"com.paritytrading.parity:parity-reporter"},{"__type":"DefaultProjectModule","junitReport":["/home/jbergqvist/diffblue/paritytrading-parity/applications/system/target/surefire-reports"],"jacocoReport":["/home/jbergqvist/diffblue/paritytrading-parity/applications/system/target/site/jacoco/jacoco.xml"],"jacocoDestFile":["/home/jbergqvist/diffblue/paritytrading-parity/applications/system/target/jacoco.exec"],"jacocoFormats":["xml"],"jacocoSkipped":false,"classpath":["/home/jbergqvist/diffblue/paritytrading-parity/applications/system/target/classes","/home/jbergqvist/.m2/repository/com/paritytrading/parity/parity-match/0.7.1-SNAPSHOT/parity-match-0.7.1-SNAPSHOT.jar","/home/jbergqvist/.m2/repository/com/paritytrading/parity/parity-net/0.7.1-SNAPSHOT/parity-net-0.7.1-SNAPSHOT.jar","/home/jbergqvist/.m2/repository/com/paritytrading/foundation/foundation/0.3.0/foundation-0.3.0.jar","/home/jbergqvist/.m2/repository/com/paritytrading/nassau/nassau-core/0.13.0/nassau-core-0.13.0.jar","/home/jbergqvist/.m2/repository/com/typesafe/config/1.3.1/config-1.3.1.jar","/home/jbergqvist/.m2/repository/it/unimi/dsi/fastutil/8.1.0/fastutil-8.1.0.jar","/home/jbergqvist/.m2/repository/org/jvirtanen/config/config-extras/0.2.0/config-extras-0.2.0.jar","/home/jbergqvist/.m2/repository/org/jvirtanen/util/util-extras/0.2.0/util-extras-0.2.0.jar","/home/jbergqvist/.m2/repository/com/diffblue/cover/cover-annotations/1.9.0/cover-annotations-1.9.0.jar","/home/jbergqvist/.m2/repository/org/junit/jupiter/junit-jupiter-engine/5.13.4/junit-jupiter-engine-5.13.4.jar","/home/jbergqvist/.m2/repository/org/junit/platform/junit-platform-engine/1.13.4/junit-platform-engine-1.13.4.jar","/home/jbergqvist/.m2/repository/org/opentest4j/opentest4j/1.3.0/opentest4j-1.3.0.jar","/home/jbergqvist/.m2/repository/org/junit/platform/junit-platform-commons/1.13.4/junit-platform-commons-1.13.4.jar","/home/jbergqvist/.m2/repository/org/junit/jupiter/junit-jupiter-api/5.13.4/junit-jupiter-api-5.13.4.jar","/home/jbergqvist/.m2/repository/org/apiguardian/apiguardian-api/1.1.2/apiguardian-api-1.1.2.jar","/home/jbergqvist/.m2/repository/org/mockito/mockito-core/4.11.0/mockito-core-4.11.0.jar","/home/jbergqvist/.m2/repository/net/bytebuddy/byte-buddy/1.12.19/byte-buddy-1.12.19.jar","/home/jbergqvist/.m2/repository/net/bytebuddy/byte-buddy-agent/1.12.19/byte-buddy-agent-1.12.19.jar","/home/jbergqvist/.m2/repository/org/objenesis/objenesis/3.3/objenesis-3.3.jar","/home/jbergqvist/.m2/repository/org/mockito/mockito-junit-jupiter/4.11.0/mockito-junit-jupiter-4.11.0.jar"],"complianceLevel":"1.8","productionSources":["/home/jbergqvist/diffblue/paritytrading-parity/applications/system/src/main/java"],"testSources":["/home/jbergqvist/diffblue/paritytrading-parity/applications/system/src/test/java"],"productionClasses":"/home/jbergqvist/diffblue/paritytrading-parity/applications/system/target/classes","testClasses":"/home/jbergqvist/diffblue/paritytrading-parity/applications/system/target/test-classes","sourceToBuildPathMap":null,"testSourceToBuildPathMap":null,"buildDirectory":"/home/jbergqvist/diffblue/paritytrading-parity/applications/system/target","plugins":[{"__type":"DefaultPlugin","groupId":"org.apache.maven.plugins","artefactId":"maven-enforcer-plugin","version":"1.0","pluginClassName":null},{"__type":"DefaultPlugin","groupId":"org.apache.maven.plugins","artefactId":"maven-checkstyle-plugin","version":"3.1.0","pluginClassName":null},{"__type":"DefaultPlugin","groupId":"org.apache.maven.plugins","artefactId":"maven-compiler-plugin","version":"3.8.0","pluginClassName":null},{"__type":"DefaultPlugin","groupId":"org.apache.maven.plugins","artefactId":"maven-javadoc-plugin","version":"3.0.1","pluginClassName":null},{"__type":"DefaultPlugin","groupId":"org.apache.maven.plugins","artefactId":"maven-release-plugin","version":"2.5.3","pluginClassName":null},{"__type":"DefaultPlugin","groupId":"org.apache.maven.plugins","artefactId":"maven-deploy-plugin","version":"2.8.2","pluginClassName":null},{"__type":"DefaultPlugin","groupId":"org.apache.maven.plugins","artefactId":"maven-shade-plugin","version":"3.2.1","pluginClassName":null},{"__type":"DefaultPlugin","groupId":"org.apache.maven.plugins","artefactId":"maven-clean-plugin","version":"3.2.0","pluginClassName":null},{"__type":"DefaultPlugin","groupId":"org.apache.maven.plugins","artefactId":"maven-resources-plugin","version":"3.3.1","pluginClassName":null},{"__type":"DefaultPlugin","groupId":"org.apache.maven.plugins","artefactId":"maven-jar-plugin","version":"3.4.1","pluginClassName":null},{"__type":"DefaultPlugin","groupId":"org.apache.maven.plugins","artefactId":"maven-surefire-plugin","version":"3.0.0-M5","pluginClassName":null},{"__type":"DefaultPlugin","groupId":"org.apache.maven.plugins","artefactId":"maven-install-plugin","version":"3.1.2","pluginClassName":null},{"__type":"DefaultPlugin","groupId":"org.apache.maven.plugins","artefactId":"maven-site-plugin","version":"3.12.1","pluginClassName":null}],"version":"3.9.12","encoding":"UTF-8","name":"maven","subModules":[],"simpleModuleName":null,"parentModuleName":"com.paritytrading.parity:parity-parent","location":"/home/jbergqvist/diffblue/paritytrading-parity/applications/system","fullModuleName":"com.paritytrading.parity:parity-system"},{"__type":"DefaultProjectModule","junitReport":["/home/jbergqvist/diffblue/paritytrading-parity/applications/ticker/target/surefire-reports"],"jacocoReport":["/home/jbergqvist/diffblue/paritytrading-parity/applications/ticker/target/site/jacoco/jacoco.xml"],"jacocoDestFile":["/home/jbergqvist/diffblue/paritytrading-parity/applications/ticker/target/jacoco.exec"],"jacocoFormats":["xml"],"jacocoSkipped":false,"classpath":["/home/jbergqvist/diffblue/paritytrading-parity/applications/ticker/target/classes","/home/jbergqvist/.m2/repository/com/paritytrading/parity/parity-book/0.7.1-SNAPSHOT/parity-book-0.7.1-SNAPSHOT.jar","/home/jbergqvist/.m2/repository/it/unimi/dsi/fastutil/8.1.0/fastutil-8.1.0.jar","/home/jbergqvist/.m2/repository/com/paritytrading/parity/parity-file/0.7.1-SNAPSHOT/parity-file-0.7.1-SNAPSHOT.jar","/home/jbergqvist/.m2/repository/com/paritytrading/parity/parity-net/0.7.1-SNAPSHOT/parity-net-0.7.1-SNAPSHOT.jar","/home/jbergqvist/.m2/repository/com/paritytrading/parity/parity-util/0.7.1-SNAPSHOT/parity-util-0.7.1-SNAPSHOT.jar","/home/jbergqvist/.m2/repository/com/paritytrading/foundation/foundation/0.3.0/foundation-0.3.0.jar","/home/jbergqvist/.m2/repository/com/paritytrading/nassau/nassau-core/0.13.0/nassau-core-0.13.0.jar","/home/jbergqvist/.m2/repository/com/paritytrading/nassau/nassau-util/0.13.0/nassau-util-0.13.0.jar","/home/jbergqvist/.m2/repository/com/typesafe/config/1.3.1/config-1.3.1.jar","/home/jbergqvist/.m2/repository/org/jvirtanen/config/config-extras/0.2.0/config-extras-0.2.0.jar","/home/jbergqvist/.m2/repository/org/jvirtanen/util/util-extras/0.2.0/util-extras-0.2.0.jar","/home/jbergqvist/.m2/repository/com/diffblue/cover/cover-annotations/1.9.0/cover-annotations-1.9.0.jar","/home/jbergqvist/.m2/repository/org/junit/jupiter/junit-jupiter-engine/5.13.4/junit-jupiter-engine-5.13.4.jar","/home/jbergqvist/.m2/repository/org/junit/platform/junit-platform-engine/1.13.4/junit-platform-engine-1.13.4.jar","/home/jbergqvist/.m2/repository/org/opentest4j/opentest4j/1.3.0/opentest4j-1.3.0.jar","/home/jbergqvist/.m2/repository/org/junit/platform/junit-platform-commons/1.13.4/junit-platform-commons-1.13.4.jar","/home/jbergqvist/.m2/repository/org/junit/jupiter/junit-jupiter-api/5.13.4/junit-jupiter-api-5.13.4.jar","/home/jbergqvist/.m2/repository/org/apiguardian/apiguardian-api/1.1.2/apiguardian-api-1.1.2.jar","/home/jbergqvist/.m2/repository/org/mockito/mockito-core/4.11.0/mockito-core-4.11.0.jar","/home/jbergqvist/.m2/repository/net/bytebuddy/byte-buddy/1.12.19/byte-buddy-1.12.19.jar","/home/jbergqvist/.m2/repository/net/bytebuddy/byte-buddy-agent/1.12.19/byte-buddy-agent-1.12.19.jar","/home/jbergqvist/.m2/repository/org/objenesis/objenesis/3.3/objenesis-3.3.jar","/home/jbergqvist/.m2/repository/org/mockito/mockito-junit-jupiter/4.11.0/mockito-junit-jupiter-4.11.0.jar"],"complianceLevel":"1.8","productionSources":["/home/jbergqvist/diffblue/paritytrading-parity/applications/ticker/src/main/java"],"testSources":["/home/jbergqvist/diffblue/paritytrading-parity/applications/ticker/src/test/java"],"productionClasses":"/home/jbergqvist/diffblue/paritytrading-parity/applications/ticker/target/classes","testClasses":"/home/jbergqvist/diffblue/paritytrading-parity/applications/ticker/target/test-classes","sourceToBuildPathMap":null,"testSourceToBuildPathMap":null,"buildDirectory":"/home/jbergqvist/diffblue/paritytrading-parity/applications/ticker/target","plugins":[{"__type":"DefaultPlugin","groupId":"org.apache.maven.plugins","artefactId":"maven-enforcer-plugin","version":"1.0","pluginClassName":null},{"__type":"DefaultPlugin","groupId":"org.apache.maven.plugins","artefactId":"maven-checkstyle-plugin","version":"3.1.0","pluginClassName":null},{"__type":"DefaultPlugin","groupId":"org.apache.maven.plugins","artefactId":"maven-compiler-plugin","version":"3.8.0","pluginClassName":null},{"__type":"DefaultPlugin","groupId":"org.apache.maven.plugins","artefactId":"maven-javadoc-plugin","version":"3.0.1","pluginClassName":null},{"__type":"DefaultPlugin","groupId":"org.apache.maven.plugins","artefactId":"maven-release-plugin","version":"2.5.3","pluginClassName":null},{"__type":"DefaultPlugin","groupId":"org.apache.maven.plugins","artefactId":"maven-deploy-plugin","version":"2.8.2","pluginClassName":null},{"__type":"DefaultPlugin","groupId":"org.apache.maven.plugins","artefactId":"maven-shade-plugin","version":"3.2.1","pluginClassName":null},{"__type":"DefaultPlugin","groupId":"org.apache.maven.plugins","artefactId":"maven-clean-plugin","version":"3.2.0","pluginClassName":null},{"__type":"DefaultPlugin","groupId":"org.apache.maven.plugins","artefactId":"maven-resources-plugin","version":"3.3.1","pluginClassName":null},{"__type":"DefaultPlugin","groupId":"org.apache.maven.plugins","artefactId":"maven-jar-plugin","version":"3.4.1","pluginClassName":null},{"__type":"DefaultPlugin","groupId":"org.apache.maven.plugins","artefactId":"maven-surefire-plugin","version":"3.0.0-M5","pluginClassName":null},{"__type":"DefaultPlugin","groupId":"org.apache.maven.plugins","artefactId":"maven-install-plugin","version":"3.1.2","pluginClassName":null},{"__type":"DefaultPlugin","groupId":"org.apache.maven.plugins","artefactId":"maven-site-plugin","version":"3.12.1","pluginClassName":null}],"version":"3.9.12","encoding":"UTF-8","name":"maven","subModules":[],"simpleModuleName":null,"parentModuleName":"com.paritytrading.parity:parity-parent","location":"/home/jbergqvist/diffblue/paritytrading-parity/applications/ticker","fullModuleName":"com.paritytrading.parity:parity-ticker"},{"__type":"DefaultProjectModule","junitReport":["/home/jbergqvist/diffblue/paritytrading-parity/tests/book-perf-test/target/surefire-reports"],"jacocoReport":["/home/jbergqvist/diffblue/paritytrading-parity/tests/book-perf-test/target/site/jacoco/jacoco.xml"],"jacocoDestFile":["/home/jbergqvist/diffblue/paritytrading-parity/tests/book-perf-test/target/jacoco.exec"],"jacocoFormats":["xml"],"jacocoSkipped":false,"classpath":["/home/jbergqvist/diffblue/paritytrading-parity/tests/book-perf-test/target/classes","/home/jbergqvist/.m2/repository/com/paritytrading/parity/parity-book/0.7.1-SNAPSHOT/parity-book-0.7.1-SNAPSHOT.jar","/home/jbergqvist/.m2/repository/it/unimi/dsi/fastutil/8.1.0/fastutil-8.1.0.jar","/home/jbergqvist/.m2/repository/org/openjdk/jmh/jmh-core/1.19/jmh-core-1.19.jar","/home/jbergqvist/.m2/repository/net/sf/jopt-simple/jopt-simple/4.6/jopt-simple-4.6.jar","/home/jbergqvist/.m2/repository/org/apache/commons/commons-math3/3.2/commons-math3-3.2.jar","/home/jbergqvist/.m2/repository/com/diffblue/cover/cover-annotations/1.9.0/cover-annotations-1.9.0.jar","/home/jbergqvist/.m2/repository/org/openjdk/jmh/jmh-generator-annprocess/1.19/jmh-generator-annprocess-1.19.jar","/home/jbergqvist/.m2/repository/org/junit/jupiter/junit-jupiter-engine/5.13.4/junit-jupiter-engine-5.13.4.jar","/home/jbergqvist/.m2/repository/org/junit/platform/junit-platform-engine/1.13.4/junit-platform-engine-1.13.4.jar","/home/jbergqvist/.m2/repository/org/opentest4j/opentest4j/1.3.0/opentest4j-1.3.0.jar","/home/jbergqvist/.m2/repository/org/junit/platform/junit-platform-commons/1.13.4/junit-platform-commons-1.13.4.jar","/home/jbergqvist/.m2/repository/org/junit/jupiter/junit-jupiter-api/5.13.4/junit-jupiter-api-5.13.4.jar","/home/jbergqvist/.m2/repository/org/apiguardian/apiguardian-api/1.1.2/apiguardian-api-1.1.2.jar","/home/jbergqvist/.m2/repository/org/mockito/mockito-core/4.11.0/mockito-core-4.11.0.jar","/home/jbergqvist/.m2/repository/net/bytebuddy/byte-buddy/1.12.19/byte-buddy-1.12.19.jar","/home/jbergqvist/.m2/repository/net/bytebuddy/byte-buddy-agent/1.12.19/byte-buddy-agent-1.12.19.jar","/home/jbergqvist/.m2/repository/org/objenesis/objenesis/3.3/objenesis-3.3.jar","/home/jbergqvist/.m2/repository/org/mockito/mockito-junit-jupiter/4.11.0/mockito-junit-jupiter-4.11.0.jar"],"complianceLevel":"1.8","productionSources":["/home/jbergqvist/diffblue/paritytrading-parity/tests/book-perf-test/src/main/java"],"testSources":["/home/jbergqvist/diffblue/paritytrading-parity/tests/book-perf-test/src/test/java"],"productionClasses":"/home/jbergqvist/diffblue/paritytrading-parity/tests/book-perf-test/target/classes","testClasses":"/home/jbergqvist/diffblue/paritytrading-parity/tests/book-perf-test/target/test-classes","sourceToBuildPathMap":null,"testSourceToBuildPathMap":null,"buildDirectory":"/home/jbergqvist/diffblue/paritytrading-parity/tests/book-perf-test/target","plugins":[{"__type":"DefaultPlugin","groupId":"org.apache.maven.plugins","artefactId":"maven-enforcer-plugin","version":"1.0","pluginClassName":null},{"__type":"DefaultPlugin","groupId":"org.apache.maven.plugins","artefactId":"maven-checkstyle-plugin","version":"3.1.0","pluginClassName":null},{"__type":"DefaultPlugin","groupId":"org.apache.maven.plugins","artefactId":"maven-compiler-plugin","version":"3.8.0","pluginClassName":null},{"__type":"DefaultPlugin","groupId":"org.apache.maven.plugins","artefactId":"maven-javadoc-plugin","version":"3.0.1","pluginClassName":null},{"__type":"DefaultPlugin","groupId":"org.apache.maven.plugins","artefactId":"maven-release-plugin","version":"2.5.3","pluginClassName":null},{"__type":"DefaultPlugin","groupId":"org.apache.maven.plugins","artefactId":"maven-deploy-plugin","version":"2.8.2","pluginClassName":null},{"__type":"DefaultPlugin","groupId":"org.apache.maven.plugins","artefactId":"maven-shade-plugin","version":"3.2.1","pluginClassName":null},{"__type":"DefaultPlugin","groupId":"org.apache.maven.plugins","artefactId":"maven-clean-plugin","version":"3.2.0","pluginClassName":null},{"__type":"DefaultPlugin","groupId":"org.apache.maven.plugins","artefactId":"maven-resources-plugin","version":"3.3.1","pluginClassName":null},{"__type":"DefaultPlugin","groupId":"org.apache.maven.plugins","artefactId":"maven-jar-plugin","version":"3.4.1","pluginClassName":null},{"__type":"DefaultPlugin","groupId":"org.apache.maven.plugins","artefactId":"maven-surefire-plugin","version":"3.0.0-M5","pluginClassName":null},{"__type":"DefaultPlugin","groupId":"org.apache.maven.plugins","artefactId":"maven-install-plugin","version":"3.1.2","pluginClassName":null},{"__type":"DefaultPlugin","groupId":"org.apache.maven.plugins","artefactId":"maven-site-plugin","version":"3.12.1","pluginClassName":null}],"version":"3.9.12","encoding":"UTF-8","name":"maven","subModules":[],"simpleModuleName":null,"parentModuleName":"com.paritytrading.parity:parity-parent","location":"/home/jbergqvist/diffblue/paritytrading-parity/tests/book-perf-test","fullModuleName":"com.paritytrading.parity:parity-book-perf-test"},{"__type":"DefaultProjectModule","junitReport":["/home/jbergqvist/diffblue/paritytrading-parity/tests/match-perf-test/target/surefire-reports"],"jacocoReport":["/home/jbergqvist/diffblue/paritytrading-parity/tests/match-perf-test/target/site/jacoco/jacoco.xml"],"jacocoDestFile":["/home/jbergqvist/diffblue/paritytrading-parity/tests/match-perf-test/target/jacoco.exec"],"jacocoFormats":["xml"],"jacocoSkipped":false,"classpath":["/home/jbergqvist/diffblue/paritytrading-parity/tests/match-perf-test/target/classes","/home/jbergqvist/.m2/repository/com/paritytrading/parity/parity-match/0.7.1-SNAPSHOT/parity-match-0.7.1-SNAPSHOT.jar","/home/jbergqvist/.m2/repository/it/unimi/dsi/fastutil/8.1.0/fastutil-8.1.0.jar","/home/jbergqvist/.m2/repository/org/openjdk/jmh/jmh-core/1.19/jmh-core-1.19.jar","/home/jbergqvist/.m2/repository/net/sf/jopt-simple/jopt-simple/4.6/jopt-simple-4.6.jar","/home/jbergqvist/.m2/repository/org/apache/commons/commons-math3/3.2/commons-math3-3.2.jar","/home/jbergqvist/.m2/repository/com/diffblue/cover/cover-annotations/1.9.0/cover-annotations-1.9.0.jar","/home/jbergqvist/.m2/repository/org/openjdk/jmh/jmh-generator-annprocess/1.19/jmh-generator-annprocess-1.19.jar","/home/jbergqvist/.m2/repository/org/junit/jupiter/junit-jupiter-engine/5.13.4/junit-jupiter-engine-5.13.4.jar","/home/jbergqvist/.m2/repository/org/junit/platform/junit-platform-engine/1.13.4/junit-platform-engine-1.13.4.jar","/home/jbergqvist/.m2/repository/org/opentest4j/opentest4j/1.3.0/opentest4j-1.3.0.jar","/home/jbergqvist/.m2/repository/org/junit/platform/junit-platform-commons/1.13.4/junit-platform-commons-1.13.4.jar","/home/jbergqvist/.m2/repository/org/junit/jupiter/junit-jupiter-api/5.13.4/junit-jupiter-api-5.13.4.jar","/home/jbergqvist/.m2/repository/org/apiguardian/apiguardian-api/1.1.2/apiguardian-api-1.1.2.jar","/home/jbergqvist/.m2/repository/org/mockito/mockito-core/4.11.0/mockito-core-4.11.0.jar","/home/jbergqvist/.m2/repository/net/bytebuddy/byte-buddy/1.12.19/byte-buddy-1.12.19.jar","/home/jbergqvist/.m2/repository/net/bytebuddy/byte-buddy-agent/1.12.19/byte-buddy-agent-1.12.19.jar","/home/jbergqvist/.m2/repository/org/objenesis/objenesis/3.3/objenesis-3.3.jar","/home/jbergqvist/.m2/repository/org/mockito/mockito-junit-jupiter/4.11.0/mockito-junit-jupiter-4.11.0.jar"],"complianceLevel":"1.8","productionSources":["/home/jbergqvist/diffblue/paritytrading-parity/tests/match-perf-test/src/main/java"],"testSources":["/home/jbergqvist/diffblue/paritytrading-parity/tests/match-perf-test/src/test/java"],"productionClasses":"/home/jbergqvist/diffblue/paritytrading-parity/tests/match-perf-test/target/classes","testClasses":"/home/jbergqvist/diffblue/paritytrading-parity/tests/match-perf-test/target/test-classes","sourceToBuildPathMap":null,"testSourceToBuildPathMap":null,"buildDirectory":"/home/jbergqvist/diffblue/paritytrading-parity/tests/match-perf-test/target","plugins":[{"__type":"DefaultPlugin","groupId":"org.apache.maven.plugins","artefactId":"maven-enforcer-plugin","version":"1.0","pluginClassName":null},{"__type":"DefaultPlugin","groupId":"org.apache.maven.plugins","artefactId":"maven-checkstyle-plugin","version":"3.1.0","pluginClassName":null},{"__type":"DefaultPlugin","groupId":"org.apache.maven.plugins","artefactId":"maven-compiler-plugin","version":"3.8.0","pluginClassName":null},{"__type":"DefaultPlugin","groupId":"org.apache.maven.plugins","artefactId":"maven-javadoc-plugin","version":"3.0.1","pluginClassName":null},{"__type":"DefaultPlugin","groupId":"org.apache.maven.plugins","artefactId":"maven-release-plugin","version":"2.5.3","pluginClassName":null},{"__type":"DefaultPlugin","groupId":"org.apache.maven.plugins","artefactId":"maven-deploy-plugin","version":"2.8.2","pluginClassName":null},{"__type":"DefaultPlugin","groupId":"org.apache.maven.plugins","artefactId":"maven-shade-plugin","version":"3.2.1","pluginClassName":null},{"__type":"DefaultPlugin","groupId":"org.apache.maven.plugins","artefactId":"maven-clean-plugin","version":"3.2.0","pluginClassName":null},{"__type":"DefaultPlugin","groupId":"org.apache.maven.plugins","artefactId":"maven-resources-plugin","version":"3.3.1","pluginClassName":null},{"__type":"DefaultPlugin","groupId":"org.apache.maven.plugins","artefactId":"maven-jar-plugin","version":"3.4.1","pluginClassName":null},{"__type":"DefaultPlugin","groupId":"org.apache.maven.plugins","artefactId":"maven-surefire-plugin","version":"3.0.0-M5","pluginClassName":null},{"__type":"DefaultPlugin","groupId":"org.apache.maven.plugins","artefactId":"maven-install-plugin","version":"3.1.2","pluginClassName":null},{"__type":"DefaultPlugin","groupId":"org.apache.maven.plugins","artefactId":"maven-site-plugin","version":"3.12.1","pluginClassName":null}],"version":"3.9.12","encoding":"UTF-8","name":"maven","subModules":[],"simpleModuleName":null,"parentModuleName":"com.paritytrading.parity:parity-parent","location":"/home/jbergqvist/diffblue/paritytrading-parity/tests/match-perf-test","fullModuleName":"com.paritytrading.parity:parity-match-perf-test"}],"simpleModuleName":null,"parentModuleName":"org.sonatype.oss:oss-parent","location":"/home/jbergqvist/diffblue/paritytrading-parity","fullModuleName":"com.paritytrading.parity:parity-parent"}}
10:39:21.225 [INFO]   [Checking]    deserializing line [DIFFBLUE]{"__type":"com.diffblue.cover.buildsystem.model.ProjectInfoMessage","projectName":"com.paritytrading.parity:parity-parent","productionSources":["/home/jbergqvist/diffblue/paritytrading-parity/src/main/java"],"testSources":["/home/jbergqvist/diffblue/paritytrading-parity/src/test/java"],"location":"/home/jbergqvist/diffblue/paritytrading-parity"}
10:39:21.226 [INFO]   [Checking]    deserializing line [DIFFBLUE]{"__type":"com.diffblue.cover.buildsystem.model.ProjectInfoMessage","projectName":"com.paritytrading.parity:parity-book","productionSources":["/home/jbergqvist/diffblue/paritytrading-parity/libraries/book/src/main/java"],"testSources":["/home/jbergqvist/diffblue/paritytrading-parity/libraries/book/src/test/java"],"location":"/home/jbergqvist/diffblue/paritytrading-parity/libraries/book"}
10:39:21.227 [INFO]   [Checking]    deserializing line [DIFFBLUE]{"__type":"com.diffblue.cover.buildsystem.model.ProjectInfoMessage","projectName":"com.paritytrading.parity:parity-file","productionSources":["/home/jbergqvist/diffblue/paritytrading-parity/libraries/file/src/main/java"],"testSources":["/home/jbergqvist/diffblue/paritytrading-parity/libraries/file/src/test/java"],"location":"/home/jbergqvist/diffblue/paritytrading-parity/libraries/file"}
10:39:21.227 [INFO]   [Checking]    deserializing line [DIFFBLUE]{"__type":"com.diffblue.cover.buildsystem.model.ProjectInfoMessage","projectName":"com.paritytrading.parity:parity-match","productionSources":["/home/jbergqvist/diffblue/paritytrading-parity/libraries/match/src/main/java"],"testSources":["/home/jbergqvist/diffblue/paritytrading-parity/libraries/match/src/test/java"],"location":"/home/jbergqvist/diffblue/paritytrading-parity/libraries/match"}
10:39:21.228 [INFO]   [Checking]    deserializing line [DIFFBLUE]{"__type":"com.diffblue.cover.buildsystem.model.ProjectInfoMessage","projectName":"com.paritytrading.parity:parity-net","productionSources":["/home/jbergqvist/diffblue/paritytrading-parity/libraries/net/src/main/java"],"testSources":["/home/jbergqvist/diffblue/paritytrading-parity/libraries/net/src/test/java"],"location":"/home/jbergqvist/diffblue/paritytrading-parity/libraries/net"}
10:39:21.229 [INFO]   [Checking]    deserializing line [DIFFBLUE]{"__type":"com.diffblue.cover.buildsystem.model.ProjectInfoMessage","projectName":"com.paritytrading.parity:parity-util","productionSources":["/home/jbergqvist/diffblue/paritytrading-parity/libraries/util/src/main/java"],"testSources":["/home/jbergqvist/diffblue/paritytrading-parity/libraries/util/src/test/java"],"location":"/home/jbergqvist/diffblue/paritytrading-parity/libraries/util"}
10:39:21.229 [INFO]   [Checking]    deserializing line [DIFFBLUE]{"__type":"com.diffblue.cover.buildsystem.model.ProjectInfoMessage","projectName":"com.paritytrading.parity:parity-client","productionSources":["/home/jbergqvist/diffblue/paritytrading-parity/applications/client/src/main/java"],"testSources":["/home/jbergqvist/diffblue/paritytrading-parity/applications/client/src/test/java"],"location":"/home/jbergqvist/diffblue/paritytrading-parity/applications/client"}
10:39:21.230 [INFO]   [Checking]    deserializing line [DIFFBLUE]{"__type":"com.diffblue.cover.buildsystem.model.ProjectInfoMessage","projectName":"com.paritytrading.parity:parity-fix","productionSources":["/home/jbergqvist/diffblue/paritytrading-parity/applications/fix/src/main/java"],"testSources":["/home/jbergqvist/diffblue/paritytrading-parity/applications/fix/src/test/java"],"location":"/home/jbergqvist/diffblue/paritytrading-parity/applications/fix"}
10:39:21.231 [INFO]   [Checking]    deserializing line [DIFFBLUE]{"__type":"com.diffblue.cover.buildsystem.model.ProjectInfoMessage","projectName":"com.paritytrading.parity:parity-reporter","productionSources":["/home/jbergqvist/diffblue/paritytrading-parity/applications/reporter/src/main/java"],"testSources":["/home/jbergqvist/diffblue/paritytrading-parity/applications/reporter/src/test/java"],"location":"/home/jbergqvist/diffblue/paritytrading-parity/applications/reporter"}
10:39:21.231 [INFO]   [Checking]    deserializing line [DIFFBLUE]{"__type":"com.diffblue.cover.buildsystem.model.ProjectInfoMessage","projectName":"com.paritytrading.parity:parity-system","productionSources":["/home/jbergqvist/diffblue/paritytrading-parity/applications/system/src/main/java"],"testSources":["/home/jbergqvist/diffblue/paritytrading-parity/applications/system/src/test/java"],"location":"/home/jbergqvist/diffblue/paritytrading-parity/applications/system"}
10:39:21.232 [INFO]   [Checking]    deserializing line [DIFFBLUE]{"__type":"com.diffblue.cover.buildsystem.model.ProjectInfoMessage","projectName":"com.paritytrading.parity:parity-ticker","productionSources":["/home/jbergqvist/diffblue/paritytrading-parity/applications/ticker/src/main/java"],"testSources":["/home/jbergqvist/diffblue/paritytrading-parity/applications/ticker/src/test/java"],"location":"/home/jbergqvist/diffblue/paritytrading-parity/applications/ticker"}
10:39:21.232 [INFO]   [Checking]    deserializing line [DIFFBLUE]{"__type":"com.diffblue.cover.buildsystem.model.ProjectInfoMessage","projectName":"com.paritytrading.parity:parity-book-perf-test","productionSources":["/home/jbergqvist/diffblue/paritytrading-parity/tests/book-perf-test/src/main/java"],"testSources":["/home/jbergqvist/diffblue/paritytrading-parity/tests/book-perf-test/src/test/java"],"location":"/home/jbergqvist/diffblue/paritytrading-parity/tests/book-perf-test"}
10:39:21.233 [INFO]   [Checking]    deserializing line [DIFFBLUE]{"__type":"com.diffblue.cover.buildsystem.model.ProjectInfoMessage","projectName":"com.paritytrading.parity:parity-match-perf-test","productionSources":["/home/jbergqvist/diffblue/paritytrading-parity/tests/match-perf-test/src/main/java"],"testSources":["/home/jbergqvist/diffblue/paritytrading-parity/tests/match-perf-test/src/test/java"],"location":"/home/jbergqvist/diffblue/paritytrading-parity/tests/match-perf-test"}
10:39:21.234 [INFO]   [Checking]    Found 1 ProjectModuleMessages (ignoring buildSrc projects)
10:39:21.234 [INFO]   [Checking]    Found module com.paritytrading.parity:parity-parent in the working directory /home/jbergqvist/diffblue/paritytrading-parity
10:39:21.234 [INFO]   [Checking]    deserialized project module is present? true
10:39:21.250 [INFO]   [Checking]    Operating System: Linux amd64 6.8.0-90-generic
10:39:21.250 [INFO]   [Checking]    Default charset: UTF-8
10:39:21.250 [INFO]   [Checking]    Default locale: en_GB
10:39:21.250 [INFO]   [Checking]    Default time zone: Europe/London
10:39:21.258 [INFO]   [Checking]    Selected modules:
10:39:21.258 [INFO]   [Checking]    - com.paritytrading.parity:parity-file
10:39:21.258 [INFO]   [Checking]    
10:39:21.262 [INFO]   [Checking]    
10:39:21.262 [INFO]   [Checking]    [1/1] Creating tests for module: com.paritytrading.parity:parity-file
10:39:21.262 [INFO]   [Checking]    =====================================================================
10:39:21.262 [INFO]   [Checking]    
10:39:21.262 [INFO]   [Checking]    Detecting environment:
10:39:21.262 [INFO]   [Checking]    ----------------------
10:39:21.321 [INFO]   [Checking]    Detected Java version 1.8.0_472
10:39:21.333 [INFO]   [Checking]    Maven Using ${maven.home} of: /home/jbergqvist/.sdkman/candidates/maven/current.
10:39:21.333 [INFO]   [Checking]    Maven Executing: /bin/sh -c cd /home/jbergqvist/diffblue/paritytrading-parity && /home/jbergqvist/.sdkman/candidates/maven/3.9.12/bin/mvn -B -version
10:39:21.489 [INFO]   [Checking]    Standard output of build tool (Maven)
10:39:21.490 [INFO]   [Checking]    > Apache Maven 3.9.12 (848fbb4bf2d427b72bdb2471c22fced7ebd9a7a1)
10:39:21.490 [INFO]   [Checking]    > Maven home: /home/jbergqvist/.sdkman/candidates/maven/3.9.12
10:39:21.490 [INFO]   [Checking]    > Java version: 1.8.0_472, vendor: Amazon.com Inc., runtime: /home/jbergqvist/.sdkman/candidates/java/8.0.472-amzn/jre
10:39:21.490 [INFO]   [Checking]    > Default locale: en_GB, platform encoding: UTF-8
10:39:21.490 [INFO]   [Checking]    > OS name: "linux", version: "6.8.0-90-generic", arch: "amd64", family: "unix"
10:39:21.490 [INFO]   [Checking]    Detected build system: Maven 3.9.12
10:39:21.498 [INFO]   [Checking]    Operating System: Linux amd64 6.8.0-90-generic
10:39:21.498 [INFO]   [Checking]    Default charset: UTF-8
10:39:21.498 [INFO]   [Checking]    Default locale: en_GB
10:39:21.498 [INFO]   [Checking]    Default time zone: Europe/London
10:39:21.500 [INFO]   [Checking]    Selected build system: Maven
10:39:21.506 [INFO]   [Checking]    Selected classpath from build system maven
10:39:21.508 [INFO]   [Checking]    Expanded classpath: 
/home/jbergqvist/diffblue/paritytrading-parity/libraries/file/target/test-classes (test build path)
/home/jbergqvist/diffblue/paritytrading-parity/libraries/file/target/classes (code under test)
/home/jbergqvist/.m2/repository/org/junit/jupiter/junit-jupiter/5.7.0/junit-jupiter-5.7.0.jar
/home/jbergqvist/.m2/repository/org/junit/jupiter/junit-jupiter-api/5.7.0/junit-jupiter-api-5.7.0.jar
/home/jbergqvist/.m2/repository/org/apiguardian/apiguardian-api/1.1.0/apiguardian-api-1.1.0.jar
/home/jbergqvist/.m2/repository/org/opentest4j/opentest4j/1.2.0/opentest4j-1.2.0.jar
/home/jbergqvist/.m2/repository/org/junit/platform/junit-platform-commons/1.7.0/junit-platform-commons-1.7.0.jar
/home/jbergqvist/.m2/repository/org/junit/jupiter/junit-jupiter-params/5.7.0/junit-jupiter-params-5.7.0.jar
/home/jbergqvist/.m2/repository/org/junit/jupiter/junit-jupiter-engine/5.7.0/junit-jupiter-engine-5.7.0.jar
/home/jbergqvist/.m2/repository/org/junit/platform/junit-platform-engine/1.7.0/junit-platform-engine-1.7.0.jar
/home/jbergqvist/.m2/repository/com/diffblue/cover/cover-annotations/1.9.0/cover-annotations-1.9.0.jar
/home/jbergqvist/.m2/repository/org/mockito/mockito-core/4.11.0/mockito-core-4.11.0.jar
/home/jbergqvist/.m2/repository/net/bytebuddy/byte-buddy/1.12.19/byte-buddy-1.12.19.jar
/home/jbergqvist/.m2/repository/net/bytebuddy/byte-buddy-agent/1.12.19/byte-buddy-agent-1.12.19.jar
/home/jbergqvist/.m2/repository/org/objenesis/objenesis/3.3/objenesis-3.3.jar
/home/jbergqvist/.m2/repository/org/mockito/mockito-junit-jupiter/4.11.0/mockito-junit-jupiter-4.11.0.jar
10:39:21.520 [INFO]   [Checking]    Detected test framework: JUnit Jupiter API 5.7.0
10:39:21.522 [INFO]   [Checking]    Detected JUnit Jupiter Engine version 5.7.0
10:39:21.525 [INFO]   [Checking]    Detected JUnit Jupiter Params version 5.7.0
10:39:21.539 [INFO]   [Checking]    Detected Mockito Core version 4.11.0
10:39:21.621 [INFO]   [Checking]    Indexing...
10:39:21.880 [INFO]   [Checking]    Selected test output directory: /home/jbergqvist/diffblue/paritytrading-parity/libraries/file/src/test/java
10:39:21.891 [INFO]   [Checking]    Using default build rules as no custom rules found in any of [/home/jbergqvist/diffblue/paritytrading-parity/libraries/file, /home/jbergqvist/diffblue/paritytrading-parity]
10:39:21.893 [INFO]   [Checking]    Attempting to invoke mvnw in working directory: /home/jbergqvist/diffblue/paritytrading-parity
10:39:21.894 [INFO]   [Checking]    Attempting to invoke /home/jbergqvist/.sdkman/candidates/maven/current/bin/mvn in working directory: /home/jbergqvist/diffblue/paritytrading-parity
10:39:21.894 [INFO]   [Checking]    Started "/home/jbergqvist/.sdkman/candidates/maven/current/bin/mvn -Dmaven.ext.class.path=/opt/cover/cover-buildsystem-maven-spy-jar-with-dependencies.jar -Dcom.diffblue.cover.skipTests=true -DskipTestOptimizer --batch-mode --projects=com.paritytrading.parity:parity-file --global-settings=/home/jbergqvist/.sdkman/candidates/maven/current/conf/settings.xml -Dcheckstyle.skip=true test -DfailIfNoTests=false -Dsurefire.failIfNoSpecifiedTests=false -Dmaven.test.failure.ignore=True -Dtest=DummyJupiterDiffblueTest"
10:39:22.707 [INFO]   [Checking]    out: [INFO] Scanning for projects...
10:39:22.811 [INFO]   [Checking]    out: [INFO] 
10:39:22.812 [INFO]   [Checking]    out: [INFO] ----------------< com.paritytrading.parity:parity-file >----------------
10:39:22.812 [INFO]   [Checking]    out: [INFO] Building Parity File Formats 0.7.1-SNAPSHOT
10:39:22.812 [INFO]   [Checking]    out: [INFO]   from pom.xml
10:39:22.812 [INFO]   [Checking]    out: [INFO] --------------------------------[ jar ]---------------------------------
10:39:23.077 [INFO]   [Checking]    deserializing line [DIFFBLUE]{"__type":"com.diffblue.cover.buildsystem.model.DefaultEventMessage","project":"com.paritytrading.parity:parity-file","goal":"enforce","cause":null,"state":"STARTED"}
10:39:23.080 [INFO]   [Checking]    out: [INFO] 
10:39:23.080 [INFO]   [Checking]    out: [INFO] --- enforcer:1.0:enforce (enforce-maven) @ parity-file ---
10:39:23.202 [INFO]   [Checking]    deserializing line [DIFFBLUE]{"__type":"com.diffblue.cover.buildsystem.model.DefaultEventMessage","project":"com.paritytrading.parity:parity-file","goal":"enforce","cause":null,"state":"SUCCESS"}
10:39:23.204 [INFO]   [Checking]    deserializing line [DIFFBLUE]{"__type":"com.diffblue.cover.buildsystem.model.DefaultEventMessage","project":"com.paritytrading.parity:parity-file","goal":"resources","cause":null,"state":"STARTED"}
10:39:23.205 [INFO]   [Checking]    out: [INFO] 
10:39:23.205 [INFO]   [Checking]    out: [INFO] --- resources:3.3.1:resources (default-resources) @ parity-file ---
10:39:23.248 [INFO]   [Checking]    out: [INFO] skip non existing resourceDirectory /home/jbergqvist/diffblue/paritytrading-parity/libraries/file/src/main/resources
10:39:23.250 [INFO]   [Checking]    deserializing line [DIFFBLUE]{"__type":"com.diffblue.cover.buildsystem.model.DefaultEventMessage","project":"com.paritytrading.parity:parity-file","goal":"resources","cause":null,"state":"SUCCESS"}
10:39:23.251 [INFO]   [Checking]    deserializing line [DIFFBLUE]{"__type":"com.diffblue.cover.buildsystem.model.DefaultEventMessage","project":"com.paritytrading.parity:parity-file","goal":"compile","cause":null,"state":"STARTED"}
10:39:23.252 [INFO]   [Checking]    out: [INFO] 
10:39:23.252 [INFO]   [Checking]    out: [INFO] --- compiler:3.8.0:compile (default-compile) @ parity-file ---
10:39:23.375 [INFO]   [Checking]    out: [INFO] Changes detected - recompiling the module!
10:39:23.378 [INFO]   [Checking]    out: [INFO] Compiling 4 source files to /home/jbergqvist/diffblue/paritytrading-parity/libraries/file/target/classes
10:39:23.632 [INFO]   [Checking]    deserializing line [DIFFBLUE]{"__type":"com.diffblue.cover.buildsystem.model.DefaultEventMessage","project":"com.paritytrading.parity:parity-file","goal":"compile","cause":null,"state":"SUCCESS"}
10:39:23.634 [INFO]   [Checking]    deserializing line [DIFFBLUE]{"__type":"com.diffblue.cover.buildsystem.model.DefaultEventMessage","project":"com.paritytrading.parity:parity-file","goal":"testResources","cause":null,"state":"STARTED"}
10:39:23.635 [INFO]   [Checking]    out: [INFO] 
10:39:23.635 [INFO]   [Checking]    out: [INFO] --- resources:3.3.1:testResources (default-testResources) @ parity-file ---
10:39:23.636 [INFO]   [Checking]    out: [INFO] skip non existing resourceDirectory /home/jbergqvist/diffblue/paritytrading-parity/libraries/file/src/test/resources
10:39:23.637 [INFO]   [Checking]    deserializing line [DIFFBLUE]{"__type":"com.diffblue.cover.buildsystem.model.DefaultEventMessage","project":"com.paritytrading.parity:parity-file","goal":"testResources","cause":null,"state":"SUCCESS"}
10:39:23.638 [INFO]   [Checking]    deserializing line [DIFFBLUE]{"__type":"com.diffblue.cover.buildsystem.model.DefaultEventMessage","project":"com.paritytrading.parity:parity-file","goal":"testCompile","cause":null,"state":"STARTED"}
10:39:23.639 [INFO]   [Checking]    out: [INFO] 
10:39:23.639 [INFO]   [Checking]    out: [INFO] --- compiler:3.8.0:testCompile (default-testCompile) @ parity-file ---
10:39:23.642 [INFO]   [Checking]    out: [INFO] Changes detected - recompiling the module!
10:39:23.642 [INFO]   [Checking]    out: [INFO] Compiling 6 source files to /home/jbergqvist/diffblue/paritytrading-parity/libraries/file/target/test-classes
10:39:23.742 [INFO]   [Checking]    out: [INFO] /home/jbergqvist/diffblue/paritytrading-parity/libraries/file/src/test/java/com/paritytrading/parity/file/taq/TAQConfigDiffblueTest.java: /home/jbergqvist/diffblue/paritytrading-parity/libraries/file/src/test/java/com/paritytrading/parity/file/taq/TAQConfigDiffblueTest.java uses unchecked or unsafe operations.
10:39:23.742 [INFO]   [Checking]    out: [INFO] /home/jbergqvist/diffblue/paritytrading-parity/libraries/file/src/test/java/com/paritytrading/parity/file/taq/TAQConfigDiffblueTest.java: Recompile with -Xlint:unchecked for details.
10:39:23.744 [INFO]   [Checking]    deserializing line [DIFFBLUE]{"__type":"com.diffblue.cover.buildsystem.model.DefaultEventMessage","project":"com.paritytrading.parity:parity-file","goal":"testCompile","cause":null,"state":"SUCCESS"}
10:39:23.745 [INFO]   [Checking]    deserializing line [DIFFBLUE]{"__type":"com.diffblue.cover.buildsystem.model.DefaultEventMessage","project":"com.paritytrading.parity:parity-file","goal":"test","cause":null,"state":"STARTED"}
10:39:23.746 [INFO]   [Checking]    out: [INFO] 
10:39:23.746 [INFO]   [Checking]    out: [INFO] --- surefire:3.0.0-M5:test (default-test) @ parity-file ---
10:39:23.997 [INFO]   [Checking]    out: [INFO] 
10:39:23.997 [INFO]   [Checking]    out: [INFO] -------------------------------------------------------
10:39:23.997 [INFO]   [Checking]    out: [INFO]  T E S T S
10:39:23.997 [INFO]   [Checking]    out: [INFO] -------------------------------------------------------
10:39:24.295 [INFO]   [Checking]    out: [INFO] Running DummyJupiterDiffblueTest
10:39:24.322 [INFO]   [Checking]    out: [INFO] Tests run: 1, Failures: 0, Errors: 0, Skipped: 0, Time elapsed: 0.022 s - in DummyJupiterDiffblueTest
10:39:24.339 [INFO]   [Checking]    out: [INFO] 
10:39:24.340 [INFO]   [Checking]    out: [INFO] Results:
10:39:24.340 [INFO]   [Checking]    out: [INFO] 
10:39:24.340 [INFO]   [Checking]    out: [INFO] Tests run: 1, Failures: 0, Errors: 0, Skipped: 0
10:39:24.340 [INFO]   [Checking]    out: [INFO] 
10:39:24.343 [INFO]   [Checking]    deserializing line [DIFFBLUE]{"__type":"com.diffblue.cover.buildsystem.model.DefaultEventMessage","project":"com.paritytrading.parity:parity-file","goal":"test","cause":null,"state":"SUCCESS"}
10:39:24.368 [INFO]   [Checking]    deserializing line [DIFFBLUE]{"__type":"com.diffblue.cover.buildsystem.model.DefaultProjectModuleMessage","project":{"__type":"DefaultProjectModule","junitReport":["/home/jbergqvist/diffblue/paritytrading-parity/libraries/file/target/surefire-reports"],"jacocoReport":["/home/jbergqvist/diffblue/paritytrading-parity/libraries/file/target/site/jacoco/jacoco.xml"],"jacocoDestFile":["/home/jbergqvist/diffblue/paritytrading-parity/libraries/file/target/jacoco.exec"],"jacocoFormats":["xml"],"jacocoSkipped":false,"classpath":["/home/jbergqvist/diffblue/paritytrading-parity/libraries/file/target/classes","/home/jbergqvist/.m2/repository/org/junit/jupiter/junit-jupiter/5.7.0/junit-jupiter-5.7.0.jar","/home/jbergqvist/.m2/repository/org/junit/jupiter/junit-jupiter-api/5.7.0/junit-jupiter-api-5.7.0.jar","/home/jbergqvist/.m2/repository/org/apiguardian/apiguardian-api/1.1.0/apiguardian-api-1.1.0.jar","/home/jbergqvist/.m2/repository/org/opentest4j/opentest4j/1.2.0/opentest4j-1.2.0.jar","/home/jbergqvist/.m2/repository/org/junit/platform/junit-platform-commons/1.7.0/junit-platform-commons-1.7.0.jar","/home/jbergqvist/.m2/repository/org/junit/jupiter/junit-jupiter-params/5.7.0/junit-jupiter-params-5.7.0.jar","/home/jbergqvist/.m2/repository/org/junit/jupiter/junit-jupiter-engine/5.7.0/junit-jupiter-engine-5.7.0.jar","/home/jbergqvist/.m2/repository/org/junit/platform/junit-platform-engine/1.7.0/junit-platform-engine-1.7.0.jar","/home/jbergqvist/.m2/repository/com/diffblue/cover/cover-annotations/1.9.0/cover-annotations-1.9.0.jar","/home/jbergqvist/.m2/repository/org/mockito/mockito-core/4.11.0/mockito-core-4.11.0.jar","/home/jbergqvist/.m2/repository/net/bytebuddy/byte-buddy/1.12.19/byte-buddy-1.12.19.jar","/home/jbergqvist/.m2/repository/net/bytebuddy/byte-buddy-agent/1.12.19/byte-buddy-agent-1.12.19.jar","/home/jbergqvist/.m2/repository/org/objenesis/objenesis/3.3/objenesis-3.3.jar","/home/jbergqvist/.m2/repository/org/mockito/mockito-junit-jupiter/4.11.0/mockito-junit-jupiter-4.11.0.jar"],"complianceLevel":"1.8","productionSources":["/home/jbergqvist/diffblue/paritytrading-parity/libraries/file/src/main/java"],"testSources":["/home/jbergqvist/diffblue/paritytrading-parity/libraries/file/src/test/java"],"productionClasses":"/home/jbergqvist/diffblue/paritytrading-parity/libraries/file/target/classes","testClasses":"/home/jbergqvist/diffblue/paritytrading-parity/libraries/file/target/test-classes","sourceToBuildPathMap":null,"testSourceToBuildPathMap":null,"buildDirectory":"/home/jbergqvist/diffblue/paritytrading-parity/libraries/file/target","plugins":[{"__type":"DefaultPlugin","groupId":"org.apache.maven.plugins","artefactId":"maven-enforcer-plugin","version":"1.0","pluginClassName":null},{"__type":"DefaultPlugin","groupId":"org.apache.maven.plugins","artefactId":"maven-checkstyle-plugin","version":"3.1.0","pluginClassName":null},{"__type":"DefaultPlugin","groupId":"org.apache.maven.plugins","artefactId":"maven-compiler-plugin","version":"3.8.0","pluginClassName":null},{"__type":"DefaultPlugin","groupId":"org.apache.maven.plugins","artefactId":"maven-javadoc-plugin","version":"3.0.1","pluginClassName":null},{"__type":"DefaultPlugin","groupId":"org.apache.maven.plugins","artefactId":"maven-release-plugin","version":"2.5.3","pluginClassName":null},{"__type":"DefaultPlugin","groupId":"org.apache.maven.plugins","artefactId":"maven-clean-plugin","version":"3.2.0","pluginClassName":null},{"__type":"DefaultPlugin","groupId":"org.apache.maven.plugins","artefactId":"maven-resources-plugin","version":"3.3.1","pluginClassName":null},{"__type":"DefaultPlugin","groupId":"org.apache.maven.plugins","artefactId":"maven-jar-plugin","version":"3.4.1","pluginClassName":null},{"__type":"DefaultPlugin","groupId":"org.apache.maven.plugins","artefactId":"maven-surefire-plugin","version":"3.0.0-M5","pluginClassName":null},{"__type":"DefaultPlugin","groupId":"org.apache.maven.plugins","artefactId":"maven-install-plugin","version":"3.1.2","pluginClassName":null},{"__type":"DefaultPlugin","groupId":"org.apache.maven.plugins","artefactId":"maven-deploy-plugin","version":"2.8.2","pluginClassName":null},{"__type":"DefaultPlugin","groupId":"org.apache.maven.plugins","artefactId":"maven-site-plugin","version":"3.12.1","pluginClassName":null}],"version":"3.9.12","encoding":"UTF-8","name":"maven","subModules":[],"simpleModuleName":null,"parentModuleName":"com.paritytrading.parity:parity-parent","location":"/home/jbergqvist/diffblue/paritytrading-parity/libraries/file","fullModuleName":"com.paritytrading.parity:parity-file"}}
10:39:24.371 [INFO]   [Checking]    out: [INFO] ------------------------------------------------------------------------
10:39:24.371 [INFO]   [Checking]    out: [INFO] BUILD SUCCESS
10:39:24.371 [INFO]   [Checking]    out: [INFO] ------------------------------------------------------------------------
10:39:24.371 [INFO]   [Checking]    out: [INFO] Total time:  1.679 s
10:39:24.371 [INFO]   [Checking]    out: [INFO] Finished at: 2026-01-20T10:39:24Z
10:39:24.371 [INFO]   [Checking]    out: [INFO] ------------------------------------------------------------------------
10:39:24.372 [INFO]   [Checking]    deserializing line [DIFFBLUE]{"__type":"com.diffblue.cover.buildsystem.model.ProjectInfoMessage","projectName":"com.paritytrading.parity:parity-file","productionSources":["/home/jbergqvist/diffblue/paritytrading-parity/libraries/file/src/main/java","/home/jbergqvist/diffblue/paritytrading-parity/libraries/file/target/generated-sources/annotations"],"testSources":["/home/jbergqvist/diffblue/paritytrading-parity/libraries/file/src/test/java","/home/jbergqvist/diffblue/paritytrading-parity/libraries/file/target/generated-test-sources/test-annotations"],"location":"/home/jbergqvist/diffblue/paritytrading-parity/libraries/file"}
10:39:24.395 [INFO]   [Checking]    maven:err process not stopped, joining thread
10:39:24.395 [INFO]   [Checking]    maven:out process not stopped, joining thread
10:39:24.408 [INFO]   [Checking]    Selected test framework: JUnit Jupiter API
10:39:24.411 [INFO]   [Checking]    Detected Mockito JUnit Jupiter version 4.11.0
10:39:24.425 [INFO]   [Checking]    Using default build rules as no custom rules found in any of [/home/jbergqvist/diffblue/paritytrading-parity/libraries/file, /home/jbergqvist/diffblue/paritytrading-parity]
10:39:24.425 [INFO]   [Checking]    Attempting to invoke mvnw in working directory: /home/jbergqvist/diffblue/paritytrading-parity
10:39:24.425 [INFO]   [Checking]    Attempting to invoke /home/jbergqvist/.sdkman/candidates/maven/current/bin/mvn in working directory: /home/jbergqvist/diffblue/paritytrading-parity
10:39:24.426 [INFO]   [Checking]    Started "/home/jbergqvist/.sdkman/candidates/maven/current/bin/mvn -Dmaven.ext.class.path=/opt/cover/cover-buildsystem-maven-spy-jar-with-dependencies.jar -Dcom.diffblue.cover.skipTests=true -DskipTestOptimizer --batch-mode --projects=com.paritytrading.parity:parity-file --global-settings=/home/jbergqvist/.sdkman/candidates/maven/current/conf/settings.xml -Dcheckstyle.skip=true test -DfailIfNoTests=false -Dsurefire.failIfNoSpecifiedTests=false -Dmaven.test.failure.ignore=True -Dtest=DummyJUnitJupiterLauncherDiffblueTest6894035525743256000"
10:39:25.206 [INFO]   [Checking]    out: [INFO] Scanning for projects...
10:39:25.303 [INFO]   [Checking]    out: [INFO] 
10:39:25.304 [INFO]   [Checking]    out: [INFO] ----------------< com.paritytrading.parity:parity-file >----------------
10:39:25.304 [INFO]   [Checking]    out: [INFO] Building Parity File Formats 0.7.1-SNAPSHOT
10:39:25.304 [INFO]   [Checking]    out: [INFO]   from pom.xml
10:39:25.304 [INFO]   [Checking]    out: [INFO] --------------------------------[ jar ]---------------------------------
10:39:25.561 [INFO]   [Checking]    deserializing line [DIFFBLUE]{"__type":"com.diffblue.cover.buildsystem.model.DefaultEventMessage","project":"com.paritytrading.parity:parity-file","goal":"enforce","cause":null,"state":"STARTED"}
10:39:25.562 [INFO]   [Checking]    out: [INFO] 
10:39:25.562 [INFO]   [Checking]    out: [INFO] --- enforcer:1.0:enforce (enforce-maven) @ parity-file ---
10:39:25.675 [INFO]   [Checking]    deserializing line [DIFFBLUE]{"__type":"com.diffblue.cover.buildsystem.model.DefaultEventMessage","project":"com.paritytrading.parity:parity-file","goal":"enforce","cause":null,"state":"SUCCESS"}
10:39:25.676 [INFO]   [Checking]    deserializing line [DIFFBLUE]{"__type":"com.diffblue.cover.buildsystem.model.DefaultEventMessage","project":"com.paritytrading.parity:parity-file","goal":"resources","cause":null,"state":"STARTED"}
10:39:25.677 [INFO]   [Checking]    out: [INFO] 
10:39:25.677 [INFO]   [Checking]    out: [INFO] --- resources:3.3.1:resources (default-resources) @ parity-file ---
10:39:25.721 [INFO]   [Checking]    out: [INFO] skip non existing resourceDirectory /home/jbergqvist/diffblue/paritytrading-parity/libraries/file/src/main/resources
10:39:25.722 [INFO]   [Checking]    deserializing line [DIFFBLUE]{"__type":"com.diffblue.cover.buildsystem.model.DefaultEventMessage","project":"com.paritytrading.parity:parity-file","goal":"resources","cause":null,"state":"SUCCESS"}
10:39:25.724 [INFO]   [Checking]    deserializing line [DIFFBLUE]{"__type":"com.diffblue.cover.buildsystem.model.DefaultEventMessage","project":"com.paritytrading.parity:parity-file","goal":"compile","cause":null,"state":"STARTED"}
10:39:25.725 [INFO]   [Checking]    out: [INFO] 
10:39:25.725 [INFO]   [Checking]    out: [INFO] --- compiler:3.8.0:compile (default-compile) @ parity-file ---
10:39:25.843 [INFO]   [Checking]    out: [INFO] Changes detected - recompiling the module!
10:39:25.846 [INFO]   [Checking]    out: [INFO] Compiling 4 source files to /home/jbergqvist/diffblue/paritytrading-parity/libraries/file/target/classes
10:39:26.087 [INFO]   [Checking]    deserializing line [DIFFBLUE]{"__type":"com.diffblue.cover.buildsystem.model.DefaultEventMessage","project":"com.paritytrading.parity:parity-file","goal":"compile","cause":null,"state":"SUCCESS"}
10:39:26.089 [INFO]   [Checking]    deserializing line [DIFFBLUE]{"__type":"com.diffblue.cover.buildsystem.model.DefaultEventMessage","project":"com.paritytrading.parity:parity-file","goal":"testResources","cause":null,"state":"STARTED"}
10:39:26.089 [INFO]   [Checking]    out: [INFO] 
10:39:26.090 [INFO]   [Checking]    out: [INFO] --- resources:3.3.1:testResources (default-testResources) @ parity-file ---
10:39:26.091 [INFO]   [Checking]    out: [INFO] skip non existing resourceDirectory /home/jbergqvist/diffblue/paritytrading-parity/libraries/file/src/test/resources
10:39:26.092 [INFO]   [Checking]    deserializing line [DIFFBLUE]{"__type":"com.diffblue.cover.buildsystem.model.DefaultEventMessage","project":"com.paritytrading.parity:parity-file","goal":"testResources","cause":null,"state":"SUCCESS"}
10:39:26.093 [INFO]   [Checking]    deserializing line [DIFFBLUE]{"__type":"com.diffblue.cover.buildsystem.model.DefaultEventMessage","project":"com.paritytrading.parity:parity-file","goal":"testCompile","cause":null,"state":"STARTED"}
10:39:26.094 [INFO]   [Checking]    out: [INFO] 
10:39:26.094 [INFO]   [Checking]    out: [INFO] --- compiler:3.8.0:testCompile (default-testCompile) @ parity-file ---
10:39:26.096 [INFO]   [Checking]    out: [INFO] Changes detected - recompiling the module!
10:39:26.097 [INFO]   [Checking]    out: [INFO] Compiling 6 source files to /home/jbergqvist/diffblue/paritytrading-parity/libraries/file/target/test-classes
10:39:26.220 [INFO]   [Checking]    out: [INFO] /home/jbergqvist/diffblue/paritytrading-parity/libraries/file/src/test/java/com/paritytrading/parity/file/taq/TAQConfigDiffblueTest.java: /home/jbergqvist/diffblue/paritytrading-parity/libraries/file/src/test/java/com/paritytrading/parity/file/taq/TAQConfigDiffblueTest.java uses unchecked or unsafe operations.
10:39:26.220 [INFO]   [Checking]    out: [INFO] /home/jbergqvist/diffblue/paritytrading-parity/libraries/file/src/test/java/com/paritytrading/parity/file/taq/TAQConfigDiffblueTest.java: Recompile with -Xlint:unchecked for details.
10:39:26.222 [INFO]   [Checking]    deserializing line [DIFFBLUE]{"__type":"com.diffblue.cover.buildsystem.model.DefaultEventMessage","project":"com.paritytrading.parity:parity-file","goal":"testCompile","cause":null,"state":"SUCCESS"}
10:39:26.224 [INFO]   [Checking]    deserializing line [DIFFBLUE]{"__type":"com.diffblue.cover.buildsystem.model.DefaultEventMessage","project":"com.paritytrading.parity:parity-file","goal":"test","cause":null,"state":"STARTED"}
10:39:26.226 [INFO]   [Checking]    out: [INFO] 
10:39:26.226 [INFO]   [Checking]    out: [INFO] --- surefire:3.0.0-M5:test (default-test) @ parity-file ---
10:39:26.499 [INFO]   [Checking]    out: [INFO] 
10:39:26.499 [INFO]   [Checking]    out: [INFO] -------------------------------------------------------
10:39:26.499 [INFO]   [Checking]    out: [INFO]  T E S T S
10:39:26.500 [INFO]   [Checking]    out: [INFO] -------------------------------------------------------
10:39:26.808 [INFO]   [Checking]    out: [INFO] Running DummyJUnitJupiterLauncherDiffblueTest6894035525743256000
10:39:26.836 [INFO]   [Checking]    out: [INFO] Tests run: 1, Failures: 0, Errors: 0, Skipped: 0, Time elapsed: 0.026 s - in DummyJUnitJupiterLauncherDiffblueTest6894035525743256000
10:39:26.842 [INFO]   [Checking]    out: [INFO] 
10:39:26.842 [INFO]   [Checking]    out: [INFO] Results:
10:39:26.842 [INFO]   [Checking]    out: [INFO] 
10:39:26.842 [INFO]   [Checking]    out: [INFO] Tests run: 1, Failures: 0, Errors: 0, Skipped: 0
10:39:26.842 [INFO]   [Checking]    out: [INFO] 
10:39:26.845 [INFO]   [Checking]    deserializing line [DIFFBLUE]{"__type":"com.diffblue.cover.buildsystem.model.DefaultEventMessage","project":"com.paritytrading.parity:parity-file","goal":"test","cause":null,"state":"SUCCESS"}
10:39:26.871 [INFO]   [Checking]    deserializing line [DIFFBLUE]{"__type":"com.diffblue.cover.buildsystem.model.DefaultProjectModuleMessage","project":{"__type":"DefaultProjectModule","junitReport":["/home/jbergqvist/diffblue/paritytrading-parity/libraries/file/target/surefire-reports"],"jacocoReport":["/home/jbergqvist/diffblue/paritytrading-parity/libraries/file/target/site/jacoco/jacoco.xml"],"jacocoDestFile":["/home/jbergqvist/diffblue/paritytrading-parity/libraries/file/target/jacoco.exec"],"jacocoFormats":["xml"],"jacocoSkipped":false,"classpath":["/home/jbergqvist/diffblue/paritytrading-parity/libraries/file/target/classes","/home/jbergqvist/.m2/repository/org/junit/jupiter/junit-jupiter/5.7.0/junit-jupiter-5.7.0.jar","/home/jbergqvist/.m2/repository/org/junit/jupiter/junit-jupiter-api/5.7.0/junit-jupiter-api-5.7.0.jar","/home/jbergqvist/.m2/repository/org/apiguardian/apiguardian-api/1.1.0/apiguardian-api-1.1.0.jar","/home/jbergqvist/.m2/repository/org/opentest4j/opentest4j/1.2.0/opentest4j-1.2.0.jar","/home/jbergqvist/.m2/repository/org/junit/platform/junit-platform-commons/1.7.0/junit-platform-commons-1.7.0.jar","/home/jbergqvist/.m2/repository/org/junit/jupiter/junit-jupiter-params/5.7.0/junit-jupiter-params-5.7.0.jar","/home/jbergqvist/.m2/repository/org/junit/jupiter/junit-jupiter-engine/5.7.0/junit-jupiter-engine-5.7.0.jar","/home/jbergqvist/.m2/repository/org/junit/platform/junit-platform-engine/1.7.0/junit-platform-engine-1.7.0.jar","/home/jbergqvist/.m2/repository/com/diffblue/cover/cover-annotations/1.9.0/cover-annotations-1.9.0.jar","/home/jbergqvist/.m2/repository/org/mockito/mockito-core/4.11.0/mockito-core-4.11.0.jar","/home/jbergqvist/.m2/repository/net/bytebuddy/byte-buddy/1.12.19/byte-buddy-1.12.19.jar","/home/jbergqvist/.m2/repository/net/bytebuddy/byte-buddy-agent/1.12.19/byte-buddy-agent-1.12.19.jar","/home/jbergqvist/.m2/repository/org/objenesis/objenesis/3.3/objenesis-3.3.jar","/home/jbergqvist/.m2/repository/org/mockito/mockito-junit-jupiter/4.11.0/mockito-junit-jupiter-4.11.0.jar"],"complianceLevel":"1.8","productionSources":["/home/jbergqvist/diffblue/paritytrading-parity/libraries/file/src/main/java"],"testSources":["/home/jbergqvist/diffblue/paritytrading-parity/libraries/file/src/test/java"],"productionClasses":"/home/jbergqvist/diffblue/paritytrading-parity/libraries/file/target/classes","testClasses":"/home/jbergqvist/diffblue/paritytrading-parity/libraries/file/target/test-classes","sourceToBuildPathMap":null,"testSourceToBuildPathMap":null,"buildDirectory":"/home/jbergqvist/diffblue/paritytrading-parity/libraries/file/target","plugins":[{"__type":"DefaultPlugin","groupId":"org.apache.maven.plugins","artefactId":"maven-enforcer-plugin","version":"1.0","pluginClassName":null},{"__type":"DefaultPlugin","groupId":"org.apache.maven.plugins","artefactId":"maven-checkstyle-plugin","version":"3.1.0","pluginClassName":null},{"__type":"DefaultPlugin","groupId":"org.apache.maven.plugins","artefactId":"maven-compiler-plugin","version":"3.8.0","pluginClassName":null},{"__type":"DefaultPlugin","groupId":"org.apache.maven.plugins","artefactId":"maven-javadoc-plugin","version":"3.0.1","pluginClassName":null},{"__type":"DefaultPlugin","groupId":"org.apache.maven.plugins","artefactId":"maven-release-plugin","version":"2.5.3","pluginClassName":null},{"__type":"DefaultPlugin","groupId":"org.apache.maven.plugins","artefactId":"maven-clean-plugin","version":"3.2.0","pluginClassName":null},{"__type":"DefaultPlugin","groupId":"org.apache.maven.plugins","artefactId":"maven-resources-plugin","version":"3.3.1","pluginClassName":null},{"__type":"DefaultPlugin","groupId":"org.apache.maven.plugins","artefactId":"maven-jar-plugin","version":"3.4.1","pluginClassName":null},{"__type":"DefaultPlugin","groupId":"org.apache.maven.plugins","artefactId":"maven-surefire-plugin","version":"3.0.0-M5","pluginClassName":null},{"__type":"DefaultPlugin","groupId":"org.apache.maven.plugins","artefactId":"maven-install-plugin","version":"3.1.2","pluginClassName":null},{"__type":"DefaultPlugin","groupId":"org.apache.maven.plugins","artefactId":"maven-deploy-plugin","version":"2.8.2","pluginClassName":null},{"__type":"DefaultPlugin","groupId":"org.apache.maven.plugins","artefactId":"maven-site-plugin","version":"3.12.1","pluginClassName":null}],"version":"3.9.12","encoding":"UTF-8","name":"maven","subModules":[],"simpleModuleName":null,"parentModuleName":"com.paritytrading.parity:parity-parent","location":"/home/jbergqvist/diffblue/paritytrading-parity/libraries/file","fullModuleName":"com.paritytrading.parity:parity-file"}}
10:39:26.876 [INFO]   [Checking]    out: [INFO] ------------------------------------------------------------------------
10:39:26.876 [INFO]   [Checking]    out: [INFO] BUILD SUCCESS
10:39:26.876 [INFO]   [Checking]    out: [INFO] ------------------------------------------------------------------------
10:39:26.876 [INFO]   [Checking]    out: [INFO] Total time:  1.683 s
10:39:26.876 [INFO]   [Checking]    out: [INFO] Finished at: 2026-01-20T10:39:26Z
10:39:26.876 [INFO]   [Checking]    out: [INFO] ------------------------------------------------------------------------
10:39:26.876 [INFO]   [Checking]    deserializing line [DIFFBLUE]{"__type":"com.diffblue.cover.buildsystem.model.ProjectInfoMessage","projectName":"com.paritytrading.parity:parity-file","productionSources":["/home/jbergqvist/diffblue/paritytrading-parity/libraries/file/src/main/java","/home/jbergqvist/diffblue/paritytrading-parity/libraries/file/target/generated-sources/annotations"],"testSources":["/home/jbergqvist/diffblue/paritytrading-parity/libraries/file/src/test/java","/home/jbergqvist/diffblue/paritytrading-parity/libraries/file/target/generated-test-sources/test-annotations"],"location":"/home/jbergqvist/diffblue/paritytrading-parity/libraries/file"}
10:39:26.903 [INFO]   [Checking]    maven:err process not stopped, joining thread
10:39:26.903 [INFO]   [Checking]    maven:out process not stopped, joining thread
10:39:26.947 [INFO]   [Checking]    Detected JVM architecture: 64-Bit
10:39:26.965 [INFO]   [Checking]    Detected Cover Annotations version 1.9.0
10:39:27.049 [INFO]   [Checking]    Selected Java language compliance level: 1.8
10:39:27.049 [INFO]   [Checking]    Selected test validation: enabled
10:39:27.392 [INFO]   [Checking]    Prefixes for filtering classes/methods:
10:39:27.398 [INFO]   [Checking]    - com.paritytrading.parity.file.taq
10:39:27.399 [INFO]   [Checking]    Gathering methods to test...
10:39:27.649 [INFO]   [Reporting]   
10:39:27.649 [INFO]   [Reporting]   Environment summary for module: com.paritytrading.parity:parity-file
10:39:27.649 [INFO]   [Reporting]   --------------------------------------------------------------------
10:39:27.650 [INFO]   [Reporting]   Java version                   1.8.0_472                     SUCCESS        
10:39:27.650 [INFO]   [Reporting]   Build system                   Maven                         SUCCESS        
10:39:27.650 [INFO]   [Reporting]   Mocking Framework              Mockito Core 4.11.0           SUCCESS        
10:39:27.650 [INFO]   [Reporting]   Surefire version               3.0.0-M5                      SUCCESS        
10:39:27.650 [INFO]   [Reporting]   Testing framework              JUnit Jupiter                 SUCCESS        
10:39:27.650 [INFO]   [Reporting]   Mockito JUnit Jupiter version  4.11.0                        SUCCESS        
10:39:27.650 [INFO]   [Reporting]   JavaEE version                 Skipped                       -----          
10:39:27.650 [INFO]   [Reporting]   OSGi Annotations               Not Detected                  -----          
10:39:27.650 [INFO]   [Reporting]   Javax WS RS API                Not Detected                  -----          
10:39:27.650 [INFO]   [Reporting]   Jakarta RESTful WS API         Not Detected                  -----          
10:39:27.650 [INFO]   [Reporting]   Jersey Server                  Not Detected                  -----          
10:39:27.650 [INFO]   [Reporting]   Jersey Test Framework          Not Detected                  -----          
10:39:27.650 [INFO]   [Reporting]   Jersey Test Provider InMemory  Not Detected                  -----          
10:39:27.650 [INFO]   [Reporting]   Guice Framework                Not Detected                  -----          
10:39:27.650 [INFO]   [Reporting]   JaCoCo plugin version          0.8.11                        SUCCESS        
10:39:27.650 [INFO]   [Reporting]   Launcher                       JUnit Jupiter                 SUCCESS        
10:39:27.650 [INFO]   [Reporting]   Quarkus                        Not Detected                  -----          
10:39:27.650 [INFO]   [Reporting]   Test validation                Enabled                       SUCCESS        
10:39:27.650 [INFO]   [Reporting]   Hamcrest                       Not Detected                  -----          
10:39:27.650 [INFO]   [Reporting]   Spring Core                    Not Detected                  -----          
10:39:27.650 [INFO]   [Reporting]   Spring Boot                    Skipped                       -----          
10:39:27.650 [INFO]   [Reporting]   Spring Boot Starter Webflux    Skipped                       -----          
10:39:27.650 [INFO]   [Reporting]   Spring Boot Test Autoconfigure Skipped                       -----          
10:39:27.650 [INFO]   [Reporting]   Spring Boot Test               Skipped                       -----          
10:39:27.650 [INFO]   [Reporting]   Spring Web                     Skipped                       -----          
10:39:27.650 [INFO]   [Reporting]   Spring Security Web            Skipped                       -----          
10:39:27.650 [INFO]   [Reporting]   Spring Test                    Skipped                       -----          
10:39:27.650 [INFO]   [Reporting]   
10:39:27.650 [INFO]   [Reporting]   Environment check status: SUCCESS
10:39:27.841 [INFO]   [Creating]    Found 24 callable methods in 5 classes
10:39:27.841 [INFO]   [Creating]    
10:39:27.841 [INFO]   [Creating]    Creating tests:
10:39:27.841 [INFO]   [Creating]    ---------------
10:39:27.845 [INFO]   [Creating]    
================================================================================
= Starting analysis for class 'com.paritytrading.parity.file.taq.TAQ$Quote'
================================================================================
10:39:27.845 [INFO]   [Creating]    Filtering out non-testable methods...
10:39:28.329 [INFO]   [Creating]    Filtering of methods complete. Creating analysis request
10:39:28.330 [INFO]   [Creating]    Attempting to get service client, retry 1.
10:39:28.333 [INFO]   [Creating]    Starting monitoring server.
10:39:28.748 [INFO]   [Creating]    Monitoring server listening on localhost/127.0.0.1:37141
10:39:28.789 [INFO]   [Creating]    Starting analyzer server process...
10:39:28.789 [INFO]   [Creating]    Server command-line: /home/jbergqvist/.sdkman/candidates/java/8.0.472-amzn/jre/bin/java -XX:+IgnoreUnrecognizedVMOptions -Djdk.attach.allowAttachSelf=true -Djdk.jar.maxSignatureFileSize=100000000 -ea -javaagent:/opt/cover/launcher-shared-jar.jar -Dlogback.configurationFile=/tmp/diffblue/config/logback-remote-service.xml -Dcom.diffblue.springIsolationJar=/opt/cover/cover-isolation-layer.jar -Dcover.jar.path=/opt/cover/cover-service-analyzer.jar -Dcom.diffblue.assertionSuggestionJar=/opt/cover/cover-service-analyzer.jar -Dcover.main.class=com.diffblue.cover.service.analyzer.Main -jar /opt/cover/launcher-shared-jar.jar --service-lifespan 120 --monitoring-service-port 37141 --index-service-port 37141 --debug-log
10:39:28.790 [INFO]   [Creating]    Server started. Waiting up to 300 seconds for a connection to be established...
10:39:29.607 [INFO]   [Creating]    Starting new remote monitor client
10:39:29.916 [INFO]   [Creating]    Attempting to start remote server.
10:39:30.121 [INFO]   [Creating]    Server started, listening on localhost/127.0.0.1:38739
10:39:30.125 [INFO]   [Creating]    Expect analyzer service to be listening on port 38739.
10:39:30.323 [INFO]   [Creating]    Started analyzer service and client retrieved.
10:39:37.744 [INFO]   [Creating]         [1/24] com.paritytrading.parity.file.taq.TAQ$Quote.<init>
10:39:37.744 [INFO]   [Creating]         [1/24]   Tests created: 1
10:39:37.747 [INFO]   [Creating]    [1/5] com.paritytrading.parity.file.taq.TAQ$Quote
10:39:37.747 [INFO]   [Creating]    [1/5]   Tests created: 1
10:39:37.748 [INFO]   [Creating]    
================================================================================
= Starting analysis for class 'com.paritytrading.parity.file.taq.TAQ$Trade'
================================================================================
10:39:37.748 [INFO]   [Creating]    Filtering out non-testable methods...
10:39:37.750 [INFO]   [Creating]    Filtering of methods complete. Creating analysis request
10:39:37.750 [INFO]   [Creating]    Attempting to get service client, retry 1.
10:39:38.063 [INFO]   [Creating]         [2/24] com.paritytrading.parity.file.taq.TAQ$Trade.<init>
10:39:38.063 [INFO]   [Creating]         [2/24]   Tests created: 1
10:39:38.065 [INFO]   [Creating]    [2/5] com.paritytrading.parity.file.taq.TAQ$Trade
10:39:38.066 [INFO]   [Creating]    [2/5]   Tests created: 1
10:39:38.067 [INFO]   [Creating]    
================================================================================
= Starting analysis for class 'com.paritytrading.parity.file.taq.TAQConfig'
================================================================================
10:39:38.067 [INFO]   [Creating]    Filtering out non-testable methods...
10:39:38.079 [INFO]   [Creating]    Filtering of methods complete. Creating analysis request
10:39:38.079 [INFO]   [Creating]    Attempting to get service client, retry 1.
10:39:40.370 [INFO]   [Creating]         [3/24] com.paritytrading.parity.file.taq.TAQConfig.getEncoding
10:39:40.370 [INFO]   [Creating]         [3/24]   Tests created: 1
10:39:40.952 [INFO]   [Creating]         [4/24] com.paritytrading.parity.file.taq.TAQConfig.getPriceFormat
10:39:40.952 [INFO]   [Creating]         [4/24]   Tests created: 1
10:39:41.095 [INFO]   [Creating]         [5/24] com.paritytrading.parity.file.taq.TAQConfig.getSizeFormat
10:39:41.095 [INFO]   [Creating]         [5/24]   Tests created: 1
10:39:41.097 [INFO]   [Creating]    [3/5] com.paritytrading.parity.file.taq.TAQConfig
10:39:41.097 [INFO]   [Creating]    [3/5]   Tests created: 3
10:39:41.098 [INFO]   [Creating]    
================================================================================
= Starting analysis for class 'com.paritytrading.parity.file.taq.TAQConfig$Builder'
================================================================================
10:39:41.098 [INFO]   [Creating]    Filtering out non-testable methods...
10:39:41.106 [INFO]   [Creating]    Filtering of methods complete. Creating analysis request
10:39:41.106 [INFO]   [Creating]    Attempting to get service client, retry 1.
10:39:41.718 [INFO]   [Creating]         [6/24] com.paritytrading.parity.file.taq.TAQConfig$Builder.build
10:39:41.718 [INFO]   [Creating]         [7/24] com.paritytrading.parity.file.taq.TAQConfig$Builder.setEncoding
10:39:41.718 [INFO]   [Creating]         [7/24]   Tests created: 1
10:39:41.720 [INFO]   [Creating]         [8/24] com.paritytrading.parity.file.taq.TAQConfig$Builder.<init>
10:39:41.720 [INFO]   [Creating]         [8/24]   R003: Test did not increase coverage
10:39:41.721 [INFO]   [Creating]         [8/24]     Diffblue Cover could not find a test that improves the coverage already
10:39:41.721 [INFO]   [Creating]         [8/24]     provided by existing tests.
10:39:42.821 [INFO]   [Creating]         [9/24] com.paritytrading.parity.file.taq.TAQConfig$Builder.setPriceFractionDigits
10:39:42.821 [INFO]   [Creating]         [9/24]   Tests created: 1
10:39:43.546 [INFO]   [Creating]        [10/24] com.paritytrading.parity.file.taq.TAQConfig$Builder.setPriceFractionDigits
10:39:43.546 [INFO]   [Creating]        [10/24]   Tests created: 2
10:39:43.858 [INFO]   [Creating]        [11/24] com.paritytrading.parity.file.taq.TAQConfig$Builder.setSizeFractionDigits
10:39:43.858 [INFO]   [Creating]        [11/24]   Tests created: 1
10:39:44.358 [INFO]   [Creating]        [12/24] com.paritytrading.parity.file.taq.TAQConfig$Builder.setSizeFractionDigits
10:39:44.358 [INFO]   [Creating]        [12/24]   Tests created: 1
10:39:44.361 [INFO]   [Creating]    [4/5] com.paritytrading.parity.file.taq.TAQConfig$Builder
10:39:44.362 [INFO]   [Creating]    [4/5]   Tests created: 6
10:39:44.363 [INFO]   [Creating]    
================================================================================
= Starting analysis for class 'com.paritytrading.parity.file.taq.TAQWriter'
================================================================================
10:39:44.363 [INFO]   [Creating]    Filtering out non-testable methods...
10:39:44.378 [INFO]   [Creating]    Filtering of methods complete. Creating analysis request
10:39:44.378 [INFO]   [Creating]    Attempting to get service client, retry 1.
10:39:44.551 [INFO]   [Creating]        [13/24] com.paritytrading.parity.file.taq.TAQWriter.getBuffer
10:39:44.551 [INFO]   [Creating]        [14/24] com.paritytrading.parity.file.taq.TAQWriter.getConfig
10:39:44.551 [INFO]   [Creating]        [15/24] com.paritytrading.parity.file.taq.TAQWriter.getPosition
10:39:44.551 [INFO]   [Creating]        [16/24] com.paritytrading.parity.file.taq.TAQWriter.getSink
10:39:44.551 [INFO]   [Creating]        [16/24]   R020: Temporary files were created but not deleted
10:39:44.551 [INFO]   [Creating]        [16/24]     The method under test created the following temporary files without deleting
10:39:44.551 [INFO]   [Creating]        [16/24]     them:
10:39:44.551 [INFO]   [Creating]        [16/24]     - '/tmp/test.txt'
10:39:44.551 [INFO]   [Creating]        [16/24]     Please ensure that temporary files are deleted in the method under test.
10:39:44.551 [INFO]   [Creating]        [16/24]     See https://diff.blue/R020
10:39:45.866 [INFO]   [Creating]        [17/24] com.paritytrading.parity.file.taq.TAQWriter.<init>
10:39:45.866 [INFO]   [Creating]        [17/24]   R020: Temporary files were created but not deleted
10:39:45.866 [INFO]   [Creating]        [17/24]     The method under test created the following temporary files without deleting
10:39:45.866 [INFO]   [Creating]        [17/24]     them:
10:39:45.866 [INFO]   [Creating]        [17/24]     - '/tmp/test.txt'
10:39:45.866 [INFO]   [Creating]        [17/24]     Please ensure that temporary files are deleted in the method under test.
10:39:45.866 [INFO]   [Creating]        [17/24]     See https://diff.blue/R020
10:39:46.453 [INFO]   [Creating]        [18/24] com.paritytrading.parity.file.taq.TAQWriter.<init>
10:39:46.453 [INFO]   [Creating]        [18/24]   R020: Temporary files were created but not deleted
10:39:46.453 [INFO]   [Creating]        [18/24]     The method under test created the following temporary files without deleting
10:39:46.453 [INFO]   [Creating]        [18/24]     them:
10:39:46.453 [INFO]   [Creating]        [18/24]     - '/tmp/test.txt'
10:39:46.453 [INFO]   [Creating]        [18/24]     Please ensure that temporary files are deleted in the method under test.
10:39:46.453 [INFO]   [Creating]        [18/24]     See https://diff.blue/R020
10:39:47.122 [INFO]   [Creating]        [19/24] com.paritytrading.parity.file.taq.TAQWriter.<init>
10:39:47.122 [INFO]   [Creating]        [19/24]   Tests created: 1
10:39:47.430 [INFO]   [Creating]        [20/24] com.paritytrading.parity.file.taq.TAQWriter.<init>
10:39:47.430 [INFO]   [Creating]        [20/24]   Tests created: 1
10:39:47.643 [INFO]   [Creating]        [21/24] com.paritytrading.parity.file.taq.TAQWriter.close
10:39:47.643 [INFO]   [Creating]        [21/24]   Diffblue AI was unable to find a test
10:39:48.941 [INFO]   [Creating]        [22/24] com.paritytrading.parity.file.taq.TAQWriter.flush
10:39:48.941 [INFO]   [Creating]        [22/24]   R020: Temporary files were created but not deleted
10:39:48.941 [INFO]   [Creating]        [22/24]     The method under test created the following temporary files without deleting
10:39:48.941 [INFO]   [Creating]        [22/24]     them:
10:39:48.941 [INFO]   [Creating]        [22/24]     - '/tmp/taq-test-1055076983424009624.txt'
10:39:48.941 [INFO]   [Creating]        [22/24]     Please ensure that temporary files are deleted in the method under test.
10:39:48.941 [INFO]   [Creating]        [22/24]     See https://diff.blue/R020
10:39:50.082 [INFO]   [Creating]        [23/24] com.paritytrading.parity.file.taq.TAQWriter.write
10:39:50.082 [INFO]   [Creating]        [23/24]   Tests created: 3
10:39:50.203 [INFO]   [Creating]        [24/24] com.paritytrading.parity.file.taq.TAQWriter.write
10:39:50.203 [INFO]   [Creating]        [24/24]   Tests created: 2
10:39:50.204 [INFO]   [Creating]    [5/5] com.paritytrading.parity.file.taq.TAQWriter
10:39:50.205 [INFO]   [Creating]    [5/5]   Tests created: 7
10:39:50.212 [INFO]   [Reporting]   
10:39:50.212 [INFO]   [Reporting]   Test creation summary for module: com.paritytrading.parity:parity-file
10:39:50.212 [INFO]   [Reporting]   ----------------------------------------------------------------------
10:39:50.212 [INFO]   [Reporting]   Total:                                              24 methods
10:39:50.212 [INFO]   [Reporting]   18 tests created for:                               15 methods
10:39:50.213 [INFO]   [Reporting]   
10:39:50.213 [INFO]   [Reporting]   No tests created for:                                9 methods
10:39:50.213 [INFO]   [Reporting]       7 R020: Temporary files were created but not deleted
10:39:50.213 [INFO]   [Reporting]       1 R003: Test did not increase coverage
10:39:50.319 [INFO]   [Validating]  
10:39:50.319 [INFO]   [Validating]  Running validation command.
10:39:50.319 [INFO]   [Validating]  Using default build rules as no custom rules found in any of [/home/jbergqvist/diffblue/paritytrading-parity/libraries/file, /home/jbergqvist/diffblue/paritytrading-parity]
10:39:50.320 [INFO]   [Validating]  Attempting to invoke mvnw in working directory: /home/jbergqvist/diffblue/paritytrading-parity
10:39:50.320 [INFO]   [Validating]  Attempting to invoke /home/jbergqvist/.sdkman/candidates/maven/current/bin/mvn in working directory: /home/jbergqvist/diffblue/paritytrading-parity
10:39:50.321 [INFO]   [Validating]  Started "/home/jbergqvist/.sdkman/candidates/maven/current/bin/mvn -Dmaven.ext.class.path=/opt/cover/cover-buildsystem-maven-spy-jar-with-dependencies.jar -Dcom.diffblue.cover.skipTests=true -DskipTestOptimizer --batch-mode --projects=com.paritytrading.parity:parity-file --global-settings=/home/jbergqvist/.sdkman/candidates/maven/current/conf/settings.xml org.apache.maven.plugins:maven-checkstyle-plugin:check -Dcheckstyle.failOnViolation=false validate --also-make"
10:39:51.081 [INFO]   [Validating]  out: [INFO] Scanning for projects...
10:39:51.177 [INFO]   [Validating]  out: [INFO] ------------------------------------------------------------------------
10:39:51.177 [INFO]   [Validating]  out: [INFO] Reactor Build Order:
10:39:51.177 [INFO]   [Validating]  out: [INFO] 
10:39:51.178 [INFO]   [Validating]  out: [INFO] Parity (Parent)                                                    [pom]
10:39:51.178 [INFO]   [Validating]  out: [INFO] Parity File Formats                                                [jar]
10:39:51.212 [INFO]   [Validating]  out: [INFO] 
10:39:51.212 [INFO]   [Validating]  out: [INFO] ---------------< com.paritytrading.parity:parity-parent >---------------
10:39:51.212 [INFO]   [Validating]  out: [INFO] Building Parity (Parent) 0.7.1-SNAPSHOT                            [1/2]
10:39:51.212 [INFO]   [Validating]  out: [INFO]   from pom.xml
10:39:51.212 [INFO]   [Validating]  out: [INFO] --------------------------------[ pom ]---------------------------------
10:39:51.374 [INFO]   [Validating]  deserializing line [DIFFBLUE]{"__type":"com.diffblue.cover.buildsystem.model.DefaultEventMessage","project":"com.paritytrading.parity:parity-parent","goal":"check","cause":null,"state":"STARTED"}
10:39:51.380 [INFO]   [Validating]  out: [INFO] 
10:39:51.380 [INFO]   [Validating]  out: [INFO] --- checkstyle:3.1.0:check (default-cli) @ parity-parent ---
10:39:51.808 [INFO]   [Validating]  deserializing line [DIFFBLUE]{"__type":"com.diffblue.cover.buildsystem.model.DefaultEventMessage","project":"com.paritytrading.parity:parity-parent","goal":"check","cause":null,"state":"SUCCESS"}
10:39:51.810 [INFO]   [Validating]  deserializing line [DIFFBLUE]{"__type":"com.diffblue.cover.buildsystem.model.DefaultEventMessage","project":"com.paritytrading.parity:parity-parent","goal":"enforce","cause":null,"state":"STARTED"}
10:39:51.810 [INFO]   [Validating]  out: [INFO] 
10:39:51.810 [INFO]   [Validating]  out: [INFO] --- enforcer:1.0:enforce (enforce-maven) @ parity-parent ---
10:39:51.872 [INFO]   [Validating]  deserializing line [DIFFBLUE]{"__type":"com.diffblue.cover.buildsystem.model.DefaultEventMessage","project":"com.paritytrading.parity:parity-parent","goal":"enforce","cause":null,"state":"SUCCESS"}
10:39:51.873 [INFO]   [Validating]  out: [INFO] 
10:39:51.874 [INFO]   [Validating]  out: [INFO] ----------------< com.paritytrading.parity:parity-file >----------------
10:39:51.874 [INFO]   [Validating]  out: [INFO] Building Parity File Formats 0.7.1-SNAPSHOT                        [2/2]
10:39:51.874 [INFO]   [Validating]  out: [INFO]   from libraries/file/pom.xml
10:39:51.874 [INFO]   [Validating]  out: [INFO] --------------------------------[ jar ]---------------------------------
10:39:51.889 [INFO]   [Validating]  deserializing line [DIFFBLUE]{"__type":"com.diffblue.cover.buildsystem.model.DefaultEventMessage","project":"com.paritytrading.parity:parity-file","goal":"check","cause":null,"state":"STARTED"}
10:39:51.890 [INFO]   [Validating]  out: [INFO] 
10:39:51.891 [INFO]   [Validating]  out: [INFO] --- checkstyle:3.1.0:check (default-cli) @ parity-file ---
10:39:51.961 [INFO]   [Validating]  deserializing line [DIFFBLUE]{"__type":"com.diffblue.cover.buildsystem.model.DefaultEventMessage","project":"com.paritytrading.parity:parity-file","goal":"check","cause":null,"state":"SUCCESS"}
10:39:51.962 [INFO]   [Validating]  deserializing line [DIFFBLUE]{"__type":"com.diffblue.cover.buildsystem.model.DefaultEventMessage","project":"com.paritytrading.parity:parity-file","goal":"enforce","cause":null,"state":"STARTED"}
10:39:51.963 [INFO]   [Validating]  out: [INFO] 
10:39:51.963 [INFO]   [Validating]  out: [INFO] --- enforcer:1.0:enforce (enforce-maven) @ parity-file ---
10:39:51.965 [INFO]   [Validating]  deserializing line [DIFFBLUE]{"__type":"com.diffblue.cover.buildsystem.model.DefaultEventMessage","project":"com.paritytrading.parity:parity-file","goal":"enforce","cause":null,"state":"SUCCESS"}
10:39:51.995 [INFO]   [Validating]  deserializing line [DIFFBLUE]{"__type":"com.diffblue.cover.buildsystem.model.DefaultProjectModuleMessage","project":{"__type":"DefaultProjectModule","junitReport":["/home/jbergqvist/diffblue/paritytrading-parity/target/surefire-reports"],"jacocoReport":["/home/jbergqvist/diffblue/paritytrading-parity/target/site/jacoco/jacoco.xml"],"jacocoDestFile":["/home/jbergqvist/diffblue/paritytrading-parity/target/jacoco.exec"],"jacocoFormats":["xml"],"jacocoSkipped":false,"classpath":["/home/jbergqvist/diffblue/paritytrading-parity/target/classes"],"complianceLevel":"1.8","productionSources":["/home/jbergqvist/diffblue/paritytrading-parity/src/main/java"],"testSources":["/home/jbergqvist/diffblue/paritytrading-parity/src/test/java"],"productionClasses":"/home/jbergqvist/diffblue/paritytrading-parity/target/classes","testClasses":"/home/jbergqvist/diffblue/paritytrading-parity/target/test-classes","sourceToBuildPathMap":null,"testSourceToBuildPathMap":null,"buildDirectory":"/home/jbergqvist/diffblue/paritytrading-parity/target","plugins":[{"__type":"DefaultPlugin","groupId":"org.apache.maven.plugins","artefactId":"maven-enforcer-plugin","version":"1.0","pluginClassName":null},{"__type":"DefaultPlugin","groupId":"org.apache.maven.plugins","artefactId":"maven-checkstyle-plugin","version":"3.1.0","pluginClassName":null},{"__type":"DefaultPlugin","groupId":"org.apache.maven.plugins","artefactId":"maven-compiler-plugin","version":"3.8.0","pluginClassName":null},{"__type":"DefaultPlugin","groupId":"org.apache.maven.plugins","artefactId":"maven-javadoc-plugin","version":"3.0.1","pluginClassName":null},{"__type":"DefaultPlugin","groupId":"org.apache.maven.plugins","artefactId":"maven-release-plugin","version":"2.5.3","pluginClassName":null},{"__type":"DefaultPlugin","groupId":"org.apache.maven.plugins","artefactId":"maven-clean-plugin","version":"3.2.0","pluginClassName":null},{"__type":"DefaultPlugin","groupId":"org.apache.maven.plugins","artefactId":"maven-install-plugin","version":"3.1.2","pluginClassName":null},{"__type":"DefaultPlugin","groupId":"org.apache.maven.plugins","artefactId":"maven-deploy-plugin","version":"2.8.2","pluginClassName":null},{"__type":"DefaultPlugin","groupId":"org.apache.maven.plugins","artefactId":"maven-site-plugin","version":"3.12.1","pluginClassName":null}],"version":"3.9.12","encoding":"UTF-8","name":"maven","subModules":[{"__type":"DefaultProjectModule","junitReport":["/home/jbergqvist/diffblue/paritytrading-parity/libraries/book/target/surefire-reports"],"jacocoReport":["/home/jbergqvist/diffblue/paritytrading-parity/libraries/book/target/site/jacoco/jacoco.xml"],"jacocoDestFile":["/home/jbergqvist/diffblue/paritytrading-parity/libraries/book/target/jacoco.exec"],"jacocoFormats":["xml"],"jacocoSkipped":false,"classpath":["/home/jbergqvist/diffblue/paritytrading-parity/libraries/book/target/classes"],"complianceLevel":"1.8","productionSources":["/home/jbergqvist/diffblue/paritytrading-parity/libraries/book/src/main/java"],"testSources":["/home/jbergqvist/diffblue/paritytrading-parity/libraries/book/src/test/java"],"productionClasses":"/home/jbergqvist/diffblue/paritytrading-parity/libraries/book/target/classes","testClasses":"/home/jbergqvist/diffblue/paritytrading-parity/libraries/book/target/test-classes","sourceToBuildPathMap":null,"testSourceToBuildPathMap":null,"buildDirectory":"/home/jbergqvist/diffblue/paritytrading-parity/libraries/book/target","plugins":[{"__type":"DefaultPlugin","groupId":"org.apache.maven.plugins","artefactId":"maven-enforcer-plugin","version":"1.0","pluginClassName":null},{"__type":"DefaultPlugin","groupId":"org.apache.maven.plugins","artefactId":"maven-checkstyle-plugin","version":"3.1.0","pluginClassName":null},{"__type":"DefaultPlugin","groupId":"org.apache.maven.plugins","artefactId":"maven-compiler-plugin","version":"3.8.0","pluginClassName":null},{"__type":"DefaultPlugin","groupId":"org.apache.maven.plugins","artefactId":"maven-javadoc-plugin","version":"3.0.1","pluginClassName":null},{"__type":"DefaultPlugin","groupId":"org.apache.maven.plugins","artefactId":"maven-release-plugin","version":"2.5.3","pluginClassName":null},{"__type":"DefaultPlugin","groupId":"org.apache.maven.plugins","artefactId":"maven-clean-plugin","version":"3.2.0","pluginClassName":null},{"__type":"DefaultPlugin","groupId":"org.apache.maven.plugins","artefactId":"maven-resources-plugin","version":"3.3.1","pluginClassName":null},{"__type":"DefaultPlugin","groupId":"org.apache.maven.plugins","artefactId":"maven-jar-plugin","version":"3.4.1","pluginClassName":null},{"__type":"DefaultPlugin","groupId":"org.apache.maven.plugins","artefactId":"maven-surefire-plugin","version":"3.0.0-M5","pluginClassName":null},{"__type":"DefaultPlugin","groupId":"org.apache.maven.plugins","artefactId":"maven-install-plugin","version":"3.1.2","pluginClassName":null},{"__type":"DefaultPlugin","groupId":"org.apache.maven.plugins","artefactId":"maven-deploy-plugin","version":"2.8.2","pluginClassName":null},{"__type":"DefaultPlugin","groupId":"org.apache.maven.plugins","artefactId":"maven-site-plugin","version":"3.12.1","pluginClassName":null}],"version":"3.9.12","encoding":"UTF-8","name":"maven","subModules":[],"simpleModuleName":null,"parentModuleName":"com.paritytrading.parity:parity-parent","location":"/home/jbergqvist/diffblue/paritytrading-parity/libraries/book","fullModuleName":"com.paritytrading.parity:parity-book"},{"__type":"DefaultProjectModule","junitReport":["/home/jbergqvist/diffblue/paritytrading-parity/libraries/file/target/surefire-reports"],"jacocoReport":["/home/jbergqvist/diffblue/paritytrading-parity/libraries/file/target/site/jacoco/jacoco.xml"],"jacocoDestFile":["/home/jbergqvist/diffblue/paritytrading-parity/libraries/file/target/jacoco.exec"],"jacocoFormats":["xml"],"jacocoSkipped":false,"classpath":["/home/jbergqvist/diffblue/paritytrading-parity/libraries/file/target/classes","/home/jbergqvist/.m2/repository/org/junit/jupiter/junit-jupiter/5.7.0/junit-jupiter-5.7.0.jar","/home/jbergqvist/.m2/repository/org/junit/jupiter/junit-jupiter-api/5.7.0/junit-jupiter-api-5.7.0.jar","/home/jbergqvist/.m2/repository/org/apiguardian/apiguardian-api/1.1.0/apiguardian-api-1.1.0.jar","/home/jbergqvist/.m2/repository/org/opentest4j/opentest4j/1.2.0/opentest4j-1.2.0.jar","/home/jbergqvist/.m2/repository/org/junit/platform/junit-platform-commons/1.7.0/junit-platform-commons-1.7.0.jar","/home/jbergqvist/.m2/repository/org/junit/jupiter/junit-jupiter-params/5.7.0/junit-jupiter-params-5.7.0.jar","/home/jbergqvist/.m2/repository/org/junit/jupiter/junit-jupiter-engine/5.7.0/junit-jupiter-engine-5.7.0.jar","/home/jbergqvist/.m2/repository/org/junit/platform/junit-platform-engine/1.7.0/junit-platform-engine-1.7.0.jar","/home/jbergqvist/.m2/repository/com/diffblue/cover/cover-annotations/1.9.0/cover-annotations-1.9.0.jar","/home/jbergqvist/.m2/repository/org/mockito/mockito-core/4.11.0/mockito-core-4.11.0.jar","/home/jbergqvist/.m2/repository/net/bytebuddy/byte-buddy/1.12.19/byte-buddy-1.12.19.jar","/home/jbergqvist/.m2/repository/net/bytebuddy/byte-buddy-agent/1.12.19/byte-buddy-agent-1.12.19.jar","/home/jbergqvist/.m2/repository/org/objenesis/objenesis/3.3/objenesis-3.3.jar","/home/jbergqvist/.m2/repository/org/mockito/mockito-junit-jupiter/4.11.0/mockito-junit-jupiter-4.11.0.jar"],"complianceLevel":"1.8","productionSources":["/home/jbergqvist/diffblue/paritytrading-parity/libraries/file/src/main/java"],"testSources":["/home/jbergqvist/diffblue/paritytrading-parity/libraries/file/src/test/java"],"productionClasses":"/home/jbergqvist/diffblue/paritytrading-parity/libraries/file/target/classes","testClasses":"/home/jbergqvist/diffblue/paritytrading-parity/libraries/file/target/test-classes","sourceToBuildPathMap":null,"testSourceToBuildPathMap":null,"buildDirectory":"/home/jbergqvist/diffblue/paritytrading-parity/libraries/file/target","plugins":[{"__type":"DefaultPlugin","groupId":"org.apache.maven.plugins","artefactId":"maven-enforcer-plugin","version":"1.0","pluginClassName":null},{"__type":"DefaultPlugin","groupId":"org.apache.maven.plugins","artefactId":"maven-checkstyle-plugin","version":"3.1.0","pluginClassName":null},{"__type":"DefaultPlugin","groupId":"org.apache.maven.plugins","artefactId":"maven-compiler-plugin","version":"3.8.0","pluginClassName":null},{"__type":"DefaultPlugin","groupId":"org.apache.maven.plugins","artefactId":"maven-javadoc-plugin","version":"3.0.1","pluginClassName":null},{"__type":"DefaultPlugin","groupId":"org.apache.maven.plugins","artefactId":"maven-release-plugin","version":"2.5.3","pluginClassName":null},{"__type":"DefaultPlugin","groupId":"org.apache.maven.plugins","artefactId":"maven-clean-plugin","version":"3.2.0","pluginClassName":null},{"__type":"DefaultPlugin","groupId":"org.apache.maven.plugins","artefactId":"maven-resources-plugin","version":"3.3.1","pluginClassName":null},{"__type":"DefaultPlugin","groupId":"org.apache.maven.plugins","artefactId":"maven-jar-plugin","version":"3.4.1","pluginClassName":null},{"__type":"DefaultPlugin","groupId":"org.apache.maven.plugins","artefactId":"maven-surefire-plugin","version":"3.0.0-M5","pluginClassName":null},{"__type":"DefaultPlugin","groupId":"org.apache.maven.plugins","artefactId":"maven-install-plugin","version":"3.1.2","pluginClassName":null},{"__type":"DefaultPlugin","groupId":"org.apache.maven.plugins","artefactId":"maven-deploy-plugin","version":"2.8.2","pluginClassName":null},{"__type":"DefaultPlugin","groupId":"org.apache.maven.plugins","artefactId":"maven-site-plugin","version":"3.12.1","pluginClassName":null}],"version":"3.9.12","encoding":"UTF-8","name":"maven","subModules":[],"simpleModuleName":null,"parentModuleName":"com.paritytrading.parity:parity-parent","location":"/home/jbergqvist/diffblue/paritytrading-parity/libraries/file","fullModuleName":"com.paritytrading.parity:parity-file"},{"__type":"DefaultProjectModule","junitReport":["/home/jbergqvist/diffblue/paritytrading-parity/libraries/match/target/surefire-reports"],"jacocoReport":["/home/jbergqvist/diffblue/paritytrading-parity/libraries/match/target/site/jacoco/jacoco.xml"],"jacocoDestFile":["/home/jbergqvist/diffblue/paritytrading-parity/libraries/match/target/jacoco.exec"],"jacocoFormats":["xml"],"jacocoSkipped":false,"classpath":["/home/jbergqvist/diffblue/paritytrading-parity/libraries/match/target/classes"],"complianceLevel":"1.8","productionSources":["/home/jbergqvist/diffblue/paritytrading-parity/libraries/match/src/main/java"],"testSources":["/home/jbergqvist/diffblue/paritytrading-parity/libraries/match/src/test/java"],"productionClasses":"/home/jbergqvist/diffblue/paritytrading-parity/libraries/match/target/classes","testClasses":"/home/jbergqvist/diffblue/paritytrading-parity/libraries/match/target/test-classes","sourceToBuildPathMap":null,"testSourceToBuildPathMap":null,"buildDirectory":"/home/jbergqvist/diffblue/paritytrading-parity/libraries/match/target","plugins":[{"__type":"DefaultPlugin","groupId":"org.apache.maven.plugins","artefactId":"maven-enforcer-plugin","version":"1.0","pluginClassName":null},{"__type":"DefaultPlugin","groupId":"org.apache.maven.plugins","artefactId":"maven-checkstyle-plugin","version":"3.1.0","pluginClassName":null},{"__type":"DefaultPlugin","groupId":"org.apache.maven.plugins","artefactId":"maven-compiler-plugin","version":"3.8.0","pluginClassName":null},{"__type":"DefaultPlugin","groupId":"org.apache.maven.plugins","artefactId":"maven-javadoc-plugin","version":"3.0.1","pluginClassName":null},{"__type":"DefaultPlugin","groupId":"org.apache.maven.plugins","artefactId":"maven-release-plugin","version":"2.5.3","pluginClassName":null},{"__type":"DefaultPlugin","groupId":"org.apache.maven.plugins","artefactId":"maven-clean-plugin","version":"3.2.0","pluginClassName":null},{"__type":"DefaultPlugin","groupId":"org.apache.maven.plugins","artefactId":"maven-resources-plugin","version":"3.3.1","pluginClassName":null},{"__type":"DefaultPlugin","groupId":"org.apache.maven.plugins","artefactId":"maven-jar-plugin","version":"3.4.1","pluginClassName":null},{"__type":"DefaultPlugin","groupId":"org.apache.maven.plugins","artefactId":"maven-surefire-plugin","version":"3.0.0-M5","pluginClassName":null},{"__type":"DefaultPlugin","groupId":"org.apache.maven.plugins","artefactId":"maven-install-plugin","version":"3.1.2","pluginClassName":null},{"__type":"DefaultPlugin","groupId":"org.apache.maven.plugins","artefactId":"maven-deploy-plugin","version":"2.8.2","pluginClassName":null},{"__type":"DefaultPlugin","groupId":"org.apache.maven.plugins","artefactId":"maven-site-plugin","version":"3.12.1","pluginClassName":null}],"version":"3.9.12","encoding":"UTF-8","name":"maven","subModules":[],"simpleModuleName":null,"parentModuleName":"com.paritytrading.parity:parity-parent","location":"/home/jbergqvist/diffblue/paritytrading-parity/libraries/match","fullModuleName":"com.paritytrading.parity:parity-match"},{"__type":"DefaultProjectModule","junitReport":["/home/jbergqvist/diffblue/paritytrading-parity/libraries/net/target/surefire-reports"],"jacocoReport":["/home/jbergqvist/diffblue/paritytrading-parity/libraries/net/target/site/jacoco/jacoco.xml"],"jacocoDestFile":["/home/jbergqvist/diffblue/paritytrading-parity/libraries/net/target/jacoco.exec"],"jacocoFormats":["xml"],"jacocoSkipped":false,"classpath":["/home/jbergqvist/diffblue/paritytrading-parity/libraries/net/target/classes"],"complianceLevel":"1.8","productionSources":["/home/jbergqvist/diffblue/paritytrading-parity/libraries/net/src/main/java"],"testSources":["/home/jbergqvist/diffblue/paritytrading-parity/libraries/net/src/test/java"],"productionClasses":"/home/jbergqvist/diffblue/paritytrading-parity/libraries/net/target/classes","testClasses":"/home/jbergqvist/diffblue/paritytrading-parity/libraries/net/target/test-classes","sourceToBuildPathMap":null,"testSourceToBuildPathMap":null,"buildDirectory":"/home/jbergqvist/diffblue/paritytrading-parity/libraries/net/target","plugins":[{"__type":"DefaultPlugin","groupId":"org.apache.maven.plugins","artefactId":"maven-enforcer-plugin","version":"1.0","pluginClassName":null},{"__type":"DefaultPlugin","groupId":"org.apache.maven.plugins","artefactId":"maven-checkstyle-plugin","version":"3.1.0","pluginClassName":null},{"__type":"DefaultPlugin","groupId":"org.apache.maven.plugins","artefactId":"maven-compiler-plugin","version":"3.8.0","pluginClassName":null},{"__type":"DefaultPlugin","groupId":"org.apache.maven.plugins","artefactId":"maven-javadoc-plugin","version":"3.0.1","pluginClassName":null},{"__type":"DefaultPlugin","groupId":"org.apache.maven.plugins","artefactId":"maven-release-plugin","version":"2.5.3","pluginClassName":null},{"__type":"DefaultPlugin","groupId":"org.apache.maven.plugins","artefactId":"maven-clean-plugin","version":"3.2.0","pluginClassName":null},{"__type":"DefaultPlugin","groupId":"org.apache.maven.plugins","artefactId":"maven-resources-plugin","version":"3.3.1","pluginClassName":null},{"__type":"DefaultPlugin","groupId":"org.apache.maven.plugins","artefactId":"maven-jar-plugin","version":"3.4.1","pluginClassName":null},{"__type":"DefaultPlugin","groupId":"org.apache.maven.plugins","artefactId":"maven-surefire-plugin","version":"3.0.0-M5","pluginClassName":null},{"__type":"DefaultPlugin","groupId":"org.apache.maven.plugins","artefactId":"maven-install-plugin","version":"3.1.2","pluginClassName":null},{"__type":"DefaultPlugin","groupId":"org.apache.maven.plugins","artefactId":"maven-deploy-plugin","version":"2.8.2","pluginClassName":null},{"__type":"DefaultPlugin","groupId":"org.apache.maven.plugins","artefactId":"maven-site-plugin","version":"3.12.1","pluginClassName":null}],"version":"3.9.12","encoding":"UTF-8","name":"maven","subModules":[],"simpleModuleName":null,"parentModuleName":"com.paritytrading.parity:parity-parent","location":"/home/jbergqvist/diffblue/paritytrading-parity/libraries/net","fullModuleName":"com.paritytrading.parity:parity-net"},{"__type":"DefaultProjectModule","junitReport":["/home/jbergqvist/diffblue/paritytrading-parity/libraries/util/target/surefire-reports"],"jacocoReport":["/home/jbergqvist/diffblue/paritytrading-parity/libraries/util/target/site/jacoco/jacoco.xml"],"jacocoDestFile":["/home/jbergqvist/diffblue/paritytrading-parity/libraries/util/target/jacoco.exec"],"jacocoFormats":["xml"],"jacocoSkipped":false,"classpath":["/home/jbergqvist/diffblue/paritytrading-parity/libraries/util/target/classes"],"complianceLevel":"1.8","productionSources":["/home/jbergqvist/diffblue/paritytrading-parity/libraries/util/src/main/java"],"testSources":["/home/jbergqvist/diffblue/paritytrading-parity/libraries/util/src/test/java"],"productionClasses":"/home/jbergqvist/diffblue/paritytrading-parity/libraries/util/target/classes","testClasses":"/home/jbergqvist/diffblue/paritytrading-parity/libraries/util/target/test-classes","sourceToBuildPathMap":null,"testSourceToBuildPathMap":null,"buildDirectory":"/home/jbergqvist/diffblue/paritytrading-parity/libraries/util/target","plugins":[{"__type":"DefaultPlugin","groupId":"org.apache.maven.plugins","artefactId":"maven-enforcer-plugin","version":"1.0","pluginClassName":null},{"__type":"DefaultPlugin","groupId":"org.apache.maven.plugins","artefactId":"maven-checkstyle-plugin","version":"3.1.0","pluginClassName":null},{"__type":"DefaultPlugin","groupId":"org.apache.maven.plugins","artefactId":"maven-compiler-plugin","version":"3.8.0","pluginClassName":null},{"__type":"DefaultPlugin","groupId":"org.apache.maven.plugins","artefactId":"maven-javadoc-plugin","version":"3.0.1","pluginClassName":null},{"__type":"DefaultPlugin","groupId":"org.apache.maven.plugins","artefactId":"maven-release-plugin","version":"2.5.3","pluginClassName":null},{"__type":"DefaultPlugin","groupId":"org.apache.maven.plugins","artefactId":"maven-clean-plugin","version":"3.2.0","pluginClassName":null},{"__type":"DefaultPlugin","groupId":"org.apache.maven.plugins","artefactId":"maven-resources-plugin","version":"3.3.1","pluginClassName":null},{"__type":"DefaultPlugin","groupId":"org.apache.maven.plugins","artefactId":"maven-jar-plugin","version":"3.4.1","pluginClassName":null},{"__type":"DefaultPlugin","groupId":"org.apache.maven.plugins","artefactId":"maven-surefire-plugin","version":"3.0.0-M5","pluginClassName":null},{"__type":"DefaultPlugin","groupId":"org.apache.maven.plugins","artefactId":"maven-install-plugin","version":"3.1.2","pluginClassName":null},{"__type":"DefaultPlugin","groupId":"org.apache.maven.plugins","artefactId":"maven-deploy-plugin","version":"2.8.2","pluginClassName":null},{"__type":"DefaultPlugin","groupId":"org.apache.maven.plugins","artefactId":"maven-site-plugin","version":"3.12.1","pluginClassName":null}],"version":"3.9.12","encoding":"UTF-8","name":"maven","subModules":[],"simpleModuleName":null,"parentModuleName":"com.paritytrading.parity:parity-parent","location":"/home/jbergqvist/diffblue/paritytrading-parity/libraries/util","fullModuleName":"com.paritytrading.parity:parity-util"},{"__type":"DefaultProjectModule","junitReport":["/home/jbergqvist/diffblue/paritytrading-parity/applications/client/target/surefire-reports"],"jacocoReport":["/home/jbergqvist/diffblue/paritytrading-parity/applications/client/target/site/jacoco/jacoco.xml"],"jacocoDestFile":["/home/jbergqvist/diffblue/paritytrading-parity/applications/client/target/jacoco.exec"],"jacocoFormats":["xml"],"jacocoSkipped":false,"classpath":["/home/jbergqvist/diffblue/paritytrading-parity/applications/client/target/classes"],"complianceLevel":"1.8","productionSources":["/home/jbergqvist/diffblue/paritytrading-parity/applications/client/src/main/java"],"testSources":["/home/jbergqvist/diffblue/paritytrading-parity/applications/client/src/test/java"],"productionClasses":"/home/jbergqvist/diffblue/paritytrading-parity/applications/client/target/classes","testClasses":"/home/jbergqvist/diffblue/paritytrading-parity/applications/client/target/test-classes","sourceToBuildPathMap":null,"testSourceToBuildPathMap":null,"buildDirectory":"/home/jbergqvist/diffblue/paritytrading-parity/applications/client/target","plugins":[{"__type":"DefaultPlugin","groupId":"org.apache.maven.plugins","artefactId":"maven-enforcer-plugin","version":"1.0","pluginClassName":null},{"__type":"DefaultPlugin","groupId":"org.apache.maven.plugins","artefactId":"maven-checkstyle-plugin","version":"3.1.0","pluginClassName":null},{"__type":"DefaultPlugin","groupId":"org.apache.maven.plugins","artefactId":"maven-compiler-plugin","version":"3.8.0","pluginClassName":null},{"__type":"DefaultPlugin","groupId":"org.apache.maven.plugins","artefactId":"maven-javadoc-plugin","version":"3.0.1","pluginClassName":null},{"__type":"DefaultPlugin","groupId":"org.apache.maven.plugins","artefactId":"maven-release-plugin","version":"2.5.3","pluginClassName":null},{"__type":"DefaultPlugin","groupId":"org.apache.maven.plugins","artefactId":"maven-deploy-plugin","version":"2.8.2","pluginClassName":null},{"__type":"DefaultPlugin","groupId":"org.apache.maven.plugins","artefactId":"maven-shade-plugin","version":"3.2.1","pluginClassName":null},{"__type":"DefaultPlugin","groupId":"org.apache.maven.plugins","artefactId":"maven-clean-plugin","version":"3.2.0","pluginClassName":null},{"__type":"DefaultPlugin","groupId":"org.apache.maven.plugins","artefactId":"maven-resources-plugin","version":"3.3.1","pluginClassName":null},{"__type":"DefaultPlugin","groupId":"org.apache.maven.plugins","artefactId":"maven-jar-plugin","version":"3.4.1","pluginClassName":null},{"__type":"DefaultPlugin","groupId":"org.apache.maven.plugins","artefactId":"maven-surefire-plugin","version":"3.0.0-M5","pluginClassName":null},{"__type":"DefaultPlugin","groupId":"org.apache.maven.plugins","artefactId":"maven-install-plugin","version":"3.1.2","pluginClassName":null},{"__type":"DefaultPlugin","groupId":"org.apache.maven.plugins","artefactId":"maven-site-plugin","version":"3.12.1","pluginClassName":null}],"version":"3.9.12","encoding":"UTF-8","name":"maven","subModules":[],"simpleModuleName":null,"parentModuleName":"com.paritytrading.parity:parity-parent","location":"/home/jbergqvist/diffblue/paritytrading-parity/applications/client","fullModuleName":"com.paritytrading.parity:parity-client"},{"__type":"DefaultProjectModule","junitReport":["/home/jbergqvist/diffblue/paritytrading-parity/applications/fix/target/surefire-reports"],"jacocoReport":["/home/jbergqvist/diffblue/paritytrading-parity/applications/fix/target/site/jacoco/jacoco.xml"],"jacocoDestFile":["/home/jbergqvist/diffblue/paritytrading-parity/applications/fix/target/jacoco.exec"],"jacocoFormats":["xml"],"jacocoSkipped":false,"classpath":["/home/jbergqvist/diffblue/paritytrading-parity/applications/fix/target/classes"],"complianceLevel":"1.8","productionSources":["/home/jbergqvist/diffblue/paritytrading-parity/applications/fix/src/main/java"],"testSources":["/home/jbergqvist/diffblue/paritytrading-parity/applications/fix/src/test/java"],"productionClasses":"/home/jbergqvist/diffblue/paritytrading-parity/applications/fix/target/classes","testClasses":"/home/jbergqvist/diffblue/paritytrading-parity/applications/fix/target/test-classes","sourceToBuildPathMap":null,"testSourceToBuildPathMap":null,"buildDirectory":"/home/jbergqvist/diffblue/paritytrading-parity/applications/fix/target","plugins":[{"__type":"DefaultPlugin","groupId":"org.apache.maven.plugins","artefactId":"maven-enforcer-plugin","version":"1.0","pluginClassName":null},{"__type":"DefaultPlugin","groupId":"org.apache.maven.plugins","artefactId":"maven-checkstyle-plugin","version":"3.1.0","pluginClassName":null},{"__type":"DefaultPlugin","groupId":"org.apache.maven.plugins","artefactId":"maven-compiler-plugin","version":"3.8.0","pluginClassName":null},{"__type":"DefaultPlugin","groupId":"org.apache.maven.plugins","artefactId":"maven-javadoc-plugin","version":"3.0.1","pluginClassName":null},{"__type":"DefaultPlugin","groupId":"org.apache.maven.plugins","artefactId":"maven-release-plugin","version":"2.5.3","pluginClassName":null},{"__type":"DefaultPlugin","groupId":"org.apache.maven.plugins","artefactId":"maven-deploy-plugin","version":"2.8.2","pluginClassName":null},{"__type":"DefaultPlugin","groupId":"org.apache.maven.plugins","artefactId":"maven-shade-plugin","version":"3.2.1","pluginClassName":null},{"__type":"DefaultPlugin","groupId":"org.apache.maven.plugins","artefactId":"maven-clean-plugin","version":"3.2.0","pluginClassName":null},{"__type":"DefaultPlugin","groupId":"org.apache.maven.plugins","artefactId":"maven-resources-plugin","version":"3.3.1","pluginClassName":null},{"__type":"DefaultPlugin","groupId":"org.apache.maven.plugins","artefactId":"maven-jar-plugin","version":"3.4.1","pluginClassName":null},{"__type":"DefaultPlugin","groupId":"org.apache.maven.plugins","artefactId":"maven-surefire-plugin","version":"3.0.0-M5","pluginClassName":null},{"__type":"DefaultPlugin","groupId":"org.apache.maven.plugins","artefactId":"maven-install-plugin","version":"3.1.2","pluginClassName":null},{"__type":"DefaultPlugin","groupId":"org.apache.maven.plugins","artefactId":"maven-site-plugin","version":"3.12.1","pluginClassName":null}],"version":"3.9.12","encoding":"UTF-8","name":"maven","subModules":[],"simpleModuleName":null,"parentModuleName":"com.paritytrading.parity:parity-parent","location":"/home/jbergqvist/diffblue/paritytrading-parity/applications/fix","fullModuleName":"com.paritytrading.parity:parity-fix"},{"__type":"DefaultProjectModule","junitReport":["/home/jbergqvist/diffblue/paritytrading-parity/applications/reporter/target/surefire-reports"],"jacocoReport":["/home/jbergqvist/diffblue/paritytrading-parity/applications/reporter/target/site/jacoco/jacoco.xml"],"jacocoDestFile":["/home/jbergqvist/diffblue/paritytrading-parity/applications/reporter/target/jacoco.exec"],"jacocoFormats":["xml"],"jacocoSkipped":false,"classpath":["/home/jbergqvist/diffblue/paritytrading-parity/applications/reporter/target/classes"],"complianceLevel":"1.8","productionSources":["/home/jbergqvist/diffblue/paritytrading-parity/applications/reporter/src/main/java"],"testSources":["/home/jbergqvist/diffblue/paritytrading-parity/applications/reporter/src/test/java"],"productionClasses":"/home/jbergqvist/diffblue/paritytrading-parity/applications/reporter/target/classes","testClasses":"/home/jbergqvist/diffblue/paritytrading-parity/applications/reporter/target/test-classes","sourceToBuildPathMap":null,"testSourceToBuildPathMap":null,"buildDirectory":"/home/jbergqvist/diffblue/paritytrading-parity/applications/reporter/target","plugins":[{"__type":"DefaultPlugin","groupId":"org.apache.maven.plugins","artefactId":"maven-enforcer-plugin","version":"1.0","pluginClassName":null},{"__type":"DefaultPlugin","groupId":"org.apache.maven.plugins","artefactId":"maven-checkstyle-plugin","version":"3.1.0","pluginClassName":null},{"__type":"DefaultPlugin","groupId":"org.apache.maven.plugins","artefactId":"maven-compiler-plugin","version":"3.8.0","pluginClassName":null},{"__type":"DefaultPlugin","groupId":"org.apache.maven.plugins","artefactId":"maven-javadoc-plugin","version":"3.0.1","pluginClassName":null},{"__type":"DefaultPlugin","groupId":"org.apache.maven.plugins","artefactId":"maven-release-plugin","version":"2.5.3","pluginClassName":null},{"__type":"DefaultPlugin","groupId":"org.apache.maven.plugins","artefactId":"maven-deploy-plugin","version":"2.8.2","pluginClassName":null},{"__type":"DefaultPlugin","groupId":"org.apache.maven.plugins","artefactId":"maven-shade-plugin","version":"3.2.1","pluginClassName":null},{"__type":"DefaultPlugin","groupId":"org.apache.maven.plugins","artefactId":"maven-clean-plugin","version":"3.2.0","pluginClassName":null},{"__type":"DefaultPlugin","groupId":"org.apache.maven.plugins","artefactId":"maven-resources-plugin","version":"3.3.1","pluginClassName":null},{"__type":"DefaultPlugin","groupId":"org.apache.maven.plugins","artefactId":"maven-jar-plugin","version":"3.4.1","pluginClassName":null},{"__type":"DefaultPlugin","groupId":"org.apache.maven.plugins","artefactId":"maven-surefire-plugin","version":"3.0.0-M5","pluginClassName":null},{"__type":"DefaultPlugin","groupId":"org.apache.maven.plugins","artefactId":"maven-install-plugin","version":"3.1.2","pluginClassName":null},{"__type":"DefaultPlugin","groupId":"org.apache.maven.plugins","artefactId":"maven-site-plugin","version":"3.12.1","pluginClassName":null}],"version":"3.9.12","encoding":"UTF-8","name":"maven","subModules":[],"simpleModuleName":null,"parentModuleName":"com.paritytrading.parity:parity-parent","location":"/home/jbergqvist/diffblue/paritytrading-parity/applications/reporter","fullModuleName":"com.paritytrading.parity:parity-reporter"},{"__type":"DefaultProjectModule","junitReport":["/home/jbergqvist/diffblue/paritytrading-parity/applications/system/target/surefire-reports"],"jacocoReport":["/home/jbergqvist/diffblue/paritytrading-parity/applications/system/target/site/jacoco/jacoco.xml"],"jacocoDestFile":["/home/jbergqvist/diffblue/paritytrading-parity/applications/system/target/jacoco.exec"],"jacocoFormats":["xml"],"jacocoSkipped":false,"classpath":["/home/jbergqvist/diffblue/paritytrading-parity/applications/system/target/classes"],"complianceLevel":"1.8","productionSources":["/home/jbergqvist/diffblue/paritytrading-parity/applications/system/src/main/java"],"testSources":["/home/jbergqvist/diffblue/paritytrading-parity/applications/system/src/test/java"],"productionClasses":"/home/jbergqvist/diffblue/paritytrading-parity/applications/system/target/classes","testClasses":"/home/jbergqvist/diffblue/paritytrading-parity/applications/system/target/test-classes","sourceToBuildPathMap":null,"testSourceToBuildPathMap":null,"buildDirectory":"/home/jbergqvist/diffblue/paritytrading-parity/applications/system/target","plugins":[{"__type":"DefaultPlugin","groupId":"org.apache.maven.plugins","artefactId":"maven-enforcer-plugin","version":"1.0","pluginClassName":null},{"__type":"DefaultPlugin","groupId":"org.apache.maven.plugins","artefactId":"maven-checkstyle-plugin","version":"3.1.0","pluginClassName":null},{"__type":"DefaultPlugin","groupId":"org.apache.maven.plugins","artefactId":"maven-compiler-plugin","version":"3.8.0","pluginClassName":null},{"__type":"DefaultPlugin","groupId":"org.apache.maven.plugins","artefactId":"maven-javadoc-plugin","version":"3.0.1","pluginClassName":null},{"__type":"DefaultPlugin","groupId":"org.apache.maven.plugins","artefactId":"maven-release-plugin","version":"2.5.3","pluginClassName":null},{"__type":"DefaultPlugin","groupId":"org.apache.maven.plugins","artefactId":"maven-deploy-plugin","version":"2.8.2","pluginClassName":null},{"__type":"DefaultPlugin","groupId":"org.apache.maven.plugins","artefactId":"maven-shade-plugin","version":"3.2.1","pluginClassName":null},{"__type":"DefaultPlugin","groupId":"org.apache.maven.plugins","artefactId":"maven-clean-plugin","version":"3.2.0","pluginClassName":null},{"__type":"DefaultPlugin","groupId":"org.apache.maven.plugins","artefactId":"maven-resources-plugin","version":"3.3.1","pluginClassName":null},{"__type":"DefaultPlugin","groupId":"org.apache.maven.plugins","artefactId":"maven-jar-plugin","version":"3.4.1","pluginClassName":null},{"__type":"DefaultPlugin","groupId":"org.apache.maven.plugins","artefactId":"maven-surefire-plugin","version":"3.0.0-M5","pluginClassName":null},{"__type":"DefaultPlugin","groupId":"org.apache.maven.plugins","artefactId":"maven-install-plugin","version":"3.1.2","pluginClassName":null},{"__type":"DefaultPlugin","groupId":"org.apache.maven.plugins","artefactId":"maven-site-plugin","version":"3.12.1","pluginClassName":null}],"version":"3.9.12","encoding":"UTF-8","name":"maven","subModules":[],"simpleModuleName":null,"parentModuleName":"com.paritytrading.parity:parity-parent","location":"/home/jbergqvist/diffblue/paritytrading-parity/applications/system","fullModuleName":"com.paritytrading.parity:parity-system"},{"__type":"DefaultProjectModule","junitReport":["/home/jbergqvist/diffblue/paritytrading-parity/applications/ticker/target/surefire-reports"],"jacocoReport":["/home/jbergqvist/diffblue/paritytrading-parity/applications/ticker/target/site/jacoco/jacoco.xml"],"jacocoDestFile":["/home/jbergqvist/diffblue/paritytrading-parity/applications/ticker/target/jacoco.exec"],"jacocoFormats":["xml"],"jacocoSkipped":false,"classpath":["/home/jbergqvist/diffblue/paritytrading-parity/applications/ticker/target/classes"],"complianceLevel":"1.8","productionSources":["/home/jbergqvist/diffblue/paritytrading-parity/applications/ticker/src/main/java"],"testSources":["/home/jbergqvist/diffblue/paritytrading-parity/applications/ticker/src/test/java"],"productionClasses":"/home/jbergqvist/diffblue/paritytrading-parity/applications/ticker/target/classes","testClasses":"/home/jbergqvist/diffblue/paritytrading-parity/applications/ticker/target/test-classes","sourceToBuildPathMap":null,"testSourceToBuildPathMap":null,"buildDirectory":"/home/jbergqvist/diffblue/paritytrading-parity/applications/ticker/target","plugins":[{"__type":"DefaultPlugin","groupId":"org.apache.maven.plugins","artefactId":"maven-enforcer-plugin","version":"1.0","pluginClassName":null},{"__type":"DefaultPlugin","groupId":"org.apache.maven.plugins","artefactId":"maven-checkstyle-plugin","version":"3.1.0","pluginClassName":null},{"__type":"DefaultPlugin","groupId":"org.apache.maven.plugins","artefactId":"maven-compiler-plugin","version":"3.8.0","pluginClassName":null},{"__type":"DefaultPlugin","groupId":"org.apache.maven.plugins","artefactId":"maven-javadoc-plugin","version":"3.0.1","pluginClassName":null},{"__type":"DefaultPlugin","groupId":"org.apache.maven.plugins","artefactId":"maven-release-plugin","version":"2.5.3","pluginClassName":null},{"__type":"DefaultPlugin","groupId":"org.apache.maven.plugins","artefactId":"maven-deploy-plugin","version":"2.8.2","pluginClassName":null},{"__type":"DefaultPlugin","groupId":"org.apache.maven.plugins","artefactId":"maven-shade-plugin","version":"3.2.1","pluginClassName":null},{"__type":"DefaultPlugin","groupId":"org.apache.maven.plugins","artefactId":"maven-clean-plugin","version":"3.2.0","pluginClassName":null},{"__type":"DefaultPlugin","groupId":"org.apache.maven.plugins","artefactId":"maven-resources-plugin","version":"3.3.1","pluginClassName":null},{"__type":"DefaultPlugin","groupId":"org.apache.maven.plugins","artefactId":"maven-jar-plugin","version":"3.4.1","pluginClassName":null},{"__type":"DefaultPlugin","groupId":"org.apache.maven.plugins","artefactId":"maven-surefire-plugin","version":"3.0.0-M5","pluginClassName":null},{"__type":"DefaultPlugin","groupId":"org.apache.maven.plugins","artefactId":"maven-install-plugin","version":"3.1.2","pluginClassName":null},{"__type":"DefaultPlugin","groupId":"org.apache.maven.plugins","artefactId":"maven-site-plugin","version":"3.12.1","pluginClassName":null}],"version":"3.9.12","encoding":"UTF-8","name":"maven","subModules":[],"simpleModuleName":null,"parentModuleName":"com.paritytrading.parity:parity-parent","location":"/home/jbergqvist/diffblue/paritytrading-parity/applications/ticker","fullModuleName":"com.paritytrading.parity:parity-ticker"},{"__type":"DefaultProjectModule","junitReport":["/home/jbergqvist/diffblue/paritytrading-parity/tests/book-perf-test/target/surefire-reports"],"jacocoReport":["/home/jbergqvist/diffblue/paritytrading-parity/tests/book-perf-test/target/site/jacoco/jacoco.xml"],"jacocoDestFile":["/home/jbergqvist/diffblue/paritytrading-parity/tests/book-perf-test/target/jacoco.exec"],"jacocoFormats":["xml"],"jacocoSkipped":false,"classpath":["/home/jbergqvist/diffblue/paritytrading-parity/tests/book-perf-test/target/classes"],"complianceLevel":"1.8","productionSources":["/home/jbergqvist/diffblue/paritytrading-parity/tests/book-perf-test/src/main/java"],"testSources":["/home/jbergqvist/diffblue/paritytrading-parity/tests/book-perf-test/src/test/java"],"productionClasses":"/home/jbergqvist/diffblue/paritytrading-parity/tests/book-perf-test/target/classes","testClasses":"/home/jbergqvist/diffblue/paritytrading-parity/tests/book-perf-test/target/test-classes","sourceToBuildPathMap":null,"testSourceToBuildPathMap":null,"buildDirectory":"/home/jbergqvist/diffblue/paritytrading-parity/tests/book-perf-test/target","plugins":[{"__type":"DefaultPlugin","groupId":"org.apache.maven.plugins","artefactId":"maven-enforcer-plugin","version":"1.0","pluginClassName":null},{"__type":"DefaultPlugin","groupId":"org.apache.maven.plugins","artefactId":"maven-checkstyle-plugin","version":"3.1.0","pluginClassName":null},{"__type":"DefaultPlugin","groupId":"org.apache.maven.plugins","artefactId":"maven-compiler-plugin","version":"3.8.0","pluginClassName":null},{"__type":"DefaultPlugin","groupId":"org.apache.maven.plugins","artefactId":"maven-javadoc-plugin","version":"3.0.1","pluginClassName":null},{"__type":"DefaultPlugin","groupId":"org.apache.maven.plugins","artefactId":"maven-release-plugin","version":"2.5.3","pluginClassName":null},{"__type":"DefaultPlugin","groupId":"org.apache.maven.plugins","artefactId":"maven-deploy-plugin","version":"2.8.2","pluginClassName":null},{"__type":"DefaultPlugin","groupId":"org.apache.maven.plugins","artefactId":"maven-shade-plugin","version":"3.2.1","pluginClassName":null},{"__type":"DefaultPlugin","groupId":"org.apache.maven.plugins","artefactId":"maven-clean-plugin","version":"3.2.0","pluginClassName":null},{"__type":"DefaultPlugin","groupId":"org.apache.maven.plugins","artefactId":"maven-resources-plugin","version":"3.3.1","pluginClassName":null},{"__type":"DefaultPlugin","groupId":"org.apache.maven.plugins","artefactId":"maven-jar-plugin","version":"3.4.1","pluginClassName":null},{"__type":"DefaultPlugin","groupId":"org.apache.maven.plugins","artefactId":"maven-surefire-plugin","version":"3.0.0-M5","pluginClassName":null},{"__type":"DefaultPlugin","groupId":"org.apache.maven.plugins","artefactId":"maven-install-plugin","version":"3.1.2","pluginClassName":null},{"__type":"DefaultPlugin","groupId":"org.apache.maven.plugins","artefactId":"maven-site-plugin","version":"3.12.1","pluginClassName":null}],"version":"3.9.12","encoding":"UTF-8","name":"maven","subModules":[],"simpleModuleName":null,"parentModuleName":"com.paritytrading.parity:parity-parent","location":"/home/jbergqvist/diffblue/paritytrading-parity/tests/book-perf-test","fullModuleName":"com.paritytrading.parity:parity-book-perf-test"},{"__type":"DefaultProjectModule","junitReport":["/home/jbergqvist/diffblue/paritytrading-parity/tests/match-perf-test/target/surefire-reports"],"jacocoReport":["/home/jbergqvist/diffblue/paritytrading-parity/tests/match-perf-test/target/site/jacoco/jacoco.xml"],"jacocoDestFile":["/home/jbergqvist/diffblue/paritytrading-parity/tests/match-perf-test/target/jacoco.exec"],"jacocoFormats":["xml"],"jacocoSkipped":false,"classpath":["/home/jbergqvist/diffblue/paritytrading-parity/tests/match-perf-test/target/classes"],"complianceLevel":"1.8","productionSources":["/home/jbergqvist/diffblue/paritytrading-parity/tests/match-perf-test/src/main/java"],"testSources":["/home/jbergqvist/diffblue/paritytrading-parity/tests/match-perf-test/src/test/java"],"productionClasses":"/home/jbergqvist/diffblue/paritytrading-parity/tests/match-perf-test/target/classes","testClasses":"/home/jbergqvist/diffblue/paritytrading-parity/tests/match-perf-test/target/test-classes","sourceToBuildPathMap":null,"testSourceToBuildPathMap":null,"buildDirectory":"/home/jbergqvist/diffblue/paritytrading-parity/tests/match-perf-test/target","plugins":[{"__type":"DefaultPlugin","groupId":"org.apache.maven.plugins","artefactId":"maven-enforcer-plugin","version":"1.0","pluginClassName":null},{"__type":"DefaultPlugin","groupId":"org.apache.maven.plugins","artefactId":"maven-checkstyle-plugin","version":"3.1.0","pluginClassName":null},{"__type":"DefaultPlugin","groupId":"org.apache.maven.plugins","artefactId":"maven-compiler-plugin","version":"3.8.0","pluginClassName":null},{"__type":"DefaultPlugin","groupId":"org.apache.maven.plugins","artefactId":"maven-javadoc-plugin","version":"3.0.1","pluginClassName":null},{"__type":"DefaultPlugin","groupId":"org.apache.maven.plugins","artefactId":"maven-release-plugin","version":"2.5.3","pluginClassName":null},{"__type":"DefaultPlugin","groupId":"org.apache.maven.plugins","artefactId":"maven-deploy-plugin","version":"2.8.2","pluginClassName":null},{"__type":"DefaultPlugin","groupId":"org.apache.maven.plugins","artefactId":"maven-shade-plugin","version":"3.2.1","pluginClassName":null},{"__type":"DefaultPlugin","groupId":"org.apache.maven.plugins","artefactId":"maven-clean-plugin","version":"3.2.0","pluginClassName":null},{"__type":"DefaultPlugin","groupId":"org.apache.maven.plugins","artefactId":"maven-resources-plugin","version":"3.3.1","pluginClassName":null},{"__type":"DefaultPlugin","groupId":"org.apache.maven.plugins","artefactId":"maven-jar-plugin","version":"3.4.1","pluginClassName":null},{"__type":"DefaultPlugin","groupId":"org.apache.maven.plugins","artefactId":"maven-surefire-plugin","version":"3.0.0-M5","pluginClassName":null},{"__type":"DefaultPlugin","groupId":"org.apache.maven.plugins","artefactId":"maven-install-plugin","version":"3.1.2","pluginClassName":null},{"__type":"DefaultPlugin","groupId":"org.apache.maven.plugins","artefactId":"maven-site-plugin","version":"3.12.1","pluginClassName":null}],"version":"3.9.12","encoding":"UTF-8","name":"maven","subModules":[],"simpleModuleName":null,"parentModuleName":"com.paritytrading.parity:parity-parent","location":"/home/jbergqvist/diffblue/paritytrading-parity/tests/match-perf-test","fullModuleName":"com.paritytrading.parity:parity-match-perf-test"}],"simpleModuleName":null,"parentModuleName":"org.sonatype.oss:oss-parent","location":"/home/jbergqvist/diffblue/paritytrading-parity","fullModuleName":"com.paritytrading.parity:parity-parent"}}
10:39:52.000 [INFO]   [Validating]  out: [INFO] ------------------------------------------------------------------------
10:39:52.000 [INFO]   [Validating]  out: [INFO] Reactor Summary for Parity (Parent) 0.7.1-SNAPSHOT:
10:39:52.000 [INFO]   [Validating]  out: [INFO] 
10:39:52.000 [INFO]   [Validating]  out: [INFO] Parity (Parent) .................................... SUCCESS [  0.661 s]
10:39:52.000 [INFO]   [Validating]  out: [INFO] Parity File Formats ................................ SUCCESS [  0.093 s]
10:39:52.000 [INFO]   [Validating]  out: [INFO] ------------------------------------------------------------------------
10:39:52.000 [INFO]   [Validating]  out: [INFO] BUILD SUCCESS
10:39:52.001 [INFO]   [Validating]  out: [INFO] ------------------------------------------------------------------------
10:39:52.001 [INFO]   [Validating]  out: [INFO] Total time:  0.931 s
10:39:52.001 [INFO]   [Validating]  out: [INFO] Finished at: 2026-01-20T10:39:51Z
10:39:52.001 [INFO]   [Validating]  out: [INFO] ------------------------------------------------------------------------
10:39:52.001 [INFO]   [Validating]  deserializing line [DIFFBLUE]{"__type":"com.diffblue.cover.buildsystem.model.ProjectInfoMessage","projectName":"com.paritytrading.parity:parity-parent","productionSources":["/home/jbergqvist/diffblue/paritytrading-parity/src/main/java"],"testSources":["/home/jbergqvist/diffblue/paritytrading-parity/src/test/java"],"location":"/home/jbergqvist/diffblue/paritytrading-parity"}
10:39:52.001 [INFO]   [Validating]  deserializing line [DIFFBLUE]{"__type":"com.diffblue.cover.buildsystem.model.ProjectInfoMessage","projectName":"com.paritytrading.parity:parity-book","productionSources":["/home/jbergqvist/diffblue/paritytrading-parity/libraries/book/src/main/java"],"testSources":["/home/jbergqvist/diffblue/paritytrading-parity/libraries/book/src/test/java"],"location":"/home/jbergqvist/diffblue/paritytrading-parity/libraries/book"}
10:39:52.002 [INFO]   [Validating]  deserializing line [DIFFBLUE]{"__type":"com.diffblue.cover.buildsystem.model.ProjectInfoMessage","projectName":"com.paritytrading.parity:parity-file","productionSources":["/home/jbergqvist/diffblue/paritytrading-parity/libraries/file/src/main/java"],"testSources":["/home/jbergqvist/diffblue/paritytrading-parity/libraries/file/src/test/java"],"location":"/home/jbergqvist/diffblue/paritytrading-parity/libraries/file"}
10:39:52.003 [INFO]   [Validating]  deserializing line [DIFFBLUE]{"__type":"com.diffblue.cover.buildsystem.model.ProjectInfoMessage","projectName":"com.paritytrading.parity:parity-match","productionSources":["/home/jbergqvist/diffblue/paritytrading-parity/libraries/match/src/main/java"],"testSources":["/home/jbergqvist/diffblue/paritytrading-parity/libraries/match/src/test/java"],"location":"/home/jbergqvist/diffblue/paritytrading-parity/libraries/match"}
10:39:52.004 [INFO]   [Validating]  deserializing line [DIFFBLUE]{"__type":"com.diffblue.cover.buildsystem.model.ProjectInfoMessage","projectName":"com.paritytrading.parity:parity-net","productionSources":["/home/jbergqvist/diffblue/paritytrading-parity/libraries/net/src/main/java"],"testSources":["/home/jbergqvist/diffblue/paritytrading-parity/libraries/net/src/test/java"],"location":"/home/jbergqvist/diffblue/paritytrading-parity/libraries/net"}
10:39:52.006 [INFO]   [Validating]  deserializing line [DIFFBLUE]{"__type":"com.diffblue.cover.buildsystem.model.ProjectInfoMessage","projectName":"com.paritytrading.parity:parity-util","productionSources":["/home/jbergqvist/diffblue/paritytrading-parity/libraries/util/src/main/java"],"testSources":["/home/jbergqvist/diffblue/paritytrading-parity/libraries/util/src/test/java"],"location":"/home/jbergqvist/diffblue/paritytrading-parity/libraries/util"}
10:39:52.007 [INFO]   [Validating]  deserializing line [DIFFBLUE]{"__type":"com.diffblue.cover.buildsystem.model.ProjectInfoMessage","projectName":"com.paritytrading.parity:parity-client","productionSources":["/home/jbergqvist/diffblue/paritytrading-parity/applications/client/src/main/java"],"testSources":["/home/jbergqvist/diffblue/paritytrading-parity/applications/client/src/test/java"],"location":"/home/jbergqvist/diffblue/paritytrading-parity/applications/client"}
10:39:52.008 [INFO]   [Validating]  deserializing line [DIFFBLUE]{"__type":"com.diffblue.cover.buildsystem.model.ProjectInfoMessage","projectName":"com.paritytrading.parity:parity-fix","productionSources":["/home/jbergqvist/diffblue/paritytrading-parity/applications/fix/src/main/java"],"testSources":["/home/jbergqvist/diffblue/paritytrading-parity/applications/fix/src/test/java"],"location":"/home/jbergqvist/diffblue/paritytrading-parity/applications/fix"}
10:39:52.009 [INFO]   [Validating]  deserializing line [DIFFBLUE]{"__type":"com.diffblue.cover.buildsystem.model.ProjectInfoMessage","projectName":"com.paritytrading.parity:parity-reporter","productionSources":["/home/jbergqvist/diffblue/paritytrading-parity/applications/reporter/src/main/java"],"testSources":["/home/jbergqvist/diffblue/paritytrading-parity/applications/reporter/src/test/java"],"location":"/home/jbergqvist/diffblue/paritytrading-parity/applications/reporter"}
10:39:52.010 [INFO]   [Validating]  deserializing line [DIFFBLUE]{"__type":"com.diffblue.cover.buildsystem.model.ProjectInfoMessage","projectName":"com.paritytrading.parity:parity-system","productionSources":["/home/jbergqvist/diffblue/paritytrading-parity/applications/system/src/main/java"],"testSources":["/home/jbergqvist/diffblue/paritytrading-parity/applications/system/src/test/java"],"location":"/home/jbergqvist/diffblue/paritytrading-parity/applications/system"}
10:39:52.011 [INFO]   [Validating]  deserializing line [DIFFBLUE]{"__type":"com.diffblue.cover.buildsystem.model.ProjectInfoMessage","projectName":"com.paritytrading.parity:parity-ticker","productionSources":["/home/jbergqvist/diffblue/paritytrading-parity/applications/ticker/src/main/java"],"testSources":["/home/jbergqvist/diffblue/paritytrading-parity/applications/ticker/src/test/java"],"location":"/home/jbergqvist/diffblue/paritytrading-parity/applications/ticker"}
10:39:52.012 [INFO]   [Validating]  deserializing line [DIFFBLUE]{"__type":"com.diffblue.cover.buildsystem.model.ProjectInfoMessage","projectName":"com.paritytrading.parity:parity-book-perf-test","productionSources":["/home/jbergqvist/diffblue/paritytrading-parity/tests/book-perf-test/src/main/java"],"testSources":["/home/jbergqvist/diffblue/paritytrading-parity/tests/book-perf-test/src/test/java"],"location":"/home/jbergqvist/diffblue/paritytrading-parity/tests/book-perf-test"}
10:39:52.013 [INFO]   [Validating]  deserializing line [DIFFBLUE]{"__type":"com.diffblue.cover.buildsystem.model.ProjectInfoMessage","projectName":"com.paritytrading.parity:parity-match-perf-test","productionSources":["/home/jbergqvist/diffblue/paritytrading-parity/tests/match-perf-test/src/main/java"],"testSources":["/home/jbergqvist/diffblue/paritytrading-parity/tests/match-perf-test/src/test/java"],"location":"/home/jbergqvist/diffblue/paritytrading-parity/tests/match-perf-test"}
10:39:52.033 [INFO]   [Validating]  maven:err process not stopped, joining thread
10:39:52.033 [INFO]   [Validating]  maven:out process not stopped, joining thread
10:39:52.034 [INFO]   [Validating]  This can take a couple of minutes.
10:39:52.035 [INFO]   [Validating]  Using default build rules as no custom rules found in any of [/home/jbergqvist/diffblue/paritytrading-parity/libraries/file, /home/jbergqvist/diffblue/paritytrading-parity]
10:39:52.036 [INFO]   [Validating]  Attempting to invoke mvnw in working directory: /home/jbergqvist/diffblue/paritytrading-parity
10:39:52.036 [INFO]   [Validating]  Attempting to invoke /home/jbergqvist/.sdkman/candidates/maven/current/bin/mvn in working directory: /home/jbergqvist/diffblue/paritytrading-parity
10:39:52.036 [INFO]   [Validating]  Started "/home/jbergqvist/.sdkman/candidates/maven/current/bin/mvn -Dmaven.ext.class.path=/opt/cover/cover-buildsystem-maven-spy-jar-with-dependencies.jar -Dcom.diffblue.cover.skipTests=true -DskipTestOptimizer --batch-mode --projects=com.paritytrading.parity:parity-file --global-settings=/home/jbergqvist/.sdkman/candidates/maven/current/conf/settings.xml org.apache.maven.plugins:maven-checkstyle-plugin:check -Dcheckstyle.failOnViolation=false clean test"
10:39:52.763 [INFO]   [Validating]  out: [INFO] Scanning for projects...
10:39:52.885 [INFO]   [Validating]  out: [INFO] 
10:39:52.885 [INFO]   [Validating]  out: [INFO] ----------------< com.paritytrading.parity:parity-file >----------------
10:39:52.885 [INFO]   [Validating]  out: [INFO] Building Parity File Formats 0.7.1-SNAPSHOT
10:39:52.885 [INFO]   [Validating]  out: [INFO]   from pom.xml
10:39:52.885 [INFO]   [Validating]  out: [INFO] --------------------------------[ jar ]---------------------------------
10:39:53.119 [INFO]   [Validating]  deserializing line [DIFFBLUE]{"__type":"com.diffblue.cover.buildsystem.model.DefaultEventMessage","project":"com.paritytrading.parity:parity-file","goal":"check","cause":null,"state":"STARTED"}
10:39:53.120 [INFO]   [Validating]  out: [INFO] 
10:39:53.120 [INFO]   [Validating]  out: [INFO] --- checkstyle:3.1.0:check (default-cli) @ parity-file ---
10:39:53.527 [INFO]   [Validating]  deserializing line [DIFFBLUE]{"__type":"com.diffblue.cover.buildsystem.model.DefaultEventMessage","project":"com.paritytrading.parity:parity-file","goal":"check","cause":null,"state":"SUCCESS"}
10:39:53.528 [INFO]   [Validating]  deserializing line [DIFFBLUE]{"__type":"com.diffblue.cover.buildsystem.model.DefaultEventMessage","project":"com.paritytrading.parity:parity-file","goal":"clean","cause":null,"state":"STARTED"}
10:39:53.529 [INFO]   [Validating]  out: [INFO] 
10:39:53.529 [INFO]   [Validating]  out: [INFO] --- clean:3.2.0:clean (default-clean) @ parity-file ---
10:39:53.548 [INFO]   [Validating]  out: [INFO] Deleting /home/jbergqvist/diffblue/paritytrading-parity/libraries/file/target
10:39:53.553 [INFO]   [Validating]  deserializing line [DIFFBLUE]{"__type":"com.diffblue.cover.buildsystem.model.DefaultEventMessage","project":"com.paritytrading.parity:parity-file","goal":"clean","cause":null,"state":"SUCCESS"}
10:39:53.555 [INFO]   [Validating]  deserializing line [DIFFBLUE]{"__type":"com.diffblue.cover.buildsystem.model.DefaultEventMessage","project":"com.paritytrading.parity:parity-file","goal":"enforce","cause":null,"state":"STARTED"}
10:39:53.555 [INFO]   [Validating]  out: [INFO] 
10:39:53.555 [INFO]   [Validating]  out: [INFO] --- enforcer:1.0:enforce (enforce-maven) @ parity-file ---
10:39:53.609 [INFO]   [Validating]  deserializing line [DIFFBLUE]{"__type":"com.diffblue.cover.buildsystem.model.DefaultEventMessage","project":"com.paritytrading.parity:parity-file","goal":"enforce","cause":null,"state":"SUCCESS"}
10:39:53.610 [INFO]   [Validating]  deserializing line [DIFFBLUE]{"__type":"com.diffblue.cover.buildsystem.model.DefaultEventMessage","project":"com.paritytrading.parity:parity-file","goal":"resources","cause":null,"state":"STARTED"}
10:39:53.611 [INFO]   [Validating]  out: [INFO] 
10:39:53.611 [INFO]   [Validating]  out: [INFO] --- resources:3.3.1:resources (default-resources) @ parity-file ---
10:39:53.645 [INFO]   [Validating]  out: [INFO] skip non existing resourceDirectory /home/jbergqvist/diffblue/paritytrading-parity/libraries/file/src/main/resources
10:39:53.646 [INFO]   [Validating]  deserializing line [DIFFBLUE]{"__type":"com.diffblue.cover.buildsystem.model.DefaultEventMessage","project":"com.paritytrading.parity:parity-file","goal":"resources","cause":null,"state":"SUCCESS"}
10:39:53.647 [INFO]   [Validating]  deserializing line [DIFFBLUE]{"__type":"com.diffblue.cover.buildsystem.model.DefaultEventMessage","project":"com.paritytrading.parity:parity-file","goal":"compile","cause":null,"state":"STARTED"}
10:39:53.647 [INFO]   [Validating]  out: [INFO] 
10:39:53.647 [INFO]   [Validating]  out: [INFO] --- compiler:3.8.0:compile (default-compile) @ parity-file ---
10:39:53.720 [INFO]   [Validating]  out: [INFO] Changes detected - recompiling the module!
10:39:53.722 [INFO]   [Validating]  out: [INFO] Compiling 4 source files to /home/jbergqvist/diffblue/paritytrading-parity/libraries/file/target/classes
10:39:54.012 [INFO]   [Validating]  deserializing line [DIFFBLUE]{"__type":"com.diffblue.cover.buildsystem.model.DefaultEventMessage","project":"com.paritytrading.parity:parity-file","goal":"compile","cause":null,"state":"SUCCESS"}
10:39:54.013 [INFO]   [Validating]  deserializing line [DIFFBLUE]{"__type":"com.diffblue.cover.buildsystem.model.DefaultEventMessage","project":"com.paritytrading.parity:parity-file","goal":"testResources","cause":null,"state":"STARTED"}
10:39:54.014 [INFO]   [Validating]  out: [INFO] 
10:39:54.014 [INFO]   [Validating]  out: [INFO] --- resources:3.3.1:testResources (default-testResources) @ parity-file ---
10:39:54.016 [INFO]   [Validating]  out: [INFO] skip non existing resourceDirectory /home/jbergqvist/diffblue/paritytrading-parity/libraries/file/src/test/resources
10:39:54.017 [INFO]   [Validating]  deserializing line [DIFFBLUE]{"__type":"com.diffblue.cover.buildsystem.model.DefaultEventMessage","project":"com.paritytrading.parity:parity-file","goal":"testResources","cause":null,"state":"SUCCESS"}
10:39:54.018 [INFO]   [Validating]  deserializing line [DIFFBLUE]{"__type":"com.diffblue.cover.buildsystem.model.DefaultEventMessage","project":"com.paritytrading.parity:parity-file","goal":"testCompile","cause":null,"state":"STARTED"}
10:39:54.018 [INFO]   [Validating]  out: [INFO] 
10:39:54.018 [INFO]   [Validating]  out: [INFO] --- compiler:3.8.0:testCompile (default-testCompile) @ parity-file ---
10:39:54.022 [INFO]   [Validating]  out: [INFO] Changes detected - recompiling the module!
10:39:54.022 [INFO]   [Validating]  out: [INFO] Compiling 5 source files to /home/jbergqvist/diffblue/paritytrading-parity/libraries/file/target/test-classes
10:39:54.113 [INFO]   [Validating]  out: [INFO] /home/jbergqvist/diffblue/paritytrading-parity/libraries/file/src/test/java/com/paritytrading/parity/file/taq/TAQConfigDiffblueTest.java: /home/jbergqvist/diffblue/paritytrading-parity/libraries/file/src/test/java/com/paritytrading/parity/file/taq/TAQConfigDiffblueTest.java uses unchecked or unsafe operations.
10:39:54.113 [INFO]   [Validating]  out: [INFO] /home/jbergqvist/diffblue/paritytrading-parity/libraries/file/src/test/java/com/paritytrading/parity/file/taq/TAQConfigDiffblueTest.java: Recompile with -Xlint:unchecked for details.
10:39:54.115 [INFO]   [Validating]  deserializing line [DIFFBLUE]{"__type":"com.diffblue.cover.buildsystem.model.DefaultEventMessage","project":"com.paritytrading.parity:parity-file","goal":"testCompile","cause":null,"state":"SUCCESS"}
10:39:54.116 [INFO]   [Validating]  deserializing line [DIFFBLUE]{"__type":"com.diffblue.cover.buildsystem.model.DefaultEventMessage","project":"com.paritytrading.parity:parity-file","goal":"test","cause":null,"state":"STARTED"}
10:39:54.116 [INFO]   [Validating]  out: [INFO] 
10:39:54.117 [INFO]   [Validating]  out: [INFO] --- surefire:3.0.0-M5:test (default-test) @ parity-file ---
10:39:54.290 [INFO]   [Validating]  out: [INFO] 
10:39:54.291 [INFO]   [Validating]  out: [INFO] -------------------------------------------------------
10:39:54.291 [INFO]   [Validating]  out: [INFO]  T E S T S
10:39:54.291 [INFO]   [Validating]  out: [INFO] -------------------------------------------------------
10:39:54.630 [INFO]   [Validating]  out: [INFO] Running com.paritytrading.parity.file.taq.TAQConfigDiffblueTest
10:39:54.936 [INFO]   [Validating]  out: [INFO] Tests run: 9, Failures: 0, Errors: 0, Skipped: 0, Time elapsed: 0.303 s - in com.paritytrading.parity.file.taq.TAQConfigDiffblueTest
10:39:54.937 [INFO]   [Validating]  out: [INFO] Running com.paritytrading.parity.file.taq.TAQWriterTest
10:39:54.941 [INFO]   [Validating]  out: [INFO] Tests run: 2, Failures: 0, Errors: 0, Skipped: 0, Time elapsed: 0.01 s - in com.paritytrading.parity.file.taq.TAQWriterTest
10:39:54.941 [INFO]   [Validating]  out: [INFO] Running com.paritytrading.parity.file.taq.TAQDiffblueTest
10:39:54.945 [INFO]   [Validating]  out: [INFO] Tests run: 2, Failures: 0, Errors: 0, Skipped: 0, Time elapsed: 0.003 s - in com.paritytrading.parity.file.taq.TAQDiffblueTest
10:39:54.945 [INFO]   [Validating]  out: [INFO] Running com.paritytrading.parity.file.taq.TAQWriterDiffblueTest
10:39:54.951 [INFO]   [Validating]  out: [INFO] Tests run: 7, Failures: 0, Errors: 0, Skipped: 0, Time elapsed: 0.004 s - in com.paritytrading.parity.file.taq.TAQWriterDiffblueTest
10:39:54.970 [INFO]   [Validating]  out: [INFO] 
10:39:54.971 [INFO]   [Validating]  out: [INFO] Results:
10:39:54.971 [INFO]   [Validating]  out: [INFO] 
10:39:54.971 [INFO]   [Validating]  out: [INFO] Tests run: 20, Failures: 0, Errors: 0, Skipped: 0
10:39:54.971 [INFO]   [Validating]  out: [INFO] 
10:39:54.975 [INFO]   [Validating]  deserializing line [DIFFBLUE]{"__type":"com.diffblue.cover.buildsystem.model.DefaultEventMessage","project":"com.paritytrading.parity:parity-file","goal":"test","cause":null,"state":"SUCCESS"}
10:39:54.998 [INFO]   [Validating]  deserializing line [DIFFBLUE]{"__type":"com.diffblue.cover.buildsystem.model.DefaultProjectModuleMessage","project":{"__type":"DefaultProjectModule","junitReport":["/home/jbergqvist/diffblue/paritytrading-parity/libraries/file/target/surefire-reports"],"jacocoReport":["/home/jbergqvist/diffblue/paritytrading-parity/libraries/file/target/site/jacoco/jacoco.xml"],"jacocoDestFile":["/home/jbergqvist/diffblue/paritytrading-parity/libraries/file/target/jacoco.exec"],"jacocoFormats":["xml"],"jacocoSkipped":false,"classpath":["/home/jbergqvist/diffblue/paritytrading-parity/libraries/file/target/classes","/home/jbergqvist/.m2/repository/org/junit/jupiter/junit-jupiter/5.7.0/junit-jupiter-5.7.0.jar","/home/jbergqvist/.m2/repository/org/junit/jupiter/junit-jupiter-api/5.7.0/junit-jupiter-api-5.7.0.jar","/home/jbergqvist/.m2/repository/org/apiguardian/apiguardian-api/1.1.0/apiguardian-api-1.1.0.jar","/home/jbergqvist/.m2/repository/org/opentest4j/opentest4j/1.2.0/opentest4j-1.2.0.jar","/home/jbergqvist/.m2/repository/org/junit/platform/junit-platform-commons/1.7.0/junit-platform-commons-1.7.0.jar","/home/jbergqvist/.m2/repository/org/junit/jupiter/junit-jupiter-params/5.7.0/junit-jupiter-params-5.7.0.jar","/home/jbergqvist/.m2/repository/org/junit/jupiter/junit-jupiter-engine/5.7.0/junit-jupiter-engine-5.7.0.jar","/home/jbergqvist/.m2/repository/org/junit/platform/junit-platform-engine/1.7.0/junit-platform-engine-1.7.0.jar","/home/jbergqvist/.m2/repository/com/diffblue/cover/cover-annotations/1.9.0/cover-annotations-1.9.0.jar","/home/jbergqvist/.m2/repository/org/mockito/mockito-core/4.11.0/mockito-core-4.11.0.jar","/home/jbergqvist/.m2/repository/net/bytebuddy/byte-buddy/1.12.19/byte-buddy-1.12.19.jar","/home/jbergqvist/.m2/repository/net/bytebuddy/byte-buddy-agent/1.12.19/byte-buddy-agent-1.12.19.jar","/home/jbergqvist/.m2/repository/org/objenesis/objenesis/3.3/objenesis-3.3.jar","/home/jbergqvist/.m2/repository/org/mockito/mockito-junit-jupiter/4.11.0/mockito-junit-jupiter-4.11.0.jar"],"complianceLevel":"1.8","productionSources":["/home/jbergqvist/diffblue/paritytrading-parity/libraries/file/src/main/java"],"testSources":["/home/jbergqvist/diffblue/paritytrading-parity/libraries/file/src/test/java"],"productionClasses":"/home/jbergqvist/diffblue/paritytrading-parity/libraries/file/target/classes","testClasses":"/home/jbergqvist/diffblue/paritytrading-parity/libraries/file/target/test-classes","sourceToBuildPathMap":null,"testSourceToBuildPathMap":null,"buildDirectory":"/home/jbergqvist/diffblue/paritytrading-parity/libraries/file/target","plugins":[{"__type":"DefaultPlugin","groupId":"org.apache.maven.plugins","artefactId":"maven-enforcer-plugin","version":"1.0","pluginClassName":null},{"__type":"DefaultPlugin","groupId":"org.apache.maven.plugins","artefactId":"maven-checkstyle-plugin","version":"3.1.0","pluginClassName":null},{"__type":"DefaultPlugin","groupId":"org.apache.maven.plugins","artefactId":"maven-compiler-plugin","version":"3.8.0","pluginClassName":null},{"__type":"DefaultPlugin","groupId":"org.apache.maven.plugins","artefactId":"maven-javadoc-plugin","version":"3.0.1","pluginClassName":null},{"__type":"DefaultPlugin","groupId":"org.apache.maven.plugins","artefactId":"maven-release-plugin","version":"2.5.3","pluginClassName":null},{"__type":"DefaultPlugin","groupId":"org.apache.maven.plugins","artefactId":"maven-clean-plugin","version":"3.2.0","pluginClassName":null},{"__type":"DefaultPlugin","groupId":"org.apache.maven.plugins","artefactId":"maven-resources-plugin","version":"3.3.1","pluginClassName":null},{"__type":"DefaultPlugin","groupId":"org.apache.maven.plugins","artefactId":"maven-jar-plugin","version":"3.4.1","pluginClassName":null},{"__type":"DefaultPlugin","groupId":"org.apache.maven.plugins","artefactId":"maven-surefire-plugin","version":"3.0.0-M5","pluginClassName":null},{"__type":"DefaultPlugin","groupId":"org.apache.maven.plugins","artefactId":"maven-install-plugin","version":"3.1.2","pluginClassName":null},{"__type":"DefaultPlugin","groupId":"org.apache.maven.plugins","artefactId":"maven-deploy-plugin","version":"2.8.2","pluginClassName":null},{"__type":"DefaultPlugin","groupId":"org.apache.maven.plugins","artefactId":"maven-site-plugin","version":"3.12.1","pluginClassName":null}],"version":"3.9.12","encoding":"UTF-8","name":"maven","subModules":[],"simpleModuleName":null,"parentModuleName":"com.paritytrading.parity:parity-parent","location":"/home/jbergqvist/diffblue/paritytrading-parity/libraries/file","fullModuleName":"com.paritytrading.parity:parity-file"}}
10:39:55.002 [INFO]   [Validating]  out: [INFO] ------------------------------------------------------------------------
10:39:55.002 [INFO]   [Validating]  out: [INFO] BUILD SUCCESS
10:39:55.002 [INFO]   [Validating]  out: [INFO] ------------------------------------------------------------------------
10:39:55.002 [INFO]   [Validating]  out: [INFO] Total time:  2.251 s
10:39:55.002 [INFO]   [Validating]  out: [INFO] Finished at: 2026-01-20T10:39:54Z
10:39:55.002 [INFO]   [Validating]  out: [INFO] ------------------------------------------------------------------------
10:39:55.002 [INFO]   [Validating]  deserializing line [DIFFBLUE]{"__type":"com.diffblue.cover.buildsystem.model.ProjectInfoMessage","projectName":"com.paritytrading.parity:parity-file","productionSources":["/home/jbergqvist/diffblue/paritytrading-parity/libraries/file/src/main/java","/home/jbergqvist/diffblue/paritytrading-parity/libraries/file/target/generated-sources/annotations"],"testSources":["/home/jbergqvist/diffblue/paritytrading-parity/libraries/file/src/test/java","/home/jbergqvist/diffblue/paritytrading-parity/libraries/file/target/generated-test-sources/test-annotations"],"location":"/home/jbergqvist/diffblue/paritytrading-parity/libraries/file"}
10:39:55.037 [INFO]   [Validating]  maven:err process not stopped, joining thread
10:39:55.037 [INFO]   [Validating]  maven:out process not stopped, joining thread
10:39:55.089 [INFO]   [Validating]  All 18 created tests were successfully validated.
10:39:55.106 [INFO]   [Measuring]   Calculating coverage from Diffblue tests.
10:39:55.108 [INFO]   [Measuring]   Using default build rules as no custom rules found in any of [/home/jbergqvist/diffblue/paritytrading-parity/libraries/file, /home/jbergqvist/diffblue/paritytrading-parity]
10:39:55.108 [INFO]   [Measuring]   Using default build rules as no custom rules found in any of [/home/jbergqvist/diffblue/paritytrading-parity/libraries/file, /home/jbergqvist/diffblue/paritytrading-parity]
10:39:55.109 [INFO]   [Measuring]   Attempting to invoke mvnw in working directory: /home/jbergqvist/diffblue/paritytrading-parity
10:39:55.110 [INFO]   [Measuring]   Attempting to invoke /home/jbergqvist/.sdkman/candidates/maven/current/bin/mvn in working directory: /home/jbergqvist/diffblue/paritytrading-parity
10:39:55.110 [INFO]   [Measuring]   Started "/home/jbergqvist/.sdkman/candidates/maven/current/bin/mvn -Dmaven.ext.class.path=/opt/cover/cover-buildsystem-maven-spy-jar-with-dependencies.jar -Dcom.diffblue.cover.skipTests=true -DskipTestOptimizer --batch-mode --projects=com.paritytrading.parity:parity-file --global-settings=/home/jbergqvist/.sdkman/candidates/maven/current/conf/settings.xml org.apache.maven.plugins:maven-checkstyle-plugin:check -Dcheckstyle.failOnViolation=false org.jacoco:jacoco-maven-plugin:0.8.11:prepare-agent -Djacoco.skip=false test -DfailIfNoTests=false -Dsurefire.failIfNoSpecifiedTests=false -Dmaven.test.failure.ignore=True -Dtest=*DiffblueTest org.jacoco:jacoco-maven-plugin:0.8.11:report -Djacoco.skip=false"
10:39:55.851 [INFO]   [Measuring]   out: [INFO] Scanning for projects...
10:39:55.994 [INFO]   [Measuring]   out: [INFO] 
10:39:55.994 [INFO]   [Measuring]   out: [INFO] ----------------< com.paritytrading.parity:parity-file >----------------
10:39:55.994 [INFO]   [Measuring]   out: [INFO] Building Parity File Formats 0.7.1-SNAPSHOT
10:39:55.994 [INFO]   [Measuring]   out: [INFO]   from pom.xml
10:39:55.994 [INFO]   [Measuring]   out: [INFO] --------------------------------[ jar ]---------------------------------
10:39:56.218 [INFO]   [Measuring]   deserializing line [DIFFBLUE]{"__type":"com.diffblue.cover.buildsystem.model.DefaultEventMessage","project":"com.paritytrading.parity:parity-file","goal":"check","cause":null,"state":"STARTED"}
10:39:56.220 [INFO]   [Measuring]   out: [INFO] 
10:39:56.220 [INFO]   [Measuring]   out: [INFO] --- checkstyle:3.1.0:check (default-cli) @ parity-file ---
10:39:56.674 [INFO]   [Measuring]   deserializing line [DIFFBLUE]{"__type":"com.diffblue.cover.buildsystem.model.DefaultEventMessage","project":"com.paritytrading.parity:parity-file","goal":"check","cause":null,"state":"SUCCESS"}
10:39:56.675 [INFO]   [Measuring]   deserializing line [DIFFBLUE]{"__type":"com.diffblue.cover.buildsystem.model.DefaultEventMessage","project":"com.paritytrading.parity:parity-file","goal":"prepare-agent","cause":null,"state":"STARTED"}
10:39:56.676 [INFO]   [Measuring]   out: [INFO] 
10:39:56.676 [INFO]   [Measuring]   out: [INFO] --- jacoco:0.8.11:prepare-agent (default-cli) @ parity-file ---
10:39:56.715 [INFO]   [Measuring]   out: [INFO] argLine set to -javaagent:/home/jbergqvist/.m2/repository/org/jacoco/org.jacoco.agent/0.8.11/org.jacoco.agent-0.8.11-runtime.jar=destfile=/home/jbergqvist/diffblue/paritytrading-parity/libraries/file/target/jacoco.exec
10:39:56.716 [INFO]   [Measuring]   deserializing line [DIFFBLUE]{"__type":"com.diffblue.cover.buildsystem.model.DefaultEventMessage","project":"com.paritytrading.parity:parity-file","goal":"prepare-agent","cause":null,"state":"SUCCESS"}
10:39:56.717 [INFO]   [Measuring]   deserializing line [DIFFBLUE]{"__type":"com.diffblue.cover.buildsystem.model.DefaultEventMessage","project":"com.paritytrading.parity:parity-file","goal":"enforce","cause":null,"state":"STARTED"}
10:39:56.718 [INFO]   [Measuring]   out: [INFO] 
10:39:56.718 [INFO]   [Measuring]   out: [INFO] --- enforcer:1.0:enforce (enforce-maven) @ parity-file ---
10:39:56.773 [INFO]   [Measuring]   deserializing line [DIFFBLUE]{"__type":"com.diffblue.cover.buildsystem.model.DefaultEventMessage","project":"com.paritytrading.parity:parity-file","goal":"enforce","cause":null,"state":"SUCCESS"}
10:39:56.774 [INFO]   [Measuring]   deserializing line [DIFFBLUE]{"__type":"com.diffblue.cover.buildsystem.model.DefaultEventMessage","project":"com.paritytrading.parity:parity-file","goal":"resources","cause":null,"state":"STARTED"}
10:39:56.775 [INFO]   [Measuring]   out: [INFO] 
10:39:56.775 [INFO]   [Measuring]   out: [INFO] --- resources:3.3.1:resources (default-resources) @ parity-file ---
10:39:56.804 [INFO]   [Measuring]   out: [INFO] skip non existing resourceDirectory /home/jbergqvist/diffblue/paritytrading-parity/libraries/file/src/main/resources
10:39:56.806 [INFO]   [Measuring]   deserializing line [DIFFBLUE]{"__type":"com.diffblue.cover.buildsystem.model.DefaultEventMessage","project":"com.paritytrading.parity:parity-file","goal":"resources","cause":null,"state":"SUCCESS"}
10:39:56.808 [INFO]   [Measuring]   deserializing line [DIFFBLUE]{"__type":"com.diffblue.cover.buildsystem.model.DefaultEventMessage","project":"com.paritytrading.parity:parity-file","goal":"compile","cause":null,"state":"STARTED"}
10:39:56.808 [INFO]   [Measuring]   out: [INFO] 
10:39:56.808 [INFO]   [Measuring]   out: [INFO] --- compiler:3.8.0:compile (default-compile) @ parity-file ---
10:39:56.893 [INFO]   [Measuring]   out: [INFO] Changes detected - recompiling the module!
10:39:56.897 [INFO]   [Measuring]   out: [INFO] Compiling 4 source files to /home/jbergqvist/diffblue/paritytrading-parity/libraries/file/target/classes
10:39:57.188 [INFO]   [Measuring]   deserializing line [DIFFBLUE]{"__type":"com.diffblue.cover.buildsystem.model.DefaultEventMessage","project":"com.paritytrading.parity:parity-file","goal":"compile","cause":null,"state":"SUCCESS"}
10:39:57.189 [INFO]   [Measuring]   deserializing line [DIFFBLUE]{"__type":"com.diffblue.cover.buildsystem.model.DefaultEventMessage","project":"com.paritytrading.parity:parity-file","goal":"testResources","cause":null,"state":"STARTED"}
10:39:57.190 [INFO]   [Measuring]   out: [INFO] 
10:39:57.190 [INFO]   [Measuring]   out: [INFO] --- resources:3.3.1:testResources (default-testResources) @ parity-file ---
10:39:57.192 [INFO]   [Measuring]   out: [INFO] skip non existing resourceDirectory /home/jbergqvist/diffblue/paritytrading-parity/libraries/file/src/test/resources
10:39:57.193 [INFO]   [Measuring]   deserializing line [DIFFBLUE]{"__type":"com.diffblue.cover.buildsystem.model.DefaultEventMessage","project":"com.paritytrading.parity:parity-file","goal":"testResources","cause":null,"state":"SUCCESS"}
10:39:57.194 [INFO]   [Measuring]   deserializing line [DIFFBLUE]{"__type":"com.diffblue.cover.buildsystem.model.DefaultEventMessage","project":"com.paritytrading.parity:parity-file","goal":"testCompile","cause":null,"state":"STARTED"}
10:39:57.194 [INFO]   [Measuring]   out: [INFO] 
10:39:57.194 [INFO]   [Measuring]   out: [INFO] --- compiler:3.8.0:testCompile (default-testCompile) @ parity-file ---
10:39:57.198 [INFO]   [Measuring]   out: [INFO] Nothing to compile - all classes are up to date
10:39:57.199 [INFO]   [Measuring]   deserializing line [DIFFBLUE]{"__type":"com.diffblue.cover.buildsystem.model.DefaultEventMessage","project":"com.paritytrading.parity:parity-file","goal":"testCompile","cause":null,"state":"SUCCESS"}
10:39:57.200 [INFO]   [Measuring]   deserializing line [DIFFBLUE]{"__type":"com.diffblue.cover.buildsystem.model.DefaultEventMessage","project":"com.paritytrading.parity:parity-file","goal":"test","cause":null,"state":"STARTED"}
10:39:57.201 [INFO]   [Measuring]   out: [INFO] 
10:39:57.201 [INFO]   [Measuring]   out: [INFO] --- surefire:3.0.0-M5:test (default-test) @ parity-file ---
10:39:57.348 [INFO]   [Measuring]   out: [INFO] 
10:39:57.348 [INFO]   [Measuring]   out: [INFO] -------------------------------------------------------
10:39:57.348 [INFO]   [Measuring]   out: [INFO]  T E S T S
10:39:57.348 [INFO]   [Measuring]   out: [INFO] -------------------------------------------------------
10:39:57.868 [INFO]   [Measuring]   out: [INFO] Running com.paritytrading.parity.file.taq.TAQConfigDiffblueTest
10:39:58.365 [INFO]   [Measuring]   out: [INFO] Tests run: 9, Failures: 0, Errors: 0, Skipped: 0, Time elapsed: 0.495 s - in com.paritytrading.parity.file.taq.TAQConfigDiffblueTest
10:39:58.365 [INFO]   [Measuring]   out: [INFO] Running com.paritytrading.parity.file.taq.TAQDiffblueTest
10:39:58.367 [INFO]   [Measuring]   out: [INFO] Tests run: 2, Failures: 0, Errors: 0, Skipped: 0, Time elapsed: 0.002 s - in com.paritytrading.parity.file.taq.TAQDiffblueTest
10:39:58.367 [INFO]   [Measuring]   out: [INFO] Running com.paritytrading.parity.file.taq.TAQWriterDiffblueTest
10:39:58.377 [INFO]   [Measuring]   out: [INFO] Tests run: 7, Failures: 0, Errors: 0, Skipped: 0, Time elapsed: 0.014 s - in com.paritytrading.parity.file.taq.TAQWriterDiffblueTest
10:39:58.415 [INFO]   [Measuring]   out: [INFO] 
10:39:58.415 [INFO]   [Measuring]   out: [INFO] Results:
10:39:58.415 [INFO]   [Measuring]   out: [INFO] 
10:39:58.415 [INFO]   [Measuring]   out: [INFO] Tests run: 18, Failures: 0, Errors: 0, Skipped: 0
10:39:58.415 [INFO]   [Measuring]   out: [INFO] 
10:39:58.419 [INFO]   [Measuring]   deserializing line [DIFFBLUE]{"__type":"com.diffblue.cover.buildsystem.model.DefaultEventMessage","project":"com.paritytrading.parity:parity-file","goal":"test","cause":null,"state":"SUCCESS"}
10:39:58.420 [INFO]   [Measuring]   deserializing line [DIFFBLUE]{"__type":"com.diffblue.cover.buildsystem.model.DefaultEventMessage","project":"com.paritytrading.parity:parity-file","goal":"report","cause":null,"state":"STARTED"}
10:39:58.420 [INFO]   [Measuring]   out: [INFO] 
10:39:58.420 [INFO]   [Measuring]   out: [INFO] --- jacoco:0.8.11:report (default-cli) @ parity-file ---
10:39:58.423 [INFO]   [Measuring]   out: [INFO] Loading execution data file /home/jbergqvist/diffblue/paritytrading-parity/libraries/file/target/jacoco.exec
10:39:58.467 [INFO]   [Measuring]   out: [INFO] Analyzed bundle 'Parity File Formats' with 5 classes
10:39:58.500 [INFO]   [Measuring]   deserializing line [DIFFBLUE]{"__type":"com.diffblue.cover.buildsystem.model.DefaultEventMessage","project":"com.paritytrading.parity:parity-file","goal":"report","cause":null,"state":"SUCCESS"}
10:39:58.526 [INFO]   [Measuring]   deserializing line [DIFFBLUE]{"__type":"com.diffblue.cover.buildsystem.model.DefaultProjectModuleMessage","project":{"__type":"DefaultProjectModule","junitReport":["/home/jbergqvist/diffblue/paritytrading-parity/libraries/file/target/surefire-reports"],"jacocoReport":["/home/jbergqvist/diffblue/paritytrading-parity/libraries/file/target/site/jacoco/jacoco.xml"],"jacocoDestFile":["/home/jbergqvist/diffblue/paritytrading-parity/libraries/file/target/jacoco.exec"],"jacocoFormats":["xml"],"jacocoSkipped":false,"classpath":["/home/jbergqvist/diffblue/paritytrading-parity/libraries/file/target/classes","/home/jbergqvist/.m2/repository/org/junit/jupiter/junit-jupiter/5.7.0/junit-jupiter-5.7.0.jar","/home/jbergqvist/.m2/repository/org/junit/jupiter/junit-jupiter-api/5.7.0/junit-jupiter-api-5.7.0.jar","/home/jbergqvist/.m2/repository/org/apiguardian/apiguardian-api/1.1.0/apiguardian-api-1.1.0.jar","/home/jbergqvist/.m2/repository/org/opentest4j/opentest4j/1.2.0/opentest4j-1.2.0.jar","/home/jbergqvist/.m2/repository/org/junit/platform/junit-platform-commons/1.7.0/junit-platform-commons-1.7.0.jar","/home/jbergqvist/.m2/repository/org/junit/jupiter/junit-jupiter-params/5.7.0/junit-jupiter-params-5.7.0.jar","/home/jbergqvist/.m2/repository/org/junit/jupiter/junit-jupiter-engine/5.7.0/junit-jupiter-engine-5.7.0.jar","/home/jbergqvist/.m2/repository/org/junit/platform/junit-platform-engine/1.7.0/junit-platform-engine-1.7.0.jar","/home/jbergqvist/.m2/repository/com/diffblue/cover/cover-annotations/1.9.0/cover-annotations-1.9.0.jar","/home/jbergqvist/.m2/repository/org/mockito/mockito-core/4.11.0/mockito-core-4.11.0.jar","/home/jbergqvist/.m2/repository/net/bytebuddy/byte-buddy/1.12.19/byte-buddy-1.12.19.jar","/home/jbergqvist/.m2/repository/net/bytebuddy/byte-buddy-agent/1.12.19/byte-buddy-agent-1.12.19.jar","/home/jbergqvist/.m2/repository/org/objenesis/objenesis/3.3/objenesis-3.3.jar","/home/jbergqvist/.m2/repository/org/mockito/mockito-junit-jupiter/4.11.0/mockito-junit-jupiter-4.11.0.jar"],"complianceLevel":"1.8","productionSources":["/home/jbergqvist/diffblue/paritytrading-parity/libraries/file/src/main/java"],"testSources":["/home/jbergqvist/diffblue/paritytrading-parity/libraries/file/src/test/java"],"productionClasses":"/home/jbergqvist/diffblue/paritytrading-parity/libraries/file/target/classes","testClasses":"/home/jbergqvist/diffblue/paritytrading-parity/libraries/file/target/test-classes","sourceToBuildPathMap":null,"testSourceToBuildPathMap":null,"buildDirectory":"/home/jbergqvist/diffblue/paritytrading-parity/libraries/file/target","plugins":[{"__type":"DefaultPlugin","groupId":"org.apache.maven.plugins","artefactId":"maven-enforcer-plugin","version":"1.0","pluginClassName":null},{"__type":"DefaultPlugin","groupId":"org.apache.maven.plugins","artefactId":"maven-checkstyle-plugin","version":"3.1.0","pluginClassName":null},{"__type":"DefaultPlugin","groupId":"org.apache.maven.plugins","artefactId":"maven-compiler-plugin","version":"3.8.0","pluginClassName":null},{"__type":"DefaultPlugin","groupId":"org.apache.maven.plugins","artefactId":"maven-javadoc-plugin","version":"3.0.1","pluginClassName":null},{"__type":"DefaultPlugin","groupId":"org.apache.maven.plugins","artefactId":"maven-release-plugin","version":"2.5.3","pluginClassName":null},{"__type":"DefaultPlugin","groupId":"org.apache.maven.plugins","artefactId":"maven-clean-plugin","version":"3.2.0","pluginClassName":null},{"__type":"DefaultPlugin","groupId":"org.apache.maven.plugins","artefactId":"maven-resources-plugin","version":"3.3.1","pluginClassName":null},{"__type":"DefaultPlugin","groupId":"org.apache.maven.plugins","artefactId":"maven-jar-plugin","version":"3.4.1","pluginClassName":null},{"__type":"DefaultPlugin","groupId":"org.apache.maven.plugins","artefactId":"maven-surefire-plugin","version":"3.0.0-M5","pluginClassName":null},{"__type":"DefaultPlugin","groupId":"org.apache.maven.plugins","artefactId":"maven-install-plugin","version":"3.1.2","pluginClassName":null},{"__type":"DefaultPlugin","groupId":"org.apache.maven.plugins","artefactId":"maven-deploy-plugin","version":"2.8.2","pluginClassName":null},{"__type":"DefaultPlugin","groupId":"org.apache.maven.plugins","artefactId":"maven-site-plugin","version":"3.12.1","pluginClassName":null}],"version":"3.9.12","encoding":"UTF-8","name":"maven","subModules":[],"simpleModuleName":null,"parentModuleName":"com.paritytrading.parity:parity-parent","location":"/home/jbergqvist/diffblue/paritytrading-parity/libraries/file","fullModuleName":"com.paritytrading.parity:parity-file"}}
10:39:58.529 [INFO]   [Measuring]   out: [INFO] ------------------------------------------------------------------------
10:39:58.529 [INFO]   [Measuring]   out: [INFO] BUILD SUCCESS
10:39:58.529 [INFO]   [Measuring]   out: [INFO] ------------------------------------------------------------------------
10:39:58.529 [INFO]   [Measuring]   out: [INFO] Total time:  2.693 s
10:39:58.529 [INFO]   [Measuring]   out: [INFO] Finished at: 2026-01-20T10:39:58Z
10:39:58.529 [INFO]   [Measuring]   out: [INFO] ------------------------------------------------------------------------
10:39:58.530 [INFO]   [Measuring]   deserializing line [DIFFBLUE]{"__type":"com.diffblue.cover.buildsystem.model.ProjectInfoMessage","projectName":"com.paritytrading.parity:parity-file","productionSources":["/home/jbergqvist/diffblue/paritytrading-parity/libraries/file/src/main/java","/home/jbergqvist/diffblue/paritytrading-parity/libraries/file/target/generated-sources/annotations"],"testSources":["/home/jbergqvist/diffblue/paritytrading-parity/libraries/file/src/test/java","/home/jbergqvist/diffblue/paritytrading-parity/libraries/file/target/generated-test-sources/test-annotations"],"location":"/home/jbergqvist/diffblue/paritytrading-parity/libraries/file"}
10:39:58.555 [INFO]   [Measuring]   maven:err process not stopped, joining thread
10:39:58.555 [INFO]   [Measuring]   maven:out process not stopped, joining thread
10:39:58.556 [INFO]   [Measuring]   Attempting to invoke mvnw in working directory: /home/jbergqvist/diffblue/paritytrading-parity
10:39:58.556 [INFO]   [Measuring]   Attempting to invoke /home/jbergqvist/.sdkman/candidates/maven/current/bin/mvn in working directory: /home/jbergqvist/diffblue/paritytrading-parity
10:39:58.557 [INFO]   [Measuring]   Started "/home/jbergqvist/.sdkman/candidates/maven/current/bin/mvn -Dmaven.ext.class.path=/opt/cover/cover-buildsystem-maven-spy-jar-with-dependencies.jar -Dcom.diffblue.cover.skipTests=true -DskipTestOptimizer --batch-mode --projects=com.paritytrading.parity:parity-file --global-settings=/home/jbergqvist/.sdkman/candidates/maven/current/conf/settings.xml org.apache.maven.plugins:maven-checkstyle-plugin:check -Dcheckstyle.failOnViolation=false org.jacoco:jacoco-maven-plugin:0.8.11:prepare-agent -Djacoco.skip=false test -DfailIfNoTests=false -Dsurefire.failIfNoSpecifiedTests=false -Dmaven.test.failure.ignore=True -Dtest=!*DiffblueTest,**/Test*.java,**/*Test.java,**/*Tests.java,**/*TestCase.java -Dgroups=MaintainedByDiffblue,ContributionFromDiffblue org.jacoco:jacoco-maven-plugin:0.8.11:report -Djacoco.skip=false"
10:39:59.308 [INFO]   [Measuring]   out: [INFO] Scanning for projects...
10:39:59.458 [INFO]   [Measuring]   out: [INFO] 
10:39:59.458 [INFO]   [Measuring]   out: [INFO] ----------------< com.paritytrading.parity:parity-file >----------------
10:39:59.458 [INFO]   [Measuring]   out: [INFO] Building Parity File Formats 0.7.1-SNAPSHOT
10:39:59.458 [INFO]   [Measuring]   out: [INFO]   from pom.xml
10:39:59.458 [INFO]   [Measuring]   out: [INFO] --------------------------------[ jar ]---------------------------------
10:39:59.721 [INFO]   [Measuring]   deserializing line [DIFFBLUE]{"__type":"com.diffblue.cover.buildsystem.model.DefaultEventMessage","project":"com.paritytrading.parity:parity-file","goal":"check","cause":null,"state":"STARTED"}
10:39:59.723 [INFO]   [Measuring]   out: [INFO] 
10:39:59.723 [INFO]   [Measuring]   out: [INFO] --- checkstyle:3.1.0:check (default-cli) @ parity-file ---
10:40:00.132 [INFO]   [Measuring]   deserializing line [DIFFBLUE]{"__type":"com.diffblue.cover.buildsystem.model.DefaultEventMessage","project":"com.paritytrading.parity:parity-file","goal":"check","cause":null,"state":"SUCCESS"}
10:40:00.135 [INFO]   [Measuring]   deserializing line [DIFFBLUE]{"__type":"com.diffblue.cover.buildsystem.model.DefaultEventMessage","project":"com.paritytrading.parity:parity-file","goal":"prepare-agent","cause":null,"state":"STARTED"}
10:40:00.136 [INFO]   [Measuring]   out: [INFO] 
10:40:00.136 [INFO]   [Measuring]   out: [INFO] --- jacoco:0.8.11:prepare-agent (default-cli) @ parity-file ---
10:40:00.175 [INFO]   [Measuring]   out: [INFO] argLine set to -javaagent:/home/jbergqvist/.m2/repository/org/jacoco/org.jacoco.agent/0.8.11/org.jacoco.agent-0.8.11-runtime.jar=destfile=/home/jbergqvist/diffblue/paritytrading-parity/libraries/file/target/jacoco.exec
10:40:00.177 [INFO]   [Measuring]   deserializing line [DIFFBLUE]{"__type":"com.diffblue.cover.buildsystem.model.DefaultEventMessage","project":"com.paritytrading.parity:parity-file","goal":"prepare-agent","cause":null,"state":"SUCCESS"}
10:40:00.178 [INFO]   [Measuring]   deserializing line [DIFFBLUE]{"__type":"com.diffblue.cover.buildsystem.model.DefaultEventMessage","project":"com.paritytrading.parity:parity-file","goal":"enforce","cause":null,"state":"STARTED"}
10:40:00.178 [INFO]   [Measuring]   out: [INFO] 
10:40:00.178 [INFO]   [Measuring]   out: [INFO] --- enforcer:1.0:enforce (enforce-maven) @ parity-file ---
10:40:00.232 [INFO]   [Measuring]   deserializing line [DIFFBLUE]{"__type":"com.diffblue.cover.buildsystem.model.DefaultEventMessage","project":"com.paritytrading.parity:parity-file","goal":"enforce","cause":null,"state":"SUCCESS"}
10:40:00.233 [INFO]   [Measuring]   deserializing line [DIFFBLUE]{"__type":"com.diffblue.cover.buildsystem.model.DefaultEventMessage","project":"com.paritytrading.parity:parity-file","goal":"resources","cause":null,"state":"STARTED"}
10:40:00.234 [INFO]   [Measuring]   out: [INFO] 
10:40:00.234 [INFO]   [Measuring]   out: [INFO] --- resources:3.3.1:resources (default-resources) @ parity-file ---
10:40:00.265 [INFO]   [Measuring]   out: [INFO] skip non existing resourceDirectory /home/jbergqvist/diffblue/paritytrading-parity/libraries/file/src/main/resources
10:40:00.266 [INFO]   [Measuring]   deserializing line [DIFFBLUE]{"__type":"com.diffblue.cover.buildsystem.model.DefaultEventMessage","project":"com.paritytrading.parity:parity-file","goal":"resources","cause":null,"state":"SUCCESS"}
10:40:00.267 [INFO]   [Measuring]   deserializing line [DIFFBLUE]{"__type":"com.diffblue.cover.buildsystem.model.DefaultEventMessage","project":"com.paritytrading.parity:parity-file","goal":"compile","cause":null,"state":"STARTED"}
10:40:00.268 [INFO]   [Measuring]   out: [INFO] 
10:40:00.268 [INFO]   [Measuring]   out: [INFO] --- compiler:3.8.0:compile (default-compile) @ parity-file ---
10:40:00.346 [INFO]   [Measuring]   out: [INFO] Changes detected - recompiling the module!
10:40:00.350 [INFO]   [Measuring]   out: [INFO] Compiling 4 source files to /home/jbergqvist/diffblue/paritytrading-parity/libraries/file/target/classes
10:40:00.644 [INFO]   [Measuring]   deserializing line [DIFFBLUE]{"__type":"com.diffblue.cover.buildsystem.model.DefaultEventMessage","project":"com.paritytrading.parity:parity-file","goal":"compile","cause":null,"state":"SUCCESS"}
10:40:00.645 [INFO]   [Measuring]   deserializing line [DIFFBLUE]{"__type":"com.diffblue.cover.buildsystem.model.DefaultEventMessage","project":"com.paritytrading.parity:parity-file","goal":"testResources","cause":null,"state":"STARTED"}
10:40:00.646 [INFO]   [Measuring]   out: [INFO] 
10:40:00.646 [INFO]   [Measuring]   out: [INFO] --- resources:3.3.1:testResources (default-testResources) @ parity-file ---
10:40:00.648 [INFO]   [Measuring]   out: [INFO] skip non existing resourceDirectory /home/jbergqvist/diffblue/paritytrading-parity/libraries/file/src/test/resources
10:40:00.649 [INFO]   [Measuring]   deserializing line [DIFFBLUE]{"__type":"com.diffblue.cover.buildsystem.model.DefaultEventMessage","project":"com.paritytrading.parity:parity-file","goal":"testResources","cause":null,"state":"SUCCESS"}
10:40:00.650 [INFO]   [Measuring]   deserializing line [DIFFBLUE]{"__type":"com.diffblue.cover.buildsystem.model.DefaultEventMessage","project":"com.paritytrading.parity:parity-file","goal":"testCompile","cause":null,"state":"STARTED"}
10:40:00.651 [INFO]   [Measuring]   out: [INFO] 
10:40:00.651 [INFO]   [Measuring]   out: [INFO] --- compiler:3.8.0:testCompile (default-testCompile) @ parity-file ---
10:40:00.654 [INFO]   [Measuring]   out: [INFO] Nothing to compile - all classes are up to date
10:40:00.655 [INFO]   [Measuring]   deserializing line [DIFFBLUE]{"__type":"com.diffblue.cover.buildsystem.model.DefaultEventMessage","project":"com.paritytrading.parity:parity-file","goal":"testCompile","cause":null,"state":"SUCCESS"}
10:40:00.656 [INFO]   [Measuring]   deserializing line [DIFFBLUE]{"__type":"com.diffblue.cover.buildsystem.model.DefaultEventMessage","project":"com.paritytrading.parity:parity-file","goal":"test","cause":null,"state":"STARTED"}
10:40:00.657 [INFO]   [Measuring]   out: [INFO] 
10:40:00.657 [INFO]   [Measuring]   out: [INFO] --- surefire:3.0.0-M5:test (default-test) @ parity-file ---
10:40:00.804 [INFO]   [Measuring]   out: [INFO] 
10:40:00.804 [INFO]   [Measuring]   out: [INFO] -------------------------------------------------------
10:40:00.804 [INFO]   [Measuring]   out: [INFO]  T E S T S
10:40:00.804 [INFO]   [Measuring]   out: [INFO] -------------------------------------------------------
10:40:01.336 [INFO]   [Measuring]   out: [INFO] 
10:40:01.336 [INFO]   [Measuring]   out: [INFO] Results:
10:40:01.336 [INFO]   [Measuring]   out: [INFO] 
10:40:01.337 [INFO]   [Measuring]   out: [INFO] Tests run: 0, Failures: 0, Errors: 0, Skipped: 0
10:40:01.337 [INFO]   [Measuring]   out: [INFO] 
10:40:01.342 [INFO]   [Measuring]   deserializing line [DIFFBLUE]{"__type":"com.diffblue.cover.buildsystem.model.DefaultEventMessage","project":"com.paritytrading.parity:parity-file","goal":"test","cause":null,"state":"SUCCESS"}
10:40:01.343 [INFO]   [Measuring]   deserializing line [DIFFBLUE]{"__type":"com.diffblue.cover.buildsystem.model.DefaultEventMessage","project":"com.paritytrading.parity:parity-file","goal":"report","cause":null,"state":"STARTED"}
10:40:01.343 [INFO]   [Measuring]   out: [INFO] 
10:40:01.343 [INFO]   [Measuring]   out: [INFO] --- jacoco:0.8.11:report (default-cli) @ parity-file ---
10:40:01.346 [INFO]   [Measuring]   out: [INFO] Loading execution data file /home/jbergqvist/diffblue/paritytrading-parity/libraries/file/target/jacoco.exec
10:40:01.394 [INFO]   [Measuring]   out: [INFO] Analyzed bundle 'Parity File Formats' with 5 classes
10:40:01.432 [INFO]   [Measuring]   deserializing line [DIFFBLUE]{"__type":"com.diffblue.cover.buildsystem.model.DefaultEventMessage","project":"com.paritytrading.parity:parity-file","goal":"report","cause":null,"state":"SUCCESS"}
10:40:01.461 [INFO]   [Measuring]   deserializing line [DIFFBLUE]{"__type":"com.diffblue.cover.buildsystem.model.DefaultProjectModuleMessage","project":{"__type":"DefaultProjectModule","junitReport":["/home/jbergqvist/diffblue/paritytrading-parity/libraries/file/target/surefire-reports"],"jacocoReport":["/home/jbergqvist/diffblue/paritytrading-parity/libraries/file/target/site/jacoco/jacoco.xml"],"jacocoDestFile":["/home/jbergqvist/diffblue/paritytrading-parity/libraries/file/target/jacoco.exec"],"jacocoFormats":["xml"],"jacocoSkipped":false,"classpath":["/home/jbergqvist/diffblue/paritytrading-parity/libraries/file/target/classes","/home/jbergqvist/.m2/repository/org/junit/jupiter/junit-jupiter/5.7.0/junit-jupiter-5.7.0.jar","/home/jbergqvist/.m2/repository/org/junit/jupiter/junit-jupiter-api/5.7.0/junit-jupiter-api-5.7.0.jar","/home/jbergqvist/.m2/repository/org/apiguardian/apiguardian-api/1.1.0/apiguardian-api-1.1.0.jar","/home/jbergqvist/.m2/repository/org/opentest4j/opentest4j/1.2.0/opentest4j-1.2.0.jar","/home/jbergqvist/.m2/repository/org/junit/platform/junit-platform-commons/1.7.0/junit-platform-commons-1.7.0.jar","/home/jbergqvist/.m2/repository/org/junit/jupiter/junit-jupiter-params/5.7.0/junit-jupiter-params-5.7.0.jar","/home/jbergqvist/.m2/repository/org/junit/jupiter/junit-jupiter-engine/5.7.0/junit-jupiter-engine-5.7.0.jar","/home/jbergqvist/.m2/repository/org/junit/platform/junit-platform-engine/1.7.0/junit-platform-engine-1.7.0.jar","/home/jbergqvist/.m2/repository/com/diffblue/cover/cover-annotations/1.9.0/cover-annotations-1.9.0.jar","/home/jbergqvist/.m2/repository/org/mockito/mockito-core/4.11.0/mockito-core-4.11.0.jar","/home/jbergqvist/.m2/repository/net/bytebuddy/byte-buddy/1.12.19/byte-buddy-1.12.19.jar","/home/jbergqvist/.m2/repository/net/bytebuddy/byte-buddy-agent/1.12.19/byte-buddy-agent-1.12.19.jar","/home/jbergqvist/.m2/repository/org/objenesis/objenesis/3.3/objenesis-3.3.jar","/home/jbergqvist/.m2/repository/org/mockito/mockito-junit-jupiter/4.11.0/mockito-junit-jupiter-4.11.0.jar"],"complianceLevel":"1.8","productionSources":["/home/jbergqvist/diffblue/paritytrading-parity/libraries/file/src/main/java"],"testSources":["/home/jbergqvist/diffblue/paritytrading-parity/libraries/file/src/test/java"],"productionClasses":"/home/jbergqvist/diffblue/paritytrading-parity/libraries/file/target/classes","testClasses":"/home/jbergqvist/diffblue/paritytrading-parity/libraries/file/target/test-classes","sourceToBuildPathMap":null,"testSourceToBuildPathMap":null,"buildDirectory":"/home/jbergqvist/diffblue/paritytrading-parity/libraries/file/target","plugins":[{"__type":"DefaultPlugin","groupId":"org.apache.maven.plugins","artefactId":"maven-enforcer-plugin","version":"1.0","pluginClassName":null},{"__type":"DefaultPlugin","groupId":"org.apache.maven.plugins","artefactId":"maven-checkstyle-plugin","version":"3.1.0","pluginClassName":null},{"__type":"DefaultPlugin","groupId":"org.apache.maven.plugins","artefactId":"maven-compiler-plugin","version":"3.8.0","pluginClassName":null},{"__type":"DefaultPlugin","groupId":"org.apache.maven.plugins","artefactId":"maven-javadoc-plugin","version":"3.0.1","pluginClassName":null},{"__type":"DefaultPlugin","groupId":"org.apache.maven.plugins","artefactId":"maven-release-plugin","version":"2.5.3","pluginClassName":null},{"__type":"DefaultPlugin","groupId":"org.apache.maven.plugins","artefactId":"maven-clean-plugin","version":"3.2.0","pluginClassName":null},{"__type":"DefaultPlugin","groupId":"org.apache.maven.plugins","artefactId":"maven-resources-plugin","version":"3.3.1","pluginClassName":null},{"__type":"DefaultPlugin","groupId":"org.apache.maven.plugins","artefactId":"maven-jar-plugin","version":"3.4.1","pluginClassName":null},{"__type":"DefaultPlugin","groupId":"org.apache.maven.plugins","artefactId":"maven-surefire-plugin","version":"3.0.0-M5","pluginClassName":null},{"__type":"DefaultPlugin","groupId":"org.apache.maven.plugins","artefactId":"maven-install-plugin","version":"3.1.2","pluginClassName":null},{"__type":"DefaultPlugin","groupId":"org.apache.maven.plugins","artefactId":"maven-deploy-plugin","version":"2.8.2","pluginClassName":null},{"__type":"DefaultPlugin","groupId":"org.apache.maven.plugins","artefactId":"maven-site-plugin","version":"3.12.1","pluginClassName":null}],"version":"3.9.12","encoding":"UTF-8","name":"maven","subModules":[],"simpleModuleName":null,"parentModuleName":"com.paritytrading.parity:parity-parent","location":"/home/jbergqvist/diffblue/paritytrading-parity/libraries/file","fullModuleName":"com.paritytrading.parity:parity-file"}}
10:40:01.464 [INFO]   [Measuring]   out: [INFO] ------------------------------------------------------------------------
10:40:01.464 [INFO]   [Measuring]   out: [INFO] BUILD SUCCESS
10:40:01.464 [INFO]   [Measuring]   out: [INFO] ------------------------------------------------------------------------
10:40:01.464 [INFO]   [Measuring]   out: [INFO] Total time:  2.170 s
10:40:01.464 [INFO]   [Measuring]   out: [INFO] Finished at: 2026-01-20T10:40:01Z
10:40:01.464 [INFO]   [Measuring]   out: [INFO] ------------------------------------------------------------------------
10:40:01.465 [INFO]   [Measuring]   deserializing line [DIFFBLUE]{"__type":"com.diffblue.cover.buildsystem.model.ProjectInfoMessage","projectName":"com.paritytrading.parity:parity-file","productionSources":["/home/jbergqvist/diffblue/paritytrading-parity/libraries/file/src/main/java","/home/jbergqvist/diffblue/paritytrading-parity/libraries/file/target/generated-sources/annotations"],"testSources":["/home/jbergqvist/diffblue/paritytrading-parity/libraries/file/src/test/java","/home/jbergqvist/diffblue/paritytrading-parity/libraries/file/target/generated-test-sources/test-annotations"],"location":"/home/jbergqvist/diffblue/paritytrading-parity/libraries/file"}
10:40:01.512 [INFO]   [Measuring]   maven:err process not stopped, joining thread
10:40:01.513 [INFO]   [Measuring]   maven:out process not stopped, joining thread
10:40:01.522 [INFO]   [Measuring]   JaCoCo report file created in /home/jbergqvist/diffblue/paritytrading-parity/libraries/file/.diffblue/reports/diffblue-tests-jacoco-report.xml
10:40:01.538 [INFO]   [Measuring]   Calculating coverage from manual tests.
10:40:01.539 [INFO]   [Measuring]   Using default build rules as no custom rules found in any of [/home/jbergqvist/diffblue/paritytrading-parity/libraries/file, /home/jbergqvist/diffblue/paritytrading-parity]
10:40:01.540 [INFO]   [Measuring]   Attempting to invoke mvnw in working directory: /home/jbergqvist/diffblue/paritytrading-parity
10:40:01.540 [INFO]   [Measuring]   Attempting to invoke /home/jbergqvist/.sdkman/candidates/maven/current/bin/mvn in working directory: /home/jbergqvist/diffblue/paritytrading-parity
10:40:01.541 [INFO]   [Measuring]   Started "/home/jbergqvist/.sdkman/candidates/maven/current/bin/mvn -Dmaven.ext.class.path=/opt/cover/cover-buildsystem-maven-spy-jar-with-dependencies.jar -Dcom.diffblue.cover.skipTests=true -DskipTestOptimizer --batch-mode --projects=com.paritytrading.parity:parity-file --global-settings=/home/jbergqvist/.sdkman/candidates/maven/current/conf/settings.xml org.apache.maven.plugins:maven-checkstyle-plugin:check -Dcheckstyle.failOnViolation=false org.jacoco:jacoco-maven-plugin:0.8.11:prepare-agent -Djacoco.skip=false test -DfailIfNoTests=false -Dsurefire.failIfNoSpecifiedTests=false -Dmaven.test.failure.ignore=True -Dtest=!*DiffblueTest,**/Test*.java,**/*Test.java,**/*Tests.java,**/*TestCase.java -DexcludedGroups=MaintainedByDiffblue,ContributionFromDiffblue org.jacoco:jacoco-maven-plugin:0.8.11:report -Djacoco.skip=false"
10:40:02.302 [INFO]   [Measuring]   out: [INFO] Scanning for projects...
10:40:02.451 [INFO]   [Measuring]   out: [INFO] 
10:40:02.451 [INFO]   [Measuring]   out: [INFO] ----------------< com.paritytrading.parity:parity-file >----------------
10:40:02.451 [INFO]   [Measuring]   out: [INFO] Building Parity File Formats 0.7.1-SNAPSHOT
10:40:02.451 [INFO]   [Measuring]   out: [INFO]   from pom.xml
10:40:02.451 [INFO]   [Measuring]   out: [INFO] --------------------------------[ jar ]---------------------------------
10:40:02.695 [INFO]   [Measuring]   deserializing line [DIFFBLUE]{"__type":"com.diffblue.cover.buildsystem.model.DefaultEventMessage","project":"com.paritytrading.parity:parity-file","goal":"check","cause":null,"state":"STARTED"}
10:40:02.696 [INFO]   [Measuring]   out: [INFO] 
10:40:02.696 [INFO]   [Measuring]   out: [INFO] --- checkstyle:3.1.0:check (default-cli) @ parity-file ---
10:40:03.090 [INFO]   [Measuring]   deserializing line [DIFFBLUE]{"__type":"com.diffblue.cover.buildsystem.model.DefaultEventMessage","project":"com.paritytrading.parity:parity-file","goal":"check","cause":null,"state":"SUCCESS"}
10:40:03.092 [INFO]   [Measuring]   deserializing line [DIFFBLUE]{"__type":"com.diffblue.cover.buildsystem.model.DefaultEventMessage","project":"com.paritytrading.parity:parity-file","goal":"prepare-agent","cause":null,"state":"STARTED"}
10:40:03.092 [INFO]   [Measuring]   out: [INFO] 
10:40:03.092 [INFO]   [Measuring]   out: [INFO] --- jacoco:0.8.11:prepare-agent (default-cli) @ parity-file ---
10:40:03.131 [INFO]   [Measuring]   out: [INFO] argLine set to -javaagent:/home/jbergqvist/.m2/repository/org/jacoco/org.jacoco.agent/0.8.11/org.jacoco.agent-0.8.11-runtime.jar=destfile=/home/jbergqvist/diffblue/paritytrading-parity/libraries/file/target/jacoco.exec
10:40:03.133 [INFO]   [Measuring]   deserializing line [DIFFBLUE]{"__type":"com.diffblue.cover.buildsystem.model.DefaultEventMessage","project":"com.paritytrading.parity:parity-file","goal":"prepare-agent","cause":null,"state":"SUCCESS"}
10:40:03.134 [INFO]   [Measuring]   deserializing line [DIFFBLUE]{"__type":"com.diffblue.cover.buildsystem.model.DefaultEventMessage","project":"com.paritytrading.parity:parity-file","goal":"enforce","cause":null,"state":"STARTED"}
10:40:03.135 [INFO]   [Measuring]   out: [INFO] 
10:40:03.135 [INFO]   [Measuring]   out: [INFO] --- enforcer:1.0:enforce (enforce-maven) @ parity-file ---
10:40:03.190 [INFO]   [Measuring]   deserializing line [DIFFBLUE]{"__type":"com.diffblue.cover.buildsystem.model.DefaultEventMessage","project":"com.paritytrading.parity:parity-file","goal":"enforce","cause":null,"state":"SUCCESS"}
10:40:03.191 [INFO]   [Measuring]   deserializing line [DIFFBLUE]{"__type":"com.diffblue.cover.buildsystem.model.DefaultEventMessage","project":"com.paritytrading.parity:parity-file","goal":"resources","cause":null,"state":"STARTED"}
10:40:03.191 [INFO]   [Measuring]   out: [INFO] 
10:40:03.191 [INFO]   [Measuring]   out: [INFO] --- resources:3.3.1:resources (default-resources) @ parity-file ---
10:40:03.223 [INFO]   [Measuring]   out: [INFO] skip non existing resourceDirectory /home/jbergqvist/diffblue/paritytrading-parity/libraries/file/src/main/resources
10:40:03.224 [INFO]   [Measuring]   deserializing line [DIFFBLUE]{"__type":"com.diffblue.cover.buildsystem.model.DefaultEventMessage","project":"com.paritytrading.parity:parity-file","goal":"resources","cause":null,"state":"SUCCESS"}
10:40:03.225 [INFO]   [Measuring]   deserializing line [DIFFBLUE]{"__type":"com.diffblue.cover.buildsystem.model.DefaultEventMessage","project":"com.paritytrading.parity:parity-file","goal":"compile","cause":null,"state":"STARTED"}
10:40:03.226 [INFO]   [Measuring]   out: [INFO] 
10:40:03.226 [INFO]   [Measuring]   out: [INFO] --- compiler:3.8.0:compile (default-compile) @ parity-file ---
10:40:03.302 [INFO]   [Measuring]   out: [INFO] Changes detected - recompiling the module!
10:40:03.306 [INFO]   [Measuring]   out: [INFO] Compiling 4 source files to /home/jbergqvist/diffblue/paritytrading-parity/libraries/file/target/classes
10:40:03.587 [INFO]   [Measuring]   deserializing line [DIFFBLUE]{"__type":"com.diffblue.cover.buildsystem.model.DefaultEventMessage","project":"com.paritytrading.parity:parity-file","goal":"compile","cause":null,"state":"SUCCESS"}
10:40:03.588 [INFO]   [Measuring]   deserializing line [DIFFBLUE]{"__type":"com.diffblue.cover.buildsystem.model.DefaultEventMessage","project":"com.paritytrading.parity:parity-file","goal":"testResources","cause":null,"state":"STARTED"}
10:40:03.589 [INFO]   [Measuring]   out: [INFO] 
10:40:03.589 [INFO]   [Measuring]   out: [INFO] --- resources:3.3.1:testResources (default-testResources) @ parity-file ---
10:40:03.591 [INFO]   [Measuring]   out: [INFO] skip non existing resourceDirectory /home/jbergqvist/diffblue/paritytrading-parity/libraries/file/src/test/resources
10:40:03.592 [INFO]   [Measuring]   deserializing line [DIFFBLUE]{"__type":"com.diffblue.cover.buildsystem.model.DefaultEventMessage","project":"com.paritytrading.parity:parity-file","goal":"testResources","cause":null,"state":"SUCCESS"}
10:40:03.593 [INFO]   [Measuring]   deserializing line [DIFFBLUE]{"__type":"com.diffblue.cover.buildsystem.model.DefaultEventMessage","project":"com.paritytrading.parity:parity-file","goal":"testCompile","cause":null,"state":"STARTED"}
10:40:03.594 [INFO]   [Measuring]   out: [INFO] 
10:40:03.594 [INFO]   [Measuring]   out: [INFO] --- compiler:3.8.0:testCompile (default-testCompile) @ parity-file ---
10:40:03.597 [INFO]   [Measuring]   out: [INFO] Nothing to compile - all classes are up to date
10:40:03.598 [INFO]   [Measuring]   deserializing line [DIFFBLUE]{"__type":"com.diffblue.cover.buildsystem.model.DefaultEventMessage","project":"com.paritytrading.parity:parity-file","goal":"testCompile","cause":null,"state":"SUCCESS"}
10:40:03.599 [INFO]   [Measuring]   deserializing line [DIFFBLUE]{"__type":"com.diffblue.cover.buildsystem.model.DefaultEventMessage","project":"com.paritytrading.parity:parity-file","goal":"test","cause":null,"state":"STARTED"}
10:40:03.599 [INFO]   [Measuring]   out: [INFO] 
10:40:03.599 [INFO]   [Measuring]   out: [INFO] --- surefire:3.0.0-M5:test (default-test) @ parity-file ---
10:40:03.753 [INFO]   [Measuring]   out: [INFO] 
10:40:03.753 [INFO]   [Measuring]   out: [INFO] -------------------------------------------------------
10:40:03.753 [INFO]   [Measuring]   out: [INFO]  T E S T S
10:40:03.753 [INFO]   [Measuring]   out: [INFO] -------------------------------------------------------
10:40:04.277 [INFO]   [Measuring]   out: [INFO] Running com.paritytrading.parity.file.taq.TAQWriterTest
10:40:04.327 [INFO]   [Measuring]   out: [INFO] Tests run: 2, Failures: 0, Errors: 0, Skipped: 0, Time elapsed: 0.048 s - in com.paritytrading.parity.file.taq.TAQWriterTest
10:40:04.354 [INFO]   [Measuring]   out: [INFO] 
10:40:04.354 [INFO]   [Measuring]   out: [INFO] Results:
10:40:04.354 [INFO]   [Measuring]   out: [INFO] 
10:40:04.354 [INFO]   [Measuring]   out: [INFO] Tests run: 2, Failures: 0, Errors: 0, Skipped: 0
10:40:04.354 [INFO]   [Measuring]   out: [INFO] 
10:40:04.358 [INFO]   [Measuring]   deserializing line [DIFFBLUE]{"__type":"com.diffblue.cover.buildsystem.model.DefaultEventMessage","project":"com.paritytrading.parity:parity-file","goal":"test","cause":null,"state":"SUCCESS"}
10:40:04.359 [INFO]   [Measuring]   deserializing line [DIFFBLUE]{"__type":"com.diffblue.cover.buildsystem.model.DefaultEventMessage","project":"com.paritytrading.parity:parity-file","goal":"report","cause":null,"state":"STARTED"}
10:40:04.359 [INFO]   [Measuring]   out: [INFO] 
10:40:04.359 [INFO]   [Measuring]   out: [INFO] --- jacoco:0.8.11:report (default-cli) @ parity-file ---
10:40:04.362 [INFO]   [Measuring]   out: [INFO] Loading execution data file /home/jbergqvist/diffblue/paritytrading-parity/libraries/file/target/jacoco.exec
10:40:04.406 [INFO]   [Measuring]   out: [INFO] Analyzed bundle 'Parity File Formats' with 5 classes
10:40:04.432 [INFO]   [Measuring]   deserializing line [DIFFBLUE]{"__type":"com.diffblue.cover.buildsystem.model.DefaultEventMessage","project":"com.paritytrading.parity:parity-file","goal":"report","cause":null,"state":"SUCCESS"}
10:40:04.460 [INFO]   [Measuring]   deserializing line [DIFFBLUE]{"__type":"com.diffblue.cover.buildsystem.model.DefaultProjectModuleMessage","project":{"__type":"DefaultProjectModule","junitReport":["/home/jbergqvist/diffblue/paritytrading-parity/libraries/file/target/surefire-reports"],"jacocoReport":["/home/jbergqvist/diffblue/paritytrading-parity/libraries/file/target/site/jacoco/jacoco.xml"],"jacocoDestFile":["/home/jbergqvist/diffblue/paritytrading-parity/libraries/file/target/jacoco.exec"],"jacocoFormats":["xml"],"jacocoSkipped":false,"classpath":["/home/jbergqvist/diffblue/paritytrading-parity/libraries/file/target/classes","/home/jbergqvist/.m2/repository/org/junit/jupiter/junit-jupiter/5.7.0/junit-jupiter-5.7.0.jar","/home/jbergqvist/.m2/repository/org/junit/jupiter/junit-jupiter-api/5.7.0/junit-jupiter-api-5.7.0.jar","/home/jbergqvist/.m2/repository/org/apiguardian/apiguardian-api/1.1.0/apiguardian-api-1.1.0.jar","/home/jbergqvist/.m2/repository/org/opentest4j/opentest4j/1.2.0/opentest4j-1.2.0.jar","/home/jbergqvist/.m2/repository/org/junit/platform/junit-platform-commons/1.7.0/junit-platform-commons-1.7.0.jar","/home/jbergqvist/.m2/repository/org/junit/jupiter/junit-jupiter-params/5.7.0/junit-jupiter-params-5.7.0.jar","/home/jbergqvist/.m2/repository/org/junit/jupiter/junit-jupiter-engine/5.7.0/junit-jupiter-engine-5.7.0.jar","/home/jbergqvist/.m2/repository/org/junit/platform/junit-platform-engine/1.7.0/junit-platform-engine-1.7.0.jar","/home/jbergqvist/.m2/repository/com/diffblue/cover/cover-annotations/1.9.0/cover-annotations-1.9.0.jar","/home/jbergqvist/.m2/repository/org/mockito/mockito-core/4.11.0/mockito-core-4.11.0.jar","/home/jbergqvist/.m2/repository/net/bytebuddy/byte-buddy/1.12.19/byte-buddy-1.12.19.jar","/home/jbergqvist/.m2/repository/net/bytebuddy/byte-buddy-agent/1.12.19/byte-buddy-agent-1.12.19.jar","/home/jbergqvist/.m2/repository/org/objenesis/objenesis/3.3/objenesis-3.3.jar","/home/jbergqvist/.m2/repository/org/mockito/mockito-junit-jupiter/4.11.0/mockito-junit-jupiter-4.11.0.jar"],"complianceLevel":"1.8","productionSources":["/home/jbergqvist/diffblue/paritytrading-parity/libraries/file/src/main/java"],"testSources":["/home/jbergqvist/diffblue/paritytrading-parity/libraries/file/src/test/java"],"productionClasses":"/home/jbergqvist/diffblue/paritytrading-parity/libraries/file/target/classes","testClasses":"/home/jbergqvist/diffblue/paritytrading-parity/libraries/file/target/test-classes","sourceToBuildPathMap":null,"testSourceToBuildPathMap":null,"buildDirectory":"/home/jbergqvist/diffblue/paritytrading-parity/libraries/file/target","plugins":[{"__type":"DefaultPlugin","groupId":"org.apache.maven.plugins","artefactId":"maven-enforcer-plugin","version":"1.0","pluginClassName":null},{"__type":"DefaultPlugin","groupId":"org.apache.maven.plugins","artefactId":"maven-checkstyle-plugin","version":"3.1.0","pluginClassName":null},{"__type":"DefaultPlugin","groupId":"org.apache.maven.plugins","artefactId":"maven-compiler-plugin","version":"3.8.0","pluginClassName":null},{"__type":"DefaultPlugin","groupId":"org.apache.maven.plugins","artefactId":"maven-javadoc-plugin","version":"3.0.1","pluginClassName":null},{"__type":"DefaultPlugin","groupId":"org.apache.maven.plugins","artefactId":"maven-release-plugin","version":"2.5.3","pluginClassName":null},{"__type":"DefaultPlugin","groupId":"org.apache.maven.plugins","artefactId":"maven-clean-plugin","version":"3.2.0","pluginClassName":null},{"__type":"DefaultPlugin","groupId":"org.apache.maven.plugins","artefactId":"maven-resources-plugin","version":"3.3.1","pluginClassName":null},{"__type":"DefaultPlugin","groupId":"org.apache.maven.plugins","artefactId":"maven-jar-plugin","version":"3.4.1","pluginClassName":null},{"__type":"DefaultPlugin","groupId":"org.apache.maven.plugins","artefactId":"maven-surefire-plugin","version":"3.0.0-M5","pluginClassName":null},{"__type":"DefaultPlugin","groupId":"org.apache.maven.plugins","artefactId":"maven-install-plugin","version":"3.1.2","pluginClassName":null},{"__type":"DefaultPlugin","groupId":"org.apache.maven.plugins","artefactId":"maven-deploy-plugin","version":"2.8.2","pluginClassName":null},{"__type":"DefaultPlugin","groupId":"org.apache.maven.plugins","artefactId":"maven-site-plugin","version":"3.12.1","pluginClassName":null}],"version":"3.9.12","encoding":"UTF-8","name":"maven","subModules":[],"simpleModuleName":null,"parentModuleName":"com.paritytrading.parity:parity-parent","location":"/home/jbergqvist/diffblue/paritytrading-parity/libraries/file","fullModuleName":"com.paritytrading.parity:parity-file"}}
10:40:04.462 [INFO]   [Measuring]   out: [INFO] ------------------------------------------------------------------------
10:40:04.462 [INFO]   [Measuring]   out: [INFO] BUILD SUCCESS
10:40:04.463 [INFO]   [Measuring]   out: [INFO] ------------------------------------------------------------------------
10:40:04.463 [INFO]   [Measuring]   out: [INFO] Total time:  2.174 s
10:40:04.463 [INFO]   [Measuring]   out: [INFO] Finished at: 2026-01-20T10:40:04Z
10:40:04.463 [INFO]   [Measuring]   out: [INFO] ------------------------------------------------------------------------
10:40:04.464 [INFO]   [Measuring]   deserializing line [DIFFBLUE]{"__type":"com.diffblue.cover.buildsystem.model.ProjectInfoMessage","projectName":"com.paritytrading.parity:parity-file","productionSources":["/home/jbergqvist/diffblue/paritytrading-parity/libraries/file/src/main/java","/home/jbergqvist/diffblue/paritytrading-parity/libraries/file/target/generated-sources/annotations"],"testSources":["/home/jbergqvist/diffblue/paritytrading-parity/libraries/file/src/test/java","/home/jbergqvist/diffblue/paritytrading-parity/libraries/file/target/generated-test-sources/test-annotations"],"location":"/home/jbergqvist/diffblue/paritytrading-parity/libraries/file"}
10:40:04.499 [INFO]   [Measuring]   maven:err process not stopped, joining thread
10:40:04.499 [INFO]   [Measuring]   maven:out process not stopped, joining thread
10:40:04.503 [INFO]   [Measuring]   JaCoCo report file created in /home/jbergqvist/diffblue/paritytrading-parity/libraries/file/.diffblue/reports/manual-tests-jacoco-report.xml
10:40:04.510 [INFO]   [Measuring]   
10:40:04.520 [INFO]   [Measuring]   Diffblue tests cover 108 of 117 lines to cover (92.3%)
10:40:04.524 [INFO]   [Measuring]   Manual tests cover 103 of 117 lines to cover (88.0%)
10:40:04.641 [INFO]   [Reporting]   Writing JSON report to /home/jbergqvist/diffblue/paritytrading-parity/libraries/file/.diffblue/reports/report.json
10:40:04.759 [INFO]   [Reporting]   
10:40:04.759 [INFO]   [Reporting]   Log file: /home/jbergqvist/diffblue/paritytrading-parity/.diffblue/log/user-20260120T103914.log
10:40:04.759 [INFO]   [Reporting]   Finished in 43s
