10:25:18.689 [DEBUG]  [Preparing]   [main]              [com.diffblue.cover.commons.configuration.e] Loading properties from resources
10:25:18.690 [DEBUG]  [Preparing]   [main]              [com.diffblue.cover.commons.configuration.e] Loading properties from installation directory
10:25:18.690 [DEBUG]  [Preparing]   [main]              [com.diffblue.cover.commons.configuration.e] /opt/cover/cover.properties doesn't exist
10:25:18.691 [DEBUG]  [Preparing]   [main]              [com.diffblue.cover.commons.configuration.e] Loading properties from user home directory
10:25:18.691 [DEBUG]  [Preparing]   [main]              [com.diffblue.cover.commons.configuration.e] /home/jbergqvist/.diffblue/cover.properties doesn't exist
10:25:18.691 [DEBUG]  [Preparing]   [main]              [com.diffblue.cover.commons.configuration.e] Loaded properties
10:25:18.692 [DEBUG]  [Preparing]   [main]              [com.diffblue.cover.commons.configuration.e] Property cover.disableEnvironmentCache has not been set, using default value false
10:25:18.715 [DEBUG]  [Preparing]   [main]              [com.diffblue.cover.commons.configuration.e] Property cover.licence.environment has not been set, using default value PRODUCTION
10:25:19.229 [DEBUG]  [Preparing]   [main]              [com.diffblue.cover.commons.configuration.e] Loading properties from resources
10:25:19.229 [DEBUG]  [Preparing]   [main]              [com.diffblue.cover.commons.configuration.e] Loading properties from installation directory
10:25:19.229 [DEBUG]  [Preparing]   [main]              [com.diffblue.cover.commons.configuration.e]  - telemetry.collect.username: false
10:25:19.229 [DEBUG]  [Preparing]   [main]              [com.diffblue.cover.commons.configuration.e]  - telemetry.external.environment: production
10:25:19.230 [DEBUG]  [Preparing]   [main]              [com.diffblue.cover.commons.configuration.e]  - telemetry.collect.username: false
10:25:19.230 [DEBUG]  [Preparing]   [main]              [com.diffblue.cover.commons.configuration.e]  - telemetry.external.environment: production
10:25:19.230 [DEBUG]  [Preparing]   [main]              [com.diffblue.cover.commons.configuration.e] Loading properties from user home directory
10:25:19.230 [DEBUG]  [Preparing]   [main]              [com.diffblue.cover.commons.configuration.e]  - telemetry.external.environment: production
10:25:19.230 [DEBUG]  [Preparing]   [main]              [com.diffblue.cover.commons.configuration.e]  - telemetry.id: f11a2ef0-98f3-4977-8276-e71972899881
10:25:19.230 [DEBUG]  [Preparing]   [main]              [com.diffblue.cover.commons.configuration.e] Loaded properties
10:25:19.230 [DEBUG]  [Preparing]   [main]              [com.diffblue.cover.commons.configuration.e]  - telemetry.collect.username: false
10:25:19.230 [DEBUG]  [Preparing]   [main]              [com.diffblue.cover.commons.configuration.e]  - telemetry.external.environment: production
10:25:19.230 [DEBUG]  [Preparing]   [main]              [com.diffblue.cover.commons.configuration.e]  - telemetry.id: f11a2ef0-98f3-4977-8276-e71972899881
10:25:19.230 [DEBUG]  [Preparing]   [main]              [com.diffblue.cover.commons.configuration.e] Property telemetry.collect.username set in properties file to value false
10:25:19.231 [DEBUG]  [Preparing]   [main]              [com.diffblue.cover.commons.configuration.e] Property telemetry.external.environment set in properties file to value production
10:25:19.231 [DEBUG]  [Preparing]   [main]              [com.diffblue.cover.commons.configuration.e] Property telemetry.id set in properties file to value f11a2ef0-98f3-4977-8276-e71972899881
10:25:19.239 [DEBUG]  [Preparing]   [main]              [com.diffblue.cover.commons.configuration.e] Property telemetry.external.enabled has not been set, using default value true
10:25:19.239 [DEBUG]  [Preparing]   [main]              [com.diffblue.cover.commons.configuration.e] Property telemetry.reports.scheme has not been set, using default value http
10:25:19.239 [DEBUG]  [Preparing]   [main]              [com.diffblue.cover.commons.configuration.e] Property telemetry.reports.hostname has not been set, using default value localhost
10:25:19.239 [DEBUG]  [Preparing]   [main]              [com.diffblue.cover.commons.configuration.e] Property telemetry.reports.port has not been set, using default value 8080
10:25:19.240 [DEBUG]  [Preparing]   [main]              [com.diffblue.cover.commons.configuration.e] Property telemetry.reports.enabled has not been set, using default value false
10:25:19.241 [DEBUG]  [Preparing]   [main]              [com.diffblue.cover.d.a] Checking connectivity of telemetry (mixpanel) to uri: https://api-eu.mixpanel.com
10:25:19.443 [DEBUG]  [Preparing]   [main]              [com.diffblue.cover.d.a] Unable to connect to telemetry (mixpanel) with error: 
java.net.ConnectException: Connection refused (Connection refused)
	at java.net.PlainSocketImpl.socketConnect(Native Method)
	at java.net.AbstractPlainSocketImpl.doConnect(AbstractPlainSocketImpl.java:350)
	at java.net.AbstractPlainSocketImpl.connectToAddress(AbstractPlainSocketImpl.java:206)
	at java.net.AbstractPlainSocketImpl.connect(AbstractPlainSocketImpl.java:188)
	at java.net.SocksSocketImpl.connect(SocksSocketImpl.java:392)
	at java.net.Socket.connect(Socket.java:607)
	at sun.security.ssl.SSLSocketImpl.connect(SSLSocketImpl.java:293)
	at sun.net.NetworkClient.doConnect(NetworkClient.java:175)
	at sun.net.www.http.HttpClient.openServer(HttpClient.java:465)
	at sun.net.www.http.HttpClient.openServer(HttpClient.java:560)
	at sun.net.www.protocol.https.HttpsClient.<init>(HttpsClient.java:264)
	at sun.net.www.protocol.https.HttpsClient.New(HttpsClient.java:367)
	at sun.net.www.protocol.https.AbstractDelegateHttpsURLConnection.getNewHttpClient(AbstractDelegateHttpsURLConnection.java:203)
	at sun.net.www.protocol.http.HttpURLConnection.plainConnect0(HttpURLConnection.java:1179)
	at sun.net.www.protocol.http.HttpURLConnection.plainConnect(HttpURLConnection.java:1073)
	at sun.net.www.protocol.https.AbstractDelegateHttpsURLConnection.connect(AbstractDelegateHttpsURLConnection.java:189)
	at sun.net.www.protocol.http.HttpURLConnection.getInputStream0(HttpURLConnection.java:1589)
	at sun.net.www.protocol.http.HttpURLConnection.getInputStream(HttpURLConnection.java:1517)
	at java.net.HttpURLConnection.getResponseCode(HttpURLConnection.java:480)
	at sun.net.www.protocol.https.HttpsURLConnectionImpl.getResponseCode(HttpsURLConnectionImpl.java:352)
	at com.diffblue.cover.d.a.a(SourceFile:150)
	at com.diffblue.cover.analytics.c.b.a(SourceFile:54)
	at com.diffblue.cover.analytics.a.c.d(SourceFile:338)
	at com.diffblue.cover.analytics.b.a.d(SourceFile:56)
	at com.diffblue.cover.analytics.a.h.d(SourceFile:57)
	at java.util.ArrayList.forEach(ArrayList.java:1259)
	at com.diffblue.cover.analytics.a.m.d(SourceFile:72)
	at com.diffblue.cover.ui.controller.ak.a(SourceFile:190)
	at com.diffblue.cover.ui.Main.main(SourceFile:63)
	at sun.reflect.NativeMethodAccessorImpl.invoke0(Native Method)
	at sun.reflect.NativeMethodAccessorImpl.invoke(NativeMethodAccessorImpl.java:62)
	at sun.reflect.DelegatingMethodAccessorImpl.invoke(DelegatingMethodAccessorImpl.java:43)
	at java.lang.reflect.Method.invoke(Method.java:498)
	at com.diffblue.cover.launcher.Launcher.invokeMainMethod(Launcher.java:118)
	at com.diffblue.cover.launcher.Launcher.main(Launcher.java:74)
10:25:19.736 [DEBUG]  [Preparing]   [main]              [com.diffblue.cover.ui.controller.ak] Client heap size: 14235 MB
10:25:19.748 [INFO]   [Preparing]   [main]              [com.diffblue.cover.ui.controller.s] Diffblue Cover 2025.12.02-74144f0-licensed
10:25:19.748 [INFO]   [Preparing]   [main]              [com.diffblue.cover.ui.controller.s] Running: dcover create -B --include-modules com.paritytrading.parity:parity-file --coverage-reports
10:25:19.748 [INFO]   [Preparing]   [main]              [com.diffblue.cover.ui.controller.am] 
10:25:19.748 [INFO]   [Preparing]   [main]              [com.diffblue.cover.ui.controller.am] Command: create
10:25:19.749 [INFO]   [Preparing]   [main]              [com.diffblue.cover.ui.controller.am] Create tests for the specified package/class/method.
10:25:19.749 [INFO]   [Preparing]   [main]              [com.diffblue.cover.ui.controller.am] 
10:25:19.922 [DEBUG]  [Preparing]   [main]              [com.diffblue.cover.commons.configuration.e] Property cover.extraLogging has not been set, and no default value provided
10:25:19.925 [DEBUG]  [Preparing]   [main]              [com.diffblue.cover.commons.configuration.e] Checking Cover Property extraLogging under alias extra.logging
10:25:19.925 [DEBUG]  [Preparing]   [main]              [com.diffblue.cover.commons.configuration.e] Property extra.logging has not been set, and no default value provided
10:25:22.652 [DEBUG]  [Checking]    [main]              [com.diffblue.cover.r.b.h] initializeManager for Offline
10:25:22.831 [DEBUG]  [Checking]    [main]              [com.diffblue.cover.r.b.d] Checking license edition
10:25:22.913 [DEBUG]  [Checking]    [main]              [com.diffblue.cover.r.b.c] Licence label to match: Enterprise Edition
10:25:22.913 [DEBUG]  [Checking]    [main]              [com.diffblue.cover.r.b.h] checkLicense for Offline
10:25:23.520 [DEBUG]  [Checking]    [main]              [com.diffblue.cover.configuration.b] Using JSON detector cache at /home/jbergqvist/diffblue/paritytrading-parity/.diffblue/cache/env.json
10:25:23.707 [DEBUG]  [Checking]    [main]              [com.diffblue.cover.configuration.a.g] checking if /home/jbergqvist/diffblue/paritytrading-parity/DiffblueBuild.yaml exists...
10:25:23.707 [DEBUG]  [Checking]    [main]              [com.diffblue.cover.configuration.a.g] checking if /home/jbergqvist/diffblue/paritytrading-parity/DiffblueBuild.yml exists...
10:25:23.795 [DEBUG]  [Checking]    [main]              [com.diffblue.cover.configuration.a.e] DetectorCache miss DETECTED_BUILD_SYSTEM_GRADLE
10:25:23.795 [DEBUG]  [Checking]    [main]              [com.diffblue.cover.configuration.cache.a] Writing cache to /home/jbergqvist/diffblue/paritytrading-parity/.diffblue/cache/env.json containing 3 items
10:25:23.956 [DEBUG]  [Checking]    [main]              [com.diffblue.cover.configuration.a.d] Maven home found: /home/jbergqvist/.sdkman/candidates/maven/current
10:25:23.959 [INFO]   [Checking]    [main]              [com.diffblue.cover.configuration.a.d] Maven Using ${maven.home} of: /home/jbergqvist/.sdkman/candidates/maven/current.
10:25:23.961 [INFO]   [Checking]    [main]              [com.diffblue.cover.configuration.a.d] Maven Executing: /bin/sh -c cd /home/jbergqvist/diffblue/paritytrading-parity && /home/jbergqvist/.sdkman/candidates/maven/3.9.12/bin/mvn -B -version
10:25:24.203 [INFO]   [Checking]    [main]              [com.diffblue.cover.buildsystem.internal.c.a] Standard output of build tool (Maven)
10:25:24.203 [INFO]   [Checking]    [main]              [com.diffblue.cover.buildsystem.internal.c.a] > Apache Maven 3.9.12 (848fbb4bf2d427b72bdb2471c22fced7ebd9a7a1)
10:25:24.203 [INFO]   [Checking]    [main]              [com.diffblue.cover.buildsystem.internal.c.a] > Maven home: /home/jbergqvist/.sdkman/candidates/maven/3.9.12
10:25:24.203 [INFO]   [Checking]    [main]              [com.diffblue.cover.buildsystem.internal.c.a] > Java version: 1.8.0_472, vendor: Amazon.com Inc., runtime: /home/jbergqvist/.sdkman/candidates/java/8.0.472-amzn/jre
10:25:24.203 [INFO]   [Checking]    [main]              [com.diffblue.cover.buildsystem.internal.c.a] > Default locale: en_GB, platform encoding: UTF-8
10:25:24.203 [INFO]   [Checking]    [main]              [com.diffblue.cover.buildsystem.internal.c.a] > OS name: "linux", version: "6.8.0-90-generic", arch: "amd64", family: "unix"
10:25:24.206 [DEBUG]  [Checking]    [main]              [com.diffblue.cover.buildsystem.config.registry.Registry] checking if /home/jbergqvist/diffblue/paritytrading-parity/DiffblueBuild.yaml exists...
10:25:24.206 [DEBUG]  [Checking]    [main]              [com.diffblue.cover.buildsystem.config.registry.Registry] checking if /home/jbergqvist/diffblue/paritytrading-parity/DiffblueBuild.yml exists...
10:25:24.206 [INFO]   [Checking]    [main]              [com.diffblue.cover.buildsystem.config.registry.Registry] Using default build rules as no custom rules found in any of [/home/jbergqvist/diffblue/paritytrading-parity]
10:25:24.210 [DEBUG]  [Checking]    [main]              [com.diffblue.cover.buildsystem.config.registry.Registry] Build execution request for Classpath Phase
10:25:24.212 [INFO]   [Checking]    [main]              [com.diffblue.cover.buildsystem.config.a.a] Attempting to invoke mvnw in working directory: /home/jbergqvist/diffblue/paritytrading-parity
10:25:24.213 [INFO]   [Checking]    [main]              [com.diffblue.cover.buildsystem.config.a.a] Attempting to invoke /home/jbergqvist/.sdkman/candidates/maven/current/bin/mvn in working directory: /home/jbergqvist/diffblue/paritytrading-parity
10:25:24.213 [INFO]   [Checking]    [main]              [com.diffblue.cover.buildsystem.config.a.a] Started "/home/jbergqvist/.sdkman/candidates/maven/current/bin/mvn -Dmaven.ext.class.path=/opt/cover/cover-buildsystem-maven-spy-jar-with-dependencies.jar -Dcom.diffblue.cover.skipTests=true -DskipTestOptimizer --batch-mode --global-settings=/home/jbergqvist/.sdkman/candidates/maven/current/conf/settings.xml dependency:build-classpath"
10:25:24.971 [INFO]   [Checking]    [maven:out]         [com.diffblue.cover.buildsystem.config.a.a] out: [INFO] Scanning for projects...
10:25:25.067 [INFO]   [Checking]    [maven:out]         [com.diffblue.cover.buildsystem.config.a.a] out: [INFO] ------------------------------------------------------------------------
10:25:25.067 [INFO]   [Checking]    [maven:out]         [com.diffblue.cover.buildsystem.config.a.a] out: [INFO] Reactor Build Order:
10:25:25.068 [INFO]   [Checking]    [maven:out]         [com.diffblue.cover.buildsystem.config.a.a] out: [INFO] 
10:25:25.068 [INFO]   [Checking]    [maven:out]         [com.diffblue.cover.buildsystem.config.a.a] out: [INFO] Parity (Parent)                                                    [pom]
10:25:25.068 [INFO]   [Checking]    [maven:out]         [com.diffblue.cover.buildsystem.config.a.a] out: [INFO] Parity Order Book                                                  [jar]
10:25:25.068 [INFO]   [Checking]    [maven:out]         [com.diffblue.cover.buildsystem.config.a.a] out: [INFO] Parity File Formats                                                [jar]
10:25:25.068 [INFO]   [Checking]    [maven:out]         [com.diffblue.cover.buildsystem.config.a.a] out: [INFO] Parity Matching Algorithm                                          [jar]
10:25:25.068 [INFO]   [Checking]    [maven:out]         [com.diffblue.cover.buildsystem.config.a.a] out: [INFO] Parity Network Protocols                                           [jar]
10:25:25.068 [INFO]   [Checking]    [maven:out]         [com.diffblue.cover.buildsystem.config.a.a] out: [INFO] Parity Utilities                                                   [jar]
10:25:25.068 [INFO]   [Checking]    [maven:out]         [com.diffblue.cover.buildsystem.config.a.a] out: [INFO] Parity Terminal Client                                             [jar]
10:25:25.068 [INFO]   [Checking]    [maven:out]         [com.diffblue.cover.buildsystem.config.a.a] out: [INFO] Parity FIX Gateway                                                 [jar]
10:25:25.069 [INFO]   [Checking]    [maven:out]         [com.diffblue.cover.buildsystem.config.a.a] out: [INFO] Parity Trade Reporter                                              [jar]
10:25:25.069 [INFO]   [Checking]    [maven:out]         [com.diffblue.cover.buildsystem.config.a.a] out: [INFO] Parity Trading System                                              [jar]
10:25:25.069 [INFO]   [Checking]    [maven:out]         [com.diffblue.cover.buildsystem.config.a.a] out: [INFO] Parity Stock Ticker                                                [jar]
10:25:25.069 [INFO]   [Checking]    [maven:out]         [com.diffblue.cover.buildsystem.config.a.a] out: [INFO] Parity Order Book Performance Test                                 [jar]
10:25:25.069 [INFO]   [Checking]    [maven:out]         [com.diffblue.cover.buildsystem.config.a.a] out: [INFO] Parity Matching Algorithm Performance Test                         [jar]
10:25:25.127 [INFO]   [Checking]    [maven:out]         [com.diffblue.cover.buildsystem.config.a.a] out: [INFO] 
10:25:25.128 [INFO]   [Checking]    [maven:out]         [com.diffblue.cover.buildsystem.config.a.a] out: [INFO] ---------------< com.paritytrading.parity:parity-parent >---------------
10:25:25.128 [INFO]   [Checking]    [maven:out]         [com.diffblue.cover.buildsystem.config.a.a] out: [INFO] Building Parity (Parent) 0.7.1-SNAPSHOT                           [1/13]
10:25:25.128 [INFO]   [Checking]    [maven:out]         [com.diffblue.cover.buildsystem.config.a.a] out: [INFO]   from pom.xml
10:25:25.128 [INFO]   [Checking]    [maven:out]         [com.diffblue.cover.buildsystem.config.a.a] out: [INFO] --------------------------------[ pom ]---------------------------------
10:25:25.296 [INFO]   [Checking]    [maven:out]         [com.diffblue.cover.buildsystem.internal.f.f] deserializing line [DIFFBLUE]{"__type":"com.diffblue.cover.buildsystem.model.DefaultEventMessage","project":"com.paritytrading.parity:parity-parent","goal":"build-classpath","cause":null,"state":"STARTED"}
10:25:25.363 [INFO]   [Checking]    [maven:out]         [com.diffblue.cover.buildsystem.config.a.a] out: [INFO] 
10:25:25.363 [INFO]   [Checking]    [maven:out]         [com.diffblue.cover.buildsystem.config.a.a] out: [INFO] --- dependency:3.1.1:build-classpath (default-cli) @ parity-parent ---
10:25:25.762 [INFO]   [Checking]    [maven:out]         [com.diffblue.cover.buildsystem.config.a.a] out: [INFO] No dependencies found.
10:25:25.762 [INFO]   [Checking]    [maven:out]         [com.diffblue.cover.buildsystem.config.a.a] out: [INFO] Dependencies classpath:
10:25:25.762 [INFO]   [Checking]    [maven:out]         [com.diffblue.cover.buildsystem.config.a.a] out: 
10:25:25.763 [INFO]   [Checking]    [maven:out]         [com.diffblue.cover.buildsystem.internal.f.f] deserializing line [DIFFBLUE]{"__type":"com.diffblue.cover.buildsystem.model.DefaultEventMessage","project":"com.paritytrading.parity:parity-parent","goal":"build-classpath","cause":null,"state":"SUCCESS"}
10:25:25.766 [INFO]   [Checking]    [maven:out]         [com.diffblue.cover.buildsystem.config.a.a] out: [INFO] 
10:25:25.767 [INFO]   [Checking]    [maven:out]         [com.diffblue.cover.buildsystem.config.a.a] out: [INFO] ----------------< com.paritytrading.parity:parity-book >----------------
10:25:25.767 [INFO]   [Checking]    [maven:out]         [com.diffblue.cover.buildsystem.config.a.a] out: [INFO] Building Parity Order Book 0.7.1-SNAPSHOT                         [2/13]
10:25:25.767 [INFO]   [Checking]    [maven:out]         [com.diffblue.cover.buildsystem.config.a.a] out: [INFO]   from libraries/book/pom.xml
10:25:25.767 [INFO]   [Checking]    [maven:out]         [com.diffblue.cover.buildsystem.config.a.a] out: [INFO] --------------------------------[ jar ]---------------------------------
10:25:25.797 [INFO]   [Checking]    [maven:out]         [com.diffblue.cover.buildsystem.internal.f.f] deserializing line [DIFFBLUE]{"__type":"com.diffblue.cover.buildsystem.model.DefaultEventMessage","project":"com.paritytrading.parity:parity-book","goal":"build-classpath","cause":null,"state":"STARTED"}
10:25:25.800 [INFO]   [Checking]    [maven:out]         [com.diffblue.cover.buildsystem.config.a.a] out: [INFO] 
10:25:25.800 [INFO]   [Checking]    [maven:out]         [com.diffblue.cover.buildsystem.config.a.a] out: [INFO] --- dependency:3.1.1:build-classpath (default-cli) @ parity-book ---
10:25:25.800 [INFO]   [Checking]    [maven:out]         [com.diffblue.cover.buildsystem.config.a.a] out: [INFO] Dependencies classpath:
10:25:25.800 [INFO]   [Checking]    [maven:out]         [com.diffblue.cover.buildsystem.config.a.a] out: /home/jbergqvist/.m2/repository/it/unimi/dsi/fastutil/8.1.0/fastutil-8.1.0.jar:/home/jbergqvist/.m2/repository/org/apache/commons/commons-lang3/3.12.0/commons-lang3-3.12.0.jar:/home/jbergqvist/.m2/repository/org/junit/jupiter/junit-jupiter/5.7.0/junit-jupiter-5.7.0.jar:/home/jbergqvist/.m2/repository/org/junit/jupiter/junit-jupiter-api/5.7.0/junit-jupiter-api-5.7.0.jar:/home/jbergqvist/.m2/repository/org/apiguardian/apiguardian-api/1.1.0/apiguardian-api-1.1.0.jar:/home/jbergqvist/.m2/repository/org/opentest4j/opentest4j/1.2.0/opentest4j-1.2.0.jar:/home/jbergqvist/.m2/repository/org/junit/platform/junit-platform-commons/1.7.0/junit-platform-commons-1.7.0.jar:/home/jbergqvist/.m2/repository/org/junit/jupiter/junit-jupiter-params/5.7.0/junit-jupiter-params-5.7.0.jar:/home/jbergqvist/.m2/repository/org/junit/jupiter/junit-jupiter-engine/5.7.0/junit-jupiter-engine-5.7.0.jar:/home/jbergqvist/.m2/repository/org/junit/platform/junit-platform-engine/1.7.0/junit-platform-engine-1.7.0.jar:/home/jbergqvist/.m2/repository/com/diffblue/cover/cover-annotations/1.9.0/cover-annotations-1.9.0.jar:/home/jbergqvist/.m2/repository/org/mockito/mockito-core/4.11.0/mockito-core-4.11.0.jar:/home/jbergqvist/.m2/repository/net/bytebuddy/byte-buddy/1.12.19/byte-buddy-1.12.19.jar:/home/jbergqvist/.m2/repository/net/bytebuddy/byte-buddy-agent/1.12.19/byte-buddy-agent-1.12.19.jar:/home/jbergqvist/.m2/repository/org/objenesis/objenesis/3.3/objenesis-3.3.jar:/home/jbergqvist/.m2/repository/org/mockito/mockito-junit-jupiter/4.11.0/mockito-junit-jupiter-4.11.0.jar
10:25:25.800 [INFO]   [Checking]    [maven:out]         [com.diffblue.cover.buildsystem.internal.f.f] deserializing line [DIFFBLUE]{"__type":"com.diffblue.cover.buildsystem.model.DefaultEventMessage","project":"com.paritytrading.parity:parity-book","goal":"build-classpath","cause":null,"state":"SUCCESS"}
10:25:25.803 [INFO]   [Checking]    [maven:out]         [com.diffblue.cover.buildsystem.config.a.a] out: [INFO] 
10:25:25.803 [INFO]   [Checking]    [maven:out]         [com.diffblue.cover.buildsystem.config.a.a] out: [INFO] ----------------< com.paritytrading.parity:parity-file >----------------
10:25:25.804 [INFO]   [Checking]    [maven:out]         [com.diffblue.cover.buildsystem.config.a.a] out: [INFO] Building Parity File Formats 0.7.1-SNAPSHOT                       [3/13]
10:25:25.804 [INFO]   [Checking]    [maven:out]         [com.diffblue.cover.buildsystem.config.a.a] out: [INFO]   from libraries/file/pom.xml
10:25:25.804 [INFO]   [Checking]    [maven:out]         [com.diffblue.cover.buildsystem.config.a.a] out: [INFO] --------------------------------[ jar ]---------------------------------
10:25:25.807 [INFO]   [Checking]    [maven:out]         [com.diffblue.cover.buildsystem.internal.f.f] deserializing line [DIFFBLUE]{"__type":"com.diffblue.cover.buildsystem.model.DefaultEventMessage","project":"com.paritytrading.parity:parity-file","goal":"build-classpath","cause":null,"state":"STARTED"}
10:25:25.810 [INFO]   [Checking]    [maven:out]         [com.diffblue.cover.buildsystem.config.a.a] out: [INFO] 
10:25:25.811 [INFO]   [Checking]    [maven:out]         [com.diffblue.cover.buildsystem.config.a.a] out: [INFO] --- dependency:3.1.1:build-classpath (default-cli) @ parity-file ---
10:25:25.811 [INFO]   [Checking]    [maven:out]         [com.diffblue.cover.buildsystem.config.a.a] out: [INFO] Dependencies classpath:
10:25:25.811 [INFO]   [Checking]    [maven:out]         [com.diffblue.cover.buildsystem.config.a.a] out: /home/jbergqvist/.m2/repository/org/junit/jupiter/junit-jupiter/5.7.0/junit-jupiter-5.7.0.jar:/home/jbergqvist/.m2/repository/org/junit/jupiter/junit-jupiter-api/5.7.0/junit-jupiter-api-5.7.0.jar:/home/jbergqvist/.m2/repository/org/apiguardian/apiguardian-api/1.1.0/apiguardian-api-1.1.0.jar:/home/jbergqvist/.m2/repository/org/opentest4j/opentest4j/1.2.0/opentest4j-1.2.0.jar:/home/jbergqvist/.m2/repository/org/junit/platform/junit-platform-commons/1.7.0/junit-platform-commons-1.7.0.jar:/home/jbergqvist/.m2/repository/org/junit/jupiter/junit-jupiter-params/5.7.0/junit-jupiter-params-5.7.0.jar:/home/jbergqvist/.m2/repository/org/junit/jupiter/junit-jupiter-engine/5.7.0/junit-jupiter-engine-5.7.0.jar:/home/jbergqvist/.m2/repository/org/junit/platform/junit-platform-engine/1.7.0/junit-platform-engine-1.7.0.jar:/home/jbergqvist/.m2/repository/com/diffblue/cover/cover-annotations/1.9.0/cover-annotations-1.9.0.jar:/home/jbergqvist/.m2/repository/org/mockito/mockito-core/4.11.0/mockito-core-4.11.0.jar:/home/jbergqvist/.m2/repository/net/bytebuddy/byte-buddy/1.12.19/byte-buddy-1.12.19.jar:/home/jbergqvist/.m2/repository/net/bytebuddy/byte-buddy-agent/1.12.19/byte-buddy-agent-1.12.19.jar:/home/jbergqvist/.m2/repository/org/objenesis/objenesis/3.3/objenesis-3.3.jar:/home/jbergqvist/.m2/repository/org/mockito/mockito-junit-jupiter/4.11.0/mockito-junit-jupiter-4.11.0.jar
10:25:25.811 [INFO]   [Checking]    [maven:out]         [com.diffblue.cover.buildsystem.internal.f.f] deserializing line [DIFFBLUE]{"__type":"com.diffblue.cover.buildsystem.model.DefaultEventMessage","project":"com.paritytrading.parity:parity-file","goal":"build-classpath","cause":null,"state":"SUCCESS"}
10:25:25.815 [INFO]   [Checking]    [maven:out]         [com.diffblue.cover.buildsystem.config.a.a] out: [INFO] 
10:25:25.815 [INFO]   [Checking]    [maven:out]         [com.diffblue.cover.buildsystem.config.a.a] out: [INFO] ---------------< com.paritytrading.parity:parity-match >----------------
10:25:25.815 [INFO]   [Checking]    [maven:out]         [com.diffblue.cover.buildsystem.config.a.a] out: [INFO] Building Parity Matching Algorithm 0.7.1-SNAPSHOT                 [4/13]
10:25:25.815 [INFO]   [Checking]    [maven:out]         [com.diffblue.cover.buildsystem.config.a.a] out: [INFO]   from libraries/match/pom.xml
10:25:25.815 [INFO]   [Checking]    [maven:out]         [com.diffblue.cover.buildsystem.config.a.a] out: [INFO] --------------------------------[ jar ]---------------------------------
10:25:25.820 [INFO]   [Checking]    [maven:out]         [com.diffblue.cover.buildsystem.internal.f.f] deserializing line [DIFFBLUE]{"__type":"com.diffblue.cover.buildsystem.model.DefaultEventMessage","project":"com.paritytrading.parity:parity-match","goal":"build-classpath","cause":null,"state":"STARTED"}
10:25:25.824 [INFO]   [Checking]    [maven:out]         [com.diffblue.cover.buildsystem.config.a.a] out: [INFO] 
10:25:25.824 [INFO]   [Checking]    [maven:out]         [com.diffblue.cover.buildsystem.config.a.a] out: [INFO] --- dependency:3.1.1:build-classpath (default-cli) @ parity-match ---
10:25:25.824 [INFO]   [Checking]    [maven:out]         [com.diffblue.cover.buildsystem.config.a.a] out: [INFO] Dependencies classpath:
10:25:25.824 [INFO]   [Checking]    [maven:out]         [com.diffblue.cover.buildsystem.config.a.a] out: /home/jbergqvist/.m2/repository/it/unimi/dsi/fastutil/8.1.0/fastutil-8.1.0.jar:/home/jbergqvist/.m2/repository/org/apache/commons/commons-lang3/3.12.0/commons-lang3-3.12.0.jar:/home/jbergqvist/.m2/repository/org/junit/jupiter/junit-jupiter/5.7.0/junit-jupiter-5.7.0.jar:/home/jbergqvist/.m2/repository/org/junit/jupiter/junit-jupiter-api/5.7.0/junit-jupiter-api-5.7.0.jar:/home/jbergqvist/.m2/repository/org/apiguardian/apiguardian-api/1.1.0/apiguardian-api-1.1.0.jar:/home/jbergqvist/.m2/repository/org/opentest4j/opentest4j/1.2.0/opentest4j-1.2.0.jar:/home/jbergqvist/.m2/repository/org/junit/platform/junit-platform-commons/1.7.0/junit-platform-commons-1.7.0.jar:/home/jbergqvist/.m2/repository/org/junit/jupiter/junit-jupiter-params/5.7.0/junit-jupiter-params-5.7.0.jar:/home/jbergqvist/.m2/repository/org/junit/jupiter/junit-jupiter-engine/5.7.0/junit-jupiter-engine-5.7.0.jar:/home/jbergqvist/.m2/repository/org/junit/platform/junit-platform-engine/1.7.0/junit-platform-engine-1.7.0.jar:/home/jbergqvist/.m2/repository/com/diffblue/cover/cover-annotations/1.9.0/cover-annotations-1.9.0.jar:/home/jbergqvist/.m2/repository/org/mockito/mockito-core/4.11.0/mockito-core-4.11.0.jar:/home/jbergqvist/.m2/repository/net/bytebuddy/byte-buddy/1.12.19/byte-buddy-1.12.19.jar:/home/jbergqvist/.m2/repository/net/bytebuddy/byte-buddy-agent/1.12.19/byte-buddy-agent-1.12.19.jar:/home/jbergqvist/.m2/repository/org/objenesis/objenesis/3.3/objenesis-3.3.jar:/home/jbergqvist/.m2/repository/org/mockito/mockito-junit-jupiter/4.11.0/mockito-junit-jupiter-4.11.0.jar
10:25:25.824 [INFO]   [Checking]    [maven:out]         [com.diffblue.cover.buildsystem.internal.f.f] deserializing line [DIFFBLUE]{"__type":"com.diffblue.cover.buildsystem.model.DefaultEventMessage","project":"com.paritytrading.parity:parity-match","goal":"build-classpath","cause":null,"state":"SUCCESS"}
10:25:25.827 [INFO]   [Checking]    [maven:out]         [com.diffblue.cover.buildsystem.config.a.a] out: [INFO] 
10:25:25.828 [INFO]   [Checking]    [maven:out]         [com.diffblue.cover.buildsystem.config.a.a] out: [INFO] ----------------< com.paritytrading.parity:parity-net >-----------------
10:25:25.828 [INFO]   [Checking]    [maven:out]         [com.diffblue.cover.buildsystem.config.a.a] out: [INFO] Building Parity Network Protocols 0.7.1-SNAPSHOT                  [5/13]
10:25:25.828 [INFO]   [Checking]    [maven:out]         [com.diffblue.cover.buildsystem.config.a.a] out: [INFO]   from libraries/net/pom.xml
10:25:25.828 [INFO]   [Checking]    [maven:out]         [com.diffblue.cover.buildsystem.config.a.a] out: [INFO] --------------------------------[ jar ]---------------------------------
10:25:25.839 [INFO]   [Checking]    [maven:out]         [com.diffblue.cover.buildsystem.internal.f.f] deserializing line [DIFFBLUE]{"__type":"com.diffblue.cover.buildsystem.model.DefaultEventMessage","project":"com.paritytrading.parity:parity-net","goal":"build-classpath","cause":null,"state":"STARTED"}
10:25:25.841 [INFO]   [Checking]    [maven:out]         [com.diffblue.cover.buildsystem.config.a.a] out: [INFO] 
10:25:25.842 [INFO]   [Checking]    [maven:out]         [com.diffblue.cover.buildsystem.config.a.a] out: [INFO] --- dependency:3.1.1:build-classpath (default-cli) @ parity-net ---
10:25:25.842 [INFO]   [Checking]    [maven:out]         [com.diffblue.cover.buildsystem.config.a.a] out: [INFO] Dependencies classpath:
10:25:25.842 [INFO]   [Checking]    [maven:out]         [com.diffblue.cover.buildsystem.config.a.a] out: /home/jbergqvist/.m2/repository/com/paritytrading/nassau/nassau-core/0.13.0/nassau-core-0.13.0.jar:/home/jbergqvist/.m2/repository/com/paritytrading/foundation/foundation/0.3.0/foundation-0.3.0.jar:/home/jbergqvist/.m2/repository/com/diffblue/cover/cover-annotations/1.9.0/cover-annotations-1.9.0.jar:/home/jbergqvist/.m2/repository/org/junit/jupiter/junit-jupiter-engine/5.13.4/junit-jupiter-engine-5.13.4.jar:/home/jbergqvist/.m2/repository/org/junit/platform/junit-platform-engine/1.13.4/junit-platform-engine-1.13.4.jar:/home/jbergqvist/.m2/repository/org/opentest4j/opentest4j/1.3.0/opentest4j-1.3.0.jar:/home/jbergqvist/.m2/repository/org/junit/platform/junit-platform-commons/1.13.4/junit-platform-commons-1.13.4.jar:/home/jbergqvist/.m2/repository/org/junit/jupiter/junit-jupiter-api/5.13.4/junit-jupiter-api-5.13.4.jar:/home/jbergqvist/.m2/repository/org/apiguardian/apiguardian-api/1.1.2/apiguardian-api-1.1.2.jar:/home/jbergqvist/.m2/repository/org/mockito/mockito-core/4.11.0/mockito-core-4.11.0.jar:/home/jbergqvist/.m2/repository/net/bytebuddy/byte-buddy/1.12.19/byte-buddy-1.12.19.jar:/home/jbergqvist/.m2/repository/net/bytebuddy/byte-buddy-agent/1.12.19/byte-buddy-agent-1.12.19.jar:/home/jbergqvist/.m2/repository/org/objenesis/objenesis/3.3/objenesis-3.3.jar:/home/jbergqvist/.m2/repository/org/mockito/mockito-junit-jupiter/4.11.0/mockito-junit-jupiter-4.11.0.jar
10:25:25.842 [INFO]   [Checking]    [maven:out]         [com.diffblue.cover.buildsystem.internal.f.f] deserializing line [DIFFBLUE]{"__type":"com.diffblue.cover.buildsystem.model.DefaultEventMessage","project":"com.paritytrading.parity:parity-net","goal":"build-classpath","cause":null,"state":"SUCCESS"}
10:25:25.845 [INFO]   [Checking]    [maven:out]         [com.diffblue.cover.buildsystem.config.a.a] out: [INFO] 
10:25:25.845 [INFO]   [Checking]    [maven:out]         [com.diffblue.cover.buildsystem.config.a.a] out: [INFO] ----------------< com.paritytrading.parity:parity-util >----------------
10:25:25.845 [INFO]   [Checking]    [maven:out]         [com.diffblue.cover.buildsystem.config.a.a] out: [INFO] Building Parity Utilities 0.7.1-SNAPSHOT                          [6/13]
10:25:25.845 [INFO]   [Checking]    [maven:out]         [com.diffblue.cover.buildsystem.config.a.a] out: [INFO]   from libraries/util/pom.xml
10:25:25.845 [INFO]   [Checking]    [maven:out]         [com.diffblue.cover.buildsystem.config.a.a] out: [INFO] --------------------------------[ jar ]---------------------------------
10:25:25.850 [INFO]   [Checking]    [maven:out]         [com.diffblue.cover.buildsystem.internal.f.f] deserializing line [DIFFBLUE]{"__type":"com.diffblue.cover.buildsystem.model.DefaultEventMessage","project":"com.paritytrading.parity:parity-util","goal":"build-classpath","cause":null,"state":"STARTED"}
10:25:25.853 [INFO]   [Checking]    [maven:out]         [com.diffblue.cover.buildsystem.config.a.a] out: [INFO] 
10:25:25.853 [INFO]   [Checking]    [maven:out]         [com.diffblue.cover.buildsystem.config.a.a] out: [INFO] --- dependency:3.1.1:build-classpath (default-cli) @ parity-util ---
10:25:25.854 [INFO]   [Checking]    [maven:out]         [com.diffblue.cover.buildsystem.config.a.a] out: [INFO] Dependencies classpath:
10:25:25.854 [INFO]   [Checking]    [maven:out]         [com.diffblue.cover.buildsystem.config.a.a] out: /home/jbergqvist/.m2/repository/com/paritytrading/foundation/foundation/0.3.0/foundation-0.3.0.jar:/home/jbergqvist/.m2/repository/com/typesafe/config/1.3.1/config-1.3.1.jar:/home/jbergqvist/.m2/repository/org/junit/jupiter/junit-jupiter/5.7.0/junit-jupiter-5.7.0.jar:/home/jbergqvist/.m2/repository/org/junit/jupiter/junit-jupiter-api/5.7.0/junit-jupiter-api-5.7.0.jar:/home/jbergqvist/.m2/repository/org/apiguardian/apiguardian-api/1.1.0/apiguardian-api-1.1.0.jar:/home/jbergqvist/.m2/repository/org/opentest4j/opentest4j/1.2.0/opentest4j-1.2.0.jar:/home/jbergqvist/.m2/repository/org/junit/platform/junit-platform-commons/1.7.0/junit-platform-commons-1.7.0.jar:/home/jbergqvist/.m2/repository/org/junit/jupiter/junit-jupiter-params/5.7.0/junit-jupiter-params-5.7.0.jar:/home/jbergqvist/.m2/repository/org/junit/jupiter/junit-jupiter-engine/5.7.0/junit-jupiter-engine-5.7.0.jar:/home/jbergqvist/.m2/repository/org/junit/platform/junit-platform-engine/1.7.0/junit-platform-engine-1.7.0.jar:/home/jbergqvist/.m2/repository/com/diffblue/cover/cover-annotations/1.9.0/cover-annotations-1.9.0.jar:/home/jbergqvist/.m2/repository/org/mockito/mockito-core/4.11.0/mockito-core-4.11.0.jar:/home/jbergqvist/.m2/repository/net/bytebuddy/byte-buddy/1.12.19/byte-buddy-1.12.19.jar:/home/jbergqvist/.m2/repository/net/bytebuddy/byte-buddy-agent/1.12.19/byte-buddy-agent-1.12.19.jar:/home/jbergqvist/.m2/repository/org/objenesis/objenesis/3.3/objenesis-3.3.jar:/home/jbergqvist/.m2/repository/org/mockito/mockito-junit-jupiter/4.11.0/mockito-junit-jupiter-4.11.0.jar
10:25:25.854 [INFO]   [Checking]    [maven:out]         [com.diffblue.cover.buildsystem.internal.f.f] deserializing line [DIFFBLUE]{"__type":"com.diffblue.cover.buildsystem.model.DefaultEventMessage","project":"com.paritytrading.parity:parity-util","goal":"build-classpath","cause":null,"state":"SUCCESS"}
10:25:25.857 [INFO]   [Checking]    [maven:out]         [com.diffblue.cover.buildsystem.config.a.a] out: [INFO] 
10:25:25.857 [INFO]   [Checking]    [maven:out]         [com.diffblue.cover.buildsystem.config.a.a] out: [INFO] ---------------< com.paritytrading.parity:parity-client >---------------
10:25:25.857 [INFO]   [Checking]    [maven:out]         [com.diffblue.cover.buildsystem.config.a.a] out: [INFO] Building Parity Terminal Client 0.7.1-SNAPSHOT                    [7/13]
10:25:25.857 [INFO]   [Checking]    [maven:out]         [com.diffblue.cover.buildsystem.config.a.a] out: [INFO]   from applications/client/pom.xml
10:25:25.857 [INFO]   [Checking]    [maven:out]         [com.diffblue.cover.buildsystem.config.a.a] out: [INFO] --------------------------------[ jar ]---------------------------------
10:25:25.871 [INFO]   [Checking]    [maven:out]         [com.diffblue.cover.buildsystem.internal.f.f] deserializing line [DIFFBLUE]{"__type":"com.diffblue.cover.buildsystem.model.DefaultEventMessage","project":"com.paritytrading.parity:parity-client","goal":"build-classpath","cause":null,"state":"STARTED"}
10:25:25.874 [INFO]   [Checking]    [maven:out]         [com.diffblue.cover.buildsystem.config.a.a] out: [INFO] 
10:25:25.874 [INFO]   [Checking]    [maven:out]         [com.diffblue.cover.buildsystem.config.a.a] out: [INFO] --- dependency:3.1.1:build-classpath (default-cli) @ parity-client ---
10:25:25.874 [INFO]   [Checking]    [maven:out]         [com.diffblue.cover.buildsystem.config.a.a] out: [INFO] Dependencies classpath:
10:25:25.874 [INFO]   [Checking]    [maven:out]         [com.diffblue.cover.buildsystem.config.a.a] out: /home/jbergqvist/.m2/repository/com/paritytrading/parity/parity-net/0.7.1-SNAPSHOT/parity-net-0.7.1-SNAPSHOT.jar:/home/jbergqvist/.m2/repository/com/paritytrading/parity/parity-util/0.7.1-SNAPSHOT/parity-util-0.7.1-SNAPSHOT.jar:/home/jbergqvist/.m2/repository/com/paritytrading/foundation/foundation/0.3.0/foundation-0.3.0.jar:/home/jbergqvist/.m2/repository/com/paritytrading/nassau/nassau-core/0.13.0/nassau-core-0.13.0.jar:/home/jbergqvist/.m2/repository/com/typesafe/config/1.3.1/config-1.3.1.jar:/home/jbergqvist/.m2/repository/org/jline/jline-reader/3.8.0/jline-reader-3.8.0.jar:/home/jbergqvist/.m2/repository/org/jline/jline-terminal/3.8.0/jline-terminal-3.8.0.jar:/home/jbergqvist/.m2/repository/org/jvirtanen/config/config-extras/0.2.0/config-extras-0.2.0.jar:/home/jbergqvist/.m2/repository/org/jvirtanen/util/util-extras/0.2.0/util-extras-0.2.0.jar:/home/jbergqvist/.m2/repository/com/diffblue/cover/cover-annotations/1.9.0/cover-annotations-1.9.0.jar:/home/jbergqvist/.m2/repository/org/junit/jupiter/junit-jupiter-engine/5.13.4/junit-jupiter-engine-5.13.4.jar:/home/jbergqvist/.m2/repository/org/junit/platform/junit-platform-engine/1.13.4/junit-platform-engine-1.13.4.jar:/home/jbergqvist/.m2/repository/org/opentest4j/opentest4j/1.3.0/opentest4j-1.3.0.jar:/home/jbergqvist/.m2/repository/org/junit/platform/junit-platform-commons/1.13.4/junit-platform-commons-1.13.4.jar:/home/jbergqvist/.m2/repository/org/junit/jupiter/junit-jupiter-api/5.13.4/junit-jupiter-api-5.13.4.jar:/home/jbergqvist/.m2/repository/org/apiguardian/apiguardian-api/1.1.2/apiguardian-api-1.1.2.jar:/home/jbergqvist/.m2/repository/org/mockito/mockito-core/4.11.0/mockito-core-4.11.0.jar:/home/jbergqvist/.m2/repository/net/bytebuddy/byte-buddy/1.12.19/byte-buddy-1.12.19.jar:/home/jbergqvist/.m2/repository/net/bytebuddy/byte-buddy-agent/1.12.19/byte-buddy-agent-1.12.19.jar:/home/jbergqvist/.m2/repository/org/objenesis/objenesis/3.3/objenesis-3.3.jar:/home/jbergqvist/.m2/repository/org/mockito/mockito-junit-jupiter/4.11.0/mockito-junit-jupiter-4.11.0.jar
10:25:25.874 [INFO]   [Checking]    [maven:out]         [com.diffblue.cover.buildsystem.internal.f.f] deserializing line [DIFFBLUE]{"__type":"com.diffblue.cover.buildsystem.model.DefaultEventMessage","project":"com.paritytrading.parity:parity-client","goal":"build-classpath","cause":null,"state":"SUCCESS"}
10:25:25.876 [INFO]   [Checking]    [maven:out]         [com.diffblue.cover.buildsystem.config.a.a] out: [INFO] 
10:25:25.876 [INFO]   [Checking]    [maven:out]         [com.diffblue.cover.buildsystem.config.a.a] out: [INFO] ----------------< com.paritytrading.parity:parity-fix >-----------------
10:25:25.876 [INFO]   [Checking]    [maven:out]         [com.diffblue.cover.buildsystem.config.a.a] out: [INFO] Building Parity FIX Gateway 0.7.1-SNAPSHOT                        [8/13]
10:25:25.876 [INFO]   [Checking]    [maven:out]         [com.diffblue.cover.buildsystem.config.a.a] out: [INFO]   from applications/fix/pom.xml
10:25:25.877 [INFO]   [Checking]    [maven:out]         [com.diffblue.cover.buildsystem.config.a.a] out: [INFO] --------------------------------[ jar ]---------------------------------
10:25:25.887 [INFO]   [Checking]    [maven:out]         [com.diffblue.cover.buildsystem.internal.f.f] deserializing line [DIFFBLUE]{"__type":"com.diffblue.cover.buildsystem.model.DefaultEventMessage","project":"com.paritytrading.parity:parity-fix","goal":"build-classpath","cause":null,"state":"STARTED"}
10:25:25.890 [INFO]   [Checking]    [maven:out]         [com.diffblue.cover.buildsystem.config.a.a] out: [INFO] 
10:25:25.890 [INFO]   [Checking]    [maven:out]         [com.diffblue.cover.buildsystem.config.a.a] out: [INFO] --- dependency:3.1.1:build-classpath (default-cli) @ parity-fix ---
10:25:25.890 [INFO]   [Checking]    [maven:out]         [com.diffblue.cover.buildsystem.config.a.a] out: [INFO] Dependencies classpath:
10:25:25.890 [INFO]   [Checking]    [maven:out]         [com.diffblue.cover.buildsystem.config.a.a] out: /home/jbergqvist/.m2/repository/com/paritytrading/parity/parity-net/0.7.1-SNAPSHOT/parity-net-0.7.1-SNAPSHOT.jar:/home/jbergqvist/.m2/repository/com/paritytrading/parity/parity-util/0.7.1-SNAPSHOT/parity-util-0.7.1-SNAPSHOT.jar:/home/jbergqvist/.m2/repository/com/paritytrading/foundation/foundation/0.3.0/foundation-0.3.0.jar:/home/jbergqvist/.m2/repository/com/paritytrading/nassau/nassau-core/0.13.0/nassau-core-0.13.0.jar:/home/jbergqvist/.m2/repository/com/paritytrading/philadelphia/philadelphia-core/1.2.0/philadelphia-core-1.2.0.jar:/home/jbergqvist/.m2/repository/com/paritytrading/philadelphia/philadelphia-fix44/1.2.0/philadelphia-fix44-1.2.0.jar:/home/jbergqvist/.m2/repository/com/typesafe/config/1.3.1/config-1.3.1.jar:/home/jbergqvist/.m2/repository/joda-time/joda-time/2.10.6/joda-time-2.10.6.jar:/home/jbergqvist/.m2/repository/org/jvirtanen/config/config-extras/0.2.0/config-extras-0.2.0.jar:/home/jbergqvist/.m2/repository/org/jvirtanen/util/util-extras/0.2.0/util-extras-0.2.0.jar:/home/jbergqvist/.m2/repository/com/diffblue/cover/cover-annotations/1.9.0/cover-annotations-1.9.0.jar:/home/jbergqvist/.m2/repository/org/junit/jupiter/junit-jupiter-engine/5.13.4/junit-jupiter-engine-5.13.4.jar:/home/jbergqvist/.m2/repository/org/junit/platform/junit-platform-engine/1.13.4/junit-platform-engine-1.13.4.jar:/home/jbergqvist/.m2/repository/org/opentest4j/opentest4j/1.3.0/opentest4j-1.3.0.jar:/home/jbergqvist/.m2/repository/org/junit/platform/junit-platform-commons/1.13.4/junit-platform-commons-1.13.4.jar:/home/jbergqvist/.m2/repository/org/junit/jupiter/junit-jupiter-api/5.13.4/junit-jupiter-api-5.13.4.jar:/home/jbergqvist/.m2/repository/org/apiguardian/apiguardian-api/1.1.2/apiguardian-api-1.1.2.jar:/home/jbergqvist/.m2/repository/org/mockito/mockito-core/4.11.0/mockito-core-4.11.0.jar:/home/jbergqvist/.m2/repository/net/bytebuddy/byte-buddy/1.12.19/byte-buddy-1.12.19.jar:/home/jbergqvist/.m2/repository/net/bytebuddy/byte-buddy-agent/1.12.19/byte-buddy-agent-1.12.19.jar:/home/jbergqvist/.m2/repository/org/objenesis/objenesis/3.3/objenesis-3.3.jar:/home/jbergqvist/.m2/repository/org/mockito/mockito-junit-jupiter/4.11.0/mockito-junit-jupiter-4.11.0.jar
10:25:25.891 [INFO]   [Checking]    [maven:out]         [com.diffblue.cover.buildsystem.internal.f.f] deserializing line [DIFFBLUE]{"__type":"com.diffblue.cover.buildsystem.model.DefaultEventMessage","project":"com.paritytrading.parity:parity-fix","goal":"build-classpath","cause":null,"state":"SUCCESS"}
10:25:25.893 [INFO]   [Checking]    [maven:out]         [com.diffblue.cover.buildsystem.config.a.a] out: [INFO] 
10:25:25.893 [INFO]   [Checking]    [maven:out]         [com.diffblue.cover.buildsystem.config.a.a] out: [INFO] --------------< com.paritytrading.parity:parity-reporter >--------------
10:25:25.893 [INFO]   [Checking]    [maven:out]         [com.diffblue.cover.buildsystem.config.a.a] out: [INFO] Building Parity Trade Reporter 0.7.1-SNAPSHOT                     [9/13]
10:25:25.893 [INFO]   [Checking]    [maven:out]         [com.diffblue.cover.buildsystem.config.a.a] out: [INFO]   from applications/reporter/pom.xml
10:25:25.893 [INFO]   [Checking]    [maven:out]         [com.diffblue.cover.buildsystem.config.a.a] out: [INFO] --------------------------------[ jar ]---------------------------------
10:25:25.898 [INFO]   [Checking]    [maven:out]         [com.diffblue.cover.buildsystem.internal.f.f] deserializing line [DIFFBLUE]{"__type":"com.diffblue.cover.buildsystem.model.DefaultEventMessage","project":"com.paritytrading.parity:parity-reporter","goal":"build-classpath","cause":null,"state":"STARTED"}
10:25:25.900 [INFO]   [Checking]    [maven:out]         [com.diffblue.cover.buildsystem.config.a.a] out: [INFO] 
10:25:25.900 [INFO]   [Checking]    [maven:out]         [com.diffblue.cover.buildsystem.config.a.a] out: [INFO] --- dependency:3.1.1:build-classpath (default-cli) @ parity-reporter ---
10:25:25.900 [INFO]   [Checking]    [maven:out]         [com.diffblue.cover.buildsystem.config.a.a] out: [INFO] Dependencies classpath:
10:25:25.900 [INFO]   [Checking]    [maven:out]         [com.diffblue.cover.buildsystem.config.a.a] out: /home/jbergqvist/.m2/repository/com/paritytrading/parity/parity-net/0.7.1-SNAPSHOT/parity-net-0.7.1-SNAPSHOT.jar:/home/jbergqvist/.m2/repository/com/paritytrading/parity/parity-util/0.7.1-SNAPSHOT/parity-util-0.7.1-SNAPSHOT.jar:/home/jbergqvist/.m2/repository/com/paritytrading/foundation/foundation/0.3.0/foundation-0.3.0.jar:/home/jbergqvist/.m2/repository/com/paritytrading/nassau/nassau-core/0.13.0/nassau-core-0.13.0.jar:/home/jbergqvist/.m2/repository/com/paritytrading/nassau/nassau-util/0.13.0/nassau-util-0.13.0.jar:/home/jbergqvist/.m2/repository/com/typesafe/config/1.3.1/config-1.3.1.jar:/home/jbergqvist/.m2/repository/org/jvirtanen/config/config-extras/0.2.0/config-extras-0.2.0.jar:/home/jbergqvist/.m2/repository/org/jvirtanen/util/util-extras/0.2.0/util-extras-0.2.0.jar:/home/jbergqvist/.m2/repository/com/diffblue/cover/cover-annotations/1.9.0/cover-annotations-1.9.0.jar:/home/jbergqvist/.m2/repository/org/junit/jupiter/junit-jupiter-engine/5.13.4/junit-jupiter-engine-5.13.4.jar:/home/jbergqvist/.m2/repository/org/junit/platform/junit-platform-engine/1.13.4/junit-platform-engine-1.13.4.jar:/home/jbergqvist/.m2/repository/org/opentest4j/opentest4j/1.3.0/opentest4j-1.3.0.jar:/home/jbergqvist/.m2/repository/org/junit/platform/junit-platform-commons/1.13.4/junit-platform-commons-1.13.4.jar:/home/jbergqvist/.m2/repository/org/junit/jupiter/junit-jupiter-api/5.13.4/junit-jupiter-api-5.13.4.jar:/home/jbergqvist/.m2/repository/org/apiguardian/apiguardian-api/1.1.2/apiguardian-api-1.1.2.jar:/home/jbergqvist/.m2/repository/org/mockito/mockito-core/4.11.0/mockito-core-4.11.0.jar:/home/jbergqvist/.m2/repository/net/bytebuddy/byte-buddy/1.12.19/byte-buddy-1.12.19.jar:/home/jbergqvist/.m2/repository/net/bytebuddy/byte-buddy-agent/1.12.19/byte-buddy-agent-1.12.19.jar:/home/jbergqvist/.m2/repository/org/objenesis/objenesis/3.3/objenesis-3.3.jar:/home/jbergqvist/.m2/repository/org/mockito/mockito-junit-jupiter/4.11.0/mockito-junit-jupiter-4.11.0.jar
10:25:25.900 [INFO]   [Checking]    [maven:out]         [com.diffblue.cover.buildsystem.internal.f.f] deserializing line [DIFFBLUE]{"__type":"com.diffblue.cover.buildsystem.model.DefaultEventMessage","project":"com.paritytrading.parity:parity-reporter","goal":"build-classpath","cause":null,"state":"SUCCESS"}
10:25:25.902 [INFO]   [Checking]    [maven:out]         [com.diffblue.cover.buildsystem.config.a.a] out: [INFO] 
10:25:25.902 [INFO]   [Checking]    [maven:out]         [com.diffblue.cover.buildsystem.config.a.a] out: [INFO] ---------------< com.paritytrading.parity:parity-system >---------------
10:25:25.902 [INFO]   [Checking]    [maven:out]         [com.diffblue.cover.buildsystem.config.a.a] out: [INFO] Building Parity Trading System 0.7.1-SNAPSHOT                    [10/13]
10:25:25.902 [INFO]   [Checking]    [maven:out]         [com.diffblue.cover.buildsystem.config.a.a] out: [INFO]   from applications/system/pom.xml
10:25:25.902 [INFO]   [Checking]    [maven:out]         [com.diffblue.cover.buildsystem.config.a.a] out: [INFO] --------------------------------[ jar ]---------------------------------
10:25:25.906 [INFO]   [Checking]    [maven:out]         [com.diffblue.cover.buildsystem.internal.f.f] deserializing line [DIFFBLUE]{"__type":"com.diffblue.cover.buildsystem.model.DefaultEventMessage","project":"com.paritytrading.parity:parity-system","goal":"build-classpath","cause":null,"state":"STARTED"}
10:25:25.908 [INFO]   [Checking]    [maven:out]         [com.diffblue.cover.buildsystem.config.a.a] out: [INFO] 
10:25:25.909 [INFO]   [Checking]    [maven:out]         [com.diffblue.cover.buildsystem.config.a.a] out: [INFO] --- dependency:3.1.1:build-classpath (default-cli) @ parity-system ---
10:25:25.909 [INFO]   [Checking]    [maven:out]         [com.diffblue.cover.buildsystem.config.a.a] out: [INFO] Dependencies classpath:
10:25:25.909 [INFO]   [Checking]    [maven:out]         [com.diffblue.cover.buildsystem.config.a.a] out: /home/jbergqvist/.m2/repository/com/paritytrading/parity/parity-match/0.7.1-SNAPSHOT/parity-match-0.7.1-SNAPSHOT.jar:/home/jbergqvist/.m2/repository/com/paritytrading/parity/parity-net/0.7.1-SNAPSHOT/parity-net-0.7.1-SNAPSHOT.jar:/home/jbergqvist/.m2/repository/com/paritytrading/foundation/foundation/0.3.0/foundation-0.3.0.jar:/home/jbergqvist/.m2/repository/com/paritytrading/nassau/nassau-core/0.13.0/nassau-core-0.13.0.jar:/home/jbergqvist/.m2/repository/com/typesafe/config/1.3.1/config-1.3.1.jar:/home/jbergqvist/.m2/repository/it/unimi/dsi/fastutil/8.1.0/fastutil-8.1.0.jar:/home/jbergqvist/.m2/repository/org/jvirtanen/config/config-extras/0.2.0/config-extras-0.2.0.jar:/home/jbergqvist/.m2/repository/org/jvirtanen/util/util-extras/0.2.0/util-extras-0.2.0.jar:/home/jbergqvist/.m2/repository/com/diffblue/cover/cover-annotations/1.9.0/cover-annotations-1.9.0.jar:/home/jbergqvist/.m2/repository/org/junit/jupiter/junit-jupiter-engine/5.13.4/junit-jupiter-engine-5.13.4.jar:/home/jbergqvist/.m2/repository/org/junit/platform/junit-platform-engine/1.13.4/junit-platform-engine-1.13.4.jar:/home/jbergqvist/.m2/repository/org/opentest4j/opentest4j/1.3.0/opentest4j-1.3.0.jar:/home/jbergqvist/.m2/repository/org/junit/platform/junit-platform-commons/1.13.4/junit-platform-commons-1.13.4.jar:/home/jbergqvist/.m2/repository/org/junit/jupiter/junit-jupiter-api/5.13.4/junit-jupiter-api-5.13.4.jar:/home/jbergqvist/.m2/repository/org/apiguardian/apiguardian-api/1.1.2/apiguardian-api-1.1.2.jar:/home/jbergqvist/.m2/repository/org/mockito/mockito-core/4.11.0/mockito-core-4.11.0.jar:/home/jbergqvist/.m2/repository/net/bytebuddy/byte-buddy/1.12.19/byte-buddy-1.12.19.jar:/home/jbergqvist/.m2/repository/net/bytebuddy/byte-buddy-agent/1.12.19/byte-buddy-agent-1.12.19.jar:/home/jbergqvist/.m2/repository/org/objenesis/objenesis/3.3/objenesis-3.3.jar:/home/jbergqvist/.m2/repository/org/mockito/mockito-junit-jupiter/4.11.0/mockito-junit-jupiter-4.11.0.jar
10:25:25.909 [INFO]   [Checking]    [maven:out]         [com.diffblue.cover.buildsystem.internal.f.f] deserializing line [DIFFBLUE]{"__type":"com.diffblue.cover.buildsystem.model.DefaultEventMessage","project":"com.paritytrading.parity:parity-system","goal":"build-classpath","cause":null,"state":"SUCCESS"}
10:25:25.911 [INFO]   [Checking]    [maven:out]         [com.diffblue.cover.buildsystem.config.a.a] out: [INFO] 
10:25:25.911 [INFO]   [Checking]    [maven:out]         [com.diffblue.cover.buildsystem.config.a.a] out: [INFO] ---------------< com.paritytrading.parity:parity-ticker >---------------
10:25:25.911 [INFO]   [Checking]    [maven:out]         [com.diffblue.cover.buildsystem.config.a.a] out: [INFO] Building Parity Stock Ticker 0.7.1-SNAPSHOT                      [11/13]
10:25:25.911 [INFO]   [Checking]    [maven:out]         [com.diffblue.cover.buildsystem.config.a.a] out: [INFO]   from applications/ticker/pom.xml
10:25:25.911 [INFO]   [Checking]    [maven:out]         [com.diffblue.cover.buildsystem.config.a.a] out: [INFO] --------------------------------[ jar ]---------------------------------
10:25:25.915 [INFO]   [Checking]    [maven:out]         [com.diffblue.cover.buildsystem.internal.f.f] deserializing line [DIFFBLUE]{"__type":"com.diffblue.cover.buildsystem.model.DefaultEventMessage","project":"com.paritytrading.parity:parity-ticker","goal":"build-classpath","cause":null,"state":"STARTED"}
10:25:25.916 [INFO]   [Checking]    [maven:out]         [com.diffblue.cover.buildsystem.config.a.a] out: [INFO] 
10:25:25.917 [INFO]   [Checking]    [maven:out]         [com.diffblue.cover.buildsystem.config.a.a] out: [INFO] --- dependency:3.1.1:build-classpath (default-cli) @ parity-ticker ---
10:25:25.917 [INFO]   [Checking]    [maven:out]         [com.diffblue.cover.buildsystem.config.a.a] out: [INFO] Dependencies classpath:
10:25:25.917 [INFO]   [Checking]    [maven:out]         [com.diffblue.cover.buildsystem.config.a.a] out: /home/jbergqvist/.m2/repository/com/paritytrading/parity/parity-book/0.7.1-SNAPSHOT/parity-book-0.7.1-SNAPSHOT.jar:/home/jbergqvist/.m2/repository/it/unimi/dsi/fastutil/8.1.0/fastutil-8.1.0.jar:/home/jbergqvist/.m2/repository/com/paritytrading/parity/parity-file/0.7.1-SNAPSHOT/parity-file-0.7.1-SNAPSHOT.jar:/home/jbergqvist/.m2/repository/com/paritytrading/parity/parity-net/0.7.1-SNAPSHOT/parity-net-0.7.1-SNAPSHOT.jar:/home/jbergqvist/.m2/repository/com/paritytrading/parity/parity-util/0.7.1-SNAPSHOT/parity-util-0.7.1-SNAPSHOT.jar:/home/jbergqvist/.m2/repository/com/paritytrading/foundation/foundation/0.3.0/foundation-0.3.0.jar:/home/jbergqvist/.m2/repository/com/paritytrading/nassau/nassau-core/0.13.0/nassau-core-0.13.0.jar:/home/jbergqvist/.m2/repository/com/paritytrading/nassau/nassau-util/0.13.0/nassau-util-0.13.0.jar:/home/jbergqvist/.m2/repository/com/typesafe/config/1.3.1/config-1.3.1.jar:/home/jbergqvist/.m2/repository/org/jvirtanen/config/config-extras/0.2.0/config-extras-0.2.0.jar:/home/jbergqvist/.m2/repository/org/jvirtanen/util/util-extras/0.2.0/util-extras-0.2.0.jar:/home/jbergqvist/.m2/repository/com/diffblue/cover/cover-annotations/1.9.0/cover-annotations-1.9.0.jar:/home/jbergqvist/.m2/repository/org/junit/jupiter/junit-jupiter-engine/5.13.4/junit-jupiter-engine-5.13.4.jar:/home/jbergqvist/.m2/repository/org/junit/platform/junit-platform-engine/1.13.4/junit-platform-engine-1.13.4.jar:/home/jbergqvist/.m2/repository/org/opentest4j/opentest4j/1.3.0/opentest4j-1.3.0.jar:/home/jbergqvist/.m2/repository/org/junit/platform/junit-platform-commons/1.13.4/junit-platform-commons-1.13.4.jar:/home/jbergqvist/.m2/repository/org/junit/jupiter/junit-jupiter-api/5.13.4/junit-jupiter-api-5.13.4.jar:/home/jbergqvist/.m2/repository/org/apiguardian/apiguardian-api/1.1.2/apiguardian-api-1.1.2.jar:/home/jbergqvist/.m2/repository/org/mockito/mockito-core/4.11.0/mockito-core-4.11.0.jar:/home/jbergqvist/.m2/repository/net/bytebuddy/byte-buddy/1.12.19/byte-buddy-1.12.19.jar:/home/jbergqvist/.m2/repository/net/bytebuddy/byte-buddy-agent/1.12.19/byte-buddy-agent-1.12.19.jar:/home/jbergqvist/.m2/repository/org/objenesis/objenesis/3.3/objenesis-3.3.jar:/home/jbergqvist/.m2/repository/org/mockito/mockito-junit-jupiter/4.11.0/mockito-junit-jupiter-4.11.0.jar
10:25:25.917 [INFO]   [Checking]    [maven:out]         [com.diffblue.cover.buildsystem.internal.f.f] deserializing line [DIFFBLUE]{"__type":"com.diffblue.cover.buildsystem.model.DefaultEventMessage","project":"com.paritytrading.parity:parity-ticker","goal":"build-classpath","cause":null,"state":"SUCCESS"}
10:25:25.919 [INFO]   [Checking]    [maven:out]         [com.diffblue.cover.buildsystem.config.a.a] out: [INFO] 
10:25:25.920 [INFO]   [Checking]    [maven:out]         [com.diffblue.cover.buildsystem.config.a.a] out: [INFO] -----------< com.paritytrading.parity:parity-book-perf-test >-----------
10:25:25.920 [INFO]   [Checking]    [maven:out]         [com.diffblue.cover.buildsystem.config.a.a] out: [INFO] Building Parity Order Book Performance Test 0.7.1-SNAPSHOT       [12/13]
10:25:25.920 [INFO]   [Checking]    [maven:out]         [com.diffblue.cover.buildsystem.config.a.a] out: [INFO]   from tests/book-perf-test/pom.xml
10:25:25.920 [INFO]   [Checking]    [maven:out]         [com.diffblue.cover.buildsystem.config.a.a] out: [INFO] --------------------------------[ jar ]---------------------------------
10:25:25.927 [INFO]   [Checking]    [maven:out]         [com.diffblue.cover.buildsystem.internal.f.f] deserializing line [DIFFBLUE]{"__type":"com.diffblue.cover.buildsystem.model.DefaultEventMessage","project":"com.paritytrading.parity:parity-book-perf-test","goal":"build-classpath","cause":null,"state":"STARTED"}
10:25:25.930 [INFO]   [Checking]    [maven:out]         [com.diffblue.cover.buildsystem.config.a.a] out: [INFO] 
10:25:25.930 [INFO]   [Checking]    [maven:out]         [com.diffblue.cover.buildsystem.config.a.a] out: [INFO] --- dependency:3.1.1:build-classpath (default-cli) @ parity-book-perf-test ---
10:25:25.930 [INFO]   [Checking]    [maven:out]         [com.diffblue.cover.buildsystem.config.a.a] out: [INFO] Dependencies classpath:
10:25:25.930 [INFO]   [Checking]    [maven:out]         [com.diffblue.cover.buildsystem.config.a.a] out: /home/jbergqvist/.m2/repository/com/paritytrading/parity/parity-book/0.7.1-SNAPSHOT/parity-book-0.7.1-SNAPSHOT.jar:/home/jbergqvist/.m2/repository/it/unimi/dsi/fastutil/8.1.0/fastutil-8.1.0.jar:/home/jbergqvist/.m2/repository/org/openjdk/jmh/jmh-core/1.19/jmh-core-1.19.jar:/home/jbergqvist/.m2/repository/net/sf/jopt-simple/jopt-simple/4.6/jopt-simple-4.6.jar:/home/jbergqvist/.m2/repository/org/apache/commons/commons-math3/3.2/commons-math3-3.2.jar:/home/jbergqvist/.m2/repository/com/diffblue/cover/cover-annotations/1.9.0/cover-annotations-1.9.0.jar:/home/jbergqvist/.m2/repository/org/openjdk/jmh/jmh-generator-annprocess/1.19/jmh-generator-annprocess-1.19.jar:/home/jbergqvist/.m2/repository/org/junit/jupiter/junit-jupiter-engine/5.13.4/junit-jupiter-engine-5.13.4.jar:/home/jbergqvist/.m2/repository/org/junit/platform/junit-platform-engine/1.13.4/junit-platform-engine-1.13.4.jar:/home/jbergqvist/.m2/repository/org/opentest4j/opentest4j/1.3.0/opentest4j-1.3.0.jar:/home/jbergqvist/.m2/repository/org/junit/platform/junit-platform-commons/1.13.4/junit-platform-commons-1.13.4.jar:/home/jbergqvist/.m2/repository/org/junit/jupiter/junit-jupiter-api/5.13.4/junit-jupiter-api-5.13.4.jar:/home/jbergqvist/.m2/repository/org/apiguardian/apiguardian-api/1.1.2/apiguardian-api-1.1.2.jar:/home/jbergqvist/.m2/repository/org/mockito/mockito-core/4.11.0/mockito-core-4.11.0.jar:/home/jbergqvist/.m2/repository/net/bytebuddy/byte-buddy/1.12.19/byte-buddy-1.12.19.jar:/home/jbergqvist/.m2/repository/net/bytebuddy/byte-buddy-agent/1.12.19/byte-buddy-agent-1.12.19.jar:/home/jbergqvist/.m2/repository/org/objenesis/objenesis/3.3/objenesis-3.3.jar:/home/jbergqvist/.m2/repository/org/mockito/mockito-junit-jupiter/4.11.0/mockito-junit-jupiter-4.11.0.jar
10:25:25.930 [INFO]   [Checking]    [maven:out]         [com.diffblue.cover.buildsystem.internal.f.f] deserializing line [DIFFBLUE]{"__type":"com.diffblue.cover.buildsystem.model.DefaultEventMessage","project":"com.paritytrading.parity:parity-book-perf-test","goal":"build-classpath","cause":null,"state":"SUCCESS"}
10:25:25.932 [INFO]   [Checking]    [maven:out]         [com.diffblue.cover.buildsystem.config.a.a] out: [INFO] 
10:25:25.932 [INFO]   [Checking]    [maven:out]         [com.diffblue.cover.buildsystem.config.a.a] out: [INFO] ----------< com.paritytrading.parity:parity-match-perf-test >-----------
10:25:25.932 [INFO]   [Checking]    [maven:out]         [com.diffblue.cover.buildsystem.config.a.a] out: [INFO] Building Parity Matching Algorithm Performance Test 0.7.1-SNAPSHOT [13/13]
10:25:25.932 [INFO]   [Checking]    [maven:out]         [com.diffblue.cover.buildsystem.config.a.a] out: [INFO]   from tests/match-perf-test/pom.xml
10:25:25.932 [INFO]   [Checking]    [maven:out]         [com.diffblue.cover.buildsystem.config.a.a] out: [INFO] --------------------------------[ jar ]---------------------------------
10:25:25.935 [INFO]   [Checking]    [maven:out]         [com.diffblue.cover.buildsystem.internal.f.f] deserializing line [DIFFBLUE]{"__type":"com.diffblue.cover.buildsystem.model.DefaultEventMessage","project":"com.paritytrading.parity:parity-match-perf-test","goal":"build-classpath","cause":null,"state":"STARTED"}
10:25:25.937 [INFO]   [Checking]    [maven:out]         [com.diffblue.cover.buildsystem.config.a.a] out: [INFO] 
10:25:25.937 [INFO]   [Checking]    [maven:out]         [com.diffblue.cover.buildsystem.config.a.a] out: [INFO] --- dependency:3.1.1:build-classpath (default-cli) @ parity-match-perf-test ---
10:25:25.937 [INFO]   [Checking]    [maven:out]         [com.diffblue.cover.buildsystem.config.a.a] out: [INFO] Dependencies classpath:
10:25:25.937 [INFO]   [Checking]    [maven:out]         [com.diffblue.cover.buildsystem.config.a.a] out: /home/jbergqvist/.m2/repository/com/paritytrading/parity/parity-match/0.7.1-SNAPSHOT/parity-match-0.7.1-SNAPSHOT.jar:/home/jbergqvist/.m2/repository/it/unimi/dsi/fastutil/8.1.0/fastutil-8.1.0.jar:/home/jbergqvist/.m2/repository/org/openjdk/jmh/jmh-core/1.19/jmh-core-1.19.jar:/home/jbergqvist/.m2/repository/net/sf/jopt-simple/jopt-simple/4.6/jopt-simple-4.6.jar:/home/jbergqvist/.m2/repository/org/apache/commons/commons-math3/3.2/commons-math3-3.2.jar:/home/jbergqvist/.m2/repository/com/diffblue/cover/cover-annotations/1.9.0/cover-annotations-1.9.0.jar:/home/jbergqvist/.m2/repository/org/openjdk/jmh/jmh-generator-annprocess/1.19/jmh-generator-annprocess-1.19.jar:/home/jbergqvist/.m2/repository/org/junit/jupiter/junit-jupiter-engine/5.13.4/junit-jupiter-engine-5.13.4.jar:/home/jbergqvist/.m2/repository/org/junit/platform/junit-platform-engine/1.13.4/junit-platform-engine-1.13.4.jar:/home/jbergqvist/.m2/repository/org/opentest4j/opentest4j/1.3.0/opentest4j-1.3.0.jar:/home/jbergqvist/.m2/repository/org/junit/platform/junit-platform-commons/1.13.4/junit-platform-commons-1.13.4.jar:/home/jbergqvist/.m2/repository/org/junit/jupiter/junit-jupiter-api/5.13.4/junit-jupiter-api-5.13.4.jar:/home/jbergqvist/.m2/repository/org/apiguardian/apiguardian-api/1.1.2/apiguardian-api-1.1.2.jar:/home/jbergqvist/.m2/repository/org/mockito/mockito-core/4.11.0/mockito-core-4.11.0.jar:/home/jbergqvist/.m2/repository/net/bytebuddy/byte-buddy/1.12.19/byte-buddy-1.12.19.jar:/home/jbergqvist/.m2/repository/net/bytebuddy/byte-buddy-agent/1.12.19/byte-buddy-agent-1.12.19.jar:/home/jbergqvist/.m2/repository/org/objenesis/objenesis/3.3/objenesis-3.3.jar:/home/jbergqvist/.m2/repository/org/mockito/mockito-junit-jupiter/4.11.0/mockito-junit-jupiter-4.11.0.jar
10:25:25.937 [INFO]   [Checking]    [maven:out]         [com.diffblue.cover.buildsystem.internal.f.f] deserializing line [DIFFBLUE]{"__type":"com.diffblue.cover.buildsystem.model.DefaultEventMessage","project":"com.paritytrading.parity:parity-match-perf-test","goal":"build-classpath","cause":null,"state":"SUCCESS"}
10:25:25.968 [INFO]   [Checking]    [maven:out]         [com.diffblue.cover.buildsystem.internal.f.f] deserializing line [DIFFBLUE]{"__type":"com.diffblue.cover.buildsystem.model.DefaultProjectModuleMessage","project":{"__type":"DefaultProjectModule","junitReport":["/home/jbergqvist/diffblue/paritytrading-parity/target/surefire-reports"],"jacocoReport":["/home/jbergqvist/diffblue/paritytrading-parity/target/site/jacoco/jacoco.xml"],"jacocoDestFile":["/home/jbergqvist/diffblue/paritytrading-parity/target/jacoco.exec"],"jacocoFormats":["xml"],"jacocoSkipped":false,"classpath":["/home/jbergqvist/diffblue/paritytrading-parity/target/classes"],"complianceLevel":"1.8","productionSources":["/home/jbergqvist/diffblue/paritytrading-parity/src/main/java"],"testSources":["/home/jbergqvist/diffblue/paritytrading-parity/src/test/java"],"productionClasses":"/home/jbergqvist/diffblue/paritytrading-parity/target/classes","testClasses":"/home/jbergqvist/diffblue/paritytrading-parity/target/test-classes","sourceToBuildPathMap":null,"testSourceToBuildPathMap":null,"buildDirectory":"/home/jbergqvist/diffblue/paritytrading-parity/target","plugins":[{"__type":"DefaultPlugin","groupId":"org.apache.maven.plugins","artefactId":"maven-enforcer-plugin","version":"1.0","pluginClassName":null},{"__type":"DefaultPlugin","groupId":"org.apache.maven.plugins","artefactId":"maven-checkstyle-plugin","version":"3.1.0","pluginClassName":null},{"__type":"DefaultPlugin","groupId":"org.apache.maven.plugins","artefactId":"maven-compiler-plugin","version":"3.8.0","pluginClassName":null},{"__type":"DefaultPlugin","groupId":"org.apache.maven.plugins","artefactId":"maven-javadoc-plugin","version":"3.0.1","pluginClassName":null},{"__type":"DefaultPlugin","groupId":"org.apache.maven.plugins","artefactId":"maven-release-plugin","version":"2.5.3","pluginClassName":null},{"__type":"DefaultPlugin","groupId":"org.apache.maven.plugins","artefactId":"maven-clean-plugin","version":"3.2.0","pluginClassName":null},{"__type":"DefaultPlugin","groupId":"org.apache.maven.plugins","artefactId":"maven-install-plugin","version":"3.1.2","pluginClassName":null},{"__type":"DefaultPlugin","groupId":"org.apache.maven.plugins","artefactId":"maven-deploy-plugin","version":"2.8.2","pluginClassName":null},{"__type":"DefaultPlugin","groupId":"org.apache.maven.plugins","artefactId":"maven-site-plugin","version":"3.12.1","pluginClassName":null}],"version":"3.9.12","encoding":"UTF-8","name":"maven","subModules":[{"__type":"DefaultProjectModule","junitReport":["/home/jbergqvist/diffblue/paritytrading-parity/libraries/book/target/surefire-reports"],"jacocoReport":["/home/jbergqvist/diffblue/paritytrading-parity/libraries/book/target/site/jacoco/jacoco.xml"],"jacocoDestFile":["/home/jbergqvist/diffblue/paritytrading-parity/libraries/book/target/jacoco.exec"],"jacocoFormats":["xml"],"jacocoSkipped":false,"classpath":["/home/jbergqvist/diffblue/paritytrading-parity/libraries/book/target/classes","/home/jbergqvist/.m2/repository/it/unimi/dsi/fastutil/8.1.0/fastutil-8.1.0.jar","/home/jbergqvist/.m2/repository/org/apache/commons/commons-lang3/3.12.0/commons-lang3-3.12.0.jar","/home/jbergqvist/.m2/repository/org/junit/jupiter/junit-jupiter/5.7.0/junit-jupiter-5.7.0.jar","/home/jbergqvist/.m2/repository/org/junit/jupiter/junit-jupiter-api/5.7.0/junit-jupiter-api-5.7.0.jar","/home/jbergqvist/.m2/repository/org/apiguardian/apiguardian-api/1.1.0/apiguardian-api-1.1.0.jar","/home/jbergqvist/.m2/repository/org/opentest4j/opentest4j/1.2.0/opentest4j-1.2.0.jar","/home/jbergqvist/.m2/repository/org/junit/platform/junit-platform-commons/1.7.0/junit-platform-commons-1.7.0.jar","/home/jbergqvist/.m2/repository/org/junit/jupiter/junit-jupiter-params/5.7.0/junit-jupiter-params-5.7.0.jar","/home/jbergqvist/.m2/repository/org/junit/jupiter/junit-jupiter-engine/5.7.0/junit-jupiter-engine-5.7.0.jar","/home/jbergqvist/.m2/repository/org/junit/platform/junit-platform-engine/1.7.0/junit-platform-engine-1.7.0.jar","/home/jbergqvist/.m2/repository/com/diffblue/cover/cover-annotations/1.9.0/cover-annotations-1.9.0.jar","/home/jbergqvist/.m2/repository/org/mockito/mockito-core/4.11.0/mockito-core-4.11.0.jar","/home/jbergqvist/.m2/repository/net/bytebuddy/byte-buddy/1.12.19/byte-buddy-1.12.19.jar","/home/jbergqvist/.m2/repository/net/bytebuddy/byte-buddy-agent/1.12.19/byte-buddy-agent-1.12.19.jar","/home/jbergqvist/.m2/repository/org/objenesis/objenesis/3.3/objenesis-3.3.jar","/home/jbergqvist/.m2/repository/org/mockito/mockito-junit-jupiter/4.11.0/mockito-junit-jupiter-4.11.0.jar"],"complianceLevel":"1.8","productionSources":["/home/jbergqvist/diffblue/paritytrading-parity/libraries/book/src/main/java"],"testSources":["/home/jbergqvist/diffblue/paritytrading-parity/libraries/book/src/test/java"],"productionClasses":"/home/jbergqvist/diffblue/paritytrading-parity/libraries/book/target/classes","testClasses":"/home/jbergqvist/diffblue/paritytrading-parity/libraries/book/target/test-classes","sourceToBuildPathMap":null,"testSourceToBuildPathMap":null,"buildDirectory":"/home/jbergqvist/diffblue/paritytrading-parity/libraries/book/target","plugins":[{"__type":"DefaultPlugin","groupId":"org.apache.maven.plugins","artefactId":"maven-enforcer-plugin","version":"1.0","pluginClassName":null},{"__type":"DefaultPlugin","groupId":"org.apache.maven.plugins","artefactId":"maven-checkstyle-plugin","version":"3.1.0","pluginClassName":null},{"__type":"DefaultPlugin","groupId":"org.apache.maven.plugins","artefactId":"maven-compiler-plugin","version":"3.8.0","pluginClassName":null},{"__type":"DefaultPlugin","groupId":"org.apache.maven.plugins","artefactId":"maven-javadoc-plugin","version":"3.0.1","pluginClassName":null},{"__type":"DefaultPlugin","groupId":"org.apache.maven.plugins","artefactId":"maven-release-plugin","version":"2.5.3","pluginClassName":null},{"__type":"DefaultPlugin","groupId":"org.apache.maven.plugins","artefactId":"maven-clean-plugin","version":"3.2.0","pluginClassName":null},{"__type":"DefaultPlugin","groupId":"org.apache.maven.plugins","artefactId":"maven-resources-plugin","version":"3.3.1","pluginClassName":null},{"__type":"DefaultPlugin","groupId":"org.apache.maven.plugins","artefactId":"maven-jar-plugin","version":"3.4.1","pluginClassName":null},{"__type":"DefaultPlugin","groupId":"org.apache.maven.plugins","artefactId":"maven-surefire-plugin","version":"3.0.0-M5","pluginClassName":null},{"__type":"DefaultPlugin","groupId":"org.apache.maven.plugins","artefactId":"maven-install-plugin","version":"3.1.2","pluginClassName":null},{"__type":"DefaultPlugin","groupId":"org.apache.maven.plugins","artefactId":"maven-deploy-plugin","version":"2.8.2","pluginClassName":null},{"__type":"DefaultPlugin","groupId":"org.apache.maven.plugins","artefactId":"maven-site-plugin","version":"3.12.1","pluginClassName":null}],"version":"3.9.12","encoding":"UTF-8","name":"maven","subModules":[],"simpleModuleName":null,"parentModuleName":"com.paritytrading.parity:parity-parent","location":"/home/jbergqvist/diffblue/paritytrading-parity/libraries/book","fullModuleName":"com.paritytrading.parity:parity-book"},{"__type":"DefaultProjectModule","junitReport":["/home/jbergqvist/diffblue/paritytrading-parity/libraries/file/target/surefire-reports"],"jacocoReport":["/home/jbergqvist/diffblue/paritytrading-parity/libraries/file/target/site/jacoco/jacoco.xml"],"jacocoDestFile":["/home/jbergqvist/diffblue/paritytrading-parity/libraries/file/target/jacoco.exec"],"jacocoFormats":["xml"],"jacocoSkipped":false,"classpath":["/home/jbergqvist/diffblue/paritytrading-parity/libraries/file/target/classes","/home/jbergqvist/.m2/repository/org/junit/jupiter/junit-jupiter/5.7.0/junit-jupiter-5.7.0.jar","/home/jbergqvist/.m2/repository/org/junit/jupiter/junit-jupiter-api/5.7.0/junit-jupiter-api-5.7.0.jar","/home/jbergqvist/.m2/repository/org/apiguardian/apiguardian-api/1.1.0/apiguardian-api-1.1.0.jar","/home/jbergqvist/.m2/repository/org/opentest4j/opentest4j/1.2.0/opentest4j-1.2.0.jar","/home/jbergqvist/.m2/repository/org/junit/platform/junit-platform-commons/1.7.0/junit-platform-commons-1.7.0.jar","/home/jbergqvist/.m2/repository/org/junit/jupiter/junit-jupiter-params/5.7.0/junit-jupiter-params-5.7.0.jar","/home/jbergqvist/.m2/repository/org/junit/jupiter/junit-jupiter-engine/5.7.0/junit-jupiter-engine-5.7.0.jar","/home/jbergqvist/.m2/repository/org/junit/platform/junit-platform-engine/1.7.0/junit-platform-engine-1.7.0.jar","/home/jbergqvist/.m2/repository/com/diffblue/cover/cover-annotations/1.9.0/cover-annotations-1.9.0.jar","/home/jbergqvist/.m2/repository/org/mockito/mockito-core/4.11.0/mockito-core-4.11.0.jar","/home/jbergqvist/.m2/repository/net/bytebuddy/byte-buddy/1.12.19/byte-buddy-1.12.19.jar","/home/jbergqvist/.m2/repository/net/bytebuddy/byte-buddy-agent/1.12.19/byte-buddy-agent-1.12.19.jar","/home/jbergqvist/.m2/repository/org/objenesis/objenesis/3.3/objenesis-3.3.jar","/home/jbergqvist/.m2/repository/org/mockito/mockito-junit-jupiter/4.11.0/mockito-junit-jupiter-4.11.0.jar"],"complianceLevel":"1.8","productionSources":["/home/jbergqvist/diffblue/paritytrading-parity/libraries/file/src/main/java"],"testSources":["/home/jbergqvist/diffblue/paritytrading-parity/libraries/file/src/test/java"],"productionClasses":"/home/jbergqvist/diffblue/paritytrading-parity/libraries/file/target/classes","testClasses":"/home/jbergqvist/diffblue/paritytrading-parity/libraries/file/target/test-classes","sourceToBuildPathMap":null,"testSourceToBuildPathMap":null,"buildDirectory":"/home/jbergqvist/diffblue/paritytrading-parity/libraries/file/target","plugins":[{"__type":"DefaultPlugin","groupId":"org.apache.maven.plugins","artefactId":"maven-enforcer-plugin","version":"1.0","pluginClassName":null},{"__type":"DefaultPlugin","groupId":"org.apache.maven.plugins","artefactId":"maven-checkstyle-plugin","version":"3.1.0","pluginClassName":null},{"__type":"DefaultPlugin","groupId":"org.apache.maven.plugins","artefactId":"maven-compiler-plugin","version":"3.8.0","pluginClassName":null},{"__type":"DefaultPlugin","groupId":"org.apache.maven.plugins","artefactId":"maven-javadoc-plugin","version":"3.0.1","pluginClassName":null},{"__type":"DefaultPlugin","groupId":"org.apache.maven.plugins","artefactId":"maven-release-plugin","version":"2.5.3","pluginClassName":null},{"__type":"DefaultPlugin","groupId":"org.apache.maven.plugins","artefactId":"maven-clean-plugin","version":"3.2.0","pluginClassName":null},{"__type":"DefaultPlugin","groupId":"org.apache.maven.plugins","artefactId":"maven-resources-plugin","version":"3.3.1","pluginClassName":null},{"__type":"DefaultPlugin","groupId":"org.apache.maven.plugins","artefactId":"maven-jar-plugin","version":"3.4.1","pluginClassName":null},{"__type":"DefaultPlugin","groupId":"org.apache.maven.plugins","artefactId":"maven-surefire-plugin","version":"3.0.0-M5","pluginClassName":null},{"__type":"DefaultPlugin","groupId":"org.apache.maven.plugins","artefactId":"maven-install-plugin","version":"3.1.2","pluginClassName":null},{"__type":"DefaultPlugin","groupId":"org.apache.maven.plugins","artefactId":"maven-deploy-plugin","version":"2.8.2","pluginClassName":null},{"__type":"DefaultPlugin","groupId":"org.apache.maven.plugins","artefactId":"maven-site-plugin","version":"3.12.1","pluginClassName":null}],"version":"3.9.12","encoding":"UTF-8","name":"maven","subModules":[],"simpleModuleName":null,"parentModuleName":"com.paritytrading.parity:parity-parent","location":"/home/jbergqvist/diffblue/paritytrading-parity/libraries/file","fullModuleName":"com.paritytrading.parity:parity-file"},{"__type":"DefaultProjectModule","junitReport":["/home/jbergqvist/diffblue/paritytrading-parity/libraries/match/target/surefire-reports"],"jacocoReport":["/home/jbergqvist/diffblue/paritytrading-parity/libraries/match/target/site/jacoco/jacoco.xml"],"jacocoDestFile":["/home/jbergqvist/diffblue/paritytrading-parity/libraries/match/target/jacoco.exec"],"jacocoFormats":["xml"],"jacocoSkipped":false,"classpath":["/home/jbergqvist/diffblue/paritytrading-parity/libraries/match/target/classes","/home/jbergqvist/.m2/repository/it/unimi/dsi/fastutil/8.1.0/fastutil-8.1.0.jar","/home/jbergqvist/.m2/repository/org/apache/commons/commons-lang3/3.12.0/commons-lang3-3.12.0.jar","/home/jbergqvist/.m2/repository/org/junit/jupiter/junit-jupiter/5.7.0/junit-jupiter-5.7.0.jar","/home/jbergqvist/.m2/repository/org/junit/jupiter/junit-jupiter-api/5.7.0/junit-jupiter-api-5.7.0.jar","/home/jbergqvist/.m2/repository/org/apiguardian/apiguardian-api/1.1.0/apiguardian-api-1.1.0.jar","/home/jbergqvist/.m2/repository/org/opentest4j/opentest4j/1.2.0/opentest4j-1.2.0.jar","/home/jbergqvist/.m2/repository/org/junit/platform/junit-platform-commons/1.7.0/junit-platform-commons-1.7.0.jar","/home/jbergqvist/.m2/repository/org/junit/jupiter/junit-jupiter-params/5.7.0/junit-jupiter-params-5.7.0.jar","/home/jbergqvist/.m2/repository/org/junit/jupiter/junit-jupiter-engine/5.7.0/junit-jupiter-engine-5.7.0.jar","/home/jbergqvist/.m2/repository/org/junit/platform/junit-platform-engine/1.7.0/junit-platform-engine-1.7.0.jar","/home/jbergqvist/.m2/repository/com/diffblue/cover/cover-annotations/1.9.0/cover-annotations-1.9.0.jar","/home/jbergqvist/.m2/repository/org/mockito/mockito-core/4.11.0/mockito-core-4.11.0.jar","/home/jbergqvist/.m2/repository/net/bytebuddy/byte-buddy/1.12.19/byte-buddy-1.12.19.jar","/home/jbergqvist/.m2/repository/net/bytebuddy/byte-buddy-agent/1.12.19/byte-buddy-agent-1.12.19.jar","/home/jbergqvist/.m2/repository/org/objenesis/objenesis/3.3/objenesis-3.3.jar","/home/jbergqvist/.m2/repository/org/mockito/mockito-junit-jupiter/4.11.0/mockito-junit-jupiter-4.11.0.jar"],"complianceLevel":"1.8","productionSources":["/home/jbergqvist/diffblue/paritytrading-parity/libraries/match/src/main/java"],"testSources":["/home/jbergqvist/diffblue/paritytrading-parity/libraries/match/src/test/java"],"productionClasses":"/home/jbergqvist/diffblue/paritytrading-parity/libraries/match/target/classes","testClasses":"/home/jbergqvist/diffblue/paritytrading-parity/libraries/match/target/test-classes","sourceToBuildPathMap":null,"testSourceToBuildPathMap":null,"buildDirectory":"/home/jbergqvist/diffblue/paritytrading-parity/libraries/match/target","plugins":[{"__type":"DefaultPlugin","groupId":"org.apache.maven.plugins","artefactId":"maven-enforcer-plugin","version":"1.0","pluginClassName":null},{"__type":"DefaultPlugin","groupId":"org.apache.maven.plugins","artefactId":"maven-checkstyle-plugin","version":"3.1.0","pluginClassName":null},{"__type":"DefaultPlugin","groupId":"org.apache.maven.plugins","artefactId":"maven-compiler-plugin","version":"3.8.0","pluginClassName":null},{"__type":"DefaultPlugin","groupId":"org.apache.maven.plugins","artefactId":"maven-javadoc-plugin","version":"3.0.1","pluginClassName":null},{"__type":"DefaultPlugin","groupId":"org.apache.maven.plugins","artefactId":"maven-release-plugin","version":"2.5.3","pluginClassName":null},{"__type":"DefaultPlugin","groupId":"org.apache.maven.plugins","artefactId":"maven-clean-plugin","version":"3.2.0","pluginClassName":null},{"__type":"DefaultPlugin","groupId":"org.apache.maven.plugins","artefactId":"maven-resources-plugin","version":"3.3.1","pluginClassName":null},{"__type":"DefaultPlugin","groupId":"org.apache.maven.plugins","artefactId":"maven-jar-plugin","version":"3.4.1","pluginClassName":null},{"__type":"DefaultPlugin","groupId":"org.apache.maven.plugins","artefactId":"maven-surefire-plugin","version":"3.0.0-M5","pluginClassName":null},{"__type":"DefaultPlugin","groupId":"org.apache.maven.plugins","artefactId":"maven-install-plugin","version":"3.1.2","pluginClassName":null},{"__type":"DefaultPlugin","groupId":"org.apache.maven.plugins","artefactId":"maven-deploy-plugin","version":"2.8.2","pluginClassName":null},{"__type":"DefaultPlugin","groupId":"org.apache.maven.plugins","artefactId":"maven-site-plugin","version":"3.12.1","pluginClassName":null}],"version":"3.9.12","encoding":"UTF-8","name":"maven","subModules":[],"simpleModuleName":null,"parentModuleName":"com.paritytrading.parity:parity-parent","location":"/home/jbergqvist/diffblue/paritytrading-parity/libraries/match","fullModuleName":"com.paritytrading.parity:parity-match"},{"__type":"DefaultProjectModule","junitReport":["/home/jbergqvist/diffblue/paritytrading-parity/libraries/net/target/surefire-reports"],"jacocoReport":["/home/jbergqvist/diffblue/paritytrading-parity/libraries/net/target/site/jacoco/jacoco.xml"],"jacocoDestFile":["/home/jbergqvist/diffblue/paritytrading-parity/libraries/net/target/jacoco.exec"],"jacocoFormats":["xml"],"jacocoSkipped":false,"classpath":["/home/jbergqvist/diffblue/paritytrading-parity/libraries/net/target/classes","/home/jbergqvist/.m2/repository/com/paritytrading/nassau/nassau-core/0.13.0/nassau-core-0.13.0.jar","/home/jbergqvist/.m2/repository/com/paritytrading/foundation/foundation/0.3.0/foundation-0.3.0.jar","/home/jbergqvist/.m2/repository/com/diffblue/cover/cover-annotations/1.9.0/cover-annotations-1.9.0.jar","/home/jbergqvist/.m2/repository/org/junit/jupiter/junit-jupiter-engine/5.13.4/junit-jupiter-engine-5.13.4.jar","/home/jbergqvist/.m2/repository/org/junit/platform/junit-platform-engine/1.13.4/junit-platform-engine-1.13.4.jar","/home/jbergqvist/.m2/repository/org/opentest4j/opentest4j/1.3.0/opentest4j-1.3.0.jar","/home/jbergqvist/.m2/repository/org/junit/platform/junit-platform-commons/1.13.4/junit-platform-commons-1.13.4.jar","/home/jbergqvist/.m2/repository/org/junit/jupiter/junit-jupiter-api/5.13.4/junit-jupiter-api-5.13.4.jar","/home/jbergqvist/.m2/repository/org/apiguardian/apiguardian-api/1.1.2/apiguardian-api-1.1.2.jar","/home/jbergqvist/.m2/repository/org/mockito/mockito-core/4.11.0/mockito-core-4.11.0.jar","/home/jbergqvist/.m2/repository/net/bytebuddy/byte-buddy/1.12.19/byte-buddy-1.12.19.jar","/home/jbergqvist/.m2/repository/net/bytebuddy/byte-buddy-agent/1.12.19/byte-buddy-agent-1.12.19.jar","/home/jbergqvist/.m2/repository/org/objenesis/objenesis/3.3/objenesis-3.3.jar","/home/jbergqvist/.m2/repository/org/mockito/mockito-junit-jupiter/4.11.0/mockito-junit-jupiter-4.11.0.jar"],"complianceLevel":"1.8","productionSources":["/home/jbergqvist/diffblue/paritytrading-parity/libraries/net/src/main/java"],"testSources":["/home/jbergqvist/diffblue/paritytrading-parity/libraries/net/src/test/java"],"productionClasses":"/home/jbergqvist/diffblue/paritytrading-parity/libraries/net/target/classes","testClasses":"/home/jbergqvist/diffblue/paritytrading-parity/libraries/net/target/test-classes","sourceToBuildPathMap":null,"testSourceToBuildPathMap":null,"buildDirectory":"/home/jbergqvist/diffblue/paritytrading-parity/libraries/net/target","plugins":[{"__type":"DefaultPlugin","groupId":"org.apache.maven.plugins","artefactId":"maven-enforcer-plugin","version":"1.0","pluginClassName":null},{"__type":"DefaultPlugin","groupId":"org.apache.maven.plugins","artefactId":"maven-checkstyle-plugin","version":"3.1.0","pluginClassName":null},{"__type":"DefaultPlugin","groupId":"org.apache.maven.plugins","artefactId":"maven-compiler-plugin","version":"3.8.0","pluginClassName":null},{"__type":"DefaultPlugin","groupId":"org.apache.maven.plugins","artefactId":"maven-javadoc-plugin","version":"3.0.1","pluginClassName":null},{"__type":"DefaultPlugin","groupId":"org.apache.maven.plugins","artefactId":"maven-release-plugin","version":"2.5.3","pluginClassName":null},{"__type":"DefaultPlugin","groupId":"org.apache.maven.plugins","artefactId":"maven-clean-plugin","version":"3.2.0","pluginClassName":null},{"__type":"DefaultPlugin","groupId":"org.apache.maven.plugins","artefactId":"maven-resources-plugin","version":"3.3.1","pluginClassName":null},{"__type":"DefaultPlugin","groupId":"org.apache.maven.plugins","artefactId":"maven-jar-plugin","version":"3.4.1","pluginClassName":null},{"__type":"DefaultPlugin","groupId":"org.apache.maven.plugins","artefactId":"maven-surefire-plugin","version":"3.0.0-M5","pluginClassName":null},{"__type":"DefaultPlugin","groupId":"org.apache.maven.plugins","artefactId":"maven-install-plugin","version":"3.1.2","pluginClassName":null},{"__type":"DefaultPlugin","groupId":"org.apache.maven.plugins","artefactId":"maven-deploy-plugin","version":"2.8.2","pluginClassName":null},{"__type":"DefaultPlugin","groupId":"org.apache.maven.plugins","artefactId":"maven-site-plugin","version":"3.12.1","pluginClassName":null}],"version":"3.9.12","encoding":"UTF-8","name":"maven","subModules":[],"simpleModuleName":null,"parentModuleName":"com.paritytrading.parity:parity-parent","location":"/home/jbergqvist/diffblue/paritytrading-parity/libraries/net","fullModuleName":"com.paritytrading.parity:parity-net"},{"__type":"DefaultProjectModule","junitReport":["/home/jbergqvist/diffblue/paritytrading-parity/libraries/util/target/surefire-reports"],"jacocoReport":["/home/jbergqvist/diffblue/paritytrading-parity/libraries/util/target/site/jacoco/jacoco.xml"],"jacocoDestFile":["/home/jbergqvist/diffblue/paritytrading-parity/libraries/util/target/jacoco.exec"],"jacocoFormats":["xml"],"jacocoSkipped":false,"classpath":["/home/jbergqvist/diffblue/paritytrading-parity/libraries/util/target/classes","/home/jbergqvist/.m2/repository/com/paritytrading/foundation/foundation/0.3.0/foundation-0.3.0.jar","/home/jbergqvist/.m2/repository/com/typesafe/config/1.3.1/config-1.3.1.jar","/home/jbergqvist/.m2/repository/org/junit/jupiter/junit-jupiter/5.7.0/junit-jupiter-5.7.0.jar","/home/jbergqvist/.m2/repository/org/junit/jupiter/junit-jupiter-api/5.7.0/junit-jupiter-api-5.7.0.jar","/home/jbergqvist/.m2/repository/org/apiguardian/apiguardian-api/1.1.0/apiguardian-api-1.1.0.jar","/home/jbergqvist/.m2/repository/org/opentest4j/opentest4j/1.2.0/opentest4j-1.2.0.jar","/home/jbergqvist/.m2/repository/org/junit/platform/junit-platform-commons/1.7.0/junit-platform-commons-1.7.0.jar","/home/jbergqvist/.m2/repository/org/junit/jupiter/junit-jupiter-params/5.7.0/junit-jupiter-params-5.7.0.jar","/home/jbergqvist/.m2/repository/org/junit/jupiter/junit-jupiter-engine/5.7.0/junit-jupiter-engine-5.7.0.jar","/home/jbergqvist/.m2/repository/org/junit/platform/junit-platform-engine/1.7.0/junit-platform-engine-1.7.0.jar","/home/jbergqvist/.m2/repository/com/diffblue/cover/cover-annotations/1.9.0/cover-annotations-1.9.0.jar","/home/jbergqvist/.m2/repository/org/mockito/mockito-core/4.11.0/mockito-core-4.11.0.jar","/home/jbergqvist/.m2/repository/net/bytebuddy/byte-buddy/1.12.19/byte-buddy-1.12.19.jar","/home/jbergqvist/.m2/repository/net/bytebuddy/byte-buddy-agent/1.12.19/byte-buddy-agent-1.12.19.jar","/home/jbergqvist/.m2/repository/org/objenesis/objenesis/3.3/objenesis-3.3.jar","/home/jbergqvist/.m2/repository/org/mockito/mockito-junit-jupiter/4.11.0/mockito-junit-jupiter-4.11.0.jar"],"complianceLevel":"1.8","productionSources":["/home/jbergqvist/diffblue/paritytrading-parity/libraries/util/src/main/java"],"testSources":["/home/jbergqvist/diffblue/paritytrading-parity/libraries/util/src/test/java"],"productionClasses":"/home/jbergqvist/diffblue/paritytrading-parity/libraries/util/target/classes","testClasses":"/home/jbergqvist/diffblue/paritytrading-parity/libraries/util/target/test-classes","sourceToBuildPathMap":null,"testSourceToBuildPathMap":null,"buildDirectory":"/home/jbergqvist/diffblue/paritytrading-parity/libraries/util/target","plugins":[{"__type":"DefaultPlugin","groupId":"org.apache.maven.plugins","artefactId":"maven-enforcer-plugin","version":"1.0","pluginClassName":null},{"__type":"DefaultPlugin","groupId":"org.apache.maven.plugins","artefactId":"maven-checkstyle-plugin","version":"3.1.0","pluginClassName":null},{"__type":"DefaultPlugin","groupId":"org.apache.maven.plugins","artefactId":"maven-compiler-plugin","version":"3.8.0","pluginClassName":null},{"__type":"DefaultPlugin","groupId":"org.apache.maven.plugins","artefactId":"maven-javadoc-plugin","version":"3.0.1","pluginClassName":null},{"__type":"DefaultPlugin","groupId":"org.apache.maven.plugins","artefactId":"maven-release-plugin","version":"2.5.3","pluginClassName":null},{"__type":"DefaultPlugin","groupId":"org.apache.maven.plugins","artefactId":"maven-clean-plugin","version":"3.2.0","pluginClassName":null},{"__type":"DefaultPlugin","groupId":"org.apache.maven.plugins","artefactId":"maven-resources-plugin","version":"3.3.1","pluginClassName":null},{"__type":"DefaultPlugin","groupId":"org.apache.maven.plugins","artefactId":"maven-jar-plugin","version":"3.4.1","pluginClassName":null},{"__type":"DefaultPlugin","groupId":"org.apache.maven.plugins","artefactId":"maven-surefire-plugin","version":"3.0.0-M5","pluginClassName":null},{"__type":"DefaultPlugin","groupId":"org.apache.maven.plugins","artefactId":"maven-install-plugin","version":"3.1.2","pluginClassName":null},{"__type":"DefaultPlugin","groupId":"org.apache.maven.plugins","artefactId":"maven-deploy-plugin","version":"2.8.2","pluginClassName":null},{"__type":"DefaultPlugin","groupId":"org.apache.maven.plugins","artefactId":"maven-site-plugin","version":"3.12.1","pluginClassName":null}],"version":"3.9.12","encoding":"UTF-8","name":"maven","subModules":[],"simpleModuleName":null,"parentModuleName":"com.paritytrading.parity:parity-parent","location":"/home/jbergqvist/diffblue/paritytrading-parity/libraries/util","fullModuleName":"com.paritytrading.parity:parity-util"},{"__type":"DefaultProjectModule","junitReport":["/home/jbergqvist/diffblue/paritytrading-parity/applications/client/target/surefire-reports"],"jacocoReport":["/home/jbergqvist/diffblue/paritytrading-parity/applications/client/target/site/jacoco/jacoco.xml"],"jacocoDestFile":["/home/jbergqvist/diffblue/paritytrading-parity/applications/client/target/jacoco.exec"],"jacocoFormats":["xml"],"jacocoSkipped":false,"classpath":["/home/jbergqvist/diffblue/paritytrading-parity/applications/client/target/classes","/home/jbergqvist/.m2/repository/com/paritytrading/parity/parity-net/0.7.1-SNAPSHOT/parity-net-0.7.1-SNAPSHOT.jar","/home/jbergqvist/.m2/repository/com/paritytrading/parity/parity-util/0.7.1-SNAPSHOT/parity-util-0.7.1-SNAPSHOT.jar","/home/jbergqvist/.m2/repository/com/paritytrading/foundation/foundation/0.3.0/foundation-0.3.0.jar","/home/jbergqvist/.m2/repository/com/paritytrading/nassau/nassau-core/0.13.0/nassau-core-0.13.0.jar","/home/jbergqvist/.m2/repository/com/typesafe/config/1.3.1/config-1.3.1.jar","/home/jbergqvist/.m2/repository/org/jline/jline-reader/3.8.0/jline-reader-3.8.0.jar","/home/jbergqvist/.m2/repository/org/jline/jline-terminal/3.8.0/jline-terminal-3.8.0.jar","/home/jbergqvist/.m2/repository/org/jvirtanen/config/config-extras/0.2.0/config-extras-0.2.0.jar","/home/jbergqvist/.m2/repository/org/jvirtanen/util/util-extras/0.2.0/util-extras-0.2.0.jar","/home/jbergqvist/.m2/repository/com/diffblue/cover/cover-annotations/1.9.0/cover-annotations-1.9.0.jar","/home/jbergqvist/.m2/repository/org/junit/jupiter/junit-jupiter-engine/5.13.4/junit-jupiter-engine-5.13.4.jar","/home/jbergqvist/.m2/repository/org/junit/platform/junit-platform-engine/1.13.4/junit-platform-engine-1.13.4.jar","/home/jbergqvist/.m2/repository/org/opentest4j/opentest4j/1.3.0/opentest4j-1.3.0.jar","/home/jbergqvist/.m2/repository/org/junit/platform/junit-platform-commons/1.13.4/junit-platform-commons-1.13.4.jar","/home/jbergqvist/.m2/repository/org/junit/jupiter/junit-jupiter-api/5.13.4/junit-jupiter-api-5.13.4.jar","/home/jbergqvist/.m2/repository/org/apiguardian/apiguardian-api/1.1.2/apiguardian-api-1.1.2.jar","/home/jbergqvist/.m2/repository/org/mockito/mockito-core/4.11.0/mockito-core-4.11.0.jar","/home/jbergqvist/.m2/repository/net/bytebuddy/byte-buddy/1.12.19/byte-buddy-1.12.19.jar","/home/jbergqvist/.m2/repository/net/bytebuddy/byte-buddy-agent/1.12.19/byte-buddy-agent-1.12.19.jar","/home/jbergqvist/.m2/repository/org/objenesis/objenesis/3.3/objenesis-3.3.jar","/home/jbergqvist/.m2/repository/org/mockito/mockito-junit-jupiter/4.11.0/mockito-junit-jupiter-4.11.0.jar"],"complianceLevel":"1.8","productionSources":["/home/jbergqvist/diffblue/paritytrading-parity/applications/client/src/main/java"],"testSources":["/home/jbergqvist/diffblue/paritytrading-parity/applications/client/src/test/java"],"productionClasses":"/home/jbergqvist/diffblue/paritytrading-parity/applications/client/target/classes","testClasses":"/home/jbergqvist/diffblue/paritytrading-parity/applications/client/target/test-classes","sourceToBuildPathMap":null,"testSourceToBuildPathMap":null,"buildDirectory":"/home/jbergqvist/diffblue/paritytrading-parity/applications/client/target","plugins":[{"__type":"DefaultPlugin","groupId":"org.apache.maven.plugins","artefactId":"maven-enforcer-plugin","version":"1.0","pluginClassName":null},{"__type":"DefaultPlugin","groupId":"org.apache.maven.plugins","artefactId":"maven-checkstyle-plugin","version":"3.1.0","pluginClassName":null},{"__type":"DefaultPlugin","groupId":"org.apache.maven.plugins","artefactId":"maven-compiler-plugin","version":"3.8.0","pluginClassName":null},{"__type":"DefaultPlugin","groupId":"org.apache.maven.plugins","artefactId":"maven-javadoc-plugin","version":"3.0.1","pluginClassName":null},{"__type":"DefaultPlugin","groupId":"org.apache.maven.plugins","artefactId":"maven-release-plugin","version":"2.5.3","pluginClassName":null},{"__type":"DefaultPlugin","groupId":"org.apache.maven.plugins","artefactId":"maven-deploy-plugin","version":"2.8.2","pluginClassName":null},{"__type":"DefaultPlugin","groupId":"org.apache.maven.plugins","artefactId":"maven-shade-plugin","version":"3.2.1","pluginClassName":null},{"__type":"DefaultPlugin","groupId":"org.apache.maven.plugins","artefactId":"maven-clean-plugin","version":"3.2.0","pluginClassName":null},{"__type":"DefaultPlugin","groupId":"org.apache.maven.plugins","artefactId":"maven-resources-plugin","version":"3.3.1","pluginClassName":null},{"__type":"DefaultPlugin","groupId":"org.apache.maven.plugins","artefactId":"maven-jar-plugin","version":"3.4.1","pluginClassName":null},{"__type":"DefaultPlugin","groupId":"org.apache.maven.plugins","artefactId":"maven-surefire-plugin","version":"3.0.0-M5","pluginClassName":null},{"__type":"DefaultPlugin","groupId":"org.apache.maven.plugins","artefactId":"maven-install-plugin","version":"3.1.2","pluginClassName":null},{"__type":"DefaultPlugin","groupId":"org.apache.maven.plugins","artefactId":"maven-site-plugin","version":"3.12.1","pluginClassName":null}],"version":"3.9.12","encoding":"UTF-8","name":"maven","subModules":[],"simpleModuleName":null,"parentModuleName":"com.paritytrading.parity:parity-parent","location":"/home/jbergqvist/diffblue/paritytrading-parity/applications/client","fullModuleName":"com.paritytrading.parity:parity-client"},{"__type":"DefaultProjectModule","junitReport":["/home/jbergqvist/diffblue/paritytrading-parity/applications/fix/target/surefire-reports"],"jacocoReport":["/home/jbergqvist/diffblue/paritytrading-parity/applications/fix/target/site/jacoco/jacoco.xml"],"jacocoDestFile":["/home/jbergqvist/diffblue/paritytrading-parity/applications/fix/target/jacoco.exec"],"jacocoFormats":["xml"],"jacocoSkipped":false,"classpath":["/home/jbergqvist/diffblue/paritytrading-parity/applications/fix/target/classes","/home/jbergqvist/.m2/repository/com/paritytrading/parity/parity-net/0.7.1-SNAPSHOT/parity-net-0.7.1-SNAPSHOT.jar","/home/jbergqvist/.m2/repository/com/paritytrading/parity/parity-util/0.7.1-SNAPSHOT/parity-util-0.7.1-SNAPSHOT.jar","/home/jbergqvist/.m2/repository/com/paritytrading/foundation/foundation/0.3.0/foundation-0.3.0.jar","/home/jbergqvist/.m2/repository/com/paritytrading/nassau/nassau-core/0.13.0/nassau-core-0.13.0.jar","/home/jbergqvist/.m2/repository/com/paritytrading/philadelphia/philadelphia-core/1.2.0/philadelphia-core-1.2.0.jar","/home/jbergqvist/.m2/repository/com/paritytrading/philadelphia/philadelphia-fix44/1.2.0/philadelphia-fix44-1.2.0.jar","/home/jbergqvist/.m2/repository/com/typesafe/config/1.3.1/config-1.3.1.jar","/home/jbergqvist/.m2/repository/joda-time/joda-time/2.10.6/joda-time-2.10.6.jar","/home/jbergqvist/.m2/repository/org/jvirtanen/config/config-extras/0.2.0/config-extras-0.2.0.jar","/home/jbergqvist/.m2/repository/org/jvirtanen/util/util-extras/0.2.0/util-extras-0.2.0.jar","/home/jbergqvist/.m2/repository/com/diffblue/cover/cover-annotations/1.9.0/cover-annotations-1.9.0.jar","/home/jbergqvist/.m2/repository/org/junit/jupiter/junit-jupiter-engine/5.13.4/junit-jupiter-engine-5.13.4.jar","/home/jbergqvist/.m2/repository/org/junit/platform/junit-platform-engine/1.13.4/junit-platform-engine-1.13.4.jar","/home/jbergqvist/.m2/repository/org/opentest4j/opentest4j/1.3.0/opentest4j-1.3.0.jar","/home/jbergqvist/.m2/repository/org/junit/platform/junit-platform-commons/1.13.4/junit-platform-commons-1.13.4.jar","/home/jbergqvist/.m2/repository/org/junit/jupiter/junit-jupiter-api/5.13.4/junit-jupiter-api-5.13.4.jar","/home/jbergqvist/.m2/repository/org/apiguardian/apiguardian-api/1.1.2/apiguardian-api-1.1.2.jar","/home/jbergqvist/.m2/repository/org/mockito/mockito-core/4.11.0/mockito-core-4.11.0.jar","/home/jbergqvist/.m2/repository/net/bytebuddy/byte-buddy/1.12.19/byte-buddy-1.12.19.jar","/home/jbergqvist/.m2/repository/net/bytebuddy/byte-buddy-agent/1.12.19/byte-buddy-agent-1.12.19.jar","/home/jbergqvist/.m2/repository/org/objenesis/objenesis/3.3/objenesis-3.3.jar","/home/jbergqvist/.m2/repository/org/mockito/mockito-junit-jupiter/4.11.0/mockito-junit-jupiter-4.11.0.jar"],"complianceLevel":"1.8","productionSources":["/home/jbergqvist/diffblue/paritytrading-parity/applications/fix/src/main/java"],"testSources":["/home/jbergqvist/diffblue/paritytrading-parity/applications/fix/src/test/java"],"productionClasses":"/home/jbergqvist/diffblue/paritytrading-parity/applications/fix/target/classes","testClasses":"/home/jbergqvist/diffblue/paritytrading-parity/applications/fix/target/test-classes","sourceToBuildPathMap":null,"testSourceToBuildPathMap":null,"buildDirectory":"/home/jbergqvist/diffblue/paritytrading-parity/applications/fix/target","plugins":[{"__type":"DefaultPlugin","groupId":"org.apache.maven.plugins","artefactId":"maven-enforcer-plugin","version":"1.0","pluginClassName":null},{"__type":"DefaultPlugin","groupId":"org.apache.maven.plugins","artefactId":"maven-checkstyle-plugin","version":"3.1.0","pluginClassName":null},{"__type":"DefaultPlugin","groupId":"org.apache.maven.plugins","artefactId":"maven-compiler-plugin","version":"3.8.0","pluginClassName":null},{"__type":"DefaultPlugin","groupId":"org.apache.maven.plugins","artefactId":"maven-javadoc-plugin","version":"3.0.1","pluginClassName":null},{"__type":"DefaultPlugin","groupId":"org.apache.maven.plugins","artefactId":"maven-release-plugin","version":"2.5.3","pluginClassName":null},{"__type":"DefaultPlugin","groupId":"org.apache.maven.plugins","artefactId":"maven-deploy-plugin","version":"2.8.2","pluginClassName":null},{"__type":"DefaultPlugin","groupId":"org.apache.maven.plugins","artefactId":"maven-shade-plugin","version":"3.2.1","pluginClassName":null},{"__type":"DefaultPlugin","groupId":"org.apache.maven.plugins","artefactId":"maven-clean-plugin","version":"3.2.0","pluginClassName":null},{"__type":"DefaultPlugin","groupId":"org.apache.maven.plugins","artefactId":"maven-resources-plugin","version":"3.3.1","pluginClassName":null},{"__type":"DefaultPlugin","groupId":"org.apache.maven.plugins","artefactId":"maven-jar-plugin","version":"3.4.1","pluginClassName":null},{"__type":"DefaultPlugin","groupId":"org.apache.maven.plugins","artefactId":"maven-surefire-plugin","version":"3.0.0-M5","pluginClassName":null},{"__type":"DefaultPlugin","groupId":"org.apache.maven.plugins","artefactId":"maven-install-plugin","version":"3.1.2","pluginClassName":null},{"__type":"DefaultPlugin","groupId":"org.apache.maven.plugins","artefactId":"maven-site-plugin","version":"3.12.1","pluginClassName":null}],"version":"3.9.12","encoding":"UTF-8","name":"maven","subModules":[],"simpleModuleName":null,"parentModuleName":"com.paritytrading.parity:parity-parent","location":"/home/jbergqvist/diffblue/paritytrading-parity/applications/fix","fullModuleName":"com.paritytrading.parity:parity-fix"},{"__type":"DefaultProjectModule","junitReport":["/home/jbergqvist/diffblue/paritytrading-parity/applications/reporter/target/surefire-reports"],"jacocoReport":["/home/jbergqvist/diffblue/paritytrading-parity/applications/reporter/target/site/jacoco/jacoco.xml"],"jacocoDestFile":["/home/jbergqvist/diffblue/paritytrading-parity/applications/reporter/target/jacoco.exec"],"jacocoFormats":["xml"],"jacocoSkipped":false,"classpath":["/home/jbergqvist/diffblue/paritytrading-parity/applications/reporter/target/classes","/home/jbergqvist/.m2/repository/com/paritytrading/parity/parity-net/0.7.1-SNAPSHOT/parity-net-0.7.1-SNAPSHOT.jar","/home/jbergqvist/.m2/repository/com/paritytrading/parity/parity-util/0.7.1-SNAPSHOT/parity-util-0.7.1-SNAPSHOT.jar","/home/jbergqvist/.m2/repository/com/paritytrading/foundation/foundation/0.3.0/foundation-0.3.0.jar","/home/jbergqvist/.m2/repository/com/paritytrading/nassau/nassau-core/0.13.0/nassau-core-0.13.0.jar","/home/jbergqvist/.m2/repository/com/paritytrading/nassau/nassau-util/0.13.0/nassau-util-0.13.0.jar","/home/jbergqvist/.m2/repository/com/typesafe/config/1.3.1/config-1.3.1.jar","/home/jbergqvist/.m2/repository/org/jvirtanen/config/config-extras/0.2.0/config-extras-0.2.0.jar","/home/jbergqvist/.m2/repository/org/jvirtanen/util/util-extras/0.2.0/util-extras-0.2.0.jar","/home/jbergqvist/.m2/repository/com/diffblue/cover/cover-annotations/1.9.0/cover-annotations-1.9.0.jar","/home/jbergqvist/.m2/repository/org/junit/jupiter/junit-jupiter-engine/5.13.4/junit-jupiter-engine-5.13.4.jar","/home/jbergqvist/.m2/repository/org/junit/platform/junit-platform-engine/1.13.4/junit-platform-engine-1.13.4.jar","/home/jbergqvist/.m2/repository/org/opentest4j/opentest4j/1.3.0/opentest4j-1.3.0.jar","/home/jbergqvist/.m2/repository/org/junit/platform/junit-platform-commons/1.13.4/junit-platform-commons-1.13.4.jar","/home/jbergqvist/.m2/repository/org/junit/jupiter/junit-jupiter-api/5.13.4/junit-jupiter-api-5.13.4.jar","/home/jbergqvist/.m2/repository/org/apiguardian/apiguardian-api/1.1.2/apiguardian-api-1.1.2.jar","/home/jbergqvist/.m2/repository/org/mockito/mockito-core/4.11.0/mockito-core-4.11.0.jar","/home/jbergqvist/.m2/repository/net/bytebuddy/byte-buddy/1.12.19/byte-buddy-1.12.19.jar","/home/jbergqvist/.m2/repository/net/bytebuddy/byte-buddy-agent/1.12.19/byte-buddy-agent-1.12.19.jar","/home/jbergqvist/.m2/repository/org/objenesis/objenesis/3.3/objenesis-3.3.jar","/home/jbergqvist/.m2/repository/org/mockito/mockito-junit-jupiter/4.11.0/mockito-junit-jupiter-4.11.0.jar"],"complianceLevel":"1.8","productionSources":["/home/jbergqvist/diffblue/paritytrading-parity/applications/reporter/src/main/java"],"testSources":["/home/jbergqvist/diffblue/paritytrading-parity/applications/reporter/src/test/java"],"productionClasses":"/home/jbergqvist/diffblue/paritytrading-parity/applications/reporter/target/classes","testClasses":"/home/jbergqvist/diffblue/paritytrading-parity/applications/reporter/target/test-classes","sourceToBuildPathMap":null,"testSourceToBuildPathMap":null,"buildDirectory":"/home/jbergqvist/diffblue/paritytrading-parity/applications/reporter/target","plugins":[{"__type":"DefaultPlugin","groupId":"org.apache.maven.plugins","artefactId":"maven-enforcer-plugin","version":"1.0","pluginClassName":null},{"__type":"DefaultPlugin","groupId":"org.apache.maven.plugins","artefactId":"maven-checkstyle-plugin","version":"3.1.0","pluginClassName":null},{"__type":"DefaultPlugin","groupId":"org.apache.maven.plugins","artefactId":"maven-compiler-plugin","version":"3.8.0","pluginClassName":null},{"__type":"DefaultPlugin","groupId":"org.apache.maven.plugins","artefactId":"maven-javadoc-plugin","version":"3.0.1","pluginClassName":null},{"__type":"DefaultPlugin","groupId":"org.apache.maven.plugins","artefactId":"maven-release-plugin","version":"2.5.3","pluginClassName":null},{"__type":"DefaultPlugin","groupId":"org.apache.maven.plugins","artefactId":"maven-deploy-plugin","version":"2.8.2","pluginClassName":null},{"__type":"DefaultPlugin","groupId":"org.apache.maven.plugins","artefactId":"maven-shade-plugin","version":"3.2.1","pluginClassName":null},{"__type":"DefaultPlugin","groupId":"org.apache.maven.plugins","artefactId":"maven-clean-plugin","version":"3.2.0","pluginClassName":null},{"__type":"DefaultPlugin","groupId":"org.apache.maven.plugins","artefactId":"maven-resources-plugin","version":"3.3.1","pluginClassName":null},{"__type":"DefaultPlugin","groupId":"org.apache.maven.plugins","artefactId":"maven-jar-plugin","version":"3.4.1","pluginClassName":null},{"__type":"DefaultPlugin","groupId":"org.apache.maven.plugins","artefactId":"maven-surefire-plugin","version":"3.0.0-M5","pluginClassName":null},{"__type":"DefaultPlugin","groupId":"org.apache.maven.plugins","artefactId":"maven-install-plugin","version":"3.1.2","pluginClassName":null},{"__type":"DefaultPlugin","groupId":"org.apache.maven.plugins","artefactId":"maven-site-plugin","version":"3.12.1","pluginClassName":null}],"version":"3.9.12","encoding":"UTF-8","name":"maven","subModules":[],"simpleModuleName":null,"parentModuleName":"com.paritytrading.parity:parity-parent","location":"/home/jbergqvist/diffblue/paritytrading-parity/applications/reporter","fullModuleName":"com.paritytrading.parity:parity-reporter"},{"__type":"DefaultProjectModule","junitReport":["/home/jbergqvist/diffblue/paritytrading-parity/applications/system/target/surefire-reports"],"jacocoReport":["/home/jbergqvist/diffblue/paritytrading-parity/applications/system/target/site/jacoco/jacoco.xml"],"jacocoDestFile":["/home/jbergqvist/diffblue/paritytrading-parity/applications/system/target/jacoco.exec"],"jacocoFormats":["xml"],"jacocoSkipped":false,"classpath":["/home/jbergqvist/diffblue/paritytrading-parity/applications/system/target/classes","/home/jbergqvist/.m2/repository/com/paritytrading/parity/parity-match/0.7.1-SNAPSHOT/parity-match-0.7.1-SNAPSHOT.jar","/home/jbergqvist/.m2/repository/com/paritytrading/parity/parity-net/0.7.1-SNAPSHOT/parity-net-0.7.1-SNAPSHOT.jar","/home/jbergqvist/.m2/repository/com/paritytrading/foundation/foundation/0.3.0/foundation-0.3.0.jar","/home/jbergqvist/.m2/repository/com/paritytrading/nassau/nassau-core/0.13.0/nassau-core-0.13.0.jar","/home/jbergqvist/.m2/repository/com/typesafe/config/1.3.1/config-1.3.1.jar","/home/jbergqvist/.m2/repository/it/unimi/dsi/fastutil/8.1.0/fastutil-8.1.0.jar","/home/jbergqvist/.m2/repository/org/jvirtanen/config/config-extras/0.2.0/config-extras-0.2.0.jar","/home/jbergqvist/.m2/repository/org/jvirtanen/util/util-extras/0.2.0/util-extras-0.2.0.jar","/home/jbergqvist/.m2/repository/com/diffblue/cover/cover-annotations/1.9.0/cover-annotations-1.9.0.jar","/home/jbergqvist/.m2/repository/org/junit/jupiter/junit-jupiter-engine/5.13.4/junit-jupiter-engine-5.13.4.jar","/home/jbergqvist/.m2/repository/org/junit/platform/junit-platform-engine/1.13.4/junit-platform-engine-1.13.4.jar","/home/jbergqvist/.m2/repository/org/opentest4j/opentest4j/1.3.0/opentest4j-1.3.0.jar","/home/jbergqvist/.m2/repository/org/junit/platform/junit-platform-commons/1.13.4/junit-platform-commons-1.13.4.jar","/home/jbergqvist/.m2/repository/org/junit/jupiter/junit-jupiter-api/5.13.4/junit-jupiter-api-5.13.4.jar","/home/jbergqvist/.m2/repository/org/apiguardian/apiguardian-api/1.1.2/apiguardian-api-1.1.2.jar","/home/jbergqvist/.m2/repository/org/mockito/mockito-core/4.11.0/mockito-core-4.11.0.jar","/home/jbergqvist/.m2/repository/net/bytebuddy/byte-buddy/1.12.19/byte-buddy-1.12.19.jar","/home/jbergqvist/.m2/repository/net/bytebuddy/byte-buddy-agent/1.12.19/byte-buddy-agent-1.12.19.jar","/home/jbergqvist/.m2/repository/org/objenesis/objenesis/3.3/objenesis-3.3.jar","/home/jbergqvist/.m2/repository/org/mockito/mockito-junit-jupiter/4.11.0/mockito-junit-jupiter-4.11.0.jar"],"complianceLevel":"1.8","productionSources":["/home/jbergqvist/diffblue/paritytrading-parity/applications/system/src/main/java"],"testSources":["/home/jbergqvist/diffblue/paritytrading-parity/applications/system/src/test/java"],"productionClasses":"/home/jbergqvist/diffblue/paritytrading-parity/applications/system/target/classes","testClasses":"/home/jbergqvist/diffblue/paritytrading-parity/applications/system/target/test-classes","sourceToBuildPathMap":null,"testSourceToBuildPathMap":null,"buildDirectory":"/home/jbergqvist/diffblue/paritytrading-parity/applications/system/target","plugins":[{"__type":"DefaultPlugin","groupId":"org.apache.maven.plugins","artefactId":"maven-enforcer-plugin","version":"1.0","pluginClassName":null},{"__type":"DefaultPlugin","groupId":"org.apache.maven.plugins","artefactId":"maven-checkstyle-plugin","version":"3.1.0","pluginClassName":null},{"__type":"DefaultPlugin","groupId":"org.apache.maven.plugins","artefactId":"maven-compiler-plugin","version":"3.8.0","pluginClassName":null},{"__type":"DefaultPlugin","groupId":"org.apache.maven.plugins","artefactId":"maven-javadoc-plugin","version":"3.0.1","pluginClassName":null},{"__type":"DefaultPlugin","groupId":"org.apache.maven.plugins","artefactId":"maven-release-plugin","version":"2.5.3","pluginClassName":null},{"__type":"DefaultPlugin","groupId":"org.apache.maven.plugins","artefactId":"maven-deploy-plugin","version":"2.8.2","pluginClassName":null},{"__type":"DefaultPlugin","groupId":"org.apache.maven.plugins","artefactId":"maven-shade-plugin","version":"3.2.1","pluginClassName":null},{"__type":"DefaultPlugin","groupId":"org.apache.maven.plugins","artefactId":"maven-clean-plugin","version":"3.2.0","pluginClassName":null},{"__type":"DefaultPlugin","groupId":"org.apache.maven.plugins","artefactId":"maven-resources-plugin","version":"3.3.1","pluginClassName":null},{"__type":"DefaultPlugin","groupId":"org.apache.maven.plugins","artefactId":"maven-jar-plugin","version":"3.4.1","pluginClassName":null},{"__type":"DefaultPlugin","groupId":"org.apache.maven.plugins","artefactId":"maven-surefire-plugin","version":"3.0.0-M5","pluginClassName":null},{"__type":"DefaultPlugin","groupId":"org.apache.maven.plugins","artefactId":"maven-install-plugin","version":"3.1.2","pluginClassName":null},{"__type":"DefaultPlugin","groupId":"org.apache.maven.plugins","artefactId":"maven-site-plugin","version":"3.12.1","pluginClassName":null}],"version":"3.9.12","encoding":"UTF-8","name":"maven","subModules":[],"simpleModuleName":null,"parentModuleName":"com.paritytrading.parity:parity-parent","location":"/home/jbergqvist/diffblue/paritytrading-parity/applications/system","fullModuleName":"com.paritytrading.parity:parity-system"},{"__type":"DefaultProjectModule","junitReport":["/home/jbergqvist/diffblue/paritytrading-parity/applications/ticker/target/surefire-reports"],"jacocoReport":["/home/jbergqvist/diffblue/paritytrading-parity/applications/ticker/target/site/jacoco/jacoco.xml"],"jacocoDestFile":["/home/jbergqvist/diffblue/paritytrading-parity/applications/ticker/target/jacoco.exec"],"jacocoFormats":["xml"],"jacocoSkipped":false,"classpath":["/home/jbergqvist/diffblue/paritytrading-parity/applications/ticker/target/classes","/home/jbergqvist/.m2/repository/com/paritytrading/parity/parity-book/0.7.1-SNAPSHOT/parity-book-0.7.1-SNAPSHOT.jar","/home/jbergqvist/.m2/repository/it/unimi/dsi/fastutil/8.1.0/fastutil-8.1.0.jar","/home/jbergqvist/.m2/repository/com/paritytrading/parity/parity-file/0.7.1-SNAPSHOT/parity-file-0.7.1-SNAPSHOT.jar","/home/jbergqvist/.m2/repository/com/paritytrading/parity/parity-net/0.7.1-SNAPSHOT/parity-net-0.7.1-SNAPSHOT.jar","/home/jbergqvist/.m2/repository/com/paritytrading/parity/parity-util/0.7.1-SNAPSHOT/parity-util-0.7.1-SNAPSHOT.jar","/home/jbergqvist/.m2/repository/com/paritytrading/foundation/foundation/0.3.0/foundation-0.3.0.jar","/home/jbergqvist/.m2/repository/com/paritytrading/nassau/nassau-core/0.13.0/nassau-core-0.13.0.jar","/home/jbergqvist/.m2/repository/com/paritytrading/nassau/nassau-util/0.13.0/nassau-util-0.13.0.jar","/home/jbergqvist/.m2/repository/com/typesafe/config/1.3.1/config-1.3.1.jar","/home/jbergqvist/.m2/repository/org/jvirtanen/config/config-extras/0.2.0/config-extras-0.2.0.jar","/home/jbergqvist/.m2/repository/org/jvirtanen/util/util-extras/0.2.0/util-extras-0.2.0.jar","/home/jbergqvist/.m2/repository/com/diffblue/cover/cover-annotations/1.9.0/cover-annotations-1.9.0.jar","/home/jbergqvist/.m2/repository/org/junit/jupiter/junit-jupiter-engine/5.13.4/junit-jupiter-engine-5.13.4.jar","/home/jbergqvist/.m2/repository/org/junit/platform/junit-platform-engine/1.13.4/junit-platform-engine-1.13.4.jar","/home/jbergqvist/.m2/repository/org/opentest4j/opentest4j/1.3.0/opentest4j-1.3.0.jar","/home/jbergqvist/.m2/repository/org/junit/platform/junit-platform-commons/1.13.4/junit-platform-commons-1.13.4.jar","/home/jbergqvist/.m2/repository/org/junit/jupiter/junit-jupiter-api/5.13.4/junit-jupiter-api-5.13.4.jar","/home/jbergqvist/.m2/repository/org/apiguardian/apiguardian-api/1.1.2/apiguardian-api-1.1.2.jar","/home/jbergqvist/.m2/repository/org/mockito/mockito-core/4.11.0/mockito-core-4.11.0.jar","/home/jbergqvist/.m2/repository/net/bytebuddy/byte-buddy/1.12.19/byte-buddy-1.12.19.jar","/home/jbergqvist/.m2/repository/net/bytebuddy/byte-buddy-agent/1.12.19/byte-buddy-agent-1.12.19.jar","/home/jbergqvist/.m2/repository/org/objenesis/objenesis/3.3/objenesis-3.3.jar","/home/jbergqvist/.m2/repository/org/mockito/mockito-junit-jupiter/4.11.0/mockito-junit-jupiter-4.11.0.jar"],"complianceLevel":"1.8","productionSources":["/home/jbergqvist/diffblue/paritytrading-parity/applications/ticker/src/main/java"],"testSources":["/home/jbergqvist/diffblue/paritytrading-parity/applications/ticker/src/test/java"],"productionClasses":"/home/jbergqvist/diffblue/paritytrading-parity/applications/ticker/target/classes","testClasses":"/home/jbergqvist/diffblue/paritytrading-parity/applications/ticker/target/test-classes","sourceToBuildPathMap":null,"testSourceToBuildPathMap":null,"buildDirectory":"/home/jbergqvist/diffblue/paritytrading-parity/applications/ticker/target","plugins":[{"__type":"DefaultPlugin","groupId":"org.apache.maven.plugins","artefactId":"maven-enforcer-plugin","version":"1.0","pluginClassName":null},{"__type":"DefaultPlugin","groupId":"org.apache.maven.plugins","artefactId":"maven-checkstyle-plugin","version":"3.1.0","pluginClassName":null},{"__type":"DefaultPlugin","groupId":"org.apache.maven.plugins","artefactId":"maven-compiler-plugin","version":"3.8.0","pluginClassName":null},{"__type":"DefaultPlugin","groupId":"org.apache.maven.plugins","artefactId":"maven-javadoc-plugin","version":"3.0.1","pluginClassName":null},{"__type":"DefaultPlugin","groupId":"org.apache.maven.plugins","artefactId":"maven-release-plugin","version":"2.5.3","pluginClassName":null},{"__type":"DefaultPlugin","groupId":"org.apache.maven.plugins","artefactId":"maven-deploy-plugin","version":"2.8.2","pluginClassName":null},{"__type":"DefaultPlugin","groupId":"org.apache.maven.plugins","artefactId":"maven-shade-plugin","version":"3.2.1","pluginClassName":null},{"__type":"DefaultPlugin","groupId":"org.apache.maven.plugins","artefactId":"maven-clean-plugin","version":"3.2.0","pluginClassName":null},{"__type":"DefaultPlugin","groupId":"org.apache.maven.plugins","artefactId":"maven-resources-plugin","version":"3.3.1","pluginClassName":null},{"__type":"DefaultPlugin","groupId":"org.apache.maven.plugins","artefactId":"maven-jar-plugin","version":"3.4.1","pluginClassName":null},{"__type":"DefaultPlugin","groupId":"org.apache.maven.plugins","artefactId":"maven-surefire-plugin","version":"3.0.0-M5","pluginClassName":null},{"__type":"DefaultPlugin","groupId":"org.apache.maven.plugins","artefactId":"maven-install-plugin","version":"3.1.2","pluginClassName":null},{"__type":"DefaultPlugin","groupId":"org.apache.maven.plugins","artefactId":"maven-site-plugin","version":"3.12.1","pluginClassName":null}],"version":"3.9.12","encoding":"UTF-8","name":"maven","subModules":[],"simpleModuleName":null,"parentModuleName":"com.paritytrading.parity:parity-parent","location":"/home/jbergqvist/diffblue/paritytrading-parity/applications/ticker","fullModuleName":"com.paritytrading.parity:parity-ticker"},{"__type":"DefaultProjectModule","junitReport":["/home/jbergqvist/diffblue/paritytrading-parity/tests/book-perf-test/target/surefire-reports"],"jacocoReport":["/home/jbergqvist/diffblue/paritytrading-parity/tests/book-perf-test/target/site/jacoco/jacoco.xml"],"jacocoDestFile":["/home/jbergqvist/diffblue/paritytrading-parity/tests/book-perf-test/target/jacoco.exec"],"jacocoFormats":["xml"],"jacocoSkipped":false,"classpath":["/home/jbergqvist/diffblue/paritytrading-parity/tests/book-perf-test/target/classes","/home/jbergqvist/.m2/repository/com/paritytrading/parity/parity-book/0.7.1-SNAPSHOT/parity-book-0.7.1-SNAPSHOT.jar","/home/jbergqvist/.m2/repository/it/unimi/dsi/fastutil/8.1.0/fastutil-8.1.0.jar","/home/jbergqvist/.m2/repository/org/openjdk/jmh/jmh-core/1.19/jmh-core-1.19.jar","/home/jbergqvist/.m2/repository/net/sf/jopt-simple/jopt-simple/4.6/jopt-simple-4.6.jar","/home/jbergqvist/.m2/repository/org/apache/commons/commons-math3/3.2/commons-math3-3.2.jar","/home/jbergqvist/.m2/repository/com/diffblue/cover/cover-annotations/1.9.0/cover-annotations-1.9.0.jar","/home/jbergqvist/.m2/repository/org/openjdk/jmh/jmh-generator-annprocess/1.19/jmh-generator-annprocess-1.19.jar","/home/jbergqvist/.m2/repository/org/junit/jupiter/junit-jupiter-engine/5.13.4/junit-jupiter-engine-5.13.4.jar","/home/jbergqvist/.m2/repository/org/junit/platform/junit-platform-engine/1.13.4/junit-platform-engine-1.13.4.jar","/home/jbergqvist/.m2/repository/org/opentest4j/opentest4j/1.3.0/opentest4j-1.3.0.jar","/home/jbergqvist/.m2/repository/org/junit/platform/junit-platform-commons/1.13.4/junit-platform-commons-1.13.4.jar","/home/jbergqvist/.m2/repository/org/junit/jupiter/junit-jupiter-api/5.13.4/junit-jupiter-api-5.13.4.jar","/home/jbergqvist/.m2/repository/org/apiguardian/apiguardian-api/1.1.2/apiguardian-api-1.1.2.jar","/home/jbergqvist/.m2/repository/org/mockito/mockito-core/4.11.0/mockito-core-4.11.0.jar","/home/jbergqvist/.m2/repository/net/bytebuddy/byte-buddy/1.12.19/byte-buddy-1.12.19.jar","/home/jbergqvist/.m2/repository/net/bytebuddy/byte-buddy-agent/1.12.19/byte-buddy-agent-1.12.19.jar","/home/jbergqvist/.m2/repository/org/objenesis/objenesis/3.3/objenesis-3.3.jar","/home/jbergqvist/.m2/repository/org/mockito/mockito-junit-jupiter/4.11.0/mockito-junit-jupiter-4.11.0.jar"],"complianceLevel":"1.8","productionSources":["/home/jbergqvist/diffblue/paritytrading-parity/tests/book-perf-test/src/main/java"],"testSources":["/home/jbergqvist/diffblue/paritytrading-parity/tests/book-perf-test/src/test/java"],"productionClasses":"/home/jbergqvist/diffblue/paritytrading-parity/tests/book-perf-test/target/classes","testClasses":"/home/jbergqvist/diffblue/paritytrading-parity/tests/book-perf-test/target/test-classes","sourceToBuildPathMap":null,"testSourceToBuildPathMap":null,"buildDirectory":"/home/jbergqvist/diffblue/paritytrading-parity/tests/book-perf-test/target","plugins":[{"__type":"DefaultPlugin","groupId":"org.apache.maven.plugins","artefactId":"maven-enforcer-plugin","version":"1.0","pluginClassName":null},{"__type":"DefaultPlugin","groupId":"org.apache.maven.plugins","artefactId":"maven-checkstyle-plugin","version":"3.1.0","pluginClassName":null},{"__type":"DefaultPlugin","groupId":"org.apache.maven.plugins","artefactId":"maven-compiler-plugin","version":"3.8.0","pluginClassName":null},{"__type":"DefaultPlugin","groupId":"org.apache.maven.plugins","artefactId":"maven-javadoc-plugin","version":"3.0.1","pluginClassName":null},{"__type":"DefaultPlugin","groupId":"org.apache.maven.plugins","artefactId":"maven-release-plugin","version":"2.5.3","pluginClassName":null},{"__type":"DefaultPlugin","groupId":"org.apache.maven.plugins","artefactId":"maven-deploy-plugin","version":"2.8.2","pluginClassName":null},{"__type":"DefaultPlugin","groupId":"org.apache.maven.plugins","artefactId":"maven-shade-plugin","version":"3.2.1","pluginClassName":null},{"__type":"DefaultPlugin","groupId":"org.apache.maven.plugins","artefactId":"maven-clean-plugin","version":"3.2.0","pluginClassName":null},{"__type":"DefaultPlugin","groupId":"org.apache.maven.plugins","artefactId":"maven-resources-plugin","version":"3.3.1","pluginClassName":null},{"__type":"DefaultPlugin","groupId":"org.apache.maven.plugins","artefactId":"maven-jar-plugin","version":"3.4.1","pluginClassName":null},{"__type":"DefaultPlugin","groupId":"org.apache.maven.plugins","artefactId":"maven-surefire-plugin","version":"3.0.0-M5","pluginClassName":null},{"__type":"DefaultPlugin","groupId":"org.apache.maven.plugins","artefactId":"maven-install-plugin","version":"3.1.2","pluginClassName":null},{"__type":"DefaultPlugin","groupId":"org.apache.maven.plugins","artefactId":"maven-site-plugin","version":"3.12.1","pluginClassName":null}],"version":"3.9.12","encoding":"UTF-8","name":"maven","subModules":[],"simpleModuleName":null,"parentModuleName":"com.paritytrading.parity:parity-parent","location":"/home/jbergqvist/diffblue/paritytrading-parity/tests/book-perf-test","fullModuleName":"com.paritytrading.parity:parity-book-perf-test"},{"__type":"DefaultProjectModule","junitReport":["/home/jbergqvist/diffblue/paritytrading-parity/tests/match-perf-test/target/surefire-reports"],"jacocoReport":["/home/jbergqvist/diffblue/paritytrading-parity/tests/match-perf-test/target/site/jacoco/jacoco.xml"],"jacocoDestFile":["/home/jbergqvist/diffblue/paritytrading-parity/tests/match-perf-test/target/jacoco.exec"],"jacocoFormats":["xml"],"jacocoSkipped":false,"classpath":["/home/jbergqvist/diffblue/paritytrading-parity/tests/match-perf-test/target/classes","/home/jbergqvist/.m2/repository/com/paritytrading/parity/parity-match/0.7.1-SNAPSHOT/parity-match-0.7.1-SNAPSHOT.jar","/home/jbergqvist/.m2/repository/it/unimi/dsi/fastutil/8.1.0/fastutil-8.1.0.jar","/home/jbergqvist/.m2/repository/org/openjdk/jmh/jmh-core/1.19/jmh-core-1.19.jar","/home/jbergqvist/.m2/repository/net/sf/jopt-simple/jopt-simple/4.6/jopt-simple-4.6.jar","/home/jbergqvist/.m2/repository/org/apache/commons/commons-math3/3.2/commons-math3-3.2.jar","/home/jbergqvist/.m2/repository/com/diffblue/cover/cover-annotations/1.9.0/cover-annotations-1.9.0.jar","/home/jbergqvist/.m2/repository/org/openjdk/jmh/jmh-generator-annprocess/1.19/jmh-generator-annprocess-1.19.jar","/home/jbergqvist/.m2/repository/org/junit/jupiter/junit-jupiter-engine/5.13.4/junit-jupiter-engine-5.13.4.jar","/home/jbergqvist/.m2/repository/org/junit/platform/junit-platform-engine/1.13.4/junit-platform-engine-1.13.4.jar","/home/jbergqvist/.m2/repository/org/opentest4j/opentest4j/1.3.0/opentest4j-1.3.0.jar","/home/jbergqvist/.m2/repository/org/junit/platform/junit-platform-commons/1.13.4/junit-platform-commons-1.13.4.jar","/home/jbergqvist/.m2/repository/org/junit/jupiter/junit-jupiter-api/5.13.4/junit-jupiter-api-5.13.4.jar","/home/jbergqvist/.m2/repository/org/apiguardian/apiguardian-api/1.1.2/apiguardian-api-1.1.2.jar","/home/jbergqvist/.m2/repository/org/mockito/mockito-core/4.11.0/mockito-core-4.11.0.jar","/home/jbergqvist/.m2/repository/net/bytebuddy/byte-buddy/1.12.19/byte-buddy-1.12.19.jar","/home/jbergqvist/.m2/repository/net/bytebuddy/byte-buddy-agent/1.12.19/byte-buddy-agent-1.12.19.jar","/home/jbergqvist/.m2/repository/org/objenesis/objenesis/3.3/objenesis-3.3.jar","/home/jbergqvist/.m2/repository/org/mockito/mockito-junit-jupiter/4.11.0/mockito-junit-jupiter-4.11.0.jar"],"complianceLevel":"1.8","productionSources":["/home/jbergqvist/diffblue/paritytrading-parity/tests/match-perf-test/src/main/java"],"testSources":["/home/jbergqvist/diffblue/paritytrading-parity/tests/match-perf-test/src/test/java"],"productionClasses":"/home/jbergqvist/diffblue/paritytrading-parity/tests/match-perf-test/target/classes","testClasses":"/home/jbergqvist/diffblue/paritytrading-parity/tests/match-perf-test/target/test-classes","sourceToBuildPathMap":null,"testSourceToBuildPathMap":null,"buildDirectory":"/home/jbergqvist/diffblue/paritytrading-parity/tests/match-perf-test/target","plugins":[{"__type":"DefaultPlugin","groupId":"org.apache.maven.plugins","artefactId":"maven-enforcer-plugin","version":"1.0","pluginClassName":null},{"__type":"DefaultPlugin","groupId":"org.apache.maven.plugins","artefactId":"maven-checkstyle-plugin","version":"3.1.0","pluginClassName":null},{"__type":"DefaultPlugin","groupId":"org.apache.maven.plugins","artefactId":"maven-compiler-plugin","version":"3.8.0","pluginClassName":null},{"__type":"DefaultPlugin","groupId":"org.apache.maven.plugins","artefactId":"maven-javadoc-plugin","version":"3.0.1","pluginClassName":null},{"__type":"DefaultPlugin","groupId":"org.apache.maven.plugins","artefactId":"maven-release-plugin","version":"2.5.3","pluginClassName":null},{"__type":"DefaultPlugin","groupId":"org.apache.maven.plugins","artefactId":"maven-deploy-plugin","version":"2.8.2","pluginClassName":null},{"__type":"DefaultPlugin","groupId":"org.apache.maven.plugins","artefactId":"maven-shade-plugin","version":"3.2.1","pluginClassName":null},{"__type":"DefaultPlugin","groupId":"org.apache.maven.plugins","artefactId":"maven-clean-plugin","version":"3.2.0","pluginClassName":null},{"__type":"DefaultPlugin","groupId":"org.apache.maven.plugins","artefactId":"maven-resources-plugin","version":"3.3.1","pluginClassName":null},{"__type":"DefaultPlugin","groupId":"org.apache.maven.plugins","artefactId":"maven-jar-plugin","version":"3.4.1","pluginClassName":null},{"__type":"DefaultPlugin","groupId":"org.apache.maven.plugins","artefactId":"maven-surefire-plugin","version":"3.0.0-M5","pluginClassName":null},{"__type":"DefaultPlugin","groupId":"org.apache.maven.plugins","artefactId":"maven-install-plugin","version":"3.1.2","pluginClassName":null},{"__type":"DefaultPlugin","groupId":"org.apache.maven.plugins","artefactId":"maven-site-plugin","version":"3.12.1","pluginClassName":null}],"version":"3.9.12","encoding":"UTF-8","name":"maven","subModules":[],"simpleModuleName":null,"parentModuleName":"com.paritytrading.parity:parity-parent","location":"/home/jbergqvist/diffblue/paritytrading-parity/tests/match-perf-test","fullModuleName":"com.paritytrading.parity:parity-match-perf-test"}],"simpleModuleName":null,"parentModuleName":"org.sonatype.oss:oss-parent","location":"/home/jbergqvist/diffblue/paritytrading-parity","fullModuleName":"com.paritytrading.parity:parity-parent"}}
10:25:25.984 [INFO]   [Checking]    [maven:out]         [com.diffblue.cover.buildsystem.config.a.a] out: [INFO] ------------------------------------------------------------------------
10:25:25.984 [INFO]   [Checking]    [maven:out]         [com.diffblue.cover.buildsystem.config.a.a] out: [INFO] Reactor Summary for Parity (Parent) 0.7.1-SNAPSHOT:
10:25:25.984 [INFO]   [Checking]    [maven:out]         [com.diffblue.cover.buildsystem.config.a.a] out: [INFO] 
10:25:25.984 [INFO]   [Checking]    [maven:out]         [com.diffblue.cover.buildsystem.config.a.a] out: [INFO] Parity (Parent) .................................... SUCCESS [  0.636 s]
10:25:25.984 [INFO]   [Checking]    [maven:out]         [com.diffblue.cover.buildsystem.config.a.a] out: [INFO] Parity Order Book .................................. SUCCESS [  0.037 s]
10:25:25.984 [INFO]   [Checking]    [maven:out]         [com.diffblue.cover.buildsystem.config.a.a] out: [INFO] Parity File Formats ................................ SUCCESS [  0.011 s]
10:25:25.985 [INFO]   [Checking]    [maven:out]         [com.diffblue.cover.buildsystem.config.a.a] out: [INFO] Parity Matching Algorithm .......................... SUCCESS [  0.013 s]
10:25:25.985 [INFO]   [Checking]    [maven:out]         [com.diffblue.cover.buildsystem.config.a.a] out: [INFO] Parity Network Protocols ........................... SUCCESS [  0.018 s]
10:25:25.985 [INFO]   [Checking]    [maven:out]         [com.diffblue.cover.buildsystem.config.a.a] out: [INFO] Parity Utilities ................................... SUCCESS [  0.012 s]
10:25:25.985 [INFO]   [Checking]    [maven:out]         [com.diffblue.cover.buildsystem.config.a.a] out: [INFO] Parity Terminal Client ............................. SUCCESS [  0.020 s]
10:25:25.985 [INFO]   [Checking]    [maven:out]         [com.diffblue.cover.buildsystem.config.a.a] out: [INFO] Parity FIX Gateway ................................. SUCCESS [  0.017 s]
10:25:25.985 [INFO]   [Checking]    [maven:out]         [com.diffblue.cover.buildsystem.config.a.a] out: [INFO] Parity Trade Reporter .............................. SUCCESS [  0.009 s]
10:25:25.985 [INFO]   [Checking]    [maven:out]         [com.diffblue.cover.buildsystem.config.a.a] out: [INFO] Parity Trading System .............................. SUCCESS [  0.008 s]
10:25:25.985 [INFO]   [Checking]    [maven:out]         [com.diffblue.cover.buildsystem.config.a.a] out: [INFO] Parity Stock Ticker ................................ SUCCESS [  0.009 s]
10:25:25.985 [INFO]   [Checking]    [maven:out]         [com.diffblue.cover.buildsystem.config.a.a] out: [INFO] Parity Order Book Performance Test ................. SUCCESS [  0.013 s]
10:25:25.985 [INFO]   [Checking]    [maven:out]         [com.diffblue.cover.buildsystem.config.a.a] out: [INFO] Parity Matching Algorithm Performance Test ......... SUCCESS [  0.007 s]
10:25:25.985 [INFO]   [Checking]    [maven:out]         [com.diffblue.cover.buildsystem.config.a.a] out: [INFO] ------------------------------------------------------------------------
10:25:25.985 [INFO]   [Checking]    [maven:out]         [com.diffblue.cover.buildsystem.config.a.a] out: [INFO] BUILD SUCCESS
10:25:25.985 [INFO]   [Checking]    [maven:out]         [com.diffblue.cover.buildsystem.config.a.a] out: [INFO] ------------------------------------------------------------------------
10:25:25.985 [INFO]   [Checking]    [maven:out]         [com.diffblue.cover.buildsystem.config.a.a] out: [INFO] Total time:  1.015 s
10:25:25.985 [INFO]   [Checking]    [maven:out]         [com.diffblue.cover.buildsystem.config.a.a] out: [INFO] Finished at: 2026-01-20T10:25:25Z
10:25:25.985 [INFO]   [Checking]    [maven:out]         [com.diffblue.cover.buildsystem.config.a.a] out: [INFO] ------------------------------------------------------------------------
10:25:25.985 [INFO]   [Checking]    [maven:out]         [com.diffblue.cover.buildsystem.internal.f.f] deserializing line [DIFFBLUE]{"__type":"com.diffblue.cover.buildsystem.model.ProjectInfoMessage","projectName":"com.paritytrading.parity:parity-parent","productionSources":["/home/jbergqvist/diffblue/paritytrading-parity/src/main/java"],"testSources":["/home/jbergqvist/diffblue/paritytrading-parity/src/test/java"],"location":"/home/jbergqvist/diffblue/paritytrading-parity"}
10:25:25.987 [INFO]   [Checking]    [maven:out]         [com.diffblue.cover.buildsystem.internal.f.f] deserializing line [DIFFBLUE]{"__type":"com.diffblue.cover.buildsystem.model.ProjectInfoMessage","projectName":"com.paritytrading.parity:parity-book","productionSources":["/home/jbergqvist/diffblue/paritytrading-parity/libraries/book/src/main/java"],"testSources":["/home/jbergqvist/diffblue/paritytrading-parity/libraries/book/src/test/java"],"location":"/home/jbergqvist/diffblue/paritytrading-parity/libraries/book"}
10:25:25.988 [INFO]   [Checking]    [maven:out]         [com.diffblue.cover.buildsystem.internal.f.f] deserializing line [DIFFBLUE]{"__type":"com.diffblue.cover.buildsystem.model.ProjectInfoMessage","projectName":"com.paritytrading.parity:parity-file","productionSources":["/home/jbergqvist/diffblue/paritytrading-parity/libraries/file/src/main/java"],"testSources":["/home/jbergqvist/diffblue/paritytrading-parity/libraries/file/src/test/java"],"location":"/home/jbergqvist/diffblue/paritytrading-parity/libraries/file"}
10:25:25.989 [INFO]   [Checking]    [maven:out]         [com.diffblue.cover.buildsystem.internal.f.f] deserializing line [DIFFBLUE]{"__type":"com.diffblue.cover.buildsystem.model.ProjectInfoMessage","projectName":"com.paritytrading.parity:parity-match","productionSources":["/home/jbergqvist/diffblue/paritytrading-parity/libraries/match/src/main/java"],"testSources":["/home/jbergqvist/diffblue/paritytrading-parity/libraries/match/src/test/java"],"location":"/home/jbergqvist/diffblue/paritytrading-parity/libraries/match"}
10:25:25.990 [INFO]   [Checking]    [maven:out]         [com.diffblue.cover.buildsystem.internal.f.f] deserializing line [DIFFBLUE]{"__type":"com.diffblue.cover.buildsystem.model.ProjectInfoMessage","projectName":"com.paritytrading.parity:parity-net","productionSources":["/home/jbergqvist/diffblue/paritytrading-parity/libraries/net/src/main/java"],"testSources":["/home/jbergqvist/diffblue/paritytrading-parity/libraries/net/src/test/java"],"location":"/home/jbergqvist/diffblue/paritytrading-parity/libraries/net"}
10:25:25.991 [INFO]   [Checking]    [maven:out]         [com.diffblue.cover.buildsystem.internal.f.f] deserializing line [DIFFBLUE]{"__type":"com.diffblue.cover.buildsystem.model.ProjectInfoMessage","projectName":"com.paritytrading.parity:parity-util","productionSources":["/home/jbergqvist/diffblue/paritytrading-parity/libraries/util/src/main/java"],"testSources":["/home/jbergqvist/diffblue/paritytrading-parity/libraries/util/src/test/java"],"location":"/home/jbergqvist/diffblue/paritytrading-parity/libraries/util"}
10:25:25.992 [INFO]   [Checking]    [maven:out]         [com.diffblue.cover.buildsystem.internal.f.f] deserializing line [DIFFBLUE]{"__type":"com.diffblue.cover.buildsystem.model.ProjectInfoMessage","projectName":"com.paritytrading.parity:parity-client","productionSources":["/home/jbergqvist/diffblue/paritytrading-parity/applications/client/src/main/java"],"testSources":["/home/jbergqvist/diffblue/paritytrading-parity/applications/client/src/test/java"],"location":"/home/jbergqvist/diffblue/paritytrading-parity/applications/client"}
10:25:25.993 [INFO]   [Checking]    [maven:out]         [com.diffblue.cover.buildsystem.internal.f.f] deserializing line [DIFFBLUE]{"__type":"com.diffblue.cover.buildsystem.model.ProjectInfoMessage","projectName":"com.paritytrading.parity:parity-fix","productionSources":["/home/jbergqvist/diffblue/paritytrading-parity/applications/fix/src/main/java"],"testSources":["/home/jbergqvist/diffblue/paritytrading-parity/applications/fix/src/test/java"],"location":"/home/jbergqvist/diffblue/paritytrading-parity/applications/fix"}
10:25:25.993 [INFO]   [Checking]    [maven:out]         [com.diffblue.cover.buildsystem.internal.f.f] deserializing line [DIFFBLUE]{"__type":"com.diffblue.cover.buildsystem.model.ProjectInfoMessage","projectName":"com.paritytrading.parity:parity-reporter","productionSources":["/home/jbergqvist/diffblue/paritytrading-parity/applications/reporter/src/main/java"],"testSources":["/home/jbergqvist/diffblue/paritytrading-parity/applications/reporter/src/test/java"],"location":"/home/jbergqvist/diffblue/paritytrading-parity/applications/reporter"}
10:25:25.994 [INFO]   [Checking]    [maven:out]         [com.diffblue.cover.buildsystem.internal.f.f] deserializing line [DIFFBLUE]{"__type":"com.diffblue.cover.buildsystem.model.ProjectInfoMessage","projectName":"com.paritytrading.parity:parity-system","productionSources":["/home/jbergqvist/diffblue/paritytrading-parity/applications/system/src/main/java"],"testSources":["/home/jbergqvist/diffblue/paritytrading-parity/applications/system/src/test/java"],"location":"/home/jbergqvist/diffblue/paritytrading-parity/applications/system"}
10:25:25.995 [INFO]   [Checking]    [maven:out]         [com.diffblue.cover.buildsystem.internal.f.f] deserializing line [DIFFBLUE]{"__type":"com.diffblue.cover.buildsystem.model.ProjectInfoMessage","projectName":"com.paritytrading.parity:parity-ticker","productionSources":["/home/jbergqvist/diffblue/paritytrading-parity/applications/ticker/src/main/java"],"testSources":["/home/jbergqvist/diffblue/paritytrading-parity/applications/ticker/src/test/java"],"location":"/home/jbergqvist/diffblue/paritytrading-parity/applications/ticker"}
10:25:25.996 [INFO]   [Checking]    [maven:out]         [com.diffblue.cover.buildsystem.internal.f.f] deserializing line [DIFFBLUE]{"__type":"com.diffblue.cover.buildsystem.model.ProjectInfoMessage","projectName":"com.paritytrading.parity:parity-book-perf-test","productionSources":["/home/jbergqvist/diffblue/paritytrading-parity/tests/book-perf-test/src/main/java"],"testSources":["/home/jbergqvist/diffblue/paritytrading-parity/tests/book-perf-test/src/test/java"],"location":"/home/jbergqvist/diffblue/paritytrading-parity/tests/book-perf-test"}
10:25:25.996 [INFO]   [Checking]    [maven:out]         [com.diffblue.cover.buildsystem.internal.f.f] deserializing line [DIFFBLUE]{"__type":"com.diffblue.cover.buildsystem.model.ProjectInfoMessage","projectName":"com.paritytrading.parity:parity-match-perf-test","productionSources":["/home/jbergqvist/diffblue/paritytrading-parity/tests/match-perf-test/src/main/java"],"testSources":["/home/jbergqvist/diffblue/paritytrading-parity/tests/match-perf-test/src/test/java"],"location":"/home/jbergqvist/diffblue/paritytrading-parity/tests/match-perf-test"}
10:25:26.024 [INFO]   [Checking]    [main]              [com.diffblue.cover.buildsystem.internal.f.d] maven:err process not stopped, joining thread
10:25:26.024 [INFO]   [Checking]    [main]              [com.diffblue.cover.buildsystem.internal.f.d] maven:out process not stopped, joining thread
10:25:26.024 [DEBUG]  [Checking]    [main]              [com.diffblue.cover.buildsystem.config.a.a] Executor spent 1s on command "/home/jbergqvist/.sdkman/candidates/maven/current/bin/mvn -Dmaven.ext.class.path=/opt/cover/cover-buildsystem-maven-spy-jar-with-dependencies.jar -Dcom.diffblue.cover.skipTests=true -DskipTestOptimizer --batch-mode --global-settings=/home/jbergqvist/.sdkman/candidates/maven/current/conf/settings.xml dependency:build-classpath"
10:25:26.024 [INFO]   [Checking]    [main]              [com.diffblue.cover.buildsystem.internal.f.f] Deserializing project module message
10:25:26.025 [INFO]   [Checking]    [main]              [com.diffblue.cover.buildsystem.internal.f.f] deserializing line [DIFFBLUE]{"__type":"com.diffblue.cover.buildsystem.model.DefaultEventMessage","project":"com.paritytrading.parity:parity-parent","goal":"build-classpath","cause":null,"state":"STARTED"}
10:25:26.026 [INFO]   [Checking]    [main]              [com.diffblue.cover.buildsystem.internal.f.f] deserializing line [DIFFBLUE]{"__type":"com.diffblue.cover.buildsystem.model.DefaultEventMessage","project":"com.paritytrading.parity:parity-parent","goal":"build-classpath","cause":null,"state":"SUCCESS"}
10:25:26.028 [INFO]   [Checking]    [main]              [com.diffblue.cover.buildsystem.internal.f.f] deserializing line [DIFFBLUE]{"__type":"com.diffblue.cover.buildsystem.model.DefaultEventMessage","project":"com.paritytrading.parity:parity-book","goal":"build-classpath","cause":null,"state":"STARTED"}
10:25:26.029 [INFO]   [Checking]    [main]              [com.diffblue.cover.buildsystem.internal.f.f] deserializing line [DIFFBLUE]{"__type":"com.diffblue.cover.buildsystem.model.DefaultEventMessage","project":"com.paritytrading.parity:parity-book","goal":"build-classpath","cause":null,"state":"SUCCESS"}
10:25:26.030 [INFO]   [Checking]    [main]              [com.diffblue.cover.buildsystem.internal.f.f] deserializing line [DIFFBLUE]{"__type":"com.diffblue.cover.buildsystem.model.DefaultEventMessage","project":"com.paritytrading.parity:parity-file","goal":"build-classpath","cause":null,"state":"STARTED"}
10:25:26.031 [INFO]   [Checking]    [main]              [com.diffblue.cover.buildsystem.internal.f.f] deserializing line [DIFFBLUE]{"__type":"com.diffblue.cover.buildsystem.model.DefaultEventMessage","project":"com.paritytrading.parity:parity-file","goal":"build-classpath","cause":null,"state":"SUCCESS"}
10:25:26.032 [INFO]   [Checking]    [main]              [com.diffblue.cover.buildsystem.internal.f.f] deserializing line [DIFFBLUE]{"__type":"com.diffblue.cover.buildsystem.model.DefaultEventMessage","project":"com.paritytrading.parity:parity-match","goal":"build-classpath","cause":null,"state":"STARTED"}
10:25:26.033 [INFO]   [Checking]    [main]              [com.diffblue.cover.buildsystem.internal.f.f] deserializing line [DIFFBLUE]{"__type":"com.diffblue.cover.buildsystem.model.DefaultEventMessage","project":"com.paritytrading.parity:parity-match","goal":"build-classpath","cause":null,"state":"SUCCESS"}
10:25:26.034 [INFO]   [Checking]    [main]              [com.diffblue.cover.buildsystem.internal.f.f] deserializing line [DIFFBLUE]{"__type":"com.diffblue.cover.buildsystem.model.DefaultEventMessage","project":"com.paritytrading.parity:parity-net","goal":"build-classpath","cause":null,"state":"STARTED"}
10:25:26.035 [INFO]   [Checking]    [main]              [com.diffblue.cover.buildsystem.internal.f.f] deserializing line [DIFFBLUE]{"__type":"com.diffblue.cover.buildsystem.model.DefaultEventMessage","project":"com.paritytrading.parity:parity-net","goal":"build-classpath","cause":null,"state":"SUCCESS"}
10:25:26.036 [INFO]   [Checking]    [main]              [com.diffblue.cover.buildsystem.internal.f.f] deserializing line [DIFFBLUE]{"__type":"com.diffblue.cover.buildsystem.model.DefaultEventMessage","project":"com.paritytrading.parity:parity-util","goal":"build-classpath","cause":null,"state":"STARTED"}
10:25:26.037 [INFO]   [Checking]    [main]              [com.diffblue.cover.buildsystem.internal.f.f] deserializing line [DIFFBLUE]{"__type":"com.diffblue.cover.buildsystem.model.DefaultEventMessage","project":"com.paritytrading.parity:parity-util","goal":"build-classpath","cause":null,"state":"SUCCESS"}
10:25:26.039 [INFO]   [Checking]    [main]              [com.diffblue.cover.buildsystem.internal.f.f] deserializing line [DIFFBLUE]{"__type":"com.diffblue.cover.buildsystem.model.DefaultEventMessage","project":"com.paritytrading.parity:parity-client","goal":"build-classpath","cause":null,"state":"STARTED"}
10:25:26.040 [INFO]   [Checking]    [main]              [com.diffblue.cover.buildsystem.internal.f.f] deserializing line [DIFFBLUE]{"__type":"com.diffblue.cover.buildsystem.model.DefaultEventMessage","project":"com.paritytrading.parity:parity-client","goal":"build-classpath","cause":null,"state":"SUCCESS"}
10:25:26.041 [INFO]   [Checking]    [main]              [com.diffblue.cover.buildsystem.internal.f.f] deserializing line [DIFFBLUE]{"__type":"com.diffblue.cover.buildsystem.model.DefaultEventMessage","project":"com.paritytrading.parity:parity-fix","goal":"build-classpath","cause":null,"state":"STARTED"}
10:25:26.042 [INFO]   [Checking]    [main]              [com.diffblue.cover.buildsystem.internal.f.f] deserializing line [DIFFBLUE]{"__type":"com.diffblue.cover.buildsystem.model.DefaultEventMessage","project":"com.paritytrading.parity:parity-fix","goal":"build-classpath","cause":null,"state":"SUCCESS"}
10:25:26.043 [INFO]   [Checking]    [main]              [com.diffblue.cover.buildsystem.internal.f.f] deserializing line [DIFFBLUE]{"__type":"com.diffblue.cover.buildsystem.model.DefaultEventMessage","project":"com.paritytrading.parity:parity-reporter","goal":"build-classpath","cause":null,"state":"STARTED"}
10:25:26.044 [INFO]   [Checking]    [main]              [com.diffblue.cover.buildsystem.internal.f.f] deserializing line [DIFFBLUE]{"__type":"com.diffblue.cover.buildsystem.model.DefaultEventMessage","project":"com.paritytrading.parity:parity-reporter","goal":"build-classpath","cause":null,"state":"SUCCESS"}
10:25:26.045 [INFO]   [Checking]    [main]              [com.diffblue.cover.buildsystem.internal.f.f] deserializing line [DIFFBLUE]{"__type":"com.diffblue.cover.buildsystem.model.DefaultEventMessage","project":"com.paritytrading.parity:parity-system","goal":"build-classpath","cause":null,"state":"STARTED"}
10:25:26.046 [INFO]   [Checking]    [main]              [com.diffblue.cover.buildsystem.internal.f.f] deserializing line [DIFFBLUE]{"__type":"com.diffblue.cover.buildsystem.model.DefaultEventMessage","project":"com.paritytrading.parity:parity-system","goal":"build-classpath","cause":null,"state":"SUCCESS"}
10:25:26.047 [INFO]   [Checking]    [main]              [com.diffblue.cover.buildsystem.internal.f.f] deserializing line [DIFFBLUE]{"__type":"com.diffblue.cover.buildsystem.model.DefaultEventMessage","project":"com.paritytrading.parity:parity-ticker","goal":"build-classpath","cause":null,"state":"STARTED"}
10:25:26.048 [INFO]   [Checking]    [main]              [com.diffblue.cover.buildsystem.internal.f.f] deserializing line [DIFFBLUE]{"__type":"com.diffblue.cover.buildsystem.model.DefaultEventMessage","project":"com.paritytrading.parity:parity-ticker","goal":"build-classpath","cause":null,"state":"SUCCESS"}
10:25:26.049 [INFO]   [Checking]    [main]              [com.diffblue.cover.buildsystem.internal.f.f] deserializing line [DIFFBLUE]{"__type":"com.diffblue.cover.buildsystem.model.DefaultEventMessage","project":"com.paritytrading.parity:parity-book-perf-test","goal":"build-classpath","cause":null,"state":"STARTED"}
10:25:26.050 [INFO]   [Checking]    [main]              [com.diffblue.cover.buildsystem.internal.f.f] deserializing line [DIFFBLUE]{"__type":"com.diffblue.cover.buildsystem.model.DefaultEventMessage","project":"com.paritytrading.parity:parity-book-perf-test","goal":"build-classpath","cause":null,"state":"SUCCESS"}
10:25:26.052 [INFO]   [Checking]    [main]              [com.diffblue.cover.buildsystem.internal.f.f] deserializing line [DIFFBLUE]{"__type":"com.diffblue.cover.buildsystem.model.DefaultEventMessage","project":"com.paritytrading.parity:parity-match-perf-test","goal":"build-classpath","cause":null,"state":"STARTED"}
10:25:26.053 [INFO]   [Checking]    [main]              [com.diffblue.cover.buildsystem.internal.f.f] deserializing line [DIFFBLUE]{"__type":"com.diffblue.cover.buildsystem.model.DefaultEventMessage","project":"com.paritytrading.parity:parity-match-perf-test","goal":"build-classpath","cause":null,"state":"SUCCESS"}
10:25:26.054 [INFO]   [Checking]    [main]              [com.diffblue.cover.buildsystem.internal.f.f] deserializing line [DIFFBLUE]{"__type":"com.diffblue.cover.buildsystem.model.DefaultProjectModuleMessage","project":{"__type":"DefaultProjectModule","junitReport":["/home/jbergqvist/diffblue/paritytrading-parity/target/surefire-reports"],"jacocoReport":["/home/jbergqvist/diffblue/paritytrading-parity/target/site/jacoco/jacoco.xml"],"jacocoDestFile":["/home/jbergqvist/diffblue/paritytrading-parity/target/jacoco.exec"],"jacocoFormats":["xml"],"jacocoSkipped":false,"classpath":["/home/jbergqvist/diffblue/paritytrading-parity/target/classes"],"complianceLevel":"1.8","productionSources":["/home/jbergqvist/diffblue/paritytrading-parity/src/main/java"],"testSources":["/home/jbergqvist/diffblue/paritytrading-parity/src/test/java"],"productionClasses":"/home/jbergqvist/diffblue/paritytrading-parity/target/classes","testClasses":"/home/jbergqvist/diffblue/paritytrading-parity/target/test-classes","sourceToBuildPathMap":null,"testSourceToBuildPathMap":null,"buildDirectory":"/home/jbergqvist/diffblue/paritytrading-parity/target","plugins":[{"__type":"DefaultPlugin","groupId":"org.apache.maven.plugins","artefactId":"maven-enforcer-plugin","version":"1.0","pluginClassName":null},{"__type":"DefaultPlugin","groupId":"org.apache.maven.plugins","artefactId":"maven-checkstyle-plugin","version":"3.1.0","pluginClassName":null},{"__type":"DefaultPlugin","groupId":"org.apache.maven.plugins","artefactId":"maven-compiler-plugin","version":"3.8.0","pluginClassName":null},{"__type":"DefaultPlugin","groupId":"org.apache.maven.plugins","artefactId":"maven-javadoc-plugin","version":"3.0.1","pluginClassName":null},{"__type":"DefaultPlugin","groupId":"org.apache.maven.plugins","artefactId":"maven-release-plugin","version":"2.5.3","pluginClassName":null},{"__type":"DefaultPlugin","groupId":"org.apache.maven.plugins","artefactId":"maven-clean-plugin","version":"3.2.0","pluginClassName":null},{"__type":"DefaultPlugin","groupId":"org.apache.maven.plugins","artefactId":"maven-install-plugin","version":"3.1.2","pluginClassName":null},{"__type":"DefaultPlugin","groupId":"org.apache.maven.plugins","artefactId":"maven-deploy-plugin","version":"2.8.2","pluginClassName":null},{"__type":"DefaultPlugin","groupId":"org.apache.maven.plugins","artefactId":"maven-site-plugin","version":"3.12.1","pluginClassName":null}],"version":"3.9.12","encoding":"UTF-8","name":"maven","subModules":[{"__type":"DefaultProjectModule","junitReport":["/home/jbergqvist/diffblue/paritytrading-parity/libraries/book/target/surefire-reports"],"jacocoReport":["/home/jbergqvist/diffblue/paritytrading-parity/libraries/book/target/site/jacoco/jacoco.xml"],"jacocoDestFile":["/home/jbergqvist/diffblue/paritytrading-parity/libraries/book/target/jacoco.exec"],"jacocoFormats":["xml"],"jacocoSkipped":false,"classpath":["/home/jbergqvist/diffblue/paritytrading-parity/libraries/book/target/classes","/home/jbergqvist/.m2/repository/it/unimi/dsi/fastutil/8.1.0/fastutil-8.1.0.jar","/home/jbergqvist/.m2/repository/org/apache/commons/commons-lang3/3.12.0/commons-lang3-3.12.0.jar","/home/jbergqvist/.m2/repository/org/junit/jupiter/junit-jupiter/5.7.0/junit-jupiter-5.7.0.jar","/home/jbergqvist/.m2/repository/org/junit/jupiter/junit-jupiter-api/5.7.0/junit-jupiter-api-5.7.0.jar","/home/jbergqvist/.m2/repository/org/apiguardian/apiguardian-api/1.1.0/apiguardian-api-1.1.0.jar","/home/jbergqvist/.m2/repository/org/opentest4j/opentest4j/1.2.0/opentest4j-1.2.0.jar","/home/jbergqvist/.m2/repository/org/junit/platform/junit-platform-commons/1.7.0/junit-platform-commons-1.7.0.jar","/home/jbergqvist/.m2/repository/org/junit/jupiter/junit-jupiter-params/5.7.0/junit-jupiter-params-5.7.0.jar","/home/jbergqvist/.m2/repository/org/junit/jupiter/junit-jupiter-engine/5.7.0/junit-jupiter-engine-5.7.0.jar","/home/jbergqvist/.m2/repository/org/junit/platform/junit-platform-engine/1.7.0/junit-platform-engine-1.7.0.jar","/home/jbergqvist/.m2/repository/com/diffblue/cover/cover-annotations/1.9.0/cover-annotations-1.9.0.jar","/home/jbergqvist/.m2/repository/org/mockito/mockito-core/4.11.0/mockito-core-4.11.0.jar","/home/jbergqvist/.m2/repository/net/bytebuddy/byte-buddy/1.12.19/byte-buddy-1.12.19.jar","/home/jbergqvist/.m2/repository/net/bytebuddy/byte-buddy-agent/1.12.19/byte-buddy-agent-1.12.19.jar","/home/jbergqvist/.m2/repository/org/objenesis/objenesis/3.3/objenesis-3.3.jar","/home/jbergqvist/.m2/repository/org/mockito/mockito-junit-jupiter/4.11.0/mockito-junit-jupiter-4.11.0.jar"],"complianceLevel":"1.8","productionSources":["/home/jbergqvist/diffblue/paritytrading-parity/libraries/book/src/main/java"],"testSources":["/home/jbergqvist/diffblue/paritytrading-parity/libraries/book/src/test/java"],"productionClasses":"/home/jbergqvist/diffblue/paritytrading-parity/libraries/book/target/classes","testClasses":"/home/jbergqvist/diffblue/paritytrading-parity/libraries/book/target/test-classes","sourceToBuildPathMap":null,"testSourceToBuildPathMap":null,"buildDirectory":"/home/jbergqvist/diffblue/paritytrading-parity/libraries/book/target","plugins":[{"__type":"DefaultPlugin","groupId":"org.apache.maven.plugins","artefactId":"maven-enforcer-plugin","version":"1.0","pluginClassName":null},{"__type":"DefaultPlugin","groupId":"org.apache.maven.plugins","artefactId":"maven-checkstyle-plugin","version":"3.1.0","pluginClassName":null},{"__type":"DefaultPlugin","groupId":"org.apache.maven.plugins","artefactId":"maven-compiler-plugin","version":"3.8.0","pluginClassName":null},{"__type":"DefaultPlugin","groupId":"org.apache.maven.plugins","artefactId":"maven-javadoc-plugin","version":"3.0.1","pluginClassName":null},{"__type":"DefaultPlugin","groupId":"org.apache.maven.plugins","artefactId":"maven-release-plugin","version":"2.5.3","pluginClassName":null},{"__type":"DefaultPlugin","groupId":"org.apache.maven.plugins","artefactId":"maven-clean-plugin","version":"3.2.0","pluginClassName":null},{"__type":"DefaultPlugin","groupId":"org.apache.maven.plugins","artefactId":"maven-resources-plugin","version":"3.3.1","pluginClassName":null},{"__type":"DefaultPlugin","groupId":"org.apache.maven.plugins","artefactId":"maven-jar-plugin","version":"3.4.1","pluginClassName":null},{"__type":"DefaultPlugin","groupId":"org.apache.maven.plugins","artefactId":"maven-surefire-plugin","version":"3.0.0-M5","pluginClassName":null},{"__type":"DefaultPlugin","groupId":"org.apache.maven.plugins","artefactId":"maven-install-plugin","version":"3.1.2","pluginClassName":null},{"__type":"DefaultPlugin","groupId":"org.apache.maven.plugins","artefactId":"maven-deploy-plugin","version":"2.8.2","pluginClassName":null},{"__type":"DefaultPlugin","groupId":"org.apache.maven.plugins","artefactId":"maven-site-plugin","version":"3.12.1","pluginClassName":null}],"version":"3.9.12","encoding":"UTF-8","name":"maven","subModules":[],"simpleModuleName":null,"parentModuleName":"com.paritytrading.parity:parity-parent","location":"/home/jbergqvist/diffblue/paritytrading-parity/libraries/book","fullModuleName":"com.paritytrading.parity:parity-book"},{"__type":"DefaultProjectModule","junitReport":["/home/jbergqvist/diffblue/paritytrading-parity/libraries/file/target/surefire-reports"],"jacocoReport":["/home/jbergqvist/diffblue/paritytrading-parity/libraries/file/target/site/jacoco/jacoco.xml"],"jacocoDestFile":["/home/jbergqvist/diffblue/paritytrading-parity/libraries/file/target/jacoco.exec"],"jacocoFormats":["xml"],"jacocoSkipped":false,"classpath":["/home/jbergqvist/diffblue/paritytrading-parity/libraries/file/target/classes","/home/jbergqvist/.m2/repository/org/junit/jupiter/junit-jupiter/5.7.0/junit-jupiter-5.7.0.jar","/home/jbergqvist/.m2/repository/org/junit/jupiter/junit-jupiter-api/5.7.0/junit-jupiter-api-5.7.0.jar","/home/jbergqvist/.m2/repository/org/apiguardian/apiguardian-api/1.1.0/apiguardian-api-1.1.0.jar","/home/jbergqvist/.m2/repository/org/opentest4j/opentest4j/1.2.0/opentest4j-1.2.0.jar","/home/jbergqvist/.m2/repository/org/junit/platform/junit-platform-commons/1.7.0/junit-platform-commons-1.7.0.jar","/home/jbergqvist/.m2/repository/org/junit/jupiter/junit-jupiter-params/5.7.0/junit-jupiter-params-5.7.0.jar","/home/jbergqvist/.m2/repository/org/junit/jupiter/junit-jupiter-engine/5.7.0/junit-jupiter-engine-5.7.0.jar","/home/jbergqvist/.m2/repository/org/junit/platform/junit-platform-engine/1.7.0/junit-platform-engine-1.7.0.jar","/home/jbergqvist/.m2/repository/com/diffblue/cover/cover-annotations/1.9.0/cover-annotations-1.9.0.jar","/home/jbergqvist/.m2/repository/org/mockito/mockito-core/4.11.0/mockito-core-4.11.0.jar","/home/jbergqvist/.m2/repository/net/bytebuddy/byte-buddy/1.12.19/byte-buddy-1.12.19.jar","/home/jbergqvist/.m2/repository/net/bytebuddy/byte-buddy-agent/1.12.19/byte-buddy-agent-1.12.19.jar","/home/jbergqvist/.m2/repository/org/objenesis/objenesis/3.3/objenesis-3.3.jar","/home/jbergqvist/.m2/repository/org/mockito/mockito-junit-jupiter/4.11.0/mockito-junit-jupiter-4.11.0.jar"],"complianceLevel":"1.8","productionSources":["/home/jbergqvist/diffblue/paritytrading-parity/libraries/file/src/main/java"],"testSources":["/home/jbergqvist/diffblue/paritytrading-parity/libraries/file/src/test/java"],"productionClasses":"/home/jbergqvist/diffblue/paritytrading-parity/libraries/file/target/classes","testClasses":"/home/jbergqvist/diffblue/paritytrading-parity/libraries/file/target/test-classes","sourceToBuildPathMap":null,"testSourceToBuildPathMap":null,"buildDirectory":"/home/jbergqvist/diffblue/paritytrading-parity/libraries/file/target","plugins":[{"__type":"DefaultPlugin","groupId":"org.apache.maven.plugins","artefactId":"maven-enforcer-plugin","version":"1.0","pluginClassName":null},{"__type":"DefaultPlugin","groupId":"org.apache.maven.plugins","artefactId":"maven-checkstyle-plugin","version":"3.1.0","pluginClassName":null},{"__type":"DefaultPlugin","groupId":"org.apache.maven.plugins","artefactId":"maven-compiler-plugin","version":"3.8.0","pluginClassName":null},{"__type":"DefaultPlugin","groupId":"org.apache.maven.plugins","artefactId":"maven-javadoc-plugin","version":"3.0.1","pluginClassName":null},{"__type":"DefaultPlugin","groupId":"org.apache.maven.plugins","artefactId":"maven-release-plugin","version":"2.5.3","pluginClassName":null},{"__type":"DefaultPlugin","groupId":"org.apache.maven.plugins","artefactId":"maven-clean-plugin","version":"3.2.0","pluginClassName":null},{"__type":"DefaultPlugin","groupId":"org.apache.maven.plugins","artefactId":"maven-resources-plugin","version":"3.3.1","pluginClassName":null},{"__type":"DefaultPlugin","groupId":"org.apache.maven.plugins","artefactId":"maven-jar-plugin","version":"3.4.1","pluginClassName":null},{"__type":"DefaultPlugin","groupId":"org.apache.maven.plugins","artefactId":"maven-surefire-plugin","version":"3.0.0-M5","pluginClassName":null},{"__type":"DefaultPlugin","groupId":"org.apache.maven.plugins","artefactId":"maven-install-plugin","version":"3.1.2","pluginClassName":null},{"__type":"DefaultPlugin","groupId":"org.apache.maven.plugins","artefactId":"maven-deploy-plugin","version":"2.8.2","pluginClassName":null},{"__type":"DefaultPlugin","groupId":"org.apache.maven.plugins","artefactId":"maven-site-plugin","version":"3.12.1","pluginClassName":null}],"version":"3.9.12","encoding":"UTF-8","name":"maven","subModules":[],"simpleModuleName":null,"parentModuleName":"com.paritytrading.parity:parity-parent","location":"/home/jbergqvist/diffblue/paritytrading-parity/libraries/file","fullModuleName":"com.paritytrading.parity:parity-file"},{"__type":"DefaultProjectModule","junitReport":["/home/jbergqvist/diffblue/paritytrading-parity/libraries/match/target/surefire-reports"],"jacocoReport":["/home/jbergqvist/diffblue/paritytrading-parity/libraries/match/target/site/jacoco/jacoco.xml"],"jacocoDestFile":["/home/jbergqvist/diffblue/paritytrading-parity/libraries/match/target/jacoco.exec"],"jacocoFormats":["xml"],"jacocoSkipped":false,"classpath":["/home/jbergqvist/diffblue/paritytrading-parity/libraries/match/target/classes","/home/jbergqvist/.m2/repository/it/unimi/dsi/fastutil/8.1.0/fastutil-8.1.0.jar","/home/jbergqvist/.m2/repository/org/apache/commons/commons-lang3/3.12.0/commons-lang3-3.12.0.jar","/home/jbergqvist/.m2/repository/org/junit/jupiter/junit-jupiter/5.7.0/junit-jupiter-5.7.0.jar","/home/jbergqvist/.m2/repository/org/junit/jupiter/junit-jupiter-api/5.7.0/junit-jupiter-api-5.7.0.jar","/home/jbergqvist/.m2/repository/org/apiguardian/apiguardian-api/1.1.0/apiguardian-api-1.1.0.jar","/home/jbergqvist/.m2/repository/org/opentest4j/opentest4j/1.2.0/opentest4j-1.2.0.jar","/home/jbergqvist/.m2/repository/org/junit/platform/junit-platform-commons/1.7.0/junit-platform-commons-1.7.0.jar","/home/jbergqvist/.m2/repository/org/junit/jupiter/junit-jupiter-params/5.7.0/junit-jupiter-params-5.7.0.jar","/home/jbergqvist/.m2/repository/org/junit/jupiter/junit-jupiter-engine/5.7.0/junit-jupiter-engine-5.7.0.jar","/home/jbergqvist/.m2/repository/org/junit/platform/junit-platform-engine/1.7.0/junit-platform-engine-1.7.0.jar","/home/jbergqvist/.m2/repository/com/diffblue/cover/cover-annotations/1.9.0/cover-annotations-1.9.0.jar","/home/jbergqvist/.m2/repository/org/mockito/mockito-core/4.11.0/mockito-core-4.11.0.jar","/home/jbergqvist/.m2/repository/net/bytebuddy/byte-buddy/1.12.19/byte-buddy-1.12.19.jar","/home/jbergqvist/.m2/repository/net/bytebuddy/byte-buddy-agent/1.12.19/byte-buddy-agent-1.12.19.jar","/home/jbergqvist/.m2/repository/org/objenesis/objenesis/3.3/objenesis-3.3.jar","/home/jbergqvist/.m2/repository/org/mockito/mockito-junit-jupiter/4.11.0/mockito-junit-jupiter-4.11.0.jar"],"complianceLevel":"1.8","productionSources":["/home/jbergqvist/diffblue/paritytrading-parity/libraries/match/src/main/java"],"testSources":["/home/jbergqvist/diffblue/paritytrading-parity/libraries/match/src/test/java"],"productionClasses":"/home/jbergqvist/diffblue/paritytrading-parity/libraries/match/target/classes","testClasses":"/home/jbergqvist/diffblue/paritytrading-parity/libraries/match/target/test-classes","sourceToBuildPathMap":null,"testSourceToBuildPathMap":null,"buildDirectory":"/home/jbergqvist/diffblue/paritytrading-parity/libraries/match/target","plugins":[{"__type":"DefaultPlugin","groupId":"org.apache.maven.plugins","artefactId":"maven-enforcer-plugin","version":"1.0","pluginClassName":null},{"__type":"DefaultPlugin","groupId":"org.apache.maven.plugins","artefactId":"maven-checkstyle-plugin","version":"3.1.0","pluginClassName":null},{"__type":"DefaultPlugin","groupId":"org.apache.maven.plugins","artefactId":"maven-compiler-plugin","version":"3.8.0","pluginClassName":null},{"__type":"DefaultPlugin","groupId":"org.apache.maven.plugins","artefactId":"maven-javadoc-plugin","version":"3.0.1","pluginClassName":null},{"__type":"DefaultPlugin","groupId":"org.apache.maven.plugins","artefactId":"maven-release-plugin","version":"2.5.3","pluginClassName":null},{"__type":"DefaultPlugin","groupId":"org.apache.maven.plugins","artefactId":"maven-clean-plugin","version":"3.2.0","pluginClassName":null},{"__type":"DefaultPlugin","groupId":"org.apache.maven.plugins","artefactId":"maven-resources-plugin","version":"3.3.1","pluginClassName":null},{"__type":"DefaultPlugin","groupId":"org.apache.maven.plugins","artefactId":"maven-jar-plugin","version":"3.4.1","pluginClassName":null},{"__type":"DefaultPlugin","groupId":"org.apache.maven.plugins","artefactId":"maven-surefire-plugin","version":"3.0.0-M5","pluginClassName":null},{"__type":"DefaultPlugin","groupId":"org.apache.maven.plugins","artefactId":"maven-install-plugin","version":"3.1.2","pluginClassName":null},{"__type":"DefaultPlugin","groupId":"org.apache.maven.plugins","artefactId":"maven-deploy-plugin","version":"2.8.2","pluginClassName":null},{"__type":"DefaultPlugin","groupId":"org.apache.maven.plugins","artefactId":"maven-site-plugin","version":"3.12.1","pluginClassName":null}],"version":"3.9.12","encoding":"UTF-8","name":"maven","subModules":[],"simpleModuleName":null,"parentModuleName":"com.paritytrading.parity:parity-parent","location":"/home/jbergqvist/diffblue/paritytrading-parity/libraries/match","fullModuleName":"com.paritytrading.parity:parity-match"},{"__type":"DefaultProjectModule","junitReport":["/home/jbergqvist/diffblue/paritytrading-parity/libraries/net/target/surefire-reports"],"jacocoReport":["/home/jbergqvist/diffblue/paritytrading-parity/libraries/net/target/site/jacoco/jacoco.xml"],"jacocoDestFile":["/home/jbergqvist/diffblue/paritytrading-parity/libraries/net/target/jacoco.exec"],"jacocoFormats":["xml"],"jacocoSkipped":false,"classpath":["/home/jbergqvist/diffblue/paritytrading-parity/libraries/net/target/classes","/home/jbergqvist/.m2/repository/com/paritytrading/nassau/nassau-core/0.13.0/nassau-core-0.13.0.jar","/home/jbergqvist/.m2/repository/com/paritytrading/foundation/foundation/0.3.0/foundation-0.3.0.jar","/home/jbergqvist/.m2/repository/com/diffblue/cover/cover-annotations/1.9.0/cover-annotations-1.9.0.jar","/home/jbergqvist/.m2/repository/org/junit/jupiter/junit-jupiter-engine/5.13.4/junit-jupiter-engine-5.13.4.jar","/home/jbergqvist/.m2/repository/org/junit/platform/junit-platform-engine/1.13.4/junit-platform-engine-1.13.4.jar","/home/jbergqvist/.m2/repository/org/opentest4j/opentest4j/1.3.0/opentest4j-1.3.0.jar","/home/jbergqvist/.m2/repository/org/junit/platform/junit-platform-commons/1.13.4/junit-platform-commons-1.13.4.jar","/home/jbergqvist/.m2/repository/org/junit/jupiter/junit-jupiter-api/5.13.4/junit-jupiter-api-5.13.4.jar","/home/jbergqvist/.m2/repository/org/apiguardian/apiguardian-api/1.1.2/apiguardian-api-1.1.2.jar","/home/jbergqvist/.m2/repository/org/mockito/mockito-core/4.11.0/mockito-core-4.11.0.jar","/home/jbergqvist/.m2/repository/net/bytebuddy/byte-buddy/1.12.19/byte-buddy-1.12.19.jar","/home/jbergqvist/.m2/repository/net/bytebuddy/byte-buddy-agent/1.12.19/byte-buddy-agent-1.12.19.jar","/home/jbergqvist/.m2/repository/org/objenesis/objenesis/3.3/objenesis-3.3.jar","/home/jbergqvist/.m2/repository/org/mockito/mockito-junit-jupiter/4.11.0/mockito-junit-jupiter-4.11.0.jar"],"complianceLevel":"1.8","productionSources":["/home/jbergqvist/diffblue/paritytrading-parity/libraries/net/src/main/java"],"testSources":["/home/jbergqvist/diffblue/paritytrading-parity/libraries/net/src/test/java"],"productionClasses":"/home/jbergqvist/diffblue/paritytrading-parity/libraries/net/target/classes","testClasses":"/home/jbergqvist/diffblue/paritytrading-parity/libraries/net/target/test-classes","sourceToBuildPathMap":null,"testSourceToBuildPathMap":null,"buildDirectory":"/home/jbergqvist/diffblue/paritytrading-parity/libraries/net/target","plugins":[{"__type":"DefaultPlugin","groupId":"org.apache.maven.plugins","artefactId":"maven-enforcer-plugin","version":"1.0","pluginClassName":null},{"__type":"DefaultPlugin","groupId":"org.apache.maven.plugins","artefactId":"maven-checkstyle-plugin","version":"3.1.0","pluginClassName":null},{"__type":"DefaultPlugin","groupId":"org.apache.maven.plugins","artefactId":"maven-compiler-plugin","version":"3.8.0","pluginClassName":null},{"__type":"DefaultPlugin","groupId":"org.apache.maven.plugins","artefactId":"maven-javadoc-plugin","version":"3.0.1","pluginClassName":null},{"__type":"DefaultPlugin","groupId":"org.apache.maven.plugins","artefactId":"maven-release-plugin","version":"2.5.3","pluginClassName":null},{"__type":"DefaultPlugin","groupId":"org.apache.maven.plugins","artefactId":"maven-clean-plugin","version":"3.2.0","pluginClassName":null},{"__type":"DefaultPlugin","groupId":"org.apache.maven.plugins","artefactId":"maven-resources-plugin","version":"3.3.1","pluginClassName":null},{"__type":"DefaultPlugin","groupId":"org.apache.maven.plugins","artefactId":"maven-jar-plugin","version":"3.4.1","pluginClassName":null},{"__type":"DefaultPlugin","groupId":"org.apache.maven.plugins","artefactId":"maven-surefire-plugin","version":"3.0.0-M5","pluginClassName":null},{"__type":"DefaultPlugin","groupId":"org.apache.maven.plugins","artefactId":"maven-install-plugin","version":"3.1.2","pluginClassName":null},{"__type":"DefaultPlugin","groupId":"org.apache.maven.plugins","artefactId":"maven-deploy-plugin","version":"2.8.2","pluginClassName":null},{"__type":"DefaultPlugin","groupId":"org.apache.maven.plugins","artefactId":"maven-site-plugin","version":"3.12.1","pluginClassName":null}],"version":"3.9.12","encoding":"UTF-8","name":"maven","subModules":[],"simpleModuleName":null,"parentModuleName":"com.paritytrading.parity:parity-parent","location":"/home/jbergqvist/diffblue/paritytrading-parity/libraries/net","fullModuleName":"com.paritytrading.parity:parity-net"},{"__type":"DefaultProjectModule","junitReport":["/home/jbergqvist/diffblue/paritytrading-parity/libraries/util/target/surefire-reports"],"jacocoReport":["/home/jbergqvist/diffblue/paritytrading-parity/libraries/util/target/site/jacoco/jacoco.xml"],"jacocoDestFile":["/home/jbergqvist/diffblue/paritytrading-parity/libraries/util/target/jacoco.exec"],"jacocoFormats":["xml"],"jacocoSkipped":false,"classpath":["/home/jbergqvist/diffblue/paritytrading-parity/libraries/util/target/classes","/home/jbergqvist/.m2/repository/com/paritytrading/foundation/foundation/0.3.0/foundation-0.3.0.jar","/home/jbergqvist/.m2/repository/com/typesafe/config/1.3.1/config-1.3.1.jar","/home/jbergqvist/.m2/repository/org/junit/jupiter/junit-jupiter/5.7.0/junit-jupiter-5.7.0.jar","/home/jbergqvist/.m2/repository/org/junit/jupiter/junit-jupiter-api/5.7.0/junit-jupiter-api-5.7.0.jar","/home/jbergqvist/.m2/repository/org/apiguardian/apiguardian-api/1.1.0/apiguardian-api-1.1.0.jar","/home/jbergqvist/.m2/repository/org/opentest4j/opentest4j/1.2.0/opentest4j-1.2.0.jar","/home/jbergqvist/.m2/repository/org/junit/platform/junit-platform-commons/1.7.0/junit-platform-commons-1.7.0.jar","/home/jbergqvist/.m2/repository/org/junit/jupiter/junit-jupiter-params/5.7.0/junit-jupiter-params-5.7.0.jar","/home/jbergqvist/.m2/repository/org/junit/jupiter/junit-jupiter-engine/5.7.0/junit-jupiter-engine-5.7.0.jar","/home/jbergqvist/.m2/repository/org/junit/platform/junit-platform-engine/1.7.0/junit-platform-engine-1.7.0.jar","/home/jbergqvist/.m2/repository/com/diffblue/cover/cover-annotations/1.9.0/cover-annotations-1.9.0.jar","/home/jbergqvist/.m2/repository/org/mockito/mockito-core/4.11.0/mockito-core-4.11.0.jar","/home/jbergqvist/.m2/repository/net/bytebuddy/byte-buddy/1.12.19/byte-buddy-1.12.19.jar","/home/jbergqvist/.m2/repository/net/bytebuddy/byte-buddy-agent/1.12.19/byte-buddy-agent-1.12.19.jar","/home/jbergqvist/.m2/repository/org/objenesis/objenesis/3.3/objenesis-3.3.jar","/home/jbergqvist/.m2/repository/org/mockito/mockito-junit-jupiter/4.11.0/mockito-junit-jupiter-4.11.0.jar"],"complianceLevel":"1.8","productionSources":["/home/jbergqvist/diffblue/paritytrading-parity/libraries/util/src/main/java"],"testSources":["/home/jbergqvist/diffblue/paritytrading-parity/libraries/util/src/test/java"],"productionClasses":"/home/jbergqvist/diffblue/paritytrading-parity/libraries/util/target/classes","testClasses":"/home/jbergqvist/diffblue/paritytrading-parity/libraries/util/target/test-classes","sourceToBuildPathMap":null,"testSourceToBuildPathMap":null,"buildDirectory":"/home/jbergqvist/diffblue/paritytrading-parity/libraries/util/target","plugins":[{"__type":"DefaultPlugin","groupId":"org.apache.maven.plugins","artefactId":"maven-enforcer-plugin","version":"1.0","pluginClassName":null},{"__type":"DefaultPlugin","groupId":"org.apache.maven.plugins","artefactId":"maven-checkstyle-plugin","version":"3.1.0","pluginClassName":null},{"__type":"DefaultPlugin","groupId":"org.apache.maven.plugins","artefactId":"maven-compiler-plugin","version":"3.8.0","pluginClassName":null},{"__type":"DefaultPlugin","groupId":"org.apache.maven.plugins","artefactId":"maven-javadoc-plugin","version":"3.0.1","pluginClassName":null},{"__type":"DefaultPlugin","groupId":"org.apache.maven.plugins","artefactId":"maven-release-plugin","version":"2.5.3","pluginClassName":null},{"__type":"DefaultPlugin","groupId":"org.apache.maven.plugins","artefactId":"maven-clean-plugin","version":"3.2.0","pluginClassName":null},{"__type":"DefaultPlugin","groupId":"org.apache.maven.plugins","artefactId":"maven-resources-plugin","version":"3.3.1","pluginClassName":null},{"__type":"DefaultPlugin","groupId":"org.apache.maven.plugins","artefactId":"maven-jar-plugin","version":"3.4.1","pluginClassName":null},{"__type":"DefaultPlugin","groupId":"org.apache.maven.plugins","artefactId":"maven-surefire-plugin","version":"3.0.0-M5","pluginClassName":null},{"__type":"DefaultPlugin","groupId":"org.apache.maven.plugins","artefactId":"maven-install-plugin","version":"3.1.2","pluginClassName":null},{"__type":"DefaultPlugin","groupId":"org.apache.maven.plugins","artefactId":"maven-deploy-plugin","version":"2.8.2","pluginClassName":null},{"__type":"DefaultPlugin","groupId":"org.apache.maven.plugins","artefactId":"maven-site-plugin","version":"3.12.1","pluginClassName":null}],"version":"3.9.12","encoding":"UTF-8","name":"maven","subModules":[],"simpleModuleName":null,"parentModuleName":"com.paritytrading.parity:parity-parent","location":"/home/jbergqvist/diffblue/paritytrading-parity/libraries/util","fullModuleName":"com.paritytrading.parity:parity-util"},{"__type":"DefaultProjectModule","junitReport":["/home/jbergqvist/diffblue/paritytrading-parity/applications/client/target/surefire-reports"],"jacocoReport":["/home/jbergqvist/diffblue/paritytrading-parity/applications/client/target/site/jacoco/jacoco.xml"],"jacocoDestFile":["/home/jbergqvist/diffblue/paritytrading-parity/applications/client/target/jacoco.exec"],"jacocoFormats":["xml"],"jacocoSkipped":false,"classpath":["/home/jbergqvist/diffblue/paritytrading-parity/applications/client/target/classes","/home/jbergqvist/.m2/repository/com/paritytrading/parity/parity-net/0.7.1-SNAPSHOT/parity-net-0.7.1-SNAPSHOT.jar","/home/jbergqvist/.m2/repository/com/paritytrading/parity/parity-util/0.7.1-SNAPSHOT/parity-util-0.7.1-SNAPSHOT.jar","/home/jbergqvist/.m2/repository/com/paritytrading/foundation/foundation/0.3.0/foundation-0.3.0.jar","/home/jbergqvist/.m2/repository/com/paritytrading/nassau/nassau-core/0.13.0/nassau-core-0.13.0.jar","/home/jbergqvist/.m2/repository/com/typesafe/config/1.3.1/config-1.3.1.jar","/home/jbergqvist/.m2/repository/org/jline/jline-reader/3.8.0/jline-reader-3.8.0.jar","/home/jbergqvist/.m2/repository/org/jline/jline-terminal/3.8.0/jline-terminal-3.8.0.jar","/home/jbergqvist/.m2/repository/org/jvirtanen/config/config-extras/0.2.0/config-extras-0.2.0.jar","/home/jbergqvist/.m2/repository/org/jvirtanen/util/util-extras/0.2.0/util-extras-0.2.0.jar","/home/jbergqvist/.m2/repository/com/diffblue/cover/cover-annotations/1.9.0/cover-annotations-1.9.0.jar","/home/jbergqvist/.m2/repository/org/junit/jupiter/junit-jupiter-engine/5.13.4/junit-jupiter-engine-5.13.4.jar","/home/jbergqvist/.m2/repository/org/junit/platform/junit-platform-engine/1.13.4/junit-platform-engine-1.13.4.jar","/home/jbergqvist/.m2/repository/org/opentest4j/opentest4j/1.3.0/opentest4j-1.3.0.jar","/home/jbergqvist/.m2/repository/org/junit/platform/junit-platform-commons/1.13.4/junit-platform-commons-1.13.4.jar","/home/jbergqvist/.m2/repository/org/junit/jupiter/junit-jupiter-api/5.13.4/junit-jupiter-api-5.13.4.jar","/home/jbergqvist/.m2/repository/org/apiguardian/apiguardian-api/1.1.2/apiguardian-api-1.1.2.jar","/home/jbergqvist/.m2/repository/org/mockito/mockito-core/4.11.0/mockito-core-4.11.0.jar","/home/jbergqvist/.m2/repository/net/bytebuddy/byte-buddy/1.12.19/byte-buddy-1.12.19.jar","/home/jbergqvist/.m2/repository/net/bytebuddy/byte-buddy-agent/1.12.19/byte-buddy-agent-1.12.19.jar","/home/jbergqvist/.m2/repository/org/objenesis/objenesis/3.3/objenesis-3.3.jar","/home/jbergqvist/.m2/repository/org/mockito/mockito-junit-jupiter/4.11.0/mockito-junit-jupiter-4.11.0.jar"],"complianceLevel":"1.8","productionSources":["/home/jbergqvist/diffblue/paritytrading-parity/applications/client/src/main/java"],"testSources":["/home/jbergqvist/diffblue/paritytrading-parity/applications/client/src/test/java"],"productionClasses":"/home/jbergqvist/diffblue/paritytrading-parity/applications/client/target/classes","testClasses":"/home/jbergqvist/diffblue/paritytrading-parity/applications/client/target/test-classes","sourceToBuildPathMap":null,"testSourceToBuildPathMap":null,"buildDirectory":"/home/jbergqvist/diffblue/paritytrading-parity/applications/client/target","plugins":[{"__type":"DefaultPlugin","groupId":"org.apache.maven.plugins","artefactId":"maven-enforcer-plugin","version":"1.0","pluginClassName":null},{"__type":"DefaultPlugin","groupId":"org.apache.maven.plugins","artefactId":"maven-checkstyle-plugin","version":"3.1.0","pluginClassName":null},{"__type":"DefaultPlugin","groupId":"org.apache.maven.plugins","artefactId":"maven-compiler-plugin","version":"3.8.0","pluginClassName":null},{"__type":"DefaultPlugin","groupId":"org.apache.maven.plugins","artefactId":"maven-javadoc-plugin","version":"3.0.1","pluginClassName":null},{"__type":"DefaultPlugin","groupId":"org.apache.maven.plugins","artefactId":"maven-release-plugin","version":"2.5.3","pluginClassName":null},{"__type":"DefaultPlugin","groupId":"org.apache.maven.plugins","artefactId":"maven-deploy-plugin","version":"2.8.2","pluginClassName":null},{"__type":"DefaultPlugin","groupId":"org.apache.maven.plugins","artefactId":"maven-shade-plugin","version":"3.2.1","pluginClassName":null},{"__type":"DefaultPlugin","groupId":"org.apache.maven.plugins","artefactId":"maven-clean-plugin","version":"3.2.0","pluginClassName":null},{"__type":"DefaultPlugin","groupId":"org.apache.maven.plugins","artefactId":"maven-resources-plugin","version":"3.3.1","pluginClassName":null},{"__type":"DefaultPlugin","groupId":"org.apache.maven.plugins","artefactId":"maven-jar-plugin","version":"3.4.1","pluginClassName":null},{"__type":"DefaultPlugin","groupId":"org.apache.maven.plugins","artefactId":"maven-surefire-plugin","version":"3.0.0-M5","pluginClassName":null},{"__type":"DefaultPlugin","groupId":"org.apache.maven.plugins","artefactId":"maven-install-plugin","version":"3.1.2","pluginClassName":null},{"__type":"DefaultPlugin","groupId":"org.apache.maven.plugins","artefactId":"maven-site-plugin","version":"3.12.1","pluginClassName":null}],"version":"3.9.12","encoding":"UTF-8","name":"maven","subModules":[],"simpleModuleName":null,"parentModuleName":"com.paritytrading.parity:parity-parent","location":"/home/jbergqvist/diffblue/paritytrading-parity/applications/client","fullModuleName":"com.paritytrading.parity:parity-client"},{"__type":"DefaultProjectModule","junitReport":["/home/jbergqvist/diffblue/paritytrading-parity/applications/fix/target/surefire-reports"],"jacocoReport":["/home/jbergqvist/diffblue/paritytrading-parity/applications/fix/target/site/jacoco/jacoco.xml"],"jacocoDestFile":["/home/jbergqvist/diffblue/paritytrading-parity/applications/fix/target/jacoco.exec"],"jacocoFormats":["xml"],"jacocoSkipped":false,"classpath":["/home/jbergqvist/diffblue/paritytrading-parity/applications/fix/target/classes","/home/jbergqvist/.m2/repository/com/paritytrading/parity/parity-net/0.7.1-SNAPSHOT/parity-net-0.7.1-SNAPSHOT.jar","/home/jbergqvist/.m2/repository/com/paritytrading/parity/parity-util/0.7.1-SNAPSHOT/parity-util-0.7.1-SNAPSHOT.jar","/home/jbergqvist/.m2/repository/com/paritytrading/foundation/foundation/0.3.0/foundation-0.3.0.jar","/home/jbergqvist/.m2/repository/com/paritytrading/nassau/nassau-core/0.13.0/nassau-core-0.13.0.jar","/home/jbergqvist/.m2/repository/com/paritytrading/philadelphia/philadelphia-core/1.2.0/philadelphia-core-1.2.0.jar","/home/jbergqvist/.m2/repository/com/paritytrading/philadelphia/philadelphia-fix44/1.2.0/philadelphia-fix44-1.2.0.jar","/home/jbergqvist/.m2/repository/com/typesafe/config/1.3.1/config-1.3.1.jar","/home/jbergqvist/.m2/repository/joda-time/joda-time/2.10.6/joda-time-2.10.6.jar","/home/jbergqvist/.m2/repository/org/jvirtanen/config/config-extras/0.2.0/config-extras-0.2.0.jar","/home/jbergqvist/.m2/repository/org/jvirtanen/util/util-extras/0.2.0/util-extras-0.2.0.jar","/home/jbergqvist/.m2/repository/com/diffblue/cover/cover-annotations/1.9.0/cover-annotations-1.9.0.jar","/home/jbergqvist/.m2/repository/org/junit/jupiter/junit-jupiter-engine/5.13.4/junit-jupiter-engine-5.13.4.jar","/home/jbergqvist/.m2/repository/org/junit/platform/junit-platform-engine/1.13.4/junit-platform-engine-1.13.4.jar","/home/jbergqvist/.m2/repository/org/opentest4j/opentest4j/1.3.0/opentest4j-1.3.0.jar","/home/jbergqvist/.m2/repository/org/junit/platform/junit-platform-commons/1.13.4/junit-platform-commons-1.13.4.jar","/home/jbergqvist/.m2/repository/org/junit/jupiter/junit-jupiter-api/5.13.4/junit-jupiter-api-5.13.4.jar","/home/jbergqvist/.m2/repository/org/apiguardian/apiguardian-api/1.1.2/apiguardian-api-1.1.2.jar","/home/jbergqvist/.m2/repository/org/mockito/mockito-core/4.11.0/mockito-core-4.11.0.jar","/home/jbergqvist/.m2/repository/net/bytebuddy/byte-buddy/1.12.19/byte-buddy-1.12.19.jar","/home/jbergqvist/.m2/repository/net/bytebuddy/byte-buddy-agent/1.12.19/byte-buddy-agent-1.12.19.jar","/home/jbergqvist/.m2/repository/org/objenesis/objenesis/3.3/objenesis-3.3.jar","/home/jbergqvist/.m2/repository/org/mockito/mockito-junit-jupiter/4.11.0/mockito-junit-jupiter-4.11.0.jar"],"complianceLevel":"1.8","productionSources":["/home/jbergqvist/diffblue/paritytrading-parity/applications/fix/src/main/java"],"testSources":["/home/jbergqvist/diffblue/paritytrading-parity/applications/fix/src/test/java"],"productionClasses":"/home/jbergqvist/diffblue/paritytrading-parity/applications/fix/target/classes","testClasses":"/home/jbergqvist/diffblue/paritytrading-parity/applications/fix/target/test-classes","sourceToBuildPathMap":null,"testSourceToBuildPathMap":null,"buildDirectory":"/home/jbergqvist/diffblue/paritytrading-parity/applications/fix/target","plugins":[{"__type":"DefaultPlugin","groupId":"org.apache.maven.plugins","artefactId":"maven-enforcer-plugin","version":"1.0","pluginClassName":null},{"__type":"DefaultPlugin","groupId":"org.apache.maven.plugins","artefactId":"maven-checkstyle-plugin","version":"3.1.0","pluginClassName":null},{"__type":"DefaultPlugin","groupId":"org.apache.maven.plugins","artefactId":"maven-compiler-plugin","version":"3.8.0","pluginClassName":null},{"__type":"DefaultPlugin","groupId":"org.apache.maven.plugins","artefactId":"maven-javadoc-plugin","version":"3.0.1","pluginClassName":null},{"__type":"DefaultPlugin","groupId":"org.apache.maven.plugins","artefactId":"maven-release-plugin","version":"2.5.3","pluginClassName":null},{"__type":"DefaultPlugin","groupId":"org.apache.maven.plugins","artefactId":"maven-deploy-plugin","version":"2.8.2","pluginClassName":null},{"__type":"DefaultPlugin","groupId":"org.apache.maven.plugins","artefactId":"maven-shade-plugin","version":"3.2.1","pluginClassName":null},{"__type":"DefaultPlugin","groupId":"org.apache.maven.plugins","artefactId":"maven-clean-plugin","version":"3.2.0","pluginClassName":null},{"__type":"DefaultPlugin","groupId":"org.apache.maven.plugins","artefactId":"maven-resources-plugin","version":"3.3.1","pluginClassName":null},{"__type":"DefaultPlugin","groupId":"org.apache.maven.plugins","artefactId":"maven-jar-plugin","version":"3.4.1","pluginClassName":null},{"__type":"DefaultPlugin","groupId":"org.apache.maven.plugins","artefactId":"maven-surefire-plugin","version":"3.0.0-M5","pluginClassName":null},{"__type":"DefaultPlugin","groupId":"org.apache.maven.plugins","artefactId":"maven-install-plugin","version":"3.1.2","pluginClassName":null},{"__type":"DefaultPlugin","groupId":"org.apache.maven.plugins","artefactId":"maven-site-plugin","version":"3.12.1","pluginClassName":null}],"version":"3.9.12","encoding":"UTF-8","name":"maven","subModules":[],"simpleModuleName":null,"parentModuleName":"com.paritytrading.parity:parity-parent","location":"/home/jbergqvist/diffblue/paritytrading-parity/applications/fix","fullModuleName":"com.paritytrading.parity:parity-fix"},{"__type":"DefaultProjectModule","junitReport":["/home/jbergqvist/diffblue/paritytrading-parity/applications/reporter/target/surefire-reports"],"jacocoReport":["/home/jbergqvist/diffblue/paritytrading-parity/applications/reporter/target/site/jacoco/jacoco.xml"],"jacocoDestFile":["/home/jbergqvist/diffblue/paritytrading-parity/applications/reporter/target/jacoco.exec"],"jacocoFormats":["xml"],"jacocoSkipped":false,"classpath":["/home/jbergqvist/diffblue/paritytrading-parity/applications/reporter/target/classes","/home/jbergqvist/.m2/repository/com/paritytrading/parity/parity-net/0.7.1-SNAPSHOT/parity-net-0.7.1-SNAPSHOT.jar","/home/jbergqvist/.m2/repository/com/paritytrading/parity/parity-util/0.7.1-SNAPSHOT/parity-util-0.7.1-SNAPSHOT.jar","/home/jbergqvist/.m2/repository/com/paritytrading/foundation/foundation/0.3.0/foundation-0.3.0.jar","/home/jbergqvist/.m2/repository/com/paritytrading/nassau/nassau-core/0.13.0/nassau-core-0.13.0.jar","/home/jbergqvist/.m2/repository/com/paritytrading/nassau/nassau-util/0.13.0/nassau-util-0.13.0.jar","/home/jbergqvist/.m2/repository/com/typesafe/config/1.3.1/config-1.3.1.jar","/home/jbergqvist/.m2/repository/org/jvirtanen/config/config-extras/0.2.0/config-extras-0.2.0.jar","/home/jbergqvist/.m2/repository/org/jvirtanen/util/util-extras/0.2.0/util-extras-0.2.0.jar","/home/jbergqvist/.m2/repository/com/diffblue/cover/cover-annotations/1.9.0/cover-annotations-1.9.0.jar","/home/jbergqvist/.m2/repository/org/junit/jupiter/junit-jupiter-engine/5.13.4/junit-jupiter-engine-5.13.4.jar","/home/jbergqvist/.m2/repository/org/junit/platform/junit-platform-engine/1.13.4/junit-platform-engine-1.13.4.jar","/home/jbergqvist/.m2/repository/org/opentest4j/opentest4j/1.3.0/opentest4j-1.3.0.jar","/home/jbergqvist/.m2/repository/org/junit/platform/junit-platform-commons/1.13.4/junit-platform-commons-1.13.4.jar","/home/jbergqvist/.m2/repository/org/junit/jupiter/junit-jupiter-api/5.13.4/junit-jupiter-api-5.13.4.jar","/home/jbergqvist/.m2/repository/org/apiguardian/apiguardian-api/1.1.2/apiguardian-api-1.1.2.jar","/home/jbergqvist/.m2/repository/org/mockito/mockito-core/4.11.0/mockito-core-4.11.0.jar","/home/jbergqvist/.m2/repository/net/bytebuddy/byte-buddy/1.12.19/byte-buddy-1.12.19.jar","/home/jbergqvist/.m2/repository/net/bytebuddy/byte-buddy-agent/1.12.19/byte-buddy-agent-1.12.19.jar","/home/jbergqvist/.m2/repository/org/objenesis/objenesis/3.3/objenesis-3.3.jar","/home/jbergqvist/.m2/repository/org/mockito/mockito-junit-jupiter/4.11.0/mockito-junit-jupiter-4.11.0.jar"],"complianceLevel":"1.8","productionSources":["/home/jbergqvist/diffblue/paritytrading-parity/applications/reporter/src/main/java"],"testSources":["/home/jbergqvist/diffblue/paritytrading-parity/applications/reporter/src/test/java"],"productionClasses":"/home/jbergqvist/diffblue/paritytrading-parity/applications/reporter/target/classes","testClasses":"/home/jbergqvist/diffblue/paritytrading-parity/applications/reporter/target/test-classes","sourceToBuildPathMap":null,"testSourceToBuildPathMap":null,"buildDirectory":"/home/jbergqvist/diffblue/paritytrading-parity/applications/reporter/target","plugins":[{"__type":"DefaultPlugin","groupId":"org.apache.maven.plugins","artefactId":"maven-enforcer-plugin","version":"1.0","pluginClassName":null},{"__type":"DefaultPlugin","groupId":"org.apache.maven.plugins","artefactId":"maven-checkstyle-plugin","version":"3.1.0","pluginClassName":null},{"__type":"DefaultPlugin","groupId":"org.apache.maven.plugins","artefactId":"maven-compiler-plugin","version":"3.8.0","pluginClassName":null},{"__type":"DefaultPlugin","groupId":"org.apache.maven.plugins","artefactId":"maven-javadoc-plugin","version":"3.0.1","pluginClassName":null},{"__type":"DefaultPlugin","groupId":"org.apache.maven.plugins","artefactId":"maven-release-plugin","version":"2.5.3","pluginClassName":null},{"__type":"DefaultPlugin","groupId":"org.apache.maven.plugins","artefactId":"maven-deploy-plugin","version":"2.8.2","pluginClassName":null},{"__type":"DefaultPlugin","groupId":"org.apache.maven.plugins","artefactId":"maven-shade-plugin","version":"3.2.1","pluginClassName":null},{"__type":"DefaultPlugin","groupId":"org.apache.maven.plugins","artefactId":"maven-clean-plugin","version":"3.2.0","pluginClassName":null},{"__type":"DefaultPlugin","groupId":"org.apache.maven.plugins","artefactId":"maven-resources-plugin","version":"3.3.1","pluginClassName":null},{"__type":"DefaultPlugin","groupId":"org.apache.maven.plugins","artefactId":"maven-jar-plugin","version":"3.4.1","pluginClassName":null},{"__type":"DefaultPlugin","groupId":"org.apache.maven.plugins","artefactId":"maven-surefire-plugin","version":"3.0.0-M5","pluginClassName":null},{"__type":"DefaultPlugin","groupId":"org.apache.maven.plugins","artefactId":"maven-install-plugin","version":"3.1.2","pluginClassName":null},{"__type":"DefaultPlugin","groupId":"org.apache.maven.plugins","artefactId":"maven-site-plugin","version":"3.12.1","pluginClassName":null}],"version":"3.9.12","encoding":"UTF-8","name":"maven","subModules":[],"simpleModuleName":null,"parentModuleName":"com.paritytrading.parity:parity-parent","location":"/home/jbergqvist/diffblue/paritytrading-parity/applications/reporter","fullModuleName":"com.paritytrading.parity:parity-reporter"},{"__type":"DefaultProjectModule","junitReport":["/home/jbergqvist/diffblue/paritytrading-parity/applications/system/target/surefire-reports"],"jacocoReport":["/home/jbergqvist/diffblue/paritytrading-parity/applications/system/target/site/jacoco/jacoco.xml"],"jacocoDestFile":["/home/jbergqvist/diffblue/paritytrading-parity/applications/system/target/jacoco.exec"],"jacocoFormats":["xml"],"jacocoSkipped":false,"classpath":["/home/jbergqvist/diffblue/paritytrading-parity/applications/system/target/classes","/home/jbergqvist/.m2/repository/com/paritytrading/parity/parity-match/0.7.1-SNAPSHOT/parity-match-0.7.1-SNAPSHOT.jar","/home/jbergqvist/.m2/repository/com/paritytrading/parity/parity-net/0.7.1-SNAPSHOT/parity-net-0.7.1-SNAPSHOT.jar","/home/jbergqvist/.m2/repository/com/paritytrading/foundation/foundation/0.3.0/foundation-0.3.0.jar","/home/jbergqvist/.m2/repository/com/paritytrading/nassau/nassau-core/0.13.0/nassau-core-0.13.0.jar","/home/jbergqvist/.m2/repository/com/typesafe/config/1.3.1/config-1.3.1.jar","/home/jbergqvist/.m2/repository/it/unimi/dsi/fastutil/8.1.0/fastutil-8.1.0.jar","/home/jbergqvist/.m2/repository/org/jvirtanen/config/config-extras/0.2.0/config-extras-0.2.0.jar","/home/jbergqvist/.m2/repository/org/jvirtanen/util/util-extras/0.2.0/util-extras-0.2.0.jar","/home/jbergqvist/.m2/repository/com/diffblue/cover/cover-annotations/1.9.0/cover-annotations-1.9.0.jar","/home/jbergqvist/.m2/repository/org/junit/jupiter/junit-jupiter-engine/5.13.4/junit-jupiter-engine-5.13.4.jar","/home/jbergqvist/.m2/repository/org/junit/platform/junit-platform-engine/1.13.4/junit-platform-engine-1.13.4.jar","/home/jbergqvist/.m2/repository/org/opentest4j/opentest4j/1.3.0/opentest4j-1.3.0.jar","/home/jbergqvist/.m2/repository/org/junit/platform/junit-platform-commons/1.13.4/junit-platform-commons-1.13.4.jar","/home/jbergqvist/.m2/repository/org/junit/jupiter/junit-jupiter-api/5.13.4/junit-jupiter-api-5.13.4.jar","/home/jbergqvist/.m2/repository/org/apiguardian/apiguardian-api/1.1.2/apiguardian-api-1.1.2.jar","/home/jbergqvist/.m2/repository/org/mockito/mockito-core/4.11.0/mockito-core-4.11.0.jar","/home/jbergqvist/.m2/repository/net/bytebuddy/byte-buddy/1.12.19/byte-buddy-1.12.19.jar","/home/jbergqvist/.m2/repository/net/bytebuddy/byte-buddy-agent/1.12.19/byte-buddy-agent-1.12.19.jar","/home/jbergqvist/.m2/repository/org/objenesis/objenesis/3.3/objenesis-3.3.jar","/home/jbergqvist/.m2/repository/org/mockito/mockito-junit-jupiter/4.11.0/mockito-junit-jupiter-4.11.0.jar"],"complianceLevel":"1.8","productionSources":["/home/jbergqvist/diffblue/paritytrading-parity/applications/system/src/main/java"],"testSources":["/home/jbergqvist/diffblue/paritytrading-parity/applications/system/src/test/java"],"productionClasses":"/home/jbergqvist/diffblue/paritytrading-parity/applications/system/target/classes","testClasses":"/home/jbergqvist/diffblue/paritytrading-parity/applications/system/target/test-classes","sourceToBuildPathMap":null,"testSourceToBuildPathMap":null,"buildDirectory":"/home/jbergqvist/diffblue/paritytrading-parity/applications/system/target","plugins":[{"__type":"DefaultPlugin","groupId":"org.apache.maven.plugins","artefactId":"maven-enforcer-plugin","version":"1.0","pluginClassName":null},{"__type":"DefaultPlugin","groupId":"org.apache.maven.plugins","artefactId":"maven-checkstyle-plugin","version":"3.1.0","pluginClassName":null},{"__type":"DefaultPlugin","groupId":"org.apache.maven.plugins","artefactId":"maven-compiler-plugin","version":"3.8.0","pluginClassName":null},{"__type":"DefaultPlugin","groupId":"org.apache.maven.plugins","artefactId":"maven-javadoc-plugin","version":"3.0.1","pluginClassName":null},{"__type":"DefaultPlugin","groupId":"org.apache.maven.plugins","artefactId":"maven-release-plugin","version":"2.5.3","pluginClassName":null},{"__type":"DefaultPlugin","groupId":"org.apache.maven.plugins","artefactId":"maven-deploy-plugin","version":"2.8.2","pluginClassName":null},{"__type":"DefaultPlugin","groupId":"org.apache.maven.plugins","artefactId":"maven-shade-plugin","version":"3.2.1","pluginClassName":null},{"__type":"DefaultPlugin","groupId":"org.apache.maven.plugins","artefactId":"maven-clean-plugin","version":"3.2.0","pluginClassName":null},{"__type":"DefaultPlugin","groupId":"org.apache.maven.plugins","artefactId":"maven-resources-plugin","version":"3.3.1","pluginClassName":null},{"__type":"DefaultPlugin","groupId":"org.apache.maven.plugins","artefactId":"maven-jar-plugin","version":"3.4.1","pluginClassName":null},{"__type":"DefaultPlugin","groupId":"org.apache.maven.plugins","artefactId":"maven-surefire-plugin","version":"3.0.0-M5","pluginClassName":null},{"__type":"DefaultPlugin","groupId":"org.apache.maven.plugins","artefactId":"maven-install-plugin","version":"3.1.2","pluginClassName":null},{"__type":"DefaultPlugin","groupId":"org.apache.maven.plugins","artefactId":"maven-site-plugin","version":"3.12.1","pluginClassName":null}],"version":"3.9.12","encoding":"UTF-8","name":"maven","subModules":[],"simpleModuleName":null,"parentModuleName":"com.paritytrading.parity:parity-parent","location":"/home/jbergqvist/diffblue/paritytrading-parity/applications/system","fullModuleName":"com.paritytrading.parity:parity-system"},{"__type":"DefaultProjectModule","junitReport":["/home/jbergqvist/diffblue/paritytrading-parity/applications/ticker/target/surefire-reports"],"jacocoReport":["/home/jbergqvist/diffblue/paritytrading-parity/applications/ticker/target/site/jacoco/jacoco.xml"],"jacocoDestFile":["/home/jbergqvist/diffblue/paritytrading-parity/applications/ticker/target/jacoco.exec"],"jacocoFormats":["xml"],"jacocoSkipped":false,"classpath":["/home/jbergqvist/diffblue/paritytrading-parity/applications/ticker/target/classes","/home/jbergqvist/.m2/repository/com/paritytrading/parity/parity-book/0.7.1-SNAPSHOT/parity-book-0.7.1-SNAPSHOT.jar","/home/jbergqvist/.m2/repository/it/unimi/dsi/fastutil/8.1.0/fastutil-8.1.0.jar","/home/jbergqvist/.m2/repository/com/paritytrading/parity/parity-file/0.7.1-SNAPSHOT/parity-file-0.7.1-SNAPSHOT.jar","/home/jbergqvist/.m2/repository/com/paritytrading/parity/parity-net/0.7.1-SNAPSHOT/parity-net-0.7.1-SNAPSHOT.jar","/home/jbergqvist/.m2/repository/com/paritytrading/parity/parity-util/0.7.1-SNAPSHOT/parity-util-0.7.1-SNAPSHOT.jar","/home/jbergqvist/.m2/repository/com/paritytrading/foundation/foundation/0.3.0/foundation-0.3.0.jar","/home/jbergqvist/.m2/repository/com/paritytrading/nassau/nassau-core/0.13.0/nassau-core-0.13.0.jar","/home/jbergqvist/.m2/repository/com/paritytrading/nassau/nassau-util/0.13.0/nassau-util-0.13.0.jar","/home/jbergqvist/.m2/repository/com/typesafe/config/1.3.1/config-1.3.1.jar","/home/jbergqvist/.m2/repository/org/jvirtanen/config/config-extras/0.2.0/config-extras-0.2.0.jar","/home/jbergqvist/.m2/repository/org/jvirtanen/util/util-extras/0.2.0/util-extras-0.2.0.jar","/home/jbergqvist/.m2/repository/com/diffblue/cover/cover-annotations/1.9.0/cover-annotations-1.9.0.jar","/home/jbergqvist/.m2/repository/org/junit/jupiter/junit-jupiter-engine/5.13.4/junit-jupiter-engine-5.13.4.jar","/home/jbergqvist/.m2/repository/org/junit/platform/junit-platform-engine/1.13.4/junit-platform-engine-1.13.4.jar","/home/jbergqvist/.m2/repository/org/opentest4j/opentest4j/1.3.0/opentest4j-1.3.0.jar","/home/jbergqvist/.m2/repository/org/junit/platform/junit-platform-commons/1.13.4/junit-platform-commons-1.13.4.jar","/home/jbergqvist/.m2/repository/org/junit/jupiter/junit-jupiter-api/5.13.4/junit-jupiter-api-5.13.4.jar","/home/jbergqvist/.m2/repository/org/apiguardian/apiguardian-api/1.1.2/apiguardian-api-1.1.2.jar","/home/jbergqvist/.m2/repository/org/mockito/mockito-core/4.11.0/mockito-core-4.11.0.jar","/home/jbergqvist/.m2/repository/net/bytebuddy/byte-buddy/1.12.19/byte-buddy-1.12.19.jar","/home/jbergqvist/.m2/repository/net/bytebuddy/byte-buddy-agent/1.12.19/byte-buddy-agent-1.12.19.jar","/home/jbergqvist/.m2/repository/org/objenesis/objenesis/3.3/objenesis-3.3.jar","/home/jbergqvist/.m2/repository/org/mockito/mockito-junit-jupiter/4.11.0/mockito-junit-jupiter-4.11.0.jar"],"complianceLevel":"1.8","productionSources":["/home/jbergqvist/diffblue/paritytrading-parity/applications/ticker/src/main/java"],"testSources":["/home/jbergqvist/diffblue/paritytrading-parity/applications/ticker/src/test/java"],"productionClasses":"/home/jbergqvist/diffblue/paritytrading-parity/applications/ticker/target/classes","testClasses":"/home/jbergqvist/diffblue/paritytrading-parity/applications/ticker/target/test-classes","sourceToBuildPathMap":null,"testSourceToBuildPathMap":null,"buildDirectory":"/home/jbergqvist/diffblue/paritytrading-parity/applications/ticker/target","plugins":[{"__type":"DefaultPlugin","groupId":"org.apache.maven.plugins","artefactId":"maven-enforcer-plugin","version":"1.0","pluginClassName":null},{"__type":"DefaultPlugin","groupId":"org.apache.maven.plugins","artefactId":"maven-checkstyle-plugin","version":"3.1.0","pluginClassName":null},{"__type":"DefaultPlugin","groupId":"org.apache.maven.plugins","artefactId":"maven-compiler-plugin","version":"3.8.0","pluginClassName":null},{"__type":"DefaultPlugin","groupId":"org.apache.maven.plugins","artefactId":"maven-javadoc-plugin","version":"3.0.1","pluginClassName":null},{"__type":"DefaultPlugin","groupId":"org.apache.maven.plugins","artefactId":"maven-release-plugin","version":"2.5.3","pluginClassName":null},{"__type":"DefaultPlugin","groupId":"org.apache.maven.plugins","artefactId":"maven-deploy-plugin","version":"2.8.2","pluginClassName":null},{"__type":"DefaultPlugin","groupId":"org.apache.maven.plugins","artefactId":"maven-shade-plugin","version":"3.2.1","pluginClassName":null},{"__type":"DefaultPlugin","groupId":"org.apache.maven.plugins","artefactId":"maven-clean-plugin","version":"3.2.0","pluginClassName":null},{"__type":"DefaultPlugin","groupId":"org.apache.maven.plugins","artefactId":"maven-resources-plugin","version":"3.3.1","pluginClassName":null},{"__type":"DefaultPlugin","groupId":"org.apache.maven.plugins","artefactId":"maven-jar-plugin","version":"3.4.1","pluginClassName":null},{"__type":"DefaultPlugin","groupId":"org.apache.maven.plugins","artefactId":"maven-surefire-plugin","version":"3.0.0-M5","pluginClassName":null},{"__type":"DefaultPlugin","groupId":"org.apache.maven.plugins","artefactId":"maven-install-plugin","version":"3.1.2","pluginClassName":null},{"__type":"DefaultPlugin","groupId":"org.apache.maven.plugins","artefactId":"maven-site-plugin","version":"3.12.1","pluginClassName":null}],"version":"3.9.12","encoding":"UTF-8","name":"maven","subModules":[],"simpleModuleName":null,"parentModuleName":"com.paritytrading.parity:parity-parent","location":"/home/jbergqvist/diffblue/paritytrading-parity/applications/ticker","fullModuleName":"com.paritytrading.parity:parity-ticker"},{"__type":"DefaultProjectModule","junitReport":["/home/jbergqvist/diffblue/paritytrading-parity/tests/book-perf-test/target/surefire-reports"],"jacocoReport":["/home/jbergqvist/diffblue/paritytrading-parity/tests/book-perf-test/target/site/jacoco/jacoco.xml"],"jacocoDestFile":["/home/jbergqvist/diffblue/paritytrading-parity/tests/book-perf-test/target/jacoco.exec"],"jacocoFormats":["xml"],"jacocoSkipped":false,"classpath":["/home/jbergqvist/diffblue/paritytrading-parity/tests/book-perf-test/target/classes","/home/jbergqvist/.m2/repository/com/paritytrading/parity/parity-book/0.7.1-SNAPSHOT/parity-book-0.7.1-SNAPSHOT.jar","/home/jbergqvist/.m2/repository/it/unimi/dsi/fastutil/8.1.0/fastutil-8.1.0.jar","/home/jbergqvist/.m2/repository/org/openjdk/jmh/jmh-core/1.19/jmh-core-1.19.jar","/home/jbergqvist/.m2/repository/net/sf/jopt-simple/jopt-simple/4.6/jopt-simple-4.6.jar","/home/jbergqvist/.m2/repository/org/apache/commons/commons-math3/3.2/commons-math3-3.2.jar","/home/jbergqvist/.m2/repository/com/diffblue/cover/cover-annotations/1.9.0/cover-annotations-1.9.0.jar","/home/jbergqvist/.m2/repository/org/openjdk/jmh/jmh-generator-annprocess/1.19/jmh-generator-annprocess-1.19.jar","/home/jbergqvist/.m2/repository/org/junit/jupiter/junit-jupiter-engine/5.13.4/junit-jupiter-engine-5.13.4.jar","/home/jbergqvist/.m2/repository/org/junit/platform/junit-platform-engine/1.13.4/junit-platform-engine-1.13.4.jar","/home/jbergqvist/.m2/repository/org/opentest4j/opentest4j/1.3.0/opentest4j-1.3.0.jar","/home/jbergqvist/.m2/repository/org/junit/platform/junit-platform-commons/1.13.4/junit-platform-commons-1.13.4.jar","/home/jbergqvist/.m2/repository/org/junit/jupiter/junit-jupiter-api/5.13.4/junit-jupiter-api-5.13.4.jar","/home/jbergqvist/.m2/repository/org/apiguardian/apiguardian-api/1.1.2/apiguardian-api-1.1.2.jar","/home/jbergqvist/.m2/repository/org/mockito/mockito-core/4.11.0/mockito-core-4.11.0.jar","/home/jbergqvist/.m2/repository/net/bytebuddy/byte-buddy/1.12.19/byte-buddy-1.12.19.jar","/home/jbergqvist/.m2/repository/net/bytebuddy/byte-buddy-agent/1.12.19/byte-buddy-agent-1.12.19.jar","/home/jbergqvist/.m2/repository/org/objenesis/objenesis/3.3/objenesis-3.3.jar","/home/jbergqvist/.m2/repository/org/mockito/mockito-junit-jupiter/4.11.0/mockito-junit-jupiter-4.11.0.jar"],"complianceLevel":"1.8","productionSources":["/home/jbergqvist/diffblue/paritytrading-parity/tests/book-perf-test/src/main/java"],"testSources":["/home/jbergqvist/diffblue/paritytrading-parity/tests/book-perf-test/src/test/java"],"productionClasses":"/home/jbergqvist/diffblue/paritytrading-parity/tests/book-perf-test/target/classes","testClasses":"/home/jbergqvist/diffblue/paritytrading-parity/tests/book-perf-test/target/test-classes","sourceToBuildPathMap":null,"testSourceToBuildPathMap":null,"buildDirectory":"/home/jbergqvist/diffblue/paritytrading-parity/tests/book-perf-test/target","plugins":[{"__type":"DefaultPlugin","groupId":"org.apache.maven.plugins","artefactId":"maven-enforcer-plugin","version":"1.0","pluginClassName":null},{"__type":"DefaultPlugin","groupId":"org.apache.maven.plugins","artefactId":"maven-checkstyle-plugin","version":"3.1.0","pluginClassName":null},{"__type":"DefaultPlugin","groupId":"org.apache.maven.plugins","artefactId":"maven-compiler-plugin","version":"3.8.0","pluginClassName":null},{"__type":"DefaultPlugin","groupId":"org.apache.maven.plugins","artefactId":"maven-javadoc-plugin","version":"3.0.1","pluginClassName":null},{"__type":"DefaultPlugin","groupId":"org.apache.maven.plugins","artefactId":"maven-release-plugin","version":"2.5.3","pluginClassName":null},{"__type":"DefaultPlugin","groupId":"org.apache.maven.plugins","artefactId":"maven-deploy-plugin","version":"2.8.2","pluginClassName":null},{"__type":"DefaultPlugin","groupId":"org.apache.maven.plugins","artefactId":"maven-shade-plugin","version":"3.2.1","pluginClassName":null},{"__type":"DefaultPlugin","groupId":"org.apache.maven.plugins","artefactId":"maven-clean-plugin","version":"3.2.0","pluginClassName":null},{"__type":"DefaultPlugin","groupId":"org.apache.maven.plugins","artefactId":"maven-resources-plugin","version":"3.3.1","pluginClassName":null},{"__type":"DefaultPlugin","groupId":"org.apache.maven.plugins","artefactId":"maven-jar-plugin","version":"3.4.1","pluginClassName":null},{"__type":"DefaultPlugin","groupId":"org.apache.maven.plugins","artefactId":"maven-surefire-plugin","version":"3.0.0-M5","pluginClassName":null},{"__type":"DefaultPlugin","groupId":"org.apache.maven.plugins","artefactId":"maven-install-plugin","version":"3.1.2","pluginClassName":null},{"__type":"DefaultPlugin","groupId":"org.apache.maven.plugins","artefactId":"maven-site-plugin","version":"3.12.1","pluginClassName":null}],"version":"3.9.12","encoding":"UTF-8","name":"maven","subModules":[],"simpleModuleName":null,"parentModuleName":"com.paritytrading.parity:parity-parent","location":"/home/jbergqvist/diffblue/paritytrading-parity/tests/book-perf-test","fullModuleName":"com.paritytrading.parity:parity-book-perf-test"},{"__type":"DefaultProjectModule","junitReport":["/home/jbergqvist/diffblue/paritytrading-parity/tests/match-perf-test/target/surefire-reports"],"jacocoReport":["/home/jbergqvist/diffblue/paritytrading-parity/tests/match-perf-test/target/site/jacoco/jacoco.xml"],"jacocoDestFile":["/home/jbergqvist/diffblue/paritytrading-parity/tests/match-perf-test/target/jacoco.exec"],"jacocoFormats":["xml"],"jacocoSkipped":false,"classpath":["/home/jbergqvist/diffblue/paritytrading-parity/tests/match-perf-test/target/classes","/home/jbergqvist/.m2/repository/com/paritytrading/parity/parity-match/0.7.1-SNAPSHOT/parity-match-0.7.1-SNAPSHOT.jar","/home/jbergqvist/.m2/repository/it/unimi/dsi/fastutil/8.1.0/fastutil-8.1.0.jar","/home/jbergqvist/.m2/repository/org/openjdk/jmh/jmh-core/1.19/jmh-core-1.19.jar","/home/jbergqvist/.m2/repository/net/sf/jopt-simple/jopt-simple/4.6/jopt-simple-4.6.jar","/home/jbergqvist/.m2/repository/org/apache/commons/commons-math3/3.2/commons-math3-3.2.jar","/home/jbergqvist/.m2/repository/com/diffblue/cover/cover-annotations/1.9.0/cover-annotations-1.9.0.jar","/home/jbergqvist/.m2/repository/org/openjdk/jmh/jmh-generator-annprocess/1.19/jmh-generator-annprocess-1.19.jar","/home/jbergqvist/.m2/repository/org/junit/jupiter/junit-jupiter-engine/5.13.4/junit-jupiter-engine-5.13.4.jar","/home/jbergqvist/.m2/repository/org/junit/platform/junit-platform-engine/1.13.4/junit-platform-engine-1.13.4.jar","/home/jbergqvist/.m2/repository/org/opentest4j/opentest4j/1.3.0/opentest4j-1.3.0.jar","/home/jbergqvist/.m2/repository/org/junit/platform/junit-platform-commons/1.13.4/junit-platform-commons-1.13.4.jar","/home/jbergqvist/.m2/repository/org/junit/jupiter/junit-jupiter-api/5.13.4/junit-jupiter-api-5.13.4.jar","/home/jbergqvist/.m2/repository/org/apiguardian/apiguardian-api/1.1.2/apiguardian-api-1.1.2.jar","/home/jbergqvist/.m2/repository/org/mockito/mockito-core/4.11.0/mockito-core-4.11.0.jar","/home/jbergqvist/.m2/repository/net/bytebuddy/byte-buddy/1.12.19/byte-buddy-1.12.19.jar","/home/jbergqvist/.m2/repository/net/bytebuddy/byte-buddy-agent/1.12.19/byte-buddy-agent-1.12.19.jar","/home/jbergqvist/.m2/repository/org/objenesis/objenesis/3.3/objenesis-3.3.jar","/home/jbergqvist/.m2/repository/org/mockito/mockito-junit-jupiter/4.11.0/mockito-junit-jupiter-4.11.0.jar"],"complianceLevel":"1.8","productionSources":["/home/jbergqvist/diffblue/paritytrading-parity/tests/match-perf-test/src/main/java"],"testSources":["/home/jbergqvist/diffblue/paritytrading-parity/tests/match-perf-test/src/test/java"],"productionClasses":"/home/jbergqvist/diffblue/paritytrading-parity/tests/match-perf-test/target/classes","testClasses":"/home/jbergqvist/diffblue/paritytrading-parity/tests/match-perf-test/target/test-classes","sourceToBuildPathMap":null,"testSourceToBuildPathMap":null,"buildDirectory":"/home/jbergqvist/diffblue/paritytrading-parity/tests/match-perf-test/target","plugins":[{"__type":"DefaultPlugin","groupId":"org.apache.maven.plugins","artefactId":"maven-enforcer-plugin","version":"1.0","pluginClassName":null},{"__type":"DefaultPlugin","groupId":"org.apache.maven.plugins","artefactId":"maven-checkstyle-plugin","version":"3.1.0","pluginClassName":null},{"__type":"DefaultPlugin","groupId":"org.apache.maven.plugins","artefactId":"maven-compiler-plugin","version":"3.8.0","pluginClassName":null},{"__type":"DefaultPlugin","groupId":"org.apache.maven.plugins","artefactId":"maven-javadoc-plugin","version":"3.0.1","pluginClassName":null},{"__type":"DefaultPlugin","groupId":"org.apache.maven.plugins","artefactId":"maven-release-plugin","version":"2.5.3","pluginClassName":null},{"__type":"DefaultPlugin","groupId":"org.apache.maven.plugins","artefactId":"maven-deploy-plugin","version":"2.8.2","pluginClassName":null},{"__type":"DefaultPlugin","groupId":"org.apache.maven.plugins","artefactId":"maven-shade-plugin","version":"3.2.1","pluginClassName":null},{"__type":"DefaultPlugin","groupId":"org.apache.maven.plugins","artefactId":"maven-clean-plugin","version":"3.2.0","pluginClassName":null},{"__type":"DefaultPlugin","groupId":"org.apache.maven.plugins","artefactId":"maven-resources-plugin","version":"3.3.1","pluginClassName":null},{"__type":"DefaultPlugin","groupId":"org.apache.maven.plugins","artefactId":"maven-jar-plugin","version":"3.4.1","pluginClassName":null},{"__type":"DefaultPlugin","groupId":"org.apache.maven.plugins","artefactId":"maven-surefire-plugin","version":"3.0.0-M5","pluginClassName":null},{"__type":"DefaultPlugin","groupId":"org.apache.maven.plugins","artefactId":"maven-install-plugin","version":"3.1.2","pluginClassName":null},{"__type":"DefaultPlugin","groupId":"org.apache.maven.plugins","artefactId":"maven-site-plugin","version":"3.12.1","pluginClassName":null}],"version":"3.9.12","encoding":"UTF-8","name":"maven","subModules":[],"simpleModuleName":null,"parentModuleName":"com.paritytrading.parity:parity-parent","location":"/home/jbergqvist/diffblue/paritytrading-parity/tests/match-perf-test","fullModuleName":"com.paritytrading.parity:parity-match-perf-test"}],"simpleModuleName":null,"parentModuleName":"org.sonatype.oss:oss-parent","location":"/home/jbergqvist/diffblue/paritytrading-parity","fullModuleName":"com.paritytrading.parity:parity-parent"}}
10:25:26.060 [INFO]   [Checking]    [main]              [com.diffblue.cover.buildsystem.internal.f.f] deserializing line [DIFFBLUE]{"__type":"com.diffblue.cover.buildsystem.model.ProjectInfoMessage","projectName":"com.paritytrading.parity:parity-parent","productionSources":["/home/jbergqvist/diffblue/paritytrading-parity/src/main/java"],"testSources":["/home/jbergqvist/diffblue/paritytrading-parity/src/test/java"],"location":"/home/jbergqvist/diffblue/paritytrading-parity"}
10:25:26.061 [INFO]   [Checking]    [main]              [com.diffblue.cover.buildsystem.internal.f.f] deserializing line [DIFFBLUE]{"__type":"com.diffblue.cover.buildsystem.model.ProjectInfoMessage","projectName":"com.paritytrading.parity:parity-book","productionSources":["/home/jbergqvist/diffblue/paritytrading-parity/libraries/book/src/main/java"],"testSources":["/home/jbergqvist/diffblue/paritytrading-parity/libraries/book/src/test/java"],"location":"/home/jbergqvist/diffblue/paritytrading-parity/libraries/book"}
10:25:26.062 [INFO]   [Checking]    [main]              [com.diffblue.cover.buildsystem.internal.f.f] deserializing line [DIFFBLUE]{"__type":"com.diffblue.cover.buildsystem.model.ProjectInfoMessage","projectName":"com.paritytrading.parity:parity-file","productionSources":["/home/jbergqvist/diffblue/paritytrading-parity/libraries/file/src/main/java"],"testSources":["/home/jbergqvist/diffblue/paritytrading-parity/libraries/file/src/test/java"],"location":"/home/jbergqvist/diffblue/paritytrading-parity/libraries/file"}
10:25:26.063 [INFO]   [Checking]    [main]              [com.diffblue.cover.buildsystem.internal.f.f] deserializing line [DIFFBLUE]{"__type":"com.diffblue.cover.buildsystem.model.ProjectInfoMessage","projectName":"com.paritytrading.parity:parity-match","productionSources":["/home/jbergqvist/diffblue/paritytrading-parity/libraries/match/src/main/java"],"testSources":["/home/jbergqvist/diffblue/paritytrading-parity/libraries/match/src/test/java"],"location":"/home/jbergqvist/diffblue/paritytrading-parity/libraries/match"}
10:25:26.065 [INFO]   [Checking]    [main]              [com.diffblue.cover.buildsystem.internal.f.f] deserializing line [DIFFBLUE]{"__type":"com.diffblue.cover.buildsystem.model.ProjectInfoMessage","projectName":"com.paritytrading.parity:parity-net","productionSources":["/home/jbergqvist/diffblue/paritytrading-parity/libraries/net/src/main/java"],"testSources":["/home/jbergqvist/diffblue/paritytrading-parity/libraries/net/src/test/java"],"location":"/home/jbergqvist/diffblue/paritytrading-parity/libraries/net"}
10:25:26.066 [INFO]   [Checking]    [main]              [com.diffblue.cover.buildsystem.internal.f.f] deserializing line [DIFFBLUE]{"__type":"com.diffblue.cover.buildsystem.model.ProjectInfoMessage","projectName":"com.paritytrading.parity:parity-util","productionSources":["/home/jbergqvist/diffblue/paritytrading-parity/libraries/util/src/main/java"],"testSources":["/home/jbergqvist/diffblue/paritytrading-parity/libraries/util/src/test/java"],"location":"/home/jbergqvist/diffblue/paritytrading-parity/libraries/util"}
10:25:26.066 [INFO]   [Checking]    [main]              [com.diffblue.cover.buildsystem.internal.f.f] deserializing line [DIFFBLUE]{"__type":"com.diffblue.cover.buildsystem.model.ProjectInfoMessage","projectName":"com.paritytrading.parity:parity-client","productionSources":["/home/jbergqvist/diffblue/paritytrading-parity/applications/client/src/main/java"],"testSources":["/home/jbergqvist/diffblue/paritytrading-parity/applications/client/src/test/java"],"location":"/home/jbergqvist/diffblue/paritytrading-parity/applications/client"}
10:25:26.067 [INFO]   [Checking]    [main]              [com.diffblue.cover.buildsystem.internal.f.f] deserializing line [DIFFBLUE]{"__type":"com.diffblue.cover.buildsystem.model.ProjectInfoMessage","projectName":"com.paritytrading.parity:parity-fix","productionSources":["/home/jbergqvist/diffblue/paritytrading-parity/applications/fix/src/main/java"],"testSources":["/home/jbergqvist/diffblue/paritytrading-parity/applications/fix/src/test/java"],"location":"/home/jbergqvist/diffblue/paritytrading-parity/applications/fix"}
10:25:26.068 [INFO]   [Checking]    [main]              [com.diffblue.cover.buildsystem.internal.f.f] deserializing line [DIFFBLUE]{"__type":"com.diffblue.cover.buildsystem.model.ProjectInfoMessage","projectName":"com.paritytrading.parity:parity-reporter","productionSources":["/home/jbergqvist/diffblue/paritytrading-parity/applications/reporter/src/main/java"],"testSources":["/home/jbergqvist/diffblue/paritytrading-parity/applications/reporter/src/test/java"],"location":"/home/jbergqvist/diffblue/paritytrading-parity/applications/reporter"}
10:25:26.069 [INFO]   [Checking]    [main]              [com.diffblue.cover.buildsystem.internal.f.f] deserializing line [DIFFBLUE]{"__type":"com.diffblue.cover.buildsystem.model.ProjectInfoMessage","projectName":"com.paritytrading.parity:parity-system","productionSources":["/home/jbergqvist/diffblue/paritytrading-parity/applications/system/src/main/java"],"testSources":["/home/jbergqvist/diffblue/paritytrading-parity/applications/system/src/test/java"],"location":"/home/jbergqvist/diffblue/paritytrading-parity/applications/system"}
10:25:26.069 [INFO]   [Checking]    [main]              [com.diffblue.cover.buildsystem.internal.f.f] deserializing line [DIFFBLUE]{"__type":"com.diffblue.cover.buildsystem.model.ProjectInfoMessage","projectName":"com.paritytrading.parity:parity-ticker","productionSources":["/home/jbergqvist/diffblue/paritytrading-parity/applications/ticker/src/main/java"],"testSources":["/home/jbergqvist/diffblue/paritytrading-parity/applications/ticker/src/test/java"],"location":"/home/jbergqvist/diffblue/paritytrading-parity/applications/ticker"}
10:25:26.070 [INFO]   [Checking]    [main]              [com.diffblue.cover.buildsystem.internal.f.f] deserializing line [DIFFBLUE]{"__type":"com.diffblue.cover.buildsystem.model.ProjectInfoMessage","projectName":"com.paritytrading.parity:parity-book-perf-test","productionSources":["/home/jbergqvist/diffblue/paritytrading-parity/tests/book-perf-test/src/main/java"],"testSources":["/home/jbergqvist/diffblue/paritytrading-parity/tests/book-perf-test/src/test/java"],"location":"/home/jbergqvist/diffblue/paritytrading-parity/tests/book-perf-test"}
10:25:26.071 [INFO]   [Checking]    [main]              [com.diffblue.cover.buildsystem.internal.f.f] deserializing line [DIFFBLUE]{"__type":"com.diffblue.cover.buildsystem.model.ProjectInfoMessage","projectName":"com.paritytrading.parity:parity-match-perf-test","productionSources":["/home/jbergqvist/diffblue/paritytrading-parity/tests/match-perf-test/src/main/java"],"testSources":["/home/jbergqvist/diffblue/paritytrading-parity/tests/match-perf-test/src/test/java"],"location":"/home/jbergqvist/diffblue/paritytrading-parity/tests/match-perf-test"}
10:25:26.073 [INFO]   [Checking]    [main]              [com.diffblue.cover.buildsystem.internal.f.f] Found 1 ProjectModuleMessages (ignoring buildSrc projects)
10:25:26.073 [INFO]   [Checking]    [main]              [com.diffblue.cover.buildsystem.internal.f.f] Found module com.paritytrading.parity:parity-parent in the working directory /home/jbergqvist/diffblue/paritytrading-parity
10:25:26.073 [INFO]   [Checking]    [main]              [com.diffblue.cover.buildsystem.e] deserialized project module is present? true
10:25:26.075 [DEBUG]  [Checking]    [main]              [com.diffblue.cover.configuration.a.e] DetectorCache miss DETECTED_BUILD_SYSTEM_MAVEN
10:25:26.075 [DEBUG]  [Checking]    [main]              [com.diffblue.cover.configuration.cache.a] Writing cache to /home/jbergqvist/diffblue/paritytrading-parity/.diffblue/cache/env.json containing 3 items
10:25:26.086 [DEBUG]  [Checking]    [main]              [com.diffblue.cover.commons.l.d] Processing rule com.diffblue.cover.configuration.a.d took 2135ms
10:25:26.086 [DEBUG]  [Checking]    [main]              [com.diffblue.cover.configuration.a.e] DetectorCache miss DETECTED_BUILD_SYSTEM_CONFIGURABLE
10:25:26.086 [DEBUG]  [Checking]    [main]              [com.diffblue.cover.configuration.cache.a] Writing cache to /home/jbergqvist/diffblue/paritytrading-parity/.diffblue/cache/env.json containing 3 items
10:25:26.093 [INFO]   [Checking]    [main]              [com.diffblue.cover.configuration.a.bb] Operating System: Linux amd64 6.8.0-90-generic
10:25:26.093 [INFO]   [Checking]    [main]              [com.diffblue.cover.configuration.a.bb] Default charset: UTF-8
10:25:26.093 [INFO]   [Checking]    [main]              [com.diffblue.cover.configuration.a.bb] Default locale: en_GB
10:25:26.093 [INFO]   [Checking]    [main]              [com.diffblue.cover.configuration.a.bb] Default time zone: Europe/London
10:25:26.100 [DEBUG]  [Checking]    [main]              [com.diffblue.cover.configuration.a.z] Java home guessed from System property: /home/jbergqvist/.sdkman/candidates/java/8.0.472-amzn
10:25:26.102 [DEBUG]  [Checking]    [main]              [com.diffblue.cover.commons.l.d] Inference engine finished in 2405ms
10:25:26.104 [INFO]   [Checking]    [main]              [com.diffblue.cover.ui.controller.ad] Selected modules:
10:25:26.104 [INFO]   [Checking]    [main]              [com.diffblue.cover.ui.controller.ad] - com.paritytrading.parity:parity-file
10:25:26.104 [INFO]   [Checking]    [main]              [com.diffblue.cover.ui.controller.ad] 
10:25:26.108 [INFO]   [Checking]    [main]              [com.diffblue.cover.ui.controller.ad] 
10:25:26.108 [INFO]   [Checking]    [main]              [com.diffblue.cover.ui.controller.ad] [1/1] Creating tests for module: com.paritytrading.parity:parity-file
10:25:26.108 [INFO]   [Checking]    [main]              [com.diffblue.cover.ui.controller.ad] =====================================================================
10:25:26.108 [INFO]   [Checking]    [main]              [com.diffblue.cover.ui.controller.ad] 
10:25:26.108 [INFO]   [Checking]    [main]              [com.diffblue.cover.ui.controller.r] Detecting environment:
10:25:26.108 [INFO]   [Checking]    [main]              [com.diffblue.cover.ui.controller.r] ----------------------
10:25:26.162 [DEBUG]  [Checking]    [main]              [com.diffblue.cover.configuration.b] Using JSON detector cache at /home/jbergqvist/diffblue/paritytrading-parity/libraries/file/.diffblue/cache/env.json
10:25:26.170 [INFO]   [Checking]    [main]              [com.diffblue.cover.ui.controller.r] Detected Java version 1.8.0_472
10:25:26.170 [DEBUG]  [Checking]    [main]              [com.diffblue.cover.configuration.a.g] checking if /home/jbergqvist/diffblue/paritytrading-parity/libraries/file/DiffblueBuild.yaml exists...
10:25:26.170 [DEBUG]  [Checking]    [main]              [com.diffblue.cover.configuration.a.g] checking if /home/jbergqvist/diffblue/paritytrading-parity/libraries/file/DiffblueBuild.yml exists...
10:25:26.170 [DEBUG]  [Checking]    [main]              [com.diffblue.cover.configuration.a.g] checking if /home/jbergqvist/diffblue/paritytrading-parity/DiffblueBuild.yaml exists...
10:25:26.170 [DEBUG]  [Checking]    [main]              [com.diffblue.cover.configuration.a.g] checking if /home/jbergqvist/diffblue/paritytrading-parity/DiffblueBuild.yml exists...
10:25:26.170 [DEBUG]  [Checking]    [main]              [com.diffblue.cover.configuration.a.e] DetectorCache miss DETECTED_BUILD_SYSTEM_CONFIGURABLE
10:25:26.170 [DEBUG]  [Checking]    [main]              [com.diffblue.cover.configuration.cache.a] Writing cache to /home/jbergqvist/diffblue/paritytrading-parity/libraries/file/.diffblue/cache/env.json containing 3 items
10:25:26.176 [DEBUG]  [Checking]    [main]              [com.diffblue.cover.configuration.a.e] DetectorCache miss DETECTED_BUILD_SYSTEM_GRADLE
10:25:26.176 [DEBUG]  [Checking]    [main]              [com.diffblue.cover.configuration.cache.a] Writing cache to /home/jbergqvist/diffblue/paritytrading-parity/libraries/file/.diffblue/cache/env.json containing 3 items
10:25:26.181 [DEBUG]  [Checking]    [main]              [com.diffblue.cover.configuration.a.d] Maven home found: /home/jbergqvist/.sdkman/candidates/maven/current
10:25:26.181 [INFO]   [Checking]    [main]              [com.diffblue.cover.configuration.a.d] Maven Using ${maven.home} of: /home/jbergqvist/.sdkman/candidates/maven/current.
10:25:26.181 [INFO]   [Checking]    [main]              [com.diffblue.cover.configuration.a.d] Maven Executing: /bin/sh -c cd /home/jbergqvist/diffblue/paritytrading-parity && /home/jbergqvist/.sdkman/candidates/maven/3.9.12/bin/mvn -B -version
10:25:26.335 [INFO]   [Checking]    [main]              [com.diffblue.cover.buildsystem.internal.c.a] Standard output of build tool (Maven)
10:25:26.335 [INFO]   [Checking]    [main]              [com.diffblue.cover.buildsystem.internal.c.a] > Apache Maven 3.9.12 (848fbb4bf2d427b72bdb2471c22fced7ebd9a7a1)
10:25:26.335 [INFO]   [Checking]    [main]              [com.diffblue.cover.buildsystem.internal.c.a] > Maven home: /home/jbergqvist/.sdkman/candidates/maven/3.9.12
10:25:26.335 [INFO]   [Checking]    [main]              [com.diffblue.cover.buildsystem.internal.c.a] > Java version: 1.8.0_472, vendor: Amazon.com Inc., runtime: /home/jbergqvist/.sdkman/candidates/java/8.0.472-amzn/jre
10:25:26.335 [INFO]   [Checking]    [main]              [com.diffblue.cover.buildsystem.internal.c.a] > Default locale: en_GB, platform encoding: UTF-8
10:25:26.335 [INFO]   [Checking]    [main]              [com.diffblue.cover.buildsystem.internal.c.a] > OS name: "linux", version: "6.8.0-90-generic", arch: "amd64", family: "unix"
10:25:26.336 [INFO]   [Checking]    [main]              [com.diffblue.cover.ui.controller.r] Detected build system: Maven 3.9.12
10:25:26.336 [DEBUG]  [Checking]    [main]              [com.diffblue.cover.configuration.a.e] DetectorCache miss DETECTED_BUILD_SYSTEM_MAVEN
10:25:26.336 [DEBUG]  [Checking]    [main]              [com.diffblue.cover.configuration.cache.a] Writing cache to /home/jbergqvist/diffblue/paritytrading-parity/libraries/file/.diffblue/cache/env.json containing 3 items
10:25:26.340 [INFO]   [Checking]    [main]              [com.diffblue.cover.configuration.a.bb] Operating System: Linux amd64 6.8.0-90-generic
10:25:26.340 [INFO]   [Checking]    [main]              [com.diffblue.cover.configuration.a.bb] Default charset: UTF-8
10:25:26.340 [INFO]   [Checking]    [main]              [com.diffblue.cover.configuration.a.bb] Default locale: en_GB
10:25:26.340 [INFO]   [Checking]    [main]              [com.diffblue.cover.configuration.a.bb] Default time zone: Europe/London
10:25:26.341 [INFO]   [Checking]    [main]              [com.diffblue.cover.ui.controller.r] Selected build system: Maven
10:25:26.347 [INFO]   [Checking]    [main]              [com.diffblue.cover.ui.controller.r] Selected classpath from build system maven
10:25:26.349 [INFO]   [Checking]    [main]              [com.diffblue.cover.configuration.c.b] Expanded classpath: 
/home/jbergqvist/diffblue/paritytrading-parity/libraries/file/target/test-classes (test build path)
/home/jbergqvist/diffblue/paritytrading-parity/libraries/file/target/classes (code under test)
/home/jbergqvist/.m2/repository/org/junit/jupiter/junit-jupiter/5.7.0/junit-jupiter-5.7.0.jar
/home/jbergqvist/.m2/repository/org/junit/jupiter/junit-jupiter-api/5.7.0/junit-jupiter-api-5.7.0.jar
/home/jbergqvist/.m2/repository/org/apiguardian/apiguardian-api/1.1.0/apiguardian-api-1.1.0.jar
/home/jbergqvist/.m2/repository/org/opentest4j/opentest4j/1.2.0/opentest4j-1.2.0.jar
/home/jbergqvist/.m2/repository/org/junit/platform/junit-platform-commons/1.7.0/junit-platform-commons-1.7.0.jar
/home/jbergqvist/.m2/repository/org/junit/jupiter/junit-jupiter-params/5.7.0/junit-jupiter-params-5.7.0.jar
/home/jbergqvist/.m2/repository/org/junit/jupiter/junit-jupiter-engine/5.7.0/junit-jupiter-engine-5.7.0.jar
/home/jbergqvist/.m2/repository/org/junit/platform/junit-platform-engine/1.7.0/junit-platform-engine-1.7.0.jar
/home/jbergqvist/.m2/repository/com/diffblue/cover/cover-annotations/1.9.0/cover-annotations-1.9.0.jar
/home/jbergqvist/.m2/repository/org/mockito/mockito-core/4.11.0/mockito-core-4.11.0.jar
/home/jbergqvist/.m2/repository/net/bytebuddy/byte-buddy/1.12.19/byte-buddy-1.12.19.jar
/home/jbergqvist/.m2/repository/net/bytebuddy/byte-buddy-agent/1.12.19/byte-buddy-agent-1.12.19.jar
/home/jbergqvist/.m2/repository/org/objenesis/objenesis/3.3/objenesis-3.3.jar
/home/jbergqvist/.m2/repository/org/mockito/mockito-junit-jupiter/4.11.0/mockito-junit-jupiter-4.11.0.jar
10:25:26.360 [DEBUG]  [Checking]    [main]              [com.diffblue.cover.commons.dependency.a.b] Detected JUnit Jupiter API version 5.7.0 (via jar:file:/home/jbergqvist/.m2/repository/org/junit/jupiter/junit-jupiter-api/5.7.0/junit-jupiter-api-5.7.0.jar!/org/junit/jupiter/api/Assertions.class)
10:25:26.362 [INFO]   [Checking]    [main]              [com.diffblue.cover.ui.controller.r] Detected test framework: JUnit Jupiter API 5.7.0
10:25:26.363 [DEBUG]  [Checking]    [main]              [com.diffblue.cover.commons.dependency.a.b] Detected JUnit Jupiter Engine version 5.7.0 (via jar:file:/home/jbergqvist/.m2/repository/org/junit/jupiter/junit-jupiter-engine/5.7.0/junit-jupiter-engine-5.7.0.jar!/org/junit/jupiter/engine/JupiterTestEngine.class)
10:25:26.364 [INFO]   [Checking]    [main]              [com.diffblue.cover.ui.controller.r] Detected JUnit Jupiter Engine version 5.7.0
10:25:26.365 [DEBUG]  [Checking]    [main]              [com.diffblue.cover.commons.dependency.a.b] Detected JUnit Jupiter Params version 5.7.0 (via jar:file:/home/jbergqvist/.m2/repository/org/junit/jupiter/junit-jupiter-params/5.7.0/junit-jupiter-params-5.7.0.jar!/org/junit/jupiter/params/ParameterizedTest.class)
10:25:26.365 [INFO]   [Checking]    [main]              [com.diffblue.cover.ui.controller.r] Detected JUnit Jupiter Params version 5.7.0
10:25:26.369 [DEBUG]  [Checking]    [main]              [com.diffblue.cover.configuration.a.e] DetectorCache miss DETECTED_JUNIT_VINTAGE_ENGINE
10:25:26.369 [DEBUG]  [Checking]    [main]              [com.diffblue.cover.configuration.cache.a] Writing cache to /home/jbergqvist/diffblue/paritytrading-parity/libraries/file/.diffblue/cache/env.json containing 4 items
10:25:26.377 [DEBUG]  [Checking]    [main]              [com.diffblue.cover.commons.dependency.a.b] Detected Mockito Core version 4.11.0 (via jar:file:/home/jbergqvist/.m2/repository/org/mockito/mockito-core/4.11.0/mockito-core-4.11.0.jar!/org/mockito/Mockito.class)
10:25:26.378 [INFO]   [Checking]    [main]              [com.diffblue.cover.ui.controller.r] Detected Mockito Core version 4.11.0
10:25:26.458 [DEBUG]  [Checking]    [main]              [com.diffblue.cover.commons.dependency.a.b] Detected Mockito Core version 4.11.0 (via jar:file:/home/jbergqvist/.m2/repository/org/mockito/mockito-core/4.11.0/mockito-core-4.11.0.jar!/org/mockito/Mockito.class)
10:25:26.461 [DEBUG]  [Checking]    [main]              [com.diffblue.cover.commons.dependency.a.b] Detected Mockito Core version 4.11.0 (via jar:file:/home/jbergqvist/.m2/repository/org/mockito/mockito-core/4.11.0/mockito-core-4.11.0.jar!/org/mockito/Mockito.class)
10:25:26.463 [INFO]   [Checking]    [main]              [com.diffblue.cover.ui.controller.r] Indexing...
10:25:26.739 [DEBUG]  [Checking]    [main]              [com.diffblue.cover.commons.l.d] Processing rule com.diffblue.cover.configuration.a.bm took 276ms
10:25:26.743 [DEBUG]  [Checking]    [main]              [com.diffblue.cover.configuration.a.bi] the build system has test sources configured
10:25:26.743 [INFO]   [Checking]    [main]              [com.diffblue.cover.ui.controller.r] Selected test output directory: /home/jbergqvist/diffblue/paritytrading-parity/libraries/file/src/test/java
10:25:26.744 [DEBUG]  [Checking]    [main]              [com.diffblue.cover.configuration.a.e] DetectorCache miss DETECTED_TESTS_EXECUTE_WITH_TESTNG
10:25:26.744 [DEBUG]  [Checking]    [main]              [com.diffblue.cover.configuration.cache.a] Writing cache to /home/jbergqvist/diffblue/paritytrading-parity/libraries/file/.diffblue/cache/env.json containing 5 items
10:25:26.755 [DEBUG]  [Checking]    [main]              [com.diffblue.cover.buildsystem.config.registry.Registry] checking if /home/jbergqvist/diffblue/paritytrading-parity/libraries/file/DiffblueBuild.yaml exists...
10:25:26.755 [DEBUG]  [Checking]    [main]              [com.diffblue.cover.buildsystem.config.registry.Registry] checking if /home/jbergqvist/diffblue/paritytrading-parity/libraries/file/DiffblueBuild.yml exists...
10:25:26.755 [DEBUG]  [Checking]    [main]              [com.diffblue.cover.buildsystem.config.registry.Registry] checking if /home/jbergqvist/diffblue/paritytrading-parity/DiffblueBuild.yaml exists...
10:25:26.755 [DEBUG]  [Checking]    [main]              [com.diffblue.cover.buildsystem.config.registry.Registry] checking if /home/jbergqvist/diffblue/paritytrading-parity/DiffblueBuild.yml exists...
10:25:26.755 [INFO]   [Checking]    [main]              [com.diffblue.cover.buildsystem.config.registry.Registry] Using default build rules as no custom rules found in any of [/home/jbergqvist/diffblue/paritytrading-parity/libraries/file, /home/jbergqvist/diffblue/paritytrading-parity]
10:25:26.756 [DEBUG]  [Checking]    [main]              [com.diffblue.cover.buildsystem.config.registry.Registry] Build execution request for Test Phase
10:25:26.757 [INFO]   [Checking]    [main]              [com.diffblue.cover.buildsystem.config.a.a] Attempting to invoke mvnw in working directory: /home/jbergqvist/diffblue/paritytrading-parity
10:25:26.758 [INFO]   [Checking]    [main]              [com.diffblue.cover.buildsystem.config.a.a] Attempting to invoke /home/jbergqvist/.sdkman/candidates/maven/current/bin/mvn in working directory: /home/jbergqvist/diffblue/paritytrading-parity
10:25:26.758 [INFO]   [Checking]    [main]              [com.diffblue.cover.buildsystem.config.a.a] Started "/home/jbergqvist/.sdkman/candidates/maven/current/bin/mvn -Dmaven.ext.class.path=/opt/cover/cover-buildsystem-maven-spy-jar-with-dependencies.jar -Dcom.diffblue.cover.skipTests=true -DskipTestOptimizer --batch-mode --projects=com.paritytrading.parity:parity-file --global-settings=/home/jbergqvist/.sdkman/candidates/maven/current/conf/settings.xml -Dcheckstyle.skip=true test -DfailIfNoTests=false -Dsurefire.failIfNoSpecifiedTests=false -Dmaven.test.failure.ignore=True -Dtest=DummyJupiterDiffblueTest"
10:25:27.616 [INFO]   [Checking]    [maven:out]         [com.diffblue.cover.buildsystem.config.a.a] out: [INFO] Scanning for projects...
10:25:27.715 [INFO]   [Checking]    [maven:out]         [com.diffblue.cover.buildsystem.config.a.a] out: [INFO] 
10:25:27.715 [INFO]   [Checking]    [maven:out]         [com.diffblue.cover.buildsystem.config.a.a] out: [INFO] ----------------< com.paritytrading.parity:parity-file >----------------
10:25:27.715 [INFO]   [Checking]    [maven:out]         [com.diffblue.cover.buildsystem.config.a.a] out: [INFO] Building Parity File Formats 0.7.1-SNAPSHOT
10:25:27.715 [INFO]   [Checking]    [maven:out]         [com.diffblue.cover.buildsystem.config.a.a] out: [INFO]   from pom.xml
10:25:27.715 [INFO]   [Checking]    [maven:out]         [com.diffblue.cover.buildsystem.config.a.a] out: [INFO] --------------------------------[ jar ]---------------------------------
10:25:27.972 [INFO]   [Checking]    [maven:out]         [com.diffblue.cover.buildsystem.internal.f.f] deserializing line [DIFFBLUE]{"__type":"com.diffblue.cover.buildsystem.model.DefaultEventMessage","project":"com.paritytrading.parity:parity-file","goal":"enforce","cause":null,"state":"STARTED"}
10:25:27.974 [INFO]   [Checking]    [maven:out]         [com.diffblue.cover.buildsystem.config.a.a] out: [INFO] 
10:25:27.974 [INFO]   [Checking]    [maven:out]         [com.diffblue.cover.buildsystem.config.a.a] out: [INFO] --- enforcer:1.0:enforce (enforce-maven) @ parity-file ---
10:25:28.118 [INFO]   [Checking]    [maven:out]         [com.diffblue.cover.buildsystem.internal.f.f] deserializing line [DIFFBLUE]{"__type":"com.diffblue.cover.buildsystem.model.DefaultEventMessage","project":"com.paritytrading.parity:parity-file","goal":"enforce","cause":null,"state":"SUCCESS"}
10:25:28.121 [INFO]   [Checking]    [maven:out]         [com.diffblue.cover.buildsystem.internal.f.f] deserializing line [DIFFBLUE]{"__type":"com.diffblue.cover.buildsystem.model.DefaultEventMessage","project":"com.paritytrading.parity:parity-file","goal":"resources","cause":null,"state":"STARTED"}
10:25:28.121 [INFO]   [Checking]    [maven:out]         [com.diffblue.cover.buildsystem.config.a.a] out: [INFO] 
10:25:28.122 [INFO]   [Checking]    [maven:out]         [com.diffblue.cover.buildsystem.config.a.a] out: [INFO] --- resources:3.3.1:resources (default-resources) @ parity-file ---
10:25:28.167 [INFO]   [Checking]    [maven:out]         [com.diffblue.cover.buildsystem.config.a.a] out: [INFO] skip non existing resourceDirectory /home/jbergqvist/diffblue/paritytrading-parity/libraries/file/src/main/resources
10:25:28.168 [INFO]   [Checking]    [maven:out]         [com.diffblue.cover.buildsystem.internal.f.f] deserializing line [DIFFBLUE]{"__type":"com.diffblue.cover.buildsystem.model.DefaultEventMessage","project":"com.paritytrading.parity:parity-file","goal":"resources","cause":null,"state":"SUCCESS"}
10:25:28.170 [INFO]   [Checking]    [maven:out]         [com.diffblue.cover.buildsystem.internal.f.f] deserializing line [DIFFBLUE]{"__type":"com.diffblue.cover.buildsystem.model.DefaultEventMessage","project":"com.paritytrading.parity:parity-file","goal":"compile","cause":null,"state":"STARTED"}
10:25:28.171 [INFO]   [Checking]    [maven:out]         [com.diffblue.cover.buildsystem.config.a.a] out: [INFO] 
10:25:28.171 [INFO]   [Checking]    [maven:out]         [com.diffblue.cover.buildsystem.config.a.a] out: [INFO] --- compiler:3.8.0:compile (default-compile) @ parity-file ---
10:25:28.305 [INFO]   [Checking]    [maven:out]         [com.diffblue.cover.buildsystem.config.a.a] out: [INFO] Changes detected - recompiling the module!
10:25:28.308 [INFO]   [Checking]    [maven:out]         [com.diffblue.cover.buildsystem.config.a.a] out: [INFO] Compiling 4 source files to /home/jbergqvist/diffblue/paritytrading-parity/libraries/file/target/classes
10:25:28.551 [INFO]   [Checking]    [maven:out]         [com.diffblue.cover.buildsystem.internal.f.f] deserializing line [DIFFBLUE]{"__type":"com.diffblue.cover.buildsystem.model.DefaultEventMessage","project":"com.paritytrading.parity:parity-file","goal":"compile","cause":null,"state":"SUCCESS"}
10:25:28.553 [INFO]   [Checking]    [maven:out]         [com.diffblue.cover.buildsystem.internal.f.f] deserializing line [DIFFBLUE]{"__type":"com.diffblue.cover.buildsystem.model.DefaultEventMessage","project":"com.paritytrading.parity:parity-file","goal":"testResources","cause":null,"state":"STARTED"}
10:25:28.554 [INFO]   [Checking]    [maven:out]         [com.diffblue.cover.buildsystem.config.a.a] out: [INFO] 
10:25:28.554 [INFO]   [Checking]    [maven:out]         [com.diffblue.cover.buildsystem.config.a.a] out: [INFO] --- resources:3.3.1:testResources (default-testResources) @ parity-file ---
10:25:28.554 [INFO]   [Checking]    [maven:out]         [com.diffblue.cover.buildsystem.config.a.a] out: [INFO] skip non existing resourceDirectory /home/jbergqvist/diffblue/paritytrading-parity/libraries/file/src/test/resources
10:25:28.555 [INFO]   [Checking]    [maven:out]         [com.diffblue.cover.buildsystem.internal.f.f] deserializing line [DIFFBLUE]{"__type":"com.diffblue.cover.buildsystem.model.DefaultEventMessage","project":"com.paritytrading.parity:parity-file","goal":"testResources","cause":null,"state":"SUCCESS"}
10:25:28.556 [INFO]   [Checking]    [maven:out]         [com.diffblue.cover.buildsystem.internal.f.f] deserializing line [DIFFBLUE]{"__type":"com.diffblue.cover.buildsystem.model.DefaultEventMessage","project":"com.paritytrading.parity:parity-file","goal":"testCompile","cause":null,"state":"STARTED"}
10:25:28.557 [INFO]   [Checking]    [maven:out]         [com.diffblue.cover.buildsystem.config.a.a] out: [INFO] 
10:25:28.557 [INFO]   [Checking]    [maven:out]         [com.diffblue.cover.buildsystem.config.a.a] out: [INFO] --- compiler:3.8.0:testCompile (default-testCompile) @ parity-file ---
10:25:28.559 [INFO]   [Checking]    [maven:out]         [com.diffblue.cover.buildsystem.config.a.a] out: [INFO] Changes detected - recompiling the module!
10:25:28.559 [INFO]   [Checking]    [maven:out]         [com.diffblue.cover.buildsystem.config.a.a] out: [INFO] Compiling 6 source files to /home/jbergqvist/diffblue/paritytrading-parity/libraries/file/target/test-classes
10:25:28.649 [INFO]   [Checking]    [maven:out]         [com.diffblue.cover.buildsystem.config.a.a] out: [INFO] /home/jbergqvist/diffblue/paritytrading-parity/libraries/file/src/test/java/com/paritytrading/parity/file/taq/TAQConfigDiffblueTest.java: /home/jbergqvist/diffblue/paritytrading-parity/libraries/file/src/test/java/com/paritytrading/parity/file/taq/TAQConfigDiffblueTest.java uses unchecked or unsafe operations.
10:25:28.650 [INFO]   [Checking]    [maven:out]         [com.diffblue.cover.buildsystem.config.a.a] out: [INFO] /home/jbergqvist/diffblue/paritytrading-parity/libraries/file/src/test/java/com/paritytrading/parity/file/taq/TAQConfigDiffblueTest.java: Recompile with -Xlint:unchecked for details.
10:25:28.651 [INFO]   [Checking]    [maven:out]         [com.diffblue.cover.buildsystem.internal.f.f] deserializing line [DIFFBLUE]{"__type":"com.diffblue.cover.buildsystem.model.DefaultEventMessage","project":"com.paritytrading.parity:parity-file","goal":"testCompile","cause":null,"state":"SUCCESS"}
10:25:28.653 [INFO]   [Checking]    [maven:out]         [com.diffblue.cover.buildsystem.internal.f.f] deserializing line [DIFFBLUE]{"__type":"com.diffblue.cover.buildsystem.model.DefaultEventMessage","project":"com.paritytrading.parity:parity-file","goal":"test","cause":null,"state":"STARTED"}
10:25:28.655 [INFO]   [Checking]    [maven:out]         [com.diffblue.cover.buildsystem.config.a.a] out: [INFO] 
10:25:28.655 [INFO]   [Checking]    [maven:out]         [com.diffblue.cover.buildsystem.config.a.a] out: [INFO] --- surefire:3.0.0-M5:test (default-test) @ parity-file ---
10:25:28.928 [INFO]   [Checking]    [maven:out]         [com.diffblue.cover.buildsystem.config.a.a] out: [INFO] 
10:25:28.928 [INFO]   [Checking]    [maven:out]         [com.diffblue.cover.buildsystem.config.a.a] out: [INFO] -------------------------------------------------------
10:25:28.928 [INFO]   [Checking]    [maven:out]         [com.diffblue.cover.buildsystem.config.a.a] out: [INFO]  T E S T S
10:25:28.928 [INFO]   [Checking]    [maven:out]         [com.diffblue.cover.buildsystem.config.a.a] out: [INFO] -------------------------------------------------------
10:25:29.254 [INFO]   [Checking]    [maven:out]         [com.diffblue.cover.buildsystem.config.a.a] out: [INFO] Running DummyJupiterDiffblueTest
10:25:29.281 [INFO]   [Checking]    [maven:out]         [com.diffblue.cover.buildsystem.config.a.a] out: [INFO] Tests run: 1, Failures: 0, Errors: 0, Skipped: 0, Time elapsed: 0.024 s - in DummyJupiterDiffblueTest
10:25:29.288 [INFO]   [Checking]    [maven:out]         [com.diffblue.cover.buildsystem.config.a.a] out: [INFO] 
10:25:29.289 [INFO]   [Checking]    [maven:out]         [com.diffblue.cover.buildsystem.config.a.a] out: [INFO] Results:
10:25:29.289 [INFO]   [Checking]    [maven:out]         [com.diffblue.cover.buildsystem.config.a.a] out: [INFO] 
10:25:29.289 [INFO]   [Checking]    [maven:out]         [com.diffblue.cover.buildsystem.config.a.a] out: [INFO] Tests run: 1, Failures: 0, Errors: 0, Skipped: 0
10:25:29.289 [INFO]   [Checking]    [maven:out]         [com.diffblue.cover.buildsystem.config.a.a] out: [INFO] 
10:25:29.292 [INFO]   [Checking]    [maven:out]         [com.diffblue.cover.buildsystem.internal.f.f] deserializing line [DIFFBLUE]{"__type":"com.diffblue.cover.buildsystem.model.DefaultEventMessage","project":"com.paritytrading.parity:parity-file","goal":"test","cause":null,"state":"SUCCESS"}
10:25:29.319 [INFO]   [Checking]    [maven:out]         [com.diffblue.cover.buildsystem.internal.f.f] deserializing line [DIFFBLUE]{"__type":"com.diffblue.cover.buildsystem.model.DefaultProjectModuleMessage","project":{"__type":"DefaultProjectModule","junitReport":["/home/jbergqvist/diffblue/paritytrading-parity/libraries/file/target/surefire-reports"],"jacocoReport":["/home/jbergqvist/diffblue/paritytrading-parity/libraries/file/target/site/jacoco/jacoco.xml"],"jacocoDestFile":["/home/jbergqvist/diffblue/paritytrading-parity/libraries/file/target/jacoco.exec"],"jacocoFormats":["xml"],"jacocoSkipped":false,"classpath":["/home/jbergqvist/diffblue/paritytrading-parity/libraries/file/target/classes","/home/jbergqvist/.m2/repository/org/junit/jupiter/junit-jupiter/5.7.0/junit-jupiter-5.7.0.jar","/home/jbergqvist/.m2/repository/org/junit/jupiter/junit-jupiter-api/5.7.0/junit-jupiter-api-5.7.0.jar","/home/jbergqvist/.m2/repository/org/apiguardian/apiguardian-api/1.1.0/apiguardian-api-1.1.0.jar","/home/jbergqvist/.m2/repository/org/opentest4j/opentest4j/1.2.0/opentest4j-1.2.0.jar","/home/jbergqvist/.m2/repository/org/junit/platform/junit-platform-commons/1.7.0/junit-platform-commons-1.7.0.jar","/home/jbergqvist/.m2/repository/org/junit/jupiter/junit-jupiter-params/5.7.0/junit-jupiter-params-5.7.0.jar","/home/jbergqvist/.m2/repository/org/junit/jupiter/junit-jupiter-engine/5.7.0/junit-jupiter-engine-5.7.0.jar","/home/jbergqvist/.m2/repository/org/junit/platform/junit-platform-engine/1.7.0/junit-platform-engine-1.7.0.jar","/home/jbergqvist/.m2/repository/com/diffblue/cover/cover-annotations/1.9.0/cover-annotations-1.9.0.jar","/home/jbergqvist/.m2/repository/org/mockito/mockito-core/4.11.0/mockito-core-4.11.0.jar","/home/jbergqvist/.m2/repository/net/bytebuddy/byte-buddy/1.12.19/byte-buddy-1.12.19.jar","/home/jbergqvist/.m2/repository/net/bytebuddy/byte-buddy-agent/1.12.19/byte-buddy-agent-1.12.19.jar","/home/jbergqvist/.m2/repository/org/objenesis/objenesis/3.3/objenesis-3.3.jar","/home/jbergqvist/.m2/repository/org/mockito/mockito-junit-jupiter/4.11.0/mockito-junit-jupiter-4.11.0.jar"],"complianceLevel":"1.8","productionSources":["/home/jbergqvist/diffblue/paritytrading-parity/libraries/file/src/main/java"],"testSources":["/home/jbergqvist/diffblue/paritytrading-parity/libraries/file/src/test/java"],"productionClasses":"/home/jbergqvist/diffblue/paritytrading-parity/libraries/file/target/classes","testClasses":"/home/jbergqvist/diffblue/paritytrading-parity/libraries/file/target/test-classes","sourceToBuildPathMap":null,"testSourceToBuildPathMap":null,"buildDirectory":"/home/jbergqvist/diffblue/paritytrading-parity/libraries/file/target","plugins":[{"__type":"DefaultPlugin","groupId":"org.apache.maven.plugins","artefactId":"maven-enforcer-plugin","version":"1.0","pluginClassName":null},{"__type":"DefaultPlugin","groupId":"org.apache.maven.plugins","artefactId":"maven-checkstyle-plugin","version":"3.1.0","pluginClassName":null},{"__type":"DefaultPlugin","groupId":"org.apache.maven.plugins","artefactId":"maven-compiler-plugin","version":"3.8.0","pluginClassName":null},{"__type":"DefaultPlugin","groupId":"org.apache.maven.plugins","artefactId":"maven-javadoc-plugin","version":"3.0.1","pluginClassName":null},{"__type":"DefaultPlugin","groupId":"org.apache.maven.plugins","artefactId":"maven-release-plugin","version":"2.5.3","pluginClassName":null},{"__type":"DefaultPlugin","groupId":"org.apache.maven.plugins","artefactId":"maven-clean-plugin","version":"3.2.0","pluginClassName":null},{"__type":"DefaultPlugin","groupId":"org.apache.maven.plugins","artefactId":"maven-resources-plugin","version":"3.3.1","pluginClassName":null},{"__type":"DefaultPlugin","groupId":"org.apache.maven.plugins","artefactId":"maven-jar-plugin","version":"3.4.1","pluginClassName":null},{"__type":"DefaultPlugin","groupId":"org.apache.maven.plugins","artefactId":"maven-surefire-plugin","version":"3.0.0-M5","pluginClassName":null},{"__type":"DefaultPlugin","groupId":"org.apache.maven.plugins","artefactId":"maven-install-plugin","version":"3.1.2","pluginClassName":null},{"__type":"DefaultPlugin","groupId":"org.apache.maven.plugins","artefactId":"maven-deploy-plugin","version":"2.8.2","pluginClassName":null},{"__type":"DefaultPlugin","groupId":"org.apache.maven.plugins","artefactId":"maven-site-plugin","version":"3.12.1","pluginClassName":null}],"version":"3.9.12","encoding":"UTF-8","name":"maven","subModules":[],"simpleModuleName":null,"parentModuleName":"com.paritytrading.parity:parity-parent","location":"/home/jbergqvist/diffblue/paritytrading-parity/libraries/file","fullModuleName":"com.paritytrading.parity:parity-file"}}
10:25:29.323 [INFO]   [Checking]    [maven:out]         [com.diffblue.cover.buildsystem.config.a.a] out: [INFO] ------------------------------------------------------------------------
10:25:29.323 [INFO]   [Checking]    [maven:out]         [com.diffblue.cover.buildsystem.config.a.a] out: [INFO] BUILD SUCCESS
10:25:29.323 [INFO]   [Checking]    [maven:out]         [com.diffblue.cover.buildsystem.config.a.a] out: [INFO] ------------------------------------------------------------------------
10:25:29.323 [INFO]   [Checking]    [maven:out]         [com.diffblue.cover.buildsystem.config.a.a] out: [INFO] Total time:  1.723 s
10:25:29.323 [INFO]   [Checking]    [maven:out]         [com.diffblue.cover.buildsystem.config.a.a] out: [INFO] Finished at: 2026-01-20T10:25:29Z
10:25:29.324 [INFO]   [Checking]    [maven:out]         [com.diffblue.cover.buildsystem.config.a.a] out: [INFO] ------------------------------------------------------------------------
10:25:29.324 [INFO]   [Checking]    [maven:out]         [com.diffblue.cover.buildsystem.internal.f.f] deserializing line [DIFFBLUE]{"__type":"com.diffblue.cover.buildsystem.model.ProjectInfoMessage","projectName":"com.paritytrading.parity:parity-file","productionSources":["/home/jbergqvist/diffblue/paritytrading-parity/libraries/file/src/main/java","/home/jbergqvist/diffblue/paritytrading-parity/libraries/file/target/generated-sources/annotations"],"testSources":["/home/jbergqvist/diffblue/paritytrading-parity/libraries/file/src/test/java","/home/jbergqvist/diffblue/paritytrading-parity/libraries/file/target/generated-test-sources/test-annotations"],"location":"/home/jbergqvist/diffblue/paritytrading-parity/libraries/file"}
10:25:29.347 [INFO]   [Checking]    [main]              [com.diffblue.cover.buildsystem.internal.f.d] maven:err process not stopped, joining thread
10:25:29.347 [INFO]   [Checking]    [main]              [com.diffblue.cover.buildsystem.internal.f.d] maven:out process not stopped, joining thread
10:25:29.347 [DEBUG]  [Checking]    [main]              [com.diffblue.cover.buildsystem.config.a.a] Executor spent 2s on command "/home/jbergqvist/.sdkman/candidates/maven/current/bin/mvn -Dmaven.ext.class.path=/opt/cover/cover-buildsystem-maven-spy-jar-with-dependencies.jar -Dcom.diffblue.cover.skipTests=true -DskipTestOptimizer --batch-mode --projects=com.paritytrading.parity:parity-file --global-settings=/home/jbergqvist/.sdkman/candidates/maven/current/conf/settings.xml -Dcheckstyle.skip=true test -DfailIfNoTests=false -Dsurefire.failIfNoSpecifiedTests=false -Dmaven.test.failure.ignore=True -Dtest=DummyJupiterDiffblueTest"
10:25:29.347 [DEBUG]  [Checking]    [main]              [com.diffblue.cover.configuration.e] Purging written files... [/home/jbergqvist/diffblue/paritytrading-parity/libraries/file/src/test/java/DummyJupiterDiffblueTest.java]
10:25:29.348 [DEBUG]  [Checking]    [main]              [com.diffblue.cover.configuration.e] Attempting to find class files '[DummyJupiterDiffblueTest.class]' in '/home/jbergqvist/diffblue/paritytrading-parity/libraries/file/target/classes'
10:25:29.349 [DEBUG]  [Checking]    [main]              [com.diffblue.cover.configuration.e] Attempting to find class files '[DummyJupiterDiffblueTest.class]' in '/home/jbergqvist/diffblue/paritytrading-parity/libraries/file/target/test-classes'
10:25:29.350 [DEBUG]  [Checking]    [main]              [com.diffblue.cover.configuration.e] Found /home/jbergqvist/diffblue/paritytrading-parity/libraries/file/target/test-classes/DummyJupiterDiffblueTest.class, scheduling deletion
10:25:29.350 [DEBUG]  [Checking]    [main]              [com.diffblue.cover.configuration.a.e] DetectorCache miss DETECTED_TESTS_EXECUTE_WITH_JUNIT_JUPITER
10:25:29.350 [DEBUG]  [Checking]    [main]              [com.diffblue.cover.configuration.cache.a] Writing cache to /home/jbergqvist/diffblue/paritytrading-parity/libraries/file/.diffblue/cache/env.json containing 6 items
10:25:29.356 [DEBUG]  [Checking]    [main]              [com.diffblue.cover.commons.l.d] Processing rule com.diffblue.cover.configuration.a.bf took 2602ms
10:25:29.356 [DEBUG]  [Checking]    [main]              [com.diffblue.cover.configuration.a.e] DetectorCache miss DETECTED_TESTS_EXECUTE_WITH_JUNIT
10:25:29.356 [DEBUG]  [Checking]    [main]              [com.diffblue.cover.configuration.cache.a] Writing cache to /home/jbergqvist/diffblue/paritytrading-parity/libraries/file/.diffblue/cache/env.json containing 7 items
10:25:29.362 [DEBUG]  [Checking]    [main]              [com.diffblue.cover.configuration.c.q] JUnitJupiter5 is present
10:25:29.362 [DEBUG]  [Checking]    [main]              [com.diffblue.cover.configuration.c.q] JUnitJupiter5 is supported
10:25:29.362 [DEBUG]  [Checking]    [main]              [com.diffblue.cover.configuration.c.q] JUnit 5 is present and either it's not been specified by the user or it is the same as the version the user specified
10:25:29.362 [INFO]   [Checking]    [main]              [com.diffblue.cover.ui.controller.r] Selected test framework: JUnit Jupiter API
10:25:29.364 [DEBUG]  [Checking]    [main]              [com.diffblue.cover.commons.dependency.a.b] Detected Mockito JUnit Jupiter version 4.11.0 (via jar:file:/home/jbergqvist/.m2/repository/org/mockito/mockito-junit-jupiter/4.11.0/mockito-junit-jupiter-4.11.0.jar!/org/mockito/junit/jupiter/MockitoExtension.class)
10:25:29.366 [INFO]   [Checking]    [main]              [com.diffblue.cover.ui.controller.r] Detected Mockito JUnit Jupiter version 4.11.0
10:25:29.380 [DEBUG]  [Checking]    [main]              [com.diffblue.cover.buildsystem.config.registry.Registry] checking if /home/jbergqvist/diffblue/paritytrading-parity/libraries/file/DiffblueBuild.yaml exists...
10:25:29.380 [DEBUG]  [Checking]    [main]              [com.diffblue.cover.buildsystem.config.registry.Registry] checking if /home/jbergqvist/diffblue/paritytrading-parity/libraries/file/DiffblueBuild.yml exists...
10:25:29.380 [DEBUG]  [Checking]    [main]              [com.diffblue.cover.buildsystem.config.registry.Registry] checking if /home/jbergqvist/diffblue/paritytrading-parity/DiffblueBuild.yaml exists...
10:25:29.380 [DEBUG]  [Checking]    [main]              [com.diffblue.cover.buildsystem.config.registry.Registry] checking if /home/jbergqvist/diffblue/paritytrading-parity/DiffblueBuild.yml exists...
10:25:29.380 [INFO]   [Checking]    [main]              [com.diffblue.cover.buildsystem.config.registry.Registry] Using default build rules as no custom rules found in any of [/home/jbergqvist/diffblue/paritytrading-parity/libraries/file, /home/jbergqvist/diffblue/paritytrading-parity]
10:25:29.380 [DEBUG]  [Checking]    [main]              [com.diffblue.cover.buildsystem.config.registry.Registry] Build execution request for Test Phase
10:25:29.381 [INFO]   [Checking]    [main]              [com.diffblue.cover.buildsystem.config.a.a] Attempting to invoke mvnw in working directory: /home/jbergqvist/diffblue/paritytrading-parity
10:25:29.381 [INFO]   [Checking]    [main]              [com.diffblue.cover.buildsystem.config.a.a] Attempting to invoke /home/jbergqvist/.sdkman/candidates/maven/current/bin/mvn in working directory: /home/jbergqvist/diffblue/paritytrading-parity
10:25:29.382 [INFO]   [Checking]    [main]              [com.diffblue.cover.buildsystem.config.a.a] Started "/home/jbergqvist/.sdkman/candidates/maven/current/bin/mvn -Dmaven.ext.class.path=/opt/cover/cover-buildsystem-maven-spy-jar-with-dependencies.jar -Dcom.diffblue.cover.skipTests=true -DskipTestOptimizer --batch-mode --projects=com.paritytrading.parity:parity-file --global-settings=/home/jbergqvist/.sdkman/candidates/maven/current/conf/settings.xml -Dcheckstyle.skip=true test -DfailIfNoTests=false -Dsurefire.failIfNoSpecifiedTests=false -Dmaven.test.failure.ignore=True -Dtest=DummyJUnitJupiterLauncherDiffblueTest8820265617559893581"
10:25:30.178 [INFO]   [Checking]    [maven:out]         [com.diffblue.cover.buildsystem.config.a.a] out: [INFO] Scanning for projects...
10:25:30.277 [INFO]   [Checking]    [maven:out]         [com.diffblue.cover.buildsystem.config.a.a] out: [INFO] 
10:25:30.277 [INFO]   [Checking]    [maven:out]         [com.diffblue.cover.buildsystem.config.a.a] out: [INFO] ----------------< com.paritytrading.parity:parity-file >----------------
10:25:30.277 [INFO]   [Checking]    [maven:out]         [com.diffblue.cover.buildsystem.config.a.a] out: [INFO] Building Parity File Formats 0.7.1-SNAPSHOT
10:25:30.277 [INFO]   [Checking]    [maven:out]         [com.diffblue.cover.buildsystem.config.a.a] out: [INFO]   from pom.xml
10:25:30.277 [INFO]   [Checking]    [maven:out]         [com.diffblue.cover.buildsystem.config.a.a] out: [INFO] --------------------------------[ jar ]---------------------------------
10:25:30.546 [INFO]   [Checking]    [maven:out]         [com.diffblue.cover.buildsystem.internal.f.f] deserializing line [DIFFBLUE]{"__type":"com.diffblue.cover.buildsystem.model.DefaultEventMessage","project":"com.paritytrading.parity:parity-file","goal":"enforce","cause":null,"state":"STARTED"}
10:25:30.547 [INFO]   [Checking]    [maven:out]         [com.diffblue.cover.buildsystem.config.a.a] out: [INFO] 
10:25:30.548 [INFO]   [Checking]    [maven:out]         [com.diffblue.cover.buildsystem.config.a.a] out: [INFO] --- enforcer:1.0:enforce (enforce-maven) @ parity-file ---
10:25:30.666 [INFO]   [Checking]    [maven:out]         [com.diffblue.cover.buildsystem.internal.f.f] deserializing line [DIFFBLUE]{"__type":"com.diffblue.cover.buildsystem.model.DefaultEventMessage","project":"com.paritytrading.parity:parity-file","goal":"enforce","cause":null,"state":"SUCCESS"}
10:25:30.667 [INFO]   [Checking]    [maven:out]         [com.diffblue.cover.buildsystem.internal.f.f] deserializing line [DIFFBLUE]{"__type":"com.diffblue.cover.buildsystem.model.DefaultEventMessage","project":"com.paritytrading.parity:parity-file","goal":"resources","cause":null,"state":"STARTED"}
10:25:30.668 [INFO]   [Checking]    [maven:out]         [com.diffblue.cover.buildsystem.config.a.a] out: [INFO] 
10:25:30.668 [INFO]   [Checking]    [maven:out]         [com.diffblue.cover.buildsystem.config.a.a] out: [INFO] --- resources:3.3.1:resources (default-resources) @ parity-file ---
10:25:30.712 [INFO]   [Checking]    [maven:out]         [com.diffblue.cover.buildsystem.config.a.a] out: [INFO] skip non existing resourceDirectory /home/jbergqvist/diffblue/paritytrading-parity/libraries/file/src/main/resources
10:25:30.714 [INFO]   [Checking]    [maven:out]         [com.diffblue.cover.buildsystem.internal.f.f] deserializing line [DIFFBLUE]{"__type":"com.diffblue.cover.buildsystem.model.DefaultEventMessage","project":"com.paritytrading.parity:parity-file","goal":"resources","cause":null,"state":"SUCCESS"}
10:25:30.715 [INFO]   [Checking]    [maven:out]         [com.diffblue.cover.buildsystem.internal.f.f] deserializing line [DIFFBLUE]{"__type":"com.diffblue.cover.buildsystem.model.DefaultEventMessage","project":"com.paritytrading.parity:parity-file","goal":"compile","cause":null,"state":"STARTED"}
10:25:30.716 [INFO]   [Checking]    [maven:out]         [com.diffblue.cover.buildsystem.config.a.a] out: [INFO] 
10:25:30.716 [INFO]   [Checking]    [maven:out]         [com.diffblue.cover.buildsystem.config.a.a] out: [INFO] --- compiler:3.8.0:compile (default-compile) @ parity-file ---
10:25:30.836 [INFO]   [Checking]    [maven:out]         [com.diffblue.cover.buildsystem.config.a.a] out: [INFO] Changes detected - recompiling the module!
10:25:30.839 [INFO]   [Checking]    [maven:out]         [com.diffblue.cover.buildsystem.config.a.a] out: [INFO] Compiling 4 source files to /home/jbergqvist/diffblue/paritytrading-parity/libraries/file/target/classes
10:25:31.096 [INFO]   [Checking]    [maven:out]         [com.diffblue.cover.buildsystem.internal.f.f] deserializing line [DIFFBLUE]{"__type":"com.diffblue.cover.buildsystem.model.DefaultEventMessage","project":"com.paritytrading.parity:parity-file","goal":"compile","cause":null,"state":"SUCCESS"}
10:25:31.097 [INFO]   [Checking]    [maven:out]         [com.diffblue.cover.buildsystem.internal.f.f] deserializing line [DIFFBLUE]{"__type":"com.diffblue.cover.buildsystem.model.DefaultEventMessage","project":"com.paritytrading.parity:parity-file","goal":"testResources","cause":null,"state":"STARTED"}
10:25:31.098 [INFO]   [Checking]    [maven:out]         [com.diffblue.cover.buildsystem.config.a.a] out: [INFO] 
10:25:31.098 [INFO]   [Checking]    [maven:out]         [com.diffblue.cover.buildsystem.config.a.a] out: [INFO] --- resources:3.3.1:testResources (default-testResources) @ parity-file ---
10:25:31.099 [INFO]   [Checking]    [maven:out]         [com.diffblue.cover.buildsystem.config.a.a] out: [INFO] skip non existing resourceDirectory /home/jbergqvist/diffblue/paritytrading-parity/libraries/file/src/test/resources
10:25:31.100 [INFO]   [Checking]    [maven:out]         [com.diffblue.cover.buildsystem.internal.f.f] deserializing line [DIFFBLUE]{"__type":"com.diffblue.cover.buildsystem.model.DefaultEventMessage","project":"com.paritytrading.parity:parity-file","goal":"testResources","cause":null,"state":"SUCCESS"}
10:25:31.101 [INFO]   [Checking]    [maven:out]         [com.diffblue.cover.buildsystem.internal.f.f] deserializing line [DIFFBLUE]{"__type":"com.diffblue.cover.buildsystem.model.DefaultEventMessage","project":"com.paritytrading.parity:parity-file","goal":"testCompile","cause":null,"state":"STARTED"}
10:25:31.102 [INFO]   [Checking]    [maven:out]         [com.diffblue.cover.buildsystem.config.a.a] out: [INFO] 
10:25:31.102 [INFO]   [Checking]    [maven:out]         [com.diffblue.cover.buildsystem.config.a.a] out: [INFO] --- compiler:3.8.0:testCompile (default-testCompile) @ parity-file ---
10:25:31.105 [INFO]   [Checking]    [maven:out]         [com.diffblue.cover.buildsystem.config.a.a] out: [INFO] Changes detected - recompiling the module!
10:25:31.106 [INFO]   [Checking]    [maven:out]         [com.diffblue.cover.buildsystem.config.a.a] out: [INFO] Compiling 6 source files to /home/jbergqvist/diffblue/paritytrading-parity/libraries/file/target/test-classes
10:25:31.208 [INFO]   [Checking]    [maven:out]         [com.diffblue.cover.buildsystem.config.a.a] out: [INFO] /home/jbergqvist/diffblue/paritytrading-parity/libraries/file/src/test/java/com/paritytrading/parity/file/taq/TAQConfigDiffblueTest.java: /home/jbergqvist/diffblue/paritytrading-parity/libraries/file/src/test/java/com/paritytrading/parity/file/taq/TAQConfigDiffblueTest.java uses unchecked or unsafe operations.
10:25:31.208 [INFO]   [Checking]    [maven:out]         [com.diffblue.cover.buildsystem.config.a.a] out: [INFO] /home/jbergqvist/diffblue/paritytrading-parity/libraries/file/src/test/java/com/paritytrading/parity/file/taq/TAQConfigDiffblueTest.java: Recompile with -Xlint:unchecked for details.
10:25:31.210 [INFO]   [Checking]    [maven:out]         [com.diffblue.cover.buildsystem.internal.f.f] deserializing line [DIFFBLUE]{"__type":"com.diffblue.cover.buildsystem.model.DefaultEventMessage","project":"com.paritytrading.parity:parity-file","goal":"testCompile","cause":null,"state":"SUCCESS"}
10:25:31.212 [INFO]   [Checking]    [maven:out]         [com.diffblue.cover.buildsystem.internal.f.f] deserializing line [DIFFBLUE]{"__type":"com.diffblue.cover.buildsystem.model.DefaultEventMessage","project":"com.paritytrading.parity:parity-file","goal":"test","cause":null,"state":"STARTED"}
10:25:31.213 [INFO]   [Checking]    [maven:out]         [com.diffblue.cover.buildsystem.config.a.a] out: [INFO] 
10:25:31.213 [INFO]   [Checking]    [maven:out]         [com.diffblue.cover.buildsystem.config.a.a] out: [INFO] --- surefire:3.0.0-M5:test (default-test) @ parity-file ---
10:25:31.479 [INFO]   [Checking]    [maven:out]         [com.diffblue.cover.buildsystem.config.a.a] out: [INFO] 
10:25:31.479 [INFO]   [Checking]    [maven:out]         [com.diffblue.cover.buildsystem.config.a.a] out: [INFO] -------------------------------------------------------
10:25:31.479 [INFO]   [Checking]    [maven:out]         [com.diffblue.cover.buildsystem.config.a.a] out: [INFO]  T E S T S
10:25:31.479 [INFO]   [Checking]    [maven:out]         [com.diffblue.cover.buildsystem.config.a.a] out: [INFO] -------------------------------------------------------
10:25:31.802 [INFO]   [Checking]    [maven:out]         [com.diffblue.cover.buildsystem.config.a.a] out: [INFO] Running DummyJUnitJupiterLauncherDiffblueTest8820265617559893581
10:25:31.832 [INFO]   [Checking]    [maven:out]         [com.diffblue.cover.buildsystem.config.a.a] out: [INFO] Tests run: 1, Failures: 0, Errors: 0, Skipped: 0, Time elapsed: 0.027 s - in DummyJUnitJupiterLauncherDiffblueTest8820265617559893581
10:25:31.838 [INFO]   [Checking]    [maven:out]         [com.diffblue.cover.buildsystem.config.a.a] out: [INFO] 
10:25:31.838 [INFO]   [Checking]    [maven:out]         [com.diffblue.cover.buildsystem.config.a.a] out: [INFO] Results:
10:25:31.838 [INFO]   [Checking]    [maven:out]         [com.diffblue.cover.buildsystem.config.a.a] out: [INFO] 
10:25:31.838 [INFO]   [Checking]    [maven:out]         [com.diffblue.cover.buildsystem.config.a.a] out: [INFO] Tests run: 1, Failures: 0, Errors: 0, Skipped: 0
10:25:31.838 [INFO]   [Checking]    [maven:out]         [com.diffblue.cover.buildsystem.config.a.a] out: [INFO] 
10:25:31.841 [INFO]   [Checking]    [maven:out]         [com.diffblue.cover.buildsystem.internal.f.f] deserializing line [DIFFBLUE]{"__type":"com.diffblue.cover.buildsystem.model.DefaultEventMessage","project":"com.paritytrading.parity:parity-file","goal":"test","cause":null,"state":"SUCCESS"}
10:25:31.867 [INFO]   [Checking]    [maven:out]         [com.diffblue.cover.buildsystem.internal.f.f] deserializing line [DIFFBLUE]{"__type":"com.diffblue.cover.buildsystem.model.DefaultProjectModuleMessage","project":{"__type":"DefaultProjectModule","junitReport":["/home/jbergqvist/diffblue/paritytrading-parity/libraries/file/target/surefire-reports"],"jacocoReport":["/home/jbergqvist/diffblue/paritytrading-parity/libraries/file/target/site/jacoco/jacoco.xml"],"jacocoDestFile":["/home/jbergqvist/diffblue/paritytrading-parity/libraries/file/target/jacoco.exec"],"jacocoFormats":["xml"],"jacocoSkipped":false,"classpath":["/home/jbergqvist/diffblue/paritytrading-parity/libraries/file/target/classes","/home/jbergqvist/.m2/repository/org/junit/jupiter/junit-jupiter/5.7.0/junit-jupiter-5.7.0.jar","/home/jbergqvist/.m2/repository/org/junit/jupiter/junit-jupiter-api/5.7.0/junit-jupiter-api-5.7.0.jar","/home/jbergqvist/.m2/repository/org/apiguardian/apiguardian-api/1.1.0/apiguardian-api-1.1.0.jar","/home/jbergqvist/.m2/repository/org/opentest4j/opentest4j/1.2.0/opentest4j-1.2.0.jar","/home/jbergqvist/.m2/repository/org/junit/platform/junit-platform-commons/1.7.0/junit-platform-commons-1.7.0.jar","/home/jbergqvist/.m2/repository/org/junit/jupiter/junit-jupiter-params/5.7.0/junit-jupiter-params-5.7.0.jar","/home/jbergqvist/.m2/repository/org/junit/jupiter/junit-jupiter-engine/5.7.0/junit-jupiter-engine-5.7.0.jar","/home/jbergqvist/.m2/repository/org/junit/platform/junit-platform-engine/1.7.0/junit-platform-engine-1.7.0.jar","/home/jbergqvist/.m2/repository/com/diffblue/cover/cover-annotations/1.9.0/cover-annotations-1.9.0.jar","/home/jbergqvist/.m2/repository/org/mockito/mockito-core/4.11.0/mockito-core-4.11.0.jar","/home/jbergqvist/.m2/repository/net/bytebuddy/byte-buddy/1.12.19/byte-buddy-1.12.19.jar","/home/jbergqvist/.m2/repository/net/bytebuddy/byte-buddy-agent/1.12.19/byte-buddy-agent-1.12.19.jar","/home/jbergqvist/.m2/repository/org/objenesis/objenesis/3.3/objenesis-3.3.jar","/home/jbergqvist/.m2/repository/org/mockito/mockito-junit-jupiter/4.11.0/mockito-junit-jupiter-4.11.0.jar"],"complianceLevel":"1.8","productionSources":["/home/jbergqvist/diffblue/paritytrading-parity/libraries/file/src/main/java"],"testSources":["/home/jbergqvist/diffblue/paritytrading-parity/libraries/file/src/test/java"],"productionClasses":"/home/jbergqvist/diffblue/paritytrading-parity/libraries/file/target/classes","testClasses":"/home/jbergqvist/diffblue/paritytrading-parity/libraries/file/target/test-classes","sourceToBuildPathMap":null,"testSourceToBuildPathMap":null,"buildDirectory":"/home/jbergqvist/diffblue/paritytrading-parity/libraries/file/target","plugins":[{"__type":"DefaultPlugin","groupId":"org.apache.maven.plugins","artefactId":"maven-enforcer-plugin","version":"1.0","pluginClassName":null},{"__type":"DefaultPlugin","groupId":"org.apache.maven.plugins","artefactId":"maven-checkstyle-plugin","version":"3.1.0","pluginClassName":null},{"__type":"DefaultPlugin","groupId":"org.apache.maven.plugins","artefactId":"maven-compiler-plugin","version":"3.8.0","pluginClassName":null},{"__type":"DefaultPlugin","groupId":"org.apache.maven.plugins","artefactId":"maven-javadoc-plugin","version":"3.0.1","pluginClassName":null},{"__type":"DefaultPlugin","groupId":"org.apache.maven.plugins","artefactId":"maven-release-plugin","version":"2.5.3","pluginClassName":null},{"__type":"DefaultPlugin","groupId":"org.apache.maven.plugins","artefactId":"maven-clean-plugin","version":"3.2.0","pluginClassName":null},{"__type":"DefaultPlugin","groupId":"org.apache.maven.plugins","artefactId":"maven-resources-plugin","version":"3.3.1","pluginClassName":null},{"__type":"DefaultPlugin","groupId":"org.apache.maven.plugins","artefactId":"maven-jar-plugin","version":"3.4.1","pluginClassName":null},{"__type":"DefaultPlugin","groupId":"org.apache.maven.plugins","artefactId":"maven-surefire-plugin","version":"3.0.0-M5","pluginClassName":null},{"__type":"DefaultPlugin","groupId":"org.apache.maven.plugins","artefactId":"maven-install-plugin","version":"3.1.2","pluginClassName":null},{"__type":"DefaultPlugin","groupId":"org.apache.maven.plugins","artefactId":"maven-deploy-plugin","version":"2.8.2","pluginClassName":null},{"__type":"DefaultPlugin","groupId":"org.apache.maven.plugins","artefactId":"maven-site-plugin","version":"3.12.1","pluginClassName":null}],"version":"3.9.12","encoding":"UTF-8","name":"maven","subModules":[],"simpleModuleName":null,"parentModuleName":"com.paritytrading.parity:parity-parent","location":"/home/jbergqvist/diffblue/paritytrading-parity/libraries/file","fullModuleName":"com.paritytrading.parity:parity-file"}}
10:25:31.871 [INFO]   [Checking]    [maven:out]         [com.diffblue.cover.buildsystem.config.a.a] out: [INFO] ------------------------------------------------------------------------
10:25:31.871 [INFO]   [Checking]    [maven:out]         [com.diffblue.cover.buildsystem.config.a.a] out: [INFO] BUILD SUCCESS
10:25:31.871 [INFO]   [Checking]    [maven:out]         [com.diffblue.cover.buildsystem.config.a.a] out: [INFO] ------------------------------------------------------------------------
10:25:31.871 [INFO]   [Checking]    [maven:out]         [com.diffblue.cover.buildsystem.config.a.a] out: [INFO] Total time:  1.708 s
10:25:31.871 [INFO]   [Checking]    [maven:out]         [com.diffblue.cover.buildsystem.config.a.a] out: [INFO] Finished at: 2026-01-20T10:25:31Z
10:25:31.871 [INFO]   [Checking]    [maven:out]         [com.diffblue.cover.buildsystem.config.a.a] out: [INFO] ------------------------------------------------------------------------
10:25:31.873 [INFO]   [Checking]    [maven:out]         [com.diffblue.cover.buildsystem.internal.f.f] deserializing line [DIFFBLUE]{"__type":"com.diffblue.cover.buildsystem.model.ProjectInfoMessage","projectName":"com.paritytrading.parity:parity-file","productionSources":["/home/jbergqvist/diffblue/paritytrading-parity/libraries/file/src/main/java","/home/jbergqvist/diffblue/paritytrading-parity/libraries/file/target/generated-sources/annotations"],"testSources":["/home/jbergqvist/diffblue/paritytrading-parity/libraries/file/src/test/java","/home/jbergqvist/diffblue/paritytrading-parity/libraries/file/target/generated-test-sources/test-annotations"],"location":"/home/jbergqvist/diffblue/paritytrading-parity/libraries/file"}
10:25:31.898 [INFO]   [Checking]    [main]              [com.diffblue.cover.buildsystem.internal.f.d] maven:err process not stopped, joining thread
10:25:31.898 [INFO]   [Checking]    [main]              [com.diffblue.cover.buildsystem.internal.f.d] maven:out process not stopped, joining thread
10:25:31.899 [DEBUG]  [Checking]    [main]              [com.diffblue.cover.buildsystem.config.a.a] Executor spent 2s on command "/home/jbergqvist/.sdkman/candidates/maven/current/bin/mvn -Dmaven.ext.class.path=/opt/cover/cover-buildsystem-maven-spy-jar-with-dependencies.jar -Dcom.diffblue.cover.skipTests=true -DskipTestOptimizer --batch-mode --projects=com.paritytrading.parity:parity-file --global-settings=/home/jbergqvist/.sdkman/candidates/maven/current/conf/settings.xml -Dcheckstyle.skip=true test -DfailIfNoTests=false -Dsurefire.failIfNoSpecifiedTests=false -Dmaven.test.failure.ignore=True -Dtest=DummyJUnitJupiterLauncherDiffblueTest8820265617559893581"
10:25:31.899 [DEBUG]  [Checking]    [main]              [com.diffblue.cover.configuration.e] Purging written files... [/home/jbergqvist/diffblue/paritytrading-parity/libraries/file/src/test/java/DummyJUnitJupiterLauncherDiffblueTest8820265617559893581.java]
10:25:31.899 [DEBUG]  [Checking]    [main]              [com.diffblue.cover.configuration.e] Attempting to find class files '[DummyJUnitJupiterLauncherDiffblueTest8820265617559893581.class]' in '/home/jbergqvist/diffblue/paritytrading-parity/libraries/file/target/classes'
10:25:31.899 [DEBUG]  [Checking]    [main]              [com.diffblue.cover.configuration.e] Attempting to find class files '[DummyJUnitJupiterLauncherDiffblueTest8820265617559893581.class]' in '/home/jbergqvist/diffblue/paritytrading-parity/libraries/file/target/test-classes'
10:25:31.899 [DEBUG]  [Checking]    [main]              [com.diffblue.cover.configuration.e] Found /home/jbergqvist/diffblue/paritytrading-parity/libraries/file/target/test-classes/DummyJUnitJupiterLauncherDiffblueTest8820265617559893581.class, scheduling deletion
10:25:31.899 [DEBUG]  [Checking]    [main]              [com.diffblue.cover.configuration.a.e] DetectorCache miss DETECTED_JUNIT_JUPITER_LAUNCHER
10:25:31.900 [DEBUG]  [Checking]    [main]              [com.diffblue.cover.configuration.cache.a] Writing cache to /home/jbergqvist/diffblue/paritytrading-parity/libraries/file/.diffblue/cache/env.json containing 8 items
10:25:31.905 [DEBUG]  [Checking]    [main]              [com.diffblue.cover.commons.l.d] Processing rule com.diffblue.cover.configuration.a.o took 2525ms
10:25:31.905 [DEBUG]  [Checking]    [main]              [com.diffblue.cover.configuration.a.e] DetectorCache miss DETECTED_JUNIT_LAUNCHER
10:25:31.905 [DEBUG]  [Checking]    [main]              [com.diffblue.cover.configuration.cache.a] Writing cache to /home/jbergqvist/diffblue/paritytrading-parity/libraries/file/.diffblue/cache/env.json containing 9 items
10:25:31.910 [DEBUG]  [Checking]    [main]              [com.diffblue.cover.configuration.a.e] DetectorCache miss DETECTED_TESTNG_LAUNCHER
10:25:31.910 [DEBUG]  [Checking]    [main]              [com.diffblue.cover.configuration.cache.a] Writing cache to /home/jbergqvist/diffblue/paritytrading-parity/libraries/file/.diffblue/cache/env.json containing 10 items
10:25:31.940 [DEBUG]  [Checking]    [main]              [com.diffblue.cover.configuration.a.z] Java home guessed from System property: /home/jbergqvist/.sdkman/candidates/java/8.0.472-amzn
10:25:31.940 [INFO]   [Checking]    [main]              [com.diffblue.cover.ui.controller.r] Detected JVM architecture: 64-Bit
10:25:31.940 [DEBUG]  [Checking]    [main]              [com.diffblue.cover.configuration.a.v] No jacoco-maven-plugin configuration detected, assuming we can generate coverage using version 0.8.11
10:25:31.941 [DEBUG]  [Checking]    [main]              [com.diffblue.cover.configuration.a.e] DetectorCache miss JaCoCo execution
10:25:31.941 [DEBUG]  [Checking]    [main]              [com.diffblue.cover.configuration.cache.a] Writing cache to /home/jbergqvist/diffblue/paritytrading-parity/libraries/file/.diffblue/cache/env.json containing 11 items
10:25:31.946 [DEBUG]  [Checking]    [main]              [com.diffblue.cover.configuration.e] Purging written files... []
10:25:31.946 [DEBUG]  [Checking]    [main]              [com.diffblue.cover.configuration.e] Attempting to find class files '[]' in '/home/jbergqvist/diffblue/paritytrading-parity/libraries/file/target/classes'
10:25:31.946 [DEBUG]  [Checking]    [main]              [com.diffblue.cover.configuration.e] Attempting to find class files '[]' in '/home/jbergqvist/diffblue/paritytrading-parity/libraries/file/target/test-classes'
10:25:31.946 [DEBUG]  [Checking]    [main]              [com.diffblue.cover.configuration.a.e] DetectorCache miss JaCoCo execution
10:25:31.946 [DEBUG]  [Checking]    [main]              [com.diffblue.cover.configuration.cache.a] Writing cache to /home/jbergqvist/diffblue/paritytrading-parity/libraries/file/.diffblue/cache/env.json containing 12 items
10:25:31.959 [DEBUG]  [Checking]    [main]              [com.diffblue.cover.commons.dependency.a.b] Detected Cover Annotations version 1.9.0 (via jar:file:/home/jbergqvist/.m2/repository/com/diffblue/cover/cover-annotations/1.9.0/cover-annotations-1.9.0.jar!/META-INF/maven/com.diffblue.cover/cover-annotations/pom.properties)
10:25:31.960 [INFO]   [Checking]    [main]              [com.diffblue.cover.ui.controller.r] Detected Cover Annotations version 1.9.0
10:25:32.033 [DEBUG]  [Checking]    [main]              [com.diffblue.cover.commons.configuration.e] Property cover.llm.complete has not been set, and no default value provided
10:25:32.034 [DEBUG]  [Checking]    [main]              [com.diffblue.cover.commons.configuration.e] Property cover.llm.objects has not been set, and no default value provided
10:25:32.034 [DEBUG]  [Checking]    [main]              [com.diffblue.cover.commons.configuration.e] Property cover.llm.strings has not been set, and no default value provided
10:25:32.034 [DEBUG]  [Checking]    [main]              [com.diffblue.cover.commons.configuration.e] Property cover.llm.postprocessing has not been set, and no default value provided
10:25:32.036 [DEBUG]  [Checking]    [main]              [com.diffblue.cover.commons.configuration.e] Property cover.reports.upload.url has not been set, and no default value provided
10:25:32.039 [INFO]   [Checking]    [main]              [com.diffblue.cover.ui.controller.r] Selected Java language compliance level: 1.8
10:25:32.040 [INFO]   [Checking]    [main]              [com.diffblue.cover.ui.controller.r] Selected test validation: enabled
10:25:32.067 [DEBUG]  [Checking]    [main]              [com.diffblue.cover.commons.configuration.e] Property cover.experimental.sandbox has not been set, using default value false
10:25:32.413 [INFO]   [Checking]    [main]              [com.diffblue.cover.ui.controller.r] Prefixes for filtering classes/methods:
10:25:32.418 [INFO]   [Checking]    [main]              [com.diffblue.cover.ui.controller.r] - com.paritytrading.parity.file.taq
10:25:32.419 [INFO]   [Checking]    [main]              [com.diffblue.cover.ui.controller.r] Gathering methods to test...
10:25:32.639 [DEBUG]  [Checking]    [main]              [com.diffblue.cover.commons.l.d] Processing rule com.diffblue.cover.ui.configuration.CliEntryPointsSelector took 598ms
10:25:32.644 [DEBUG]  [Checking]    [main]              [com.diffblue.cover.commons.l.d] Inference engine finished in 6476ms
10:25:32.671 [INFO]   [Reporting]   [main]              [com.diffblue.cover.ui.e] 
10:25:32.671 [INFO]   [Reporting]   [main]              [com.diffblue.cover.ui.e] Environment summary for module: com.paritytrading.parity:parity-file
10:25:32.671 [INFO]   [Reporting]   [main]              [com.diffblue.cover.ui.e] --------------------------------------------------------------------
10:25:32.671 [INFO]   [Reporting]   [main]              [com.diffblue.cover.ui.e] Java version                   1.8.0_472                     SUCCESS        
10:25:32.671 [INFO]   [Reporting]   [main]              [com.diffblue.cover.ui.e] Build system                   Maven                         SUCCESS        
10:25:32.671 [INFO]   [Reporting]   [main]              [com.diffblue.cover.ui.e] Mocking Framework              Mockito Core 4.11.0           SUCCESS        
10:25:32.671 [INFO]   [Reporting]   [main]              [com.diffblue.cover.ui.e] Surefire version               3.0.0-M5                      SUCCESS        
10:25:32.671 [INFO]   [Reporting]   [main]              [com.diffblue.cover.ui.e] Testing framework              JUnit Jupiter                 SUCCESS        
10:25:32.671 [INFO]   [Reporting]   [main]              [com.diffblue.cover.ui.e] Mockito JUnit Jupiter version  4.11.0                        SUCCESS        
10:25:32.671 [INFO]   [Reporting]   [main]              [com.diffblue.cover.ui.e] JavaEE version                 Skipped                       -----          
10:25:32.671 [INFO]   [Reporting]   [main]              [com.diffblue.cover.ui.e] OSGi Annotations               Not Detected                  -----          
10:25:32.671 [INFO]   [Reporting]   [main]              [com.diffblue.cover.ui.e] Javax WS RS API                Not Detected                  -----          
10:25:32.671 [INFO]   [Reporting]   [main]              [com.diffblue.cover.ui.e] Jakarta RESTful WS API         Not Detected                  -----          
10:25:32.671 [INFO]   [Reporting]   [main]              [com.diffblue.cover.ui.e] Jersey Server                  Not Detected                  -----          
10:25:32.671 [INFO]   [Reporting]   [main]              [com.diffblue.cover.ui.e] Jersey Test Framework          Not Detected                  -----          
10:25:32.671 [INFO]   [Reporting]   [main]              [com.diffblue.cover.ui.e] Jersey Test Provider InMemory  Not Detected                  -----          
10:25:32.671 [INFO]   [Reporting]   [main]              [com.diffblue.cover.ui.e] Guice Framework                Not Detected                  -----          
10:25:32.671 [INFO]   [Reporting]   [main]              [com.diffblue.cover.ui.e] JaCoCo plugin version          0.8.11                        SUCCESS        
10:25:32.671 [INFO]   [Reporting]   [main]              [com.diffblue.cover.ui.e] Launcher                       JUnit Jupiter                 SUCCESS        
10:25:32.671 [INFO]   [Reporting]   [main]              [com.diffblue.cover.ui.e] Quarkus                        Not Detected                  -----          
10:25:32.671 [INFO]   [Reporting]   [main]              [com.diffblue.cover.ui.e] Test validation                Enabled                       SUCCESS        
10:25:32.671 [INFO]   [Reporting]   [main]              [com.diffblue.cover.ui.e] Hamcrest                       Not Detected                  -----          
10:25:32.671 [INFO]   [Reporting]   [main]              [com.diffblue.cover.ui.e] Spring Core                    Not Detected                  -----          
10:25:32.671 [INFO]   [Reporting]   [main]              [com.diffblue.cover.ui.e] Spring Boot                    Skipped                       -----          
10:25:32.671 [INFO]   [Reporting]   [main]              [com.diffblue.cover.ui.e] Spring Boot Starter Webflux    Skipped                       -----          
10:25:32.671 [INFO]   [Reporting]   [main]              [com.diffblue.cover.ui.e] Spring Boot Test Autoconfigure Skipped                       -----          
10:25:32.671 [INFO]   [Reporting]   [main]              [com.diffblue.cover.ui.e] Spring Boot Test               Skipped                       -----          
10:25:32.672 [INFO]   [Reporting]   [main]              [com.diffblue.cover.ui.e] Spring Web                     Skipped                       -----          
10:25:32.672 [INFO]   [Reporting]   [main]              [com.diffblue.cover.ui.e] Spring Security Web            Skipped                       -----          
10:25:32.672 [INFO]   [Reporting]   [main]              [com.diffblue.cover.ui.e] Spring Test                    Skipped                       -----          
10:25:32.672 [INFO]   [Reporting]   [main]              [com.diffblue.cover.ui.e] 
10:25:32.672 [INFO]   [Reporting]   [main]              [com.diffblue.cover.ui.e] Environment check status: SUCCESS
10:25:32.866 [DEBUG]  [Creating]    [pool-3-thread-1]   [com.diffblue.cover.m.a.e] Configuration:
Module: 
Configuration: 
 features=[COVERAGE_REPORTS, TESTING_FRAMEWORK_JUNIT_JUPITER5, JUNIT_JUPITER_PARAMS, MOCKING, MOCKITO_SESSION, MOCKITO_DI, INCLUDE_SYSTEM_ENVIRONMENT_VARIABLES, INLINING, INLINE_ACT_INTO_ASSERT, INLINE_ARRANGE_INTO_ACT_ASSERT, INLINE_CHAINED_MEMBER_ACCESSES, INLINE_CONSTRUCTORS, INLINE_IMMEDIATE_VALUES, JOIN_SIMPLE_TESTS, SHOW_SECTION_COMMENTS, NEW_DIFFBLUE_COVERAGE_ONLY, REPORT, SANDBOXING, DESCRIPTIVE_TEST_NAMES, SPRING_TESTS_ENABLED, SPRING_BOOT_TESTS_ENABLED, VALIDATION, ANALYZER_SERVICE, VERIFICATION, HAS_METHOD_GROUP_ANNOTATION, TAG_WITH_CONTRIBUTION_FROM_DIFFBLUE, TAG_WITH_MANAGED_BY_DIFFBLUE]
 analyzerServiceIdleTimeout=PT2M
 coverReportsBaseUrl=Optional.empty
 environmentVariables={}
 complianceLevel=1.8
 fuzzingIterations=1000
 jacocoCommandDiffblue=Optional.empty
 jacocoCommandManual=Optional.empty
 jacocoXmlTestReport=Optional.empty
 jacocoXmlTestReportDiffblue=/home/jbergqvist/diffblue/paritytrading-parity/libraries/file/.diffblue/reports/diffblue-tests-jacoco-report.xml
 jacocoXmlTestReportManual=/home/jbergqvist/diffblue/paritytrading-parity/libraries/file/.diffblue/reports/manual-tests-jacoco-report.xml
 sandboxAllowedJavaNativeInterfacePrefixes=[]
 mockingFramework=MOCKITO_4_1_0
 mockClasses=[]
 mockStaticClasses=[]
 workingDirectory=/home/jbergqvist/diffblue/paritytrading-parity
 classpath=Classpath(16 full entries, 1 code under test entries, 1 test build entries)
 warningsToSuppress=[]
 perMethodTimeouts=Timeouts{softTimeout=PT20S, initialExecutionTimeout=PT20S, hardTimeout=PT1M, springStartupTimeout=PT4M}
 reportFile=/home/jbergqvist/diffblue/paritytrading-parity/libraries/file/.diffblue/reports/report.json
 activeProfiles=[]
 classScheme=${CLASS}DiffblueTest
 diffblueClassScheme=${CLASS}DiffblueTest
 methodScheme=test${INNER}${UNIT}${_}${GIVEN}${_}${WHEN}${_}${THEN}
 springConfigurationClasses=[]
 testOutputDirectory=/home/jbergqvist/diffblue/paritytrading-parity/libraries/file/src/test/java
 validationCommand=Optional.empty
 validationTimeout=PT30M
 jacocoVersion=0.8.11
 observerMethodSpecification=MethodSpecification[excludedPrefixes=[]]
 excludeMethodSpecification=MethodSpecification[excludedPrefixes=[]]
 analyzerServiceRestartFrequency=50
 jerseyFramework=null
 launcher=/home/jbergqvist/.m2/repository/org/junit/platform/junit-platform-launcher/1.7.0/junit-platform-launcher-1.7.0.jar
 maxCountOfAssertionsPerTest=2147483647
 remoteAi=RemoteAiConfig{complete=null, objects=null, strings=null, postprocessing='true'}

10:25:32.869 [INFO]   [Creating]    [pool-3-thread-1]   [com.diffblue.cover.ui.b.b] Found 24 callable methods in 5 classes
10:25:32.869 [INFO]   [Creating]    [pool-3-thread-1]   [com.diffblue.cover.m.a.b] 
10:25:32.869 [INFO]   [Creating]    [pool-3-thread-1]   [com.diffblue.cover.m.a.b] Creating tests:
10:25:32.869 [INFO]   [Creating]    [pool-3-thread-1]   [com.diffblue.cover.m.a.b] ---------------
10:25:32.873 [INFO]   [Creating]    [pool-3-thread-1]   [com.diffblue.cover.m.a.b] 
================================================================================
= Starting analysis for class 'com.paritytrading.parity.file.taq.TAQ$Quote'
================================================================================
10:25:32.873 [INFO]   [Creating]    [pool-3-thread-1]   [com.diffblue.cover.m.a.b] Filtering out non-testable methods...
10:25:33.320 [DEBUG]  [Creating]    [pool-3-thread-1]   [com.diffblue.combiner.d.j] Using Javaparser to combine tests
10:25:33.376 [INFO]   [Creating]    [pool-3-thread-1]   [com.diffblue.cover.m.a.b] Filtering of methods complete. Creating analysis request
10:25:33.377 [INFO]   [Creating]    [pool-3-thread-1]   [com.diffblue.cover.service.c] Attempting to get service client, retry 1.
10:25:33.380 [INFO]   [Creating]    [pool-3-thread-1]   [com.diffblue.cover.service.c] Starting monitoring server.
10:25:33.737 [INFO]   [Creating]    [pool-3-thread-1]   [com.diffblue.cover.service.c] Monitoring server listening on localhost/127.0.0.1:33733
10:25:33.772 [INFO]   [Creating]    [pool-3-thread-1]   [com.diffblue.cover.service.c] Starting analyzer server process...
10:25:33.773 [INFO]   [Creating]    [pool-3-thread-1]   [com.diffblue.cover.service.c] Server command-line: /home/jbergqvist/.sdkman/candidates/java/8.0.472-amzn/jre/bin/java -XX:+IgnoreUnrecognizedVMOptions -Djdk.attach.allowAttachSelf=true -Djdk.jar.maxSignatureFileSize=100000000 -ea -javaagent:/opt/cover/launcher-shared-jar.jar -Dlogback.configurationFile=/tmp/diffblue/config/logback-remote-service.xml -Dcom.diffblue.springIsolationJar=/opt/cover/cover-isolation-layer.jar -Dcover.jar.path=/opt/cover/cover-service-analyzer.jar -Dcom.diffblue.assertionSuggestionJar=/opt/cover/cover-service-analyzer.jar -Dcover.main.class=com.diffblue.cover.service.analyzer.Main -jar /opt/cover/launcher-shared-jar.jar --service-lifespan 120 --monitoring-service-port 33733 --index-service-port 33733 --debug-log
10:25:33.774 [INFO]   [Creating]    [pool-3-thread-1]   [com.diffblue.cover.service.c] Server started. Waiting up to 300 seconds for a connection to be established...
10:25:34.499 [DEBUG]  [Creating]    [nullmain]          [com.diffblue.cover.service.analyzer.Main] Service heap size: 14235 MB
10:25:34.567 [INFO]   [Creating]    [nullmain]          [com.diffblue.cover.service.a.a.b] Starting new remote monitor client
10:25:34.861 [INFO]   [Creating]    [analyzer-service:main][com.diffblue.cover.service.a.a.b] Attempting to start remote server.
10:25:34.868 [DEBUG]  [Creating]    [analyzer-service:main][com.diffblue.cover.service.analyzer.a.c] Watchdog reset
10:25:35.061 [INFO]   [Creating]    [analyzer-service:main][com.diffblue.cover.service.a.a.a] Server started, listening on localhost/127.0.0.1:43815
10:25:35.065 [INFO]   [Creating]    [pool-3-thread-1]   [com.diffblue.cover.service.c] Expect analyzer service to be listening on port 43815.
10:25:35.067 [DEBUG]  [Creating]    [analyzer-service:main][com.diffblue.cover.service.analyzer.a.c] Watchdog reset
10:25:35.236 [DEBUG]  [Creating]    [analyzer-service:grpc-default-executor-0][com.diffblue.cover.service.analyzer.a.c] Watchdog reset
10:25:35.243 [INFO]   [Creating]    [pool-3-thread-1]   [com.diffblue.cover.service.c] Started analyzer service and client retrieved.
10:25:35.494 [DEBUG]  [Creating]    [analyzer-service:grpc-default-executor-1][com.diffblue.cover.service.analyzer.a.c] Watchdog reset
10:25:35.547 [DEBUG]  [Creating]    [analyzer-service:grpc-default-executor-1][com.diffblue.cover.commons.configuration.e] Loading properties from resources
10:25:35.548 [DEBUG]  [Creating]    [analyzer-service:grpc-default-executor-1][com.diffblue.cover.commons.configuration.e] Loading properties from installation directory
10:25:35.548 [DEBUG]  [Creating]    [analyzer-service:grpc-default-executor-1][com.diffblue.cover.commons.configuration.e] /opt/cover/cover.properties doesn't exist
10:25:35.549 [DEBUG]  [Creating]    [analyzer-service:grpc-default-executor-1][com.diffblue.cover.commons.configuration.e] Loading properties from user home directory
10:25:35.549 [DEBUG]  [Creating]    [analyzer-service:grpc-default-executor-1][com.diffblue.cover.commons.configuration.e] /home/jbergqvist/.diffblue/cover.properties doesn't exist
10:25:35.549 [DEBUG]  [Creating]    [analyzer-service:grpc-default-executor-1][com.diffblue.cover.commons.configuration.e] Loaded properties
10:25:35.550 [DEBUG]  [Creating]    [analyzer-service:grpc-default-executor-1][com.diffblue.cover.commons.configuration.e] Property cover.disableEnvironmentCache has not been set, using default value false
10:25:35.551 [DEBUG]  [Creating]    [analyzer-service:grpc-default-executor-1][com.diffblue.cover.commons.configuration.e] Property cover.dfa.disabled has not been set, using default value false
10:25:35.553 [DEBUG]  [Creating]    [analyzer-service:grpc-default-executor-1][com.diffblue.cover.commons.configuration.e] Checking Cover Property dfa.disabled under alias disable.dfa
10:25:35.554 [DEBUG]  [Creating]    [analyzer-service:grpc-default-executor-1][com.diffblue.cover.commons.configuration.e] Property disable.dfa has not been set, using default value false
10:25:35.580 [DEBUG]  [Creating]    [analyzer-service:grpc-default-executor-1][com.diffblue.cover.commons.configuration.e] Property cover.experimental.sandbox has not been set, using default value false
10:25:38.008 [DEBUG]  [Creating]    [analyzer-service:grpc-default-executor-1][com.diffblue.cover.service.analyzer.a.c] Watchdog reset
10:25:38.026 [DEBUG]  [Creating]    [analyzer-service:grpc-default-executor-1][com.diffblue.cover.commons.configuration.e] Property cover.extraLogging has not been set, and no default value provided
10:25:38.026 [DEBUG]  [Creating]    [analyzer-service:grpc-default-executor-1][com.diffblue.cover.commons.configuration.e] Checking Cover Property extraLogging under alias extra.logging
10:25:38.026 [DEBUG]  [Creating]    [analyzer-service:grpc-default-executor-1][com.diffblue.cover.commons.configuration.e] Property extra.logging has not been set, and no default value provided
10:25:38.038 [DEBUG]  [Creating]    [analyzer-service:grpc-default-executor-1][com.diffblue.fuzztest.e.a] Class information:
10:25:38.039 [DEBUG]  [Creating]    [analyzer-service:grpc-default-executor-1][com.diffblue.fuzztest.e.a]   Fields: public double com.paritytrading.parity.file.taq.TAQ$Quote.askPrice, public double com.paritytrading.parity.file.taq.TAQ$Quote.askSize, public double com.paritytrading.parity.file.taq.TAQ$Quote.bidPrice, public double com.paritytrading.parity.file.taq.TAQ$Quote.bidSize, public java.lang.String com.paritytrading.parity.file.taq.TAQ$Quote.date, public java.lang.String com.paritytrading.parity.file.taq.TAQ$Quote.instrument, public long com.paritytrading.parity.file.taq.TAQ$Quote.timestampMillis
10:25:38.040 [DEBUG]  [Creating]    [analyzer-service:grpc-default-executor-1][com.diffblue.fuzztest.e.a]   Constructors: public com.paritytrading.parity.file.taq.TAQ$Quote()
10:25:38.040 [DEBUG]  [Creating]    [analyzer-service:grpc-default-executor-1][com.diffblue.fuzztest.e.a]   Methods: 
10:25:38.567 [DEBUG]  [Creating]    [analyzer-service:grpc-default-executor-1][com.diffblue.cover.service.analyzer.a.c] Watchdog reset
10:25:39.057 [DEBUG]  [Creating]    [analyzer-service:grpc-default-executor-1][com.diffblue.cover.l.a.c] EdgeCoverageRuntime contains 10 edges
10:25:39.057 [DEBUG]  [Creating]    [analyzer-service:grpc-default-executor-1][com.diffblue.cover.service.analyzer.a.c] Watchdog reset
10:25:39.196 [DEBUG]  [Creating]    [analyzer-service:TimedExecutor-6][com.diffblue.fuzztest.g.e] 
================================================================================
= Creating tests for 'com.paritytrading.parity.file.taq.TAQ$Quote.<init>:()V' using 'TrM (!sp, !fnm, df)'
================================================================================
10:25:39.200 [DEBUG]  [Creating]    [analyzer-service:TimedExecutor-6][com.diffblue.fuzztest.g.e] 
================================================================================
= Trying DI configuration EmptyDependencyInjectionTirConfiguration for com.paritytrading.parity.file.taq.TAQ$Quote.<init>:()V
================================================================================
10:25:39.210 [DEBUG]  [Creating]    [analyzer-service:TimedExecutor-6][com.diffblue.cover.commons.dependency.a.b] Detected Mockito Core version 4.11.0 (via jar:file:/home/jbergqvist/.m2/repository/org/mockito/mockito-core/4.11.0/mockito-core-4.11.0.jar!/org/mockito/Mockito.class)
10:25:39.211 [DEBUG]  [Creating]    [analyzer-service:TimedExecutor-6][com.diffblue.cover.j.b] Mockito inline mock maker not loaded
10:25:39.309 [DEBUG]  [Creating]    [analyzer-service:TimedExecutor-6][com.diffblue.cover.service.analyzer.a.c] Watchdog reset
10:25:39.589 [DEBUG]  [Creating]    [analyzer-service:TimedExecutor-6][com.diffblue.cover.service.analyzer.a.c] Watchdog reset
10:25:39.742 [DEBUG]  [Creating]    [analyzer-service:TimedExecutor-6][com.diffblue.cover.commons.configuration.e] Property cover.spring.autowiredAlternative has not been set, and no default value provided
10:25:39.742 [DEBUG]  [Creating]    [analyzer-service:TimedExecutor-6][com.diffblue.cover.commons.configuration.e] Checking Cover Property spring.autowiredAlternative under alias autowired.alternative
10:25:39.742 [DEBUG]  [Creating]    [analyzer-service:TimedExecutor-6][com.diffblue.cover.commons.configuration.e] Property autowired.alternative has not been set, and no default value provided
10:25:39.777 [DEBUG]  [Creating]    [analyzer-service:TimedExecutor-6][com.diffblue.cover.service.analyzer.a.c] Watchdog reset
10:25:40.265 [DEBUG]  [Creating]    [analyzer-service:TimedExecutor-6][com.diffblue.fuzztest.g.e] DI configuration 'com.diffblue.tir.p' generated tests: 1
10:25:40.268 [DEBUG]  [Creating]    [analyzer-service:TimedExecutor-6][com.diffblue.fuzztest.g.e] Enabling descriptive test naming
10:25:40.578 [DEBUG]  [Creating]    [analyzer-service:grpc-default-executor-1][com.diffblue.fuzztest.e.c] Created 1+0 tests and partial tests via 'TrM (!sp, !fnm, df)' , returning all 1
10:25:40.959 [DEBUG]  [Creating]    [analyzer-service:grpc-default-executor-1][com.diffblue.cover.service.analyzer.a.c] Watchdog reset
10:25:40.983 [DEBUG]  [Creating]    [pool-3-thread-1]   [com.diffblue.cover.m.a.b] in processAnalysisResult for com.paritytrading.parity.file.taq.TAQ$Quote.<init>:()V
10:25:40.986 [DEBUG]  [Creating]    [pool-3-thread-1]   [com.diffblue.combiner.d.j] Using Javaparser to combine tests
10:25:42.040 [DEBUG]  [Creating]    [pool-6-thread-1]   [com.diffblue.cover.l.a.c] EdgeCoverageRuntime contains 10 edges
10:25:42.041 [DEBUG]  [Creating]    [pool-3-thread-1]   [com.diffblue.combiner.a.c] Adding changeSet to account as new: Optional[com.paritytrading.parity.file.taq.TAQ$Quote.<init>:()V]
10:25:42.144 [DEBUG]  [Creating]    [analyzer-service:grpc-default-executor-1][com.diffblue.cover.service.analyzer.a.c] Watchdog reset
10:25:42.146 [DEBUG]  [Creating]    [pool-3-thread-1]   [com.diffblue.cover.r.d] Finished with MethodGroup: <init>, countOfTests: 1, countOfMethodsTested: 1 TestGenerationAccount: a[countOfRemoved=0, countOfUnchanged=0, countOfUpdated=0, countOfNew=1]
10:25:42.147 [INFO]   [Creating]    [pool-3-thread-1]   [com.diffblue.cover.ui.b.b]      [1/24] com.paritytrading.parity.file.taq.TAQ$Quote.<init>
10:25:42.147 [INFO]   [Creating]    [pool-3-thread-1]   [com.diffblue.cover.ui.b.b]      [1/24]   Tests created: 1
10:25:42.150 [INFO]   [Creating]    [pool-3-thread-1]   [com.diffblue.cover.ui.b.b] [1/5] com.paritytrading.parity.file.taq.TAQ$Quote
10:25:42.150 [INFO]   [Creating]    [pool-3-thread-1]   [com.diffblue.cover.ui.b.b] [1/5]   Tests created: 1
10:25:42.152 [INFO]   [Creating]    [pool-3-thread-1]   [com.diffblue.cover.m.a.b] 
================================================================================
= Starting analysis for class 'com.paritytrading.parity.file.taq.TAQ$Trade'
================================================================================
10:25:42.152 [INFO]   [Creating]    [pool-3-thread-1]   [com.diffblue.cover.m.a.b] Filtering out non-testable methods...
10:25:42.153 [INFO]   [Creating]    [pool-3-thread-1]   [com.diffblue.cover.m.a.b] Filtering of methods complete. Creating analysis request
10:25:42.153 [INFO]   [Creating]    [pool-3-thread-1]   [com.diffblue.cover.service.c] Attempting to get service client, retry 1.
10:25:42.174 [DEBUG]  [Creating]    [analyzer-service:grpc-default-executor-1][com.diffblue.fuzztest.e.a] Class information:
10:25:42.175 [DEBUG]  [Creating]    [analyzer-service:grpc-default-executor-1][com.diffblue.fuzztest.e.a]   Fields: public java.lang.String com.paritytrading.parity.file.taq.TAQ$Trade.date, public java.lang.String com.paritytrading.parity.file.taq.TAQ$Trade.instrument, public double com.paritytrading.parity.file.taq.TAQ$Trade.price, public char com.paritytrading.parity.file.taq.TAQ$Trade.side, public double com.paritytrading.parity.file.taq.TAQ$Trade.size, public long com.paritytrading.parity.file.taq.TAQ$Trade.timestampMillis
10:25:42.175 [DEBUG]  [Creating]    [analyzer-service:grpc-default-executor-1][com.diffblue.fuzztest.e.a]   Constructors: public com.paritytrading.parity.file.taq.TAQ$Trade()
10:25:42.175 [DEBUG]  [Creating]    [analyzer-service:grpc-default-executor-1][com.diffblue.fuzztest.e.a]   Methods: 
10:25:42.189 [DEBUG]  [Creating]    [analyzer-service:grpc-default-executor-1][com.diffblue.cover.l.a.c] EdgeCoverageRuntime contains 10 edges
10:25:42.196 [DEBUG]  [Creating]    [analyzer-service:TimedExecutor-13][com.diffblue.fuzztest.g.e] 
================================================================================
= Creating tests for 'com.paritytrading.parity.file.taq.TAQ$Trade.<init>:()V' using 'TrM (!sp, !fnm, df)'
================================================================================
10:25:42.196 [DEBUG]  [Creating]    [analyzer-service:TimedExecutor-13][com.diffblue.fuzztest.g.e] 
================================================================================
= Trying DI configuration EmptyDependencyInjectionTirConfiguration for com.paritytrading.parity.file.taq.TAQ$Trade.<init>:()V
================================================================================
10:25:42.197 [DEBUG]  [Creating]    [analyzer-service:TimedExecutor-13][com.diffblue.cover.j.b] Mockito inline mock maker not loaded
10:25:42.272 [DEBUG]  [Creating]    [analyzer-service:TimedExecutor-13][com.diffblue.fuzztest.g.e] DI configuration 'com.diffblue.tir.p' generated tests: 1
10:25:42.273 [DEBUG]  [Creating]    [analyzer-service:TimedExecutor-13][com.diffblue.fuzztest.g.e] Enabling descriptive test naming
10:25:42.275 [DEBUG]  [Creating]    [analyzer-service:grpc-default-executor-1][com.diffblue.fuzztest.e.c] Created 1+0 tests and partial tests via 'TrM (!sp, !fnm, df)' , returning all 1
10:25:42.310 [DEBUG]  [Creating]    [pool-3-thread-1]   [com.diffblue.cover.m.a.b] in processAnalysisResult for com.paritytrading.parity.file.taq.TAQ$Trade.<init>:()V
10:25:42.311 [DEBUG]  [Creating]    [pool-3-thread-1]   [com.diffblue.combiner.d.j] Using Javaparser to combine tests
10:25:42.361 [DEBUG]  [Creating]    [pool-6-thread-2]   [com.diffblue.cover.l.a.c] EdgeCoverageRuntime contains 9 edges
10:25:42.361 [DEBUG]  [Creating]    [pool-3-thread-1]   [com.diffblue.combiner.a.c] Adding changeSet to account as new: Optional[com.paritytrading.parity.file.taq.TAQ$Trade.<init>:()V]
10:25:42.420 [DEBUG]  [Creating]    [pool-3-thread-1]   [com.diffblue.cover.r.d] Finished with MethodGroup: <init>, countOfTests: 1, countOfMethodsTested: 1 TestGenerationAccount: a[countOfRemoved=0, countOfUnchanged=0, countOfUpdated=0, countOfNew=2]
10:25:42.419 [DEBUG]  [Creating]    [analyzer-service:grpc-default-executor-1][com.diffblue.cover.service.analyzer.a.c] Watchdog reset
10:25:42.420 [INFO]   [Creating]    [pool-3-thread-1]   [com.diffblue.cover.ui.b.b]      [2/24] com.paritytrading.parity.file.taq.TAQ$Trade.<init>
10:25:42.420 [INFO]   [Creating]    [pool-3-thread-1]   [com.diffblue.cover.ui.b.b]      [2/24]   Tests created: 1
10:25:42.422 [INFO]   [Creating]    [pool-3-thread-1]   [com.diffblue.cover.ui.b.b] [2/5] com.paritytrading.parity.file.taq.TAQ$Trade
10:25:42.422 [INFO]   [Creating]    [pool-3-thread-1]   [com.diffblue.cover.ui.b.b] [2/5]   Tests created: 1
10:25:42.424 [INFO]   [Creating]    [pool-3-thread-1]   [com.diffblue.cover.m.a.b] 
================================================================================
= Starting analysis for class 'com.paritytrading.parity.file.taq.TAQConfig'
================================================================================
10:25:42.424 [INFO]   [Creating]    [pool-3-thread-1]   [com.diffblue.cover.m.a.b] Filtering out non-testable methods...
10:25:42.433 [DEBUG]  [Creating]    [pool-3-thread-1]   [com.diffblue.combiner.d.j] Using Javaparser to combine tests
10:25:42.434 [INFO]   [Creating]    [pool-3-thread-1]   [com.diffblue.cover.m.a.b] Filtering of methods complete. Creating analysis request
10:25:42.434 [INFO]   [Creating]    [pool-3-thread-1]   [com.diffblue.cover.service.c] Attempting to get service client, retry 1.
10:25:42.457 [DEBUG]  [Creating]    [analyzer-service:grpc-default-executor-1][com.diffblue.fuzztest.e.a] Class information:
10:25:42.457 [DEBUG]  [Creating]    [analyzer-service:grpc-default-executor-1][com.diffblue.fuzztest.e.a]   Fields: public static final com.paritytrading.parity.file.taq.TAQConfig com.paritytrading.parity.file.taq.TAQConfig.DEFAULTS, private static final java.text.DecimalFormatSymbols com.paritytrading.parity.file.taq.TAQConfig.SYMBOLS, private final java.text.DecimalFormat com.paritytrading.parity.file.taq.TAQConfig.defaultPriceFormat, private final java.text.DecimalFormat com.paritytrading.parity.file.taq.TAQConfig.defaultSizeFormat, private final java.nio.charset.Charset com.paritytrading.parity.file.taq.TAQConfig.encoding, private final java.util.Map com.paritytrading.parity.file.taq.TAQConfig.priceFormats, private final java.util.Map com.paritytrading.parity.file.taq.TAQConfig.sizeFormats
10:25:42.458 [DEBUG]  [Creating]    [analyzer-service:grpc-default-executor-1][com.diffblue.fuzztest.e.a]   Constructors: private com.paritytrading.parity.file.taq.TAQConfig(java.nio.charset.Charset,java.util.Map,java.util.Map,java.text.DecimalFormat,java.text.DecimalFormat), com.paritytrading.parity.file.taq.TAQConfig(java.nio.charset.Charset,java.util.Map,java.util.Map,java.text.DecimalFormat,java.text.DecimalFormat,com.paritytrading.parity.file.taq.TAQConfig$1)
10:25:42.458 [DEBUG]  [Creating]    [analyzer-service:grpc-default-executor-1][com.diffblue.fuzztest.e.a]   Methods: static java.text.DecimalFormat com.paritytrading.parity.file.taq.TAQConfig.access$000(), static void com.paritytrading.parity.file.taq.TAQConfig.access$100(java.text.DecimalFormat,int), static java.text.DecimalFormat com.paritytrading.parity.file.taq.TAQConfig.access$200(java.util.Map,java.lang.String), public java.nio.charset.Charset com.paritytrading.parity.file.taq.TAQConfig.getEncoding(), private static java.text.DecimalFormat com.paritytrading.parity.file.taq.TAQConfig.getFormat(java.util.Map,java.lang.String), public java.text.DecimalFormat com.paritytrading.parity.file.taq.TAQConfig.getPriceFormat(java.lang.String), public java.text.DecimalFormat com.paritytrading.parity.file.taq.TAQConfig.getSizeFormat(java.lang.String), private static java.text.DecimalFormat com.paritytrading.parity.file.taq.TAQConfig.lambda$getFormat$0(java.lang.String), private static java.text.DecimalFormat com.paritytrading.parity.file.taq.TAQConfig.newFormat(), private static void com.paritytrading.parity.file.taq.TAQConfig.setFractionDigits(java.text.DecimalFormat,int)
10:25:42.558 [DEBUG]  [Creating]    [analyzer-service:grpc-default-executor-1][com.diffblue.cover.l.a.c] EdgeCoverageRuntime contains 10 edges
10:25:42.583 [DEBUG]  [Creating]    [analyzer-service:TimedExecutor-20][com.diffblue.fuzztest.g.e] 
================================================================================
= Creating tests for 'com.paritytrading.parity.file.taq.TAQConfig.getEncoding:()Ljava/nio/charset/Charset;' using 'TrM (!sp, !fnm, df)'
================================================================================
10:25:42.584 [DEBUG]  [Creating]    [analyzer-service:TimedExecutor-20][com.diffblue.fuzztest.g.e] 
================================================================================
= Trying DI configuration EmptyDependencyInjectionTirConfiguration for com.paritytrading.parity.file.taq.TAQConfig.getEncoding:()Ljava/nio/charset/Charset;
================================================================================
10:25:42.584 [DEBUG]  [Creating]    [analyzer-service:TimedExecutor-20][com.diffblue.cover.j.b] Mockito inline mock maker not loaded
10:25:43.344 [DEBUG]  [Creating]    [analyzer-service:TimedExecutor-20][com.diffblue.cover.service.analyzer.a.c] Watchdog reset
10:25:43.435 [DEBUG]  [Creating]    [analyzer-service:TimedExecutor-20][com.diffblue.fuzztest.g.e] DI configuration 'com.diffblue.tir.p' generated tests: 1
10:25:43.436 [DEBUG]  [Creating]    [analyzer-service:TimedExecutor-20][com.diffblue.fuzztest.g.e] Enabling descriptive test naming
10:25:43.439 [DEBUG]  [Creating]    [analyzer-service:grpc-default-executor-1][com.diffblue.fuzztest.e.c] Created 1+0 tests and partial tests via 'TrM (!sp, !fnm, df)' , returning all 1
10:25:43.463 [DEBUG]  [Creating]    [pool-3-thread-1]   [com.diffblue.cover.m.a.b] in processAnalysisResult for com.paritytrading.parity.file.taq.TAQConfig.getEncoding:()Ljava/nio/charset/Charset;
10:25:43.463 [DEBUG]  [Creating]    [pool-3-thread-1]   [com.diffblue.combiner.d.j] Using Javaparser to combine tests
10:25:43.526 [DEBUG]  [Creating]    [pool-6-thread-3]   [com.diffblue.cover.l.a.c] EdgeCoverageRuntime contains 5 edges
10:25:43.526 [DEBUG]  [Creating]    [pool-3-thread-1]   [com.diffblue.combiner.a.c] Adding changeSet to account as new: Optional[com.paritytrading.parity.file.taq.TAQConfig.getEncoding:()Ljava/nio/charset/Charset;]
10:25:43.557 [DEBUG]  [Creating]    [analyzer-service:TimedExecutor-21][com.diffblue.fuzztest.g.e] 
================================================================================
= Creating tests for 'com.paritytrading.parity.file.taq.TAQConfig.getPriceFormat:(Ljava/lang/String;)Ljava/text/DecimalFormat;' using 'SiM (!sp, fnm, df)'
================================================================================
10:25:43.560 [DEBUG]  [Creating]    [analyzer-service:TimedExecutor-21][com.diffblue.cover.f.e.ad] Looking for xml files in /home/jbergqvist/diffblue/paritytrading-parity/libraries/file/target/classes
10:25:43.562 [DEBUG]  [Creating]    [analyzer-service:TimedExecutor-21][com.diffblue.cover.f.e.ad] Looking for xml files in /home/jbergqvist/diffblue/paritytrading-parity/libraries/file/target/test-classes
10:25:43.563 [DEBUG]  [Creating]    [analyzer-service:TimedExecutor-21][com.diffblue.cover.f.e.ad] Processed all XML files: 0 Time: 33μs
10:25:43.954 [DEBUG]  [Creating]    [analyzer-service:TimedExecutor-21][com.diffblue.fuzztest.g.ap] Parsed existing test class at /home/jbergqvist/diffblue/paritytrading-parity/libraries/file/src/test/java/com/paritytrading/parity/file/taq/TAQConfigDiffblueTest.java: found 0 annotations
10:25:43.955 [DEBUG]  [Creating]    [analyzer-service:TimedExecutor-21][com.diffblue.fuzztest.g.e] 
================================================================================
= Trying DI configuration EmptyDependencyInjectionTirConfiguration for com.paritytrading.parity.file.taq.TAQConfig.getPriceFormat:(Ljava/lang/String;)Ljava/text/DecimalFormat;
================================================================================
10:25:43.955 [DEBUG]  [Creating]    [analyzer-service:TimedExecutor-21][com.diffblue.cover.j.b] Mockito inline mock maker not loaded
10:25:44.013 [DEBUG]  [Creating]    [analyzer-service:TimedExecutor-21][com.diffblue.cover.service.analyzer.a.c] Watchdog reset
10:25:44.381 [DEBUG]  [Creating]    [analyzer-service:TimedExecutor-21][com.diffblue.fuzztest.b.f] Refinement loop done: 1 seeds, 1+0 new+accumulated tests, 1+0 tests+partial tests, 175/1000 its
10:25:44.491 [DEBUG]  [Creating]    [analyzer-service:TimedExecutor-21][com.diffblue.fuzztest.g.e] DI configuration 'com.diffblue.tir.p' generated tests: 1
10:25:44.492 [DEBUG]  [Creating]    [analyzer-service:TimedExecutor-21][com.diffblue.fuzztest.g.e] Enabling descriptive test naming
10:25:44.494 [DEBUG]  [Creating]    [analyzer-service:grpc-default-executor-1][com.diffblue.fuzztest.e.c] Created 1+0 tests and partial tests via 'SiM (!sp, fnm, df)' SiM fallback 1/2, returning all 1
10:25:44.543 [DEBUG]  [Creating]    [pool-3-thread-1]   [com.diffblue.cover.m.a.b] in processAnalysisResult for com.paritytrading.parity.file.taq.TAQConfig.getPriceFormat:(Ljava/lang/String;)Ljava/text/DecimalFormat;
10:25:44.543 [DEBUG]  [Creating]    [pool-3-thread-1]   [com.diffblue.cover.r.d] Finished with MethodGroup: getEncoding, countOfTests: 1, countOfMethodsTested: 1 TestGenerationAccount: a[countOfRemoved=0, countOfUnchanged=0, countOfUpdated=0, countOfNew=3]
10:25:44.543 [INFO]   [Creating]    [pool-3-thread-1]   [com.diffblue.cover.ui.b.b]      [3/24] com.paritytrading.parity.file.taq.TAQConfig.getEncoding
10:25:44.543 [INFO]   [Creating]    [pool-3-thread-1]   [com.diffblue.cover.ui.b.b]      [3/24]   Tests created: 1
10:25:44.543 [DEBUG]  [Creating]    [pool-3-thread-1]   [com.diffblue.combiner.d.j] Using Javaparser to combine tests
10:25:44.593 [DEBUG]  [Creating]    [pool-6-thread-4]   [com.diffblue.cover.l.a.c] EdgeCoverageRuntime contains 37 edges
10:25:44.593 [DEBUG]  [Creating]    [pool-3-thread-1]   [com.diffblue.combiner.a.c] Adding changeSet to account as new: Optional[com.paritytrading.parity.file.taq.TAQConfig.getPriceFormat:(Ljava/lang/String;)Ljava/text/DecimalFormat;]
10:25:44.678 [DEBUG]  [Creating]    [analyzer-service:grpc-default-executor-1][com.diffblue.cover.service.analyzer.a.c] Watchdog reset
10:25:44.678 [DEBUG]  [Creating]    [analyzer-service:TimedExecutor-22][com.diffblue.fuzztest.g.e] 
================================================================================
= Creating tests for 'com.paritytrading.parity.file.taq.TAQConfig.getSizeFormat:(Ljava/lang/String;)Ljava/text/DecimalFormat;' using 'SiM (!sp, fnm, df)'
================================================================================
10:25:44.693 [DEBUG]  [Creating]    [analyzer-service:TimedExecutor-22][com.diffblue.fuzztest.g.ap] Parsed existing test class at /home/jbergqvist/diffblue/paritytrading-parity/libraries/file/src/test/java/com/paritytrading/parity/file/taq/TAQConfigDiffblueTest.java: found 0 annotations
10:25:44.693 [DEBUG]  [Creating]    [analyzer-service:TimedExecutor-22][com.diffblue.fuzztest.g.e] 
================================================================================
= Trying DI configuration EmptyDependencyInjectionTirConfiguration for com.paritytrading.parity.file.taq.TAQConfig.getSizeFormat:(Ljava/lang/String;)Ljava/text/DecimalFormat;
================================================================================
10:25:44.693 [DEBUG]  [Creating]    [analyzer-service:TimedExecutor-22][com.diffblue.cover.j.b] Mockito inline mock maker not loaded
10:25:44.976 [DEBUG]  [Creating]    [analyzer-service:TimedExecutor-22][com.diffblue.fuzztest.b.f] Refinement loop done: 1 seeds, 1+0 new+accumulated tests, 1+0 tests+partial tests, 175/1000 its
10:25:45.044 [DEBUG]  [Creating]    [analyzer-service:TimedExecutor-22][com.diffblue.fuzztest.g.e] DI configuration 'com.diffblue.tir.p' generated tests: 1
10:25:45.044 [DEBUG]  [Creating]    [analyzer-service:TimedExecutor-22][com.diffblue.fuzztest.g.e] Enabling descriptive test naming
10:25:45.045 [DEBUG]  [Creating]    [analyzer-service:grpc-default-executor-1][com.diffblue.fuzztest.e.c] Created 1+0 tests and partial tests via 'SiM (!sp, fnm, df)' SiM fallback 1/2, returning all 1
10:25:45.078 [DEBUG]  [Creating]    [pool-3-thread-1]   [com.diffblue.cover.m.a.b] in processAnalysisResult for com.paritytrading.parity.file.taq.TAQConfig.getSizeFormat:(Ljava/lang/String;)Ljava/text/DecimalFormat;
10:25:45.078 [DEBUG]  [Creating]    [pool-3-thread-1]   [com.diffblue.cover.r.d] Finished with MethodGroup: getPriceFormat, countOfTests: 1, countOfMethodsTested: 1 TestGenerationAccount: a[countOfRemoved=0, countOfUnchanged=0, countOfUpdated=0, countOfNew=4]
10:25:45.078 [INFO]   [Creating]    [pool-3-thread-1]   [com.diffblue.cover.ui.b.b]      [4/24] com.paritytrading.parity.file.taq.TAQConfig.getPriceFormat
10:25:45.078 [INFO]   [Creating]    [pool-3-thread-1]   [com.diffblue.cover.ui.b.b]      [4/24]   Tests created: 1
10:25:45.078 [DEBUG]  [Creating]    [pool-3-thread-1]   [com.diffblue.combiner.d.j] Using Javaparser to combine tests
10:25:45.139 [DEBUG]  [Creating]    [pool-6-thread-5]   [com.diffblue.cover.l.a.c] EdgeCoverageRuntime contains 37 edges
10:25:45.140 [DEBUG]  [Creating]    [pool-3-thread-1]   [com.diffblue.combiner.a.c] Adding changeSet to account as new: Optional[com.paritytrading.parity.file.taq.TAQConfig.getSizeFormat:(Ljava/lang/String;)Ljava/text/DecimalFormat;]
10:25:45.213 [DEBUG]  [Creating]    [pool-3-thread-1]   [com.diffblue.cover.r.d] Finished with MethodGroup: getSizeFormat, countOfTests: 1, countOfMethodsTested: 1 TestGenerationAccount: a[countOfRemoved=0, countOfUnchanged=0, countOfUpdated=0, countOfNew=5]
10:25:45.212 [DEBUG]  [Creating]    [analyzer-service:grpc-default-executor-1][com.diffblue.cover.service.analyzer.a.c] Watchdog reset
10:25:45.214 [INFO]   [Creating]    [pool-3-thread-1]   [com.diffblue.cover.ui.b.b]      [5/24] com.paritytrading.parity.file.taq.TAQConfig.getSizeFormat
10:25:45.214 [INFO]   [Creating]    [pool-3-thread-1]   [com.diffblue.cover.ui.b.b]      [5/24]   Tests created: 1
10:25:45.216 [INFO]   [Creating]    [pool-3-thread-1]   [com.diffblue.cover.ui.b.b] [3/5] com.paritytrading.parity.file.taq.TAQConfig
10:25:45.216 [INFO]   [Creating]    [pool-3-thread-1]   [com.diffblue.cover.ui.b.b] [3/5]   Tests created: 3
10:25:45.217 [INFO]   [Creating]    [pool-3-thread-1]   [com.diffblue.cover.m.a.b] 
================================================================================
= Starting analysis for class 'com.paritytrading.parity.file.taq.TAQConfig$Builder'
================================================================================
10:25:45.217 [INFO]   [Creating]    [pool-3-thread-1]   [com.diffblue.cover.m.a.b] Filtering out non-testable methods...
10:25:45.229 [INFO]   [Creating]    [pool-3-thread-1]   [com.diffblue.cover.m.a.b] Filtering of methods complete. Creating analysis request
10:25:45.229 [INFO]   [Creating]    [pool-3-thread-1]   [com.diffblue.cover.service.c] Attempting to get service client, retry 1.
10:25:45.249 [DEBUG]  [Creating]    [analyzer-service:grpc-default-executor-1][com.diffblue.fuzztest.e.a] Class information:
10:25:45.249 [DEBUG]  [Creating]    [analyzer-service:grpc-default-executor-1][com.diffblue.fuzztest.e.a]   Fields: private java.text.DecimalFormat com.paritytrading.parity.file.taq.TAQConfig$Builder.defaultPriceFormat, private java.text.DecimalFormat com.paritytrading.parity.file.taq.TAQConfig$Builder.defaultSizeFormat, private java.nio.charset.Charset com.paritytrading.parity.file.taq.TAQConfig$Builder.encoding, private java.util.Map com.paritytrading.parity.file.taq.TAQConfig$Builder.priceFormats, private java.util.Map com.paritytrading.parity.file.taq.TAQConfig$Builder.sizeFormats
10:25:45.249 [DEBUG]  [Creating]    [analyzer-service:grpc-default-executor-1][com.diffblue.fuzztest.e.a]   Constructors: public com.paritytrading.parity.file.taq.TAQConfig$Builder()
10:25:45.249 [DEBUG]  [Creating]    [analyzer-service:grpc-default-executor-1][com.diffblue.fuzztest.e.a]   Methods: public com.paritytrading.parity.file.taq.TAQConfig com.paritytrading.parity.file.taq.TAQConfig$Builder.build(), public com.paritytrading.parity.file.taq.TAQConfig$Builder com.paritytrading.parity.file.taq.TAQConfig$Builder.setEncoding(java.nio.charset.Charset), public com.paritytrading.parity.file.taq.TAQConfig$Builder com.paritytrading.parity.file.taq.TAQConfig$Builder.setPriceFractionDigits(int), public com.paritytrading.parity.file.taq.TAQConfig$Builder com.paritytrading.parity.file.taq.TAQConfig$Builder.setPriceFractionDigits(java.lang.String,int), public com.paritytrading.parity.file.taq.TAQConfig$Builder com.paritytrading.parity.file.taq.TAQConfig$Builder.setSizeFractionDigits(int), public com.paritytrading.parity.file.taq.TAQConfig$Builder com.paritytrading.parity.file.taq.TAQConfig$Builder.setSizeFractionDigits(java.lang.String,int)
10:25:45.285 [DEBUG]  [Creating]    [analyzer-service:grpc-default-executor-1][com.diffblue.cover.l.a.c] EdgeCoverageRuntime contains 10 edges
10:25:45.300 [DEBUG]  [Creating]    [analyzer-service:TimedExecutor-29][com.diffblue.fuzztest.g.e] 
================================================================================
= Creating tests for 'com.paritytrading.parity.file.taq.TAQConfig$Builder.build:()Lcom/paritytrading/parity/file/taq/TAQConfig;, com.paritytrading.parity.file.taq.TAQConfig$Builder.setEncoding:(Ljava/nio/charset/Charset;)Lcom/paritytrading/parity/file/taq/TAQConfig$Builder;' using 'B (!sp, !fnm, df)'
================================================================================
10:25:45.315 [DEBUG]  [Creating]    [analyzer-service:TimedExecutor-29][com.diffblue.fuzztest.g.ap] Parsed existing test class at /home/jbergqvist/diffblue/paritytrading-parity/libraries/file/src/test/java/com/paritytrading/parity/file/taq/TAQConfigDiffblueTest.java: found 0 annotations
10:25:45.315 [DEBUG]  [Creating]    [analyzer-service:TimedExecutor-29][com.diffblue.fuzztest.g.e] 
================================================================================
= Trying DI configuration com.diffblue.cover.f.e.aa@20 for com.paritytrading.parity.file.taq.TAQConfig$Builder.build:()Lcom/paritytrading/parity/file/taq/TAQConfig;
================================================================================
10:25:45.316 [DEBUG]  [Creating]    [analyzer-service:TimedExecutor-29][com.diffblue.cover.j.b] Mockito inline mock maker not loaded
10:25:45.371 [DEBUG]  [Creating]    [analyzer-service:TimedExecutor-29][com.diffblue.fuzztest.g.e] DI configuration 'com.diffblue.cover.f.e.aa' generated tests: 1
10:25:45.372 [DEBUG]  [Creating]    [analyzer-service:TimedExecutor-29][com.diffblue.fuzztest.g.e] 
================================================================================
= Trying DI configuration EmptyDependencyInjectionTirConfiguration for com.paritytrading.parity.file.taq.TAQConfig$Builder.build:()Lcom/paritytrading/parity/file/taq/TAQConfig;
================================================================================
10:25:45.372 [DEBUG]  [Creating]    [analyzer-service:TimedExecutor-29][com.diffblue.cover.j.b] Mockito inline mock maker not loaded
10:25:45.419 [DEBUG]  [Creating]    [analyzer-service:TimedExecutor-29][com.diffblue.cover.j.b] Mockito inline mock maker not loaded
10:25:45.427 [DEBUG]  [Creating]    [analyzer-service:TimedExecutor-29][com.diffblue.cover.j.b] Mockito inline mock maker not loaded
10:25:45.435 [DEBUG]  [Creating]    [analyzer-service:TimedExecutor-29][com.diffblue.fuzztest.g.e] Enabling descriptive test naming
10:25:45.436 [DEBUG]  [Creating]    [analyzer-service:grpc-default-executor-1][com.diffblue.fuzztest.e.c] Created 1+0 tests and partial tests via 'B (!sp, !fnm, df)' , returning all 1
10:25:45.460 [DEBUG]  [Creating]    [pool-3-thread-1]   [com.diffblue.cover.m.a.b] in processAnalysisResult for com.paritytrading.parity.file.taq.TAQConfig$Builder.build:()Lcom/paritytrading/parity/file/taq/TAQConfig;, com.paritytrading.parity.file.taq.TAQConfig$Builder.setEncoding:(Ljava/nio/charset/Charset;)Lcom/paritytrading/parity/file/taq/TAQConfig$Builder;
10:25:45.460 [DEBUG]  [Creating]    [pool-3-thread-1]   [com.diffblue.combiner.d.j] Using Javaparser to combine tests
10:25:45.503 [DEBUG]  [Creating]    [pool-6-thread-6]   [com.diffblue.cover.l.a.c] EdgeCoverageRuntime contains 10 edges
10:25:45.504 [DEBUG]  [Creating]    [pool-3-thread-1]   [com.diffblue.combiner.a.c] Adding changeSet to account as new: Optional[com.paritytrading.parity.file.taq.TAQConfig$Builder.build:()Lcom/paritytrading/parity/file/taq/TAQConfig;, com.paritytrading.parity.file.taq.TAQConfig$Builder.setEncoding:(Ljava/nio/charset/Charset;)Lcom/paritytrading/parity/file/taq/TAQConfig$Builder;]
10:25:45.546 [DEBUG]  [Creating]    [analyzer-service:TimedExecutor-30][com.diffblue.fuzztest.g.e] 
================================================================================
= Creating tests for 'com.paritytrading.parity.file.taq.TAQConfig$Builder.<init>:()V' using 'SiM (!sp, fnm, df)'
================================================================================
10:25:45.559 [DEBUG]  [Creating]    [analyzer-service:TimedExecutor-30][com.diffblue.fuzztest.g.ap] Parsed existing test class at /home/jbergqvist/diffblue/paritytrading-parity/libraries/file/src/test/java/com/paritytrading/parity/file/taq/TAQConfigDiffblueTest.java: found 0 annotations
10:25:45.559 [DEBUG]  [Creating]    [analyzer-service:TimedExecutor-30][com.diffblue.fuzztest.g.e] 
================================================================================
= Trying DI configuration MockitoDependencyInjection
 @Mock [java.text.DecimalFormat, java.util.Map<java.lang.String, java.text.DecimalFormat>]
 @InjectMocks [com.paritytrading.parity.file.taq.TAQConfig$Builder]
 for com.paritytrading.parity.file.taq.TAQConfig$Builder.<init>:()V
================================================================================
10:25:45.560 [DEBUG]  [Creating]    [analyzer-service:TimedExecutor-30][com.diffblue.cover.j.b] Mockito inline mock maker not loaded
10:25:45.631 [DEBUG]  [Creating]    [analyzer-service:TimedExecutor-30][com.diffblue.fuzztest.b.f] Refinement loop done: 1 seeds, 1+0 new+accumulated tests, 1+0 tests+partial tests, 1/1000 its
10:25:45.674 [DEBUG]  [Creating]    [analyzer-service:TimedExecutor-30][com.diffblue.fuzztest.g.e] DI configuration 'com.diffblue.cover.f.d.h' generated tests: 1
10:25:45.674 [DEBUG]  [Creating]    [analyzer-service:TimedExecutor-30][com.diffblue.fuzztest.g.e] 
================================================================================
= Trying DI configuration EmptyDependencyInjectionTirConfiguration for com.paritytrading.parity.file.taq.TAQConfig$Builder.<init>:()V
================================================================================
10:25:45.674 [DEBUG]  [Creating]    [analyzer-service:TimedExecutor-30][com.diffblue.cover.j.b] Mockito inline mock maker not loaded
10:25:45.682 [DEBUG]  [Creating]    [analyzer-service:TimedExecutor-30][com.diffblue.fuzztest.b.f] Refinement loop done: 1 seeds, 1+0 new+accumulated tests, 1+0 tests+partial tests, 1/1000 its
10:25:45.707 [DEBUG]  [Creating]    [analyzer-service:TimedExecutor-30][com.diffblue.cover.j.b] Mockito inline mock maker not loaded
10:25:45.717 [DEBUG]  [Creating]    [analyzer-service:TimedExecutor-30][com.diffblue.cover.j.b] Mockito inline mock maker not loaded
10:25:45.728 [DEBUG]  [Creating]    [analyzer-service:TimedExecutor-30][com.diffblue.fuzztest.g.e] Enabling descriptive test naming
10:25:45.730 [DEBUG]  [Creating]    [analyzer-service:TimedExecutor-31][com.diffblue.fuzztest.g.e] 
================================================================================
= Creating tests for 'com.paritytrading.parity.file.taq.TAQConfig$Builder.<init>:()V' using 'SiM (!sp, !fnm, df)'
================================================================================
10:25:45.738 [DEBUG]  [Creating]    [analyzer-service:TimedExecutor-31][com.diffblue.fuzztest.g.ap] Parsed existing test class at /home/jbergqvist/diffblue/paritytrading-parity/libraries/file/src/test/java/com/paritytrading/parity/file/taq/TAQConfigDiffblueTest.java: found 0 annotations
10:25:45.738 [DEBUG]  [Creating]    [analyzer-service:TimedExecutor-31][com.diffblue.fuzztest.g.e] 
================================================================================
= Trying DI configuration MockitoDependencyInjection
 @Mock [java.text.DecimalFormat, java.util.Map<java.lang.String, java.text.DecimalFormat>]
 @InjectMocks [com.paritytrading.parity.file.taq.TAQConfig$Builder]
 for com.paritytrading.parity.file.taq.TAQConfig$Builder.<init>:()V
================================================================================
10:25:45.738 [DEBUG]  [Creating]    [analyzer-service:TimedExecutor-31][com.diffblue.cover.j.b] Mockito inline mock maker not loaded
10:25:45.748 [DEBUG]  [Creating]    [analyzer-service:TimedExecutor-31][com.diffblue.fuzztest.b.f] Refinement loop done: 1 seeds, 1+0 new+accumulated tests, 1+0 tests+partial tests, 1/1000 its
10:25:45.784 [DEBUG]  [Creating]    [analyzer-service:TimedExecutor-31][com.diffblue.fuzztest.g.e] DI configuration 'com.diffblue.cover.f.d.h' generated tests: 1
10:25:45.784 [DEBUG]  [Creating]    [analyzer-service:TimedExecutor-31][com.diffblue.fuzztest.g.e] 
================================================================================
= Trying DI configuration EmptyDependencyInjectionTirConfiguration for com.paritytrading.parity.file.taq.TAQConfig$Builder.<init>:()V
================================================================================
10:25:45.784 [DEBUG]  [Creating]    [analyzer-service:TimedExecutor-31][com.diffblue.cover.j.b] Mockito inline mock maker not loaded
10:25:45.792 [DEBUG]  [Creating]    [analyzer-service:TimedExecutor-31][com.diffblue.fuzztest.b.f] Refinement loop done: 1 seeds, 1+0 new+accumulated tests, 1+0 tests+partial tests, 1/1000 its
10:25:45.817 [DEBUG]  [Creating]    [analyzer-service:TimedExecutor-31][com.diffblue.cover.j.b] Mockito inline mock maker not loaded
10:25:45.824 [DEBUG]  [Creating]    [analyzer-service:TimedExecutor-31][com.diffblue.cover.j.b] Mockito inline mock maker not loaded
10:25:45.832 [DEBUG]  [Creating]    [analyzer-service:TimedExecutor-31][com.diffblue.fuzztest.g.e] Enabling descriptive test naming
10:25:45.833 [DEBUG]  [Creating]    [analyzer-service:grpc-default-executor-1][com.diffblue.fuzztest.g.o] All 2 subs failed to create any test, failing with first error seen
10:25:45.840 [DEBUG]  [Creating]    [pool-3-thread-1]   [com.diffblue.cover.m.a.b] in processAnalysisResult for com.paritytrading.parity.file.taq.TAQConfig$Builder.<init>:()V
10:25:45.840 [DEBUG]  [Creating]    [pool-3-thread-1]   [com.diffblue.cover.r.d] Finished with MethodGroup: build, countOfTests: 1, countOfMethodsTested: 2 TestGenerationAccount: a[countOfRemoved=0, countOfUnchanged=0, countOfUpdated=0, countOfNew=6]
10:25:45.840 [INFO]   [Creating]    [pool-3-thread-1]   [com.diffblue.cover.ui.b.b]      [6/24] com.paritytrading.parity.file.taq.TAQConfig$Builder.build
10:25:45.840 [INFO]   [Creating]    [pool-3-thread-1]   [com.diffblue.cover.ui.b.b]      [7/24] com.paritytrading.parity.file.taq.TAQConfig$Builder.setEncoding
10:25:45.840 [INFO]   [Creating]    [pool-3-thread-1]   [com.diffblue.cover.ui.b.b]      [7/24]   Tests created: 1
10:25:45.842 [INFO]   [Creating]    [pool-3-thread-1]   [com.diffblue.cover.ui.b.b]      [8/24] com.paritytrading.parity.file.taq.TAQConfig$Builder.<init>
10:25:45.842 [INFO]   [Creating]    [pool-3-thread-1]   [com.diffblue.cover.ui.b.b]      [8/24]   R003: Test did not increase coverage
10:25:45.842 [DEBUG]  [Creating]    [pool-3-thread-1]   [com.diffblue.cover.ui.b.b]      [8/24]   (at least 9 lines uncovered in this method)
10:25:45.842 [INFO]   [Creating]    [pool-3-thread-1]   [com.diffblue.cover.ui.b.b]      [8/24]     Diffblue Cover could not find a test that improves the coverage already
10:25:45.842 [INFO]   [Creating]    [pool-3-thread-1]   [com.diffblue.cover.ui.b.b]      [8/24]     provided by existing tests.
10:25:45.843 [DEBUG]  [Creating]    [analyzer-service:TimedExecutor-32][com.diffblue.fuzztest.g.e] 
================================================================================
= Creating tests for 'com.paritytrading.parity.file.taq.TAQConfig$Builder.setPriceFractionDigits:(I)Lcom/paritytrading/parity/file/taq/TAQConfig$Builder;' using 'SiM (!sp, fnm, df)'
================================================================================
10:25:45.851 [DEBUG]  [Creating]    [analyzer-service:TimedExecutor-32][com.diffblue.fuzztest.g.ap] Parsed existing test class at /home/jbergqvist/diffblue/paritytrading-parity/libraries/file/src/test/java/com/paritytrading/parity/file/taq/TAQConfigDiffblueTest.java: found 0 annotations
10:25:45.851 [DEBUG]  [Creating]    [analyzer-service:TimedExecutor-32][com.diffblue.fuzztest.g.e] 
================================================================================
= Trying DI configuration MockitoDependencyInjection
 @Mock [java.text.DecimalFormat, java.util.Map<java.lang.String, java.text.DecimalFormat>]
 @InjectMocks [com.paritytrading.parity.file.taq.TAQConfig$Builder]
 for com.paritytrading.parity.file.taq.TAQConfig$Builder.setPriceFractionDigits:(I)Lcom/paritytrading/parity/file/taq/TAQConfig$Builder;
================================================================================
10:25:45.851 [DEBUG]  [Creating]    [analyzer-service:TimedExecutor-32][com.diffblue.cover.j.b] Mockito inline mock maker not loaded
10:25:45.899 [DEBUG]  [Creating]    [analyzer-service:TimedExecutor-32][com.diffblue.fuzztest.b.f] Refinement loop done: 1 seeds, 1+0 new+accumulated tests, 1+0 tests+partial tests, 33/1000 its
10:25:45.951 [DEBUG]  [Creating]    [analyzer-service:TimedExecutor-32][com.diffblue.fuzztest.g.e] DI configuration 'com.diffblue.cover.f.d.h' generated tests: 1
10:25:45.951 [DEBUG]  [Creating]    [analyzer-service:TimedExecutor-32][com.diffblue.fuzztest.g.e] 
================================================================================
= Trying DI configuration EmptyDependencyInjectionTirConfiguration for com.paritytrading.parity.file.taq.TAQConfig$Builder.setPriceFractionDigits:(I)Lcom/paritytrading/parity/file/taq/TAQConfig$Builder;
================================================================================
10:25:45.952 [DEBUG]  [Creating]    [analyzer-service:TimedExecutor-32][com.diffblue.cover.j.b] Mockito inline mock maker not loaded
10:25:45.997 [DEBUG]  [Creating]    [analyzer-service:TimedExecutor-32][com.diffblue.fuzztest.b.f] Refinement loop done: 1 seeds, 1+0 new+accumulated tests, 1+0 tests+partial tests, 34/1000 its
10:25:46.033 [DEBUG]  [Creating]    [analyzer-service:TimedExecutor-32][com.diffblue.cover.j.b] Mockito inline mock maker not loaded
10:25:46.040 [DEBUG]  [Creating]    [analyzer-service:TimedExecutor-32][com.diffblue.cover.j.b] Mockito inline mock maker not loaded
10:25:46.049 [DEBUG]  [Creating]    [analyzer-service:TimedExecutor-32][com.diffblue.fuzztest.g.e] Enabling descriptive test naming
10:25:46.051 [DEBUG]  [Creating]    [analyzer-service:grpc-default-executor-1][com.diffblue.fuzztest.e.c] Created 1+0 tests and partial tests via 'SiM (!sp, fnm, df)' SiM fallback 1/2, returning all 1
10:25:46.075 [DEBUG]  [Creating]    [pool-3-thread-1]   [com.diffblue.cover.m.a.b] in processAnalysisResult for com.paritytrading.parity.file.taq.TAQConfig$Builder.setPriceFractionDigits:(I)Lcom/paritytrading/parity/file/taq/TAQConfig$Builder;
10:25:46.075 [DEBUG]  [Creating]    [pool-3-thread-1]   [com.diffblue.combiner.d.j] Using Javaparser to combine tests
10:25:46.105 [DEBUG]  [Creating]    [pool-6-thread-7]   [com.diffblue.cover.l.a.c] EdgeCoverageRuntime contains 9 edges
10:25:46.106 [DEBUG]  [Creating]    [pool-3-thread-1]   [com.diffblue.combiner.a.c] Adding changeSet to account as new: Optional[com.paritytrading.parity.file.taq.TAQConfig$Builder.setPriceFractionDigits:(I)Lcom/paritytrading/parity/file/taq/TAQConfig$Builder;]
10:25:46.137 [DEBUG]  [Creating]    [analyzer-service:TimedExecutor-33][com.diffblue.fuzztest.g.e] 
================================================================================
= Creating tests for 'com.paritytrading.parity.file.taq.TAQConfig$Builder.setPriceFractionDigits:(Ljava/lang/String;I)Lcom/paritytrading/parity/file/taq/TAQConfig$Builder;' using 'SiM (!sp, fnm, df)'
================================================================================
10:25:46.146 [DEBUG]  [Creating]    [analyzer-service:TimedExecutor-33][com.diffblue.fuzztest.g.ap] Parsed existing test class at /home/jbergqvist/diffblue/paritytrading-parity/libraries/file/src/test/java/com/paritytrading/parity/file/taq/TAQConfigDiffblueTest.java: found 0 annotations
10:25:46.146 [DEBUG]  [Creating]    [analyzer-service:TimedExecutor-33][com.diffblue.fuzztest.g.e] 
================================================================================
= Trying DI configuration MockitoDependencyInjection
 @Mock [java.text.DecimalFormat, java.util.Map<java.lang.String, java.text.DecimalFormat>]
 @InjectMocks [com.paritytrading.parity.file.taq.TAQConfig$Builder]
 for com.paritytrading.parity.file.taq.TAQConfig$Builder.setPriceFractionDigits:(Ljava/lang/String;I)Lcom/paritytrading/parity/file/taq/TAQConfig$Builder;
================================================================================
10:25:46.147 [DEBUG]  [Creating]    [analyzer-service:TimedExecutor-33][com.diffblue.cover.j.b] Mockito inline mock maker not loaded
10:25:46.651 [DEBUG]  [Creating]    [analyzer-service:TimedExecutor-33][com.diffblue.fuzztest.b.f] Refinement loop done: 1 seeds, 2+0 new+accumulated tests, 1+1 tests+partial tests, 271/1000 its
10:25:46.709 [DEBUG]  [Creating]    [analyzer-service:TimedExecutor-33][com.diffblue.cover.j.b] Mockito inline mock maker not loaded
10:25:46.717 [DEBUG]  [Creating]    [analyzer-service:TimedExecutor-33][com.diffblue.fuzztest.g.e] DI configuration 'com.diffblue.cover.f.d.h' generated tests: 2
10:25:46.717 [DEBUG]  [Creating]    [analyzer-service:TimedExecutor-33][com.diffblue.fuzztest.g.e] 
================================================================================
= Trying DI configuration EmptyDependencyInjectionTirConfiguration for com.paritytrading.parity.file.taq.TAQConfig$Builder.setPriceFractionDigits:(Ljava/lang/String;I)Lcom/paritytrading/parity/file/taq/TAQConfig$Builder;
================================================================================
10:25:46.717 [DEBUG]  [Creating]    [analyzer-service:TimedExecutor-33][com.diffblue.cover.j.b] Mockito inline mock maker not loaded
10:25:46.774 [DEBUG]  [Creating]    [analyzer-service:TimedExecutor-33][com.diffblue.fuzztest.b.f] Refinement loop done: 1 seeds, 1+0 new+accumulated tests, 1+0 tests+partial tests, 60/1000 its
10:25:46.805 [DEBUG]  [Creating]    [analyzer-service:TimedExecutor-33][com.diffblue.cover.j.b] Mockito inline mock maker not loaded
10:25:46.812 [DEBUG]  [Creating]    [analyzer-service:TimedExecutor-33][com.diffblue.cover.j.b] Mockito inline mock maker not loaded
10:25:46.820 [DEBUG]  [Creating]    [analyzer-service:TimedExecutor-33][com.diffblue.cover.j.b] Mockito inline mock maker not loaded
10:25:46.827 [DEBUG]  [Creating]    [analyzer-service:TimedExecutor-33][com.diffblue.fuzztest.g.e] Enabling descriptive test naming
10:25:46.846 [DEBUG]  [Creating]    [analyzer-service:grpc-default-executor-1][com.diffblue.fuzztest.e.c] Created 2+0 tests and partial tests via 'SiM (!sp, fnm, df)' SiM fallback 1/2, returning all 2
10:25:46.896 [DEBUG]  [Creating]    [analyzer-service:grpc-default-executor-1][com.diffblue.cover.service.analyzer.a.c] Watchdog reset
10:25:46.903 [DEBUG]  [Creating]    [pool-3-thread-1]   [com.diffblue.cover.m.a.b] in processAnalysisResult for com.paritytrading.parity.file.taq.TAQConfig$Builder.setPriceFractionDigits:(Ljava/lang/String;I)Lcom/paritytrading/parity/file/taq/TAQConfig$Builder;
10:25:46.903 [DEBUG]  [Creating]    [pool-3-thread-1]   [com.diffblue.cover.r.d] Finished with MethodGroup: setPriceFractionDigits, countOfTests: 1, countOfMethodsTested: 1 TestGenerationAccount: a[countOfRemoved=0, countOfUnchanged=0, countOfUpdated=0, countOfNew=7]
10:25:46.903 [INFO]   [Creating]    [pool-3-thread-1]   [com.diffblue.cover.ui.b.b]      [9/24] com.paritytrading.parity.file.taq.TAQConfig$Builder.setPriceFractionDigits
10:25:46.903 [INFO]   [Creating]    [pool-3-thread-1]   [com.diffblue.cover.ui.b.b]      [9/24]   Tests created: 1
10:25:46.903 [DEBUG]  [Creating]    [pool-3-thread-1]   [com.diffblue.combiner.d.j] Using Javaparser to combine tests
10:25:46.942 [DEBUG]  [Creating]    [pool-6-thread-8]   [com.diffblue.cover.l.a.c] EdgeCoverageRuntime contains 9 edges
10:25:46.943 [DEBUG]  [Creating]    [pool-3-thread-1]   [com.diffblue.combiner.a.c] Adding changeSet to account as new: Optional[com.paritytrading.parity.file.taq.TAQConfig$Builder.setPriceFractionDigits:(Ljava/lang/String;I)Lcom/paritytrading/parity/file/taq/TAQConfig$Builder;]
10:25:46.972 [DEBUG]  [Creating]    [pool-3-thread-1]   [com.diffblue.combiner.d.j] Using Javaparser to combine tests
10:25:47.314 [DEBUG]  [Creating]    [pool-6-thread-9]   [com.diffblue.cover.l.a.c] EdgeCoverageRuntime contains 18 edges
10:25:47.321 [DEBUG]  [Creating]    [pool-3-thread-1]   [com.diffblue.combiner.a.c] Adding changeSet to account as new: Optional[com.paritytrading.parity.file.taq.TAQConfig$Builder.setPriceFractionDigits:(Ljava/lang/String;I)Lcom/paritytrading/parity/file/taq/TAQConfig$Builder;]
10:25:47.374 [DEBUG]  [Creating]    [analyzer-service:grpc-default-executor-1][com.diffblue.cover.service.analyzer.a.c] Watchdog reset
10:25:47.375 [DEBUG]  [Creating]    [analyzer-service:TimedExecutor-34][com.diffblue.fuzztest.g.e] 
================================================================================
= Creating tests for 'com.paritytrading.parity.file.taq.TAQConfig$Builder.setSizeFractionDigits:(I)Lcom/paritytrading/parity/file/taq/TAQConfig$Builder;' using 'SiM (!sp, fnm, df)'
================================================================================
10:25:47.436 [DEBUG]  [Creating]    [analyzer-service:TimedExecutor-34][com.diffblue.fuzztest.g.ap] Parsed existing test class at /home/jbergqvist/diffblue/paritytrading-parity/libraries/file/src/test/java/com/paritytrading/parity/file/taq/TAQConfigDiffblueTest.java: found 1 annotations
10:25:47.437 [DEBUG]  [Creating]    [analyzer-service:TimedExecutor-34][com.diffblue.fuzztest.g.e] 
================================================================================
= Trying DI configuration MockitoDependencyInjection
 @Mock [java.text.DecimalFormat, java.util.Map<java.lang.String, java.text.DecimalFormat>]
 @InjectMocks [com.paritytrading.parity.file.taq.TAQConfig$Builder]
 for com.paritytrading.parity.file.taq.TAQConfig$Builder.setSizeFractionDigits:(I)Lcom/paritytrading/parity/file/taq/TAQConfig$Builder;
================================================================================
10:25:47.437 [DEBUG]  [Creating]    [analyzer-service:TimedExecutor-34][com.diffblue.cover.j.b] Mockito inline mock maker not loaded
10:25:47.459 [DEBUG]  [Creating]    [analyzer-service:TimedExecutor-34][com.diffblue.fuzztest.b.f] Refinement loop done: 1 seeds, 1+0 new+accumulated tests, 1+0 tests+partial tests, 9/1000 its
10:25:47.499 [DEBUG]  [Creating]    [analyzer-service:TimedExecutor-34][com.diffblue.fuzztest.g.e] DI configuration 'com.diffblue.cover.f.d.h' generated tests: 1
10:25:47.499 [DEBUG]  [Creating]    [analyzer-service:TimedExecutor-34][com.diffblue.fuzztest.g.e] 
================================================================================
= Trying DI configuration EmptyDependencyInjectionTirConfiguration for com.paritytrading.parity.file.taq.TAQConfig$Builder.setSizeFractionDigits:(I)Lcom/paritytrading/parity/file/taq/TAQConfig$Builder;
================================================================================
10:25:47.500 [DEBUG]  [Creating]    [analyzer-service:TimedExecutor-34][com.diffblue.cover.j.b] Mockito inline mock maker not loaded
10:25:47.534 [DEBUG]  [Creating]    [analyzer-service:TimedExecutor-34][com.diffblue.fuzztest.b.f] Refinement loop done: 1 seeds, 1+0 new+accumulated tests, 1+0 tests+partial tests, 34/1000 its
10:25:47.561 [DEBUG]  [Creating]    [analyzer-service:TimedExecutor-34][com.diffblue.cover.j.b] Mockito inline mock maker not loaded
10:25:47.567 [DEBUG]  [Creating]    [analyzer-service:TimedExecutor-34][com.diffblue.cover.j.b] Mockito inline mock maker not loaded
10:25:47.574 [DEBUG]  [Creating]    [analyzer-service:TimedExecutor-34][com.diffblue.fuzztest.g.e] Enabling descriptive test naming
10:25:47.575 [DEBUG]  [Creating]    [analyzer-service:grpc-default-executor-1][com.diffblue.fuzztest.e.c] Created 1+0 tests and partial tests via 'SiM (!sp, fnm, df)' SiM fallback 1/2, returning all 1
10:25:47.597 [DEBUG]  [Creating]    [pool-3-thread-1]   [com.diffblue.cover.m.a.b] in processAnalysisResult for com.paritytrading.parity.file.taq.TAQConfig$Builder.setSizeFractionDigits:(I)Lcom/paritytrading/parity/file/taq/TAQConfig$Builder;
10:25:47.597 [DEBUG]  [Creating]    [pool-3-thread-1]   [com.diffblue.cover.r.d] Finished with MethodGroup: setPriceFractionDigits, countOfTests: 2, countOfMethodsTested: 1 TestGenerationAccount: a[countOfRemoved=0, countOfUnchanged=0, countOfUpdated=0, countOfNew=9]
10:25:47.597 [INFO]   [Creating]    [pool-3-thread-1]   [com.diffblue.cover.ui.b.b]     [10/24] com.paritytrading.parity.file.taq.TAQConfig$Builder.setPriceFractionDigits
10:25:47.597 [INFO]   [Creating]    [pool-3-thread-1]   [com.diffblue.cover.ui.b.b]     [10/24]   Tests created: 2
10:25:47.597 [DEBUG]  [Creating]    [pool-3-thread-1]   [com.diffblue.combiner.d.j] Using Javaparser to combine tests
10:25:47.621 [DEBUG]  [Creating]    [pool-6-thread-10]  [com.diffblue.cover.l.a.c] EdgeCoverageRuntime contains 9 edges
10:25:47.621 [DEBUG]  [Creating]    [pool-3-thread-1]   [com.diffblue.combiner.a.c] Adding changeSet to account as new: Optional[com.paritytrading.parity.file.taq.TAQConfig$Builder.setSizeFractionDigits:(I)Lcom/paritytrading/parity/file/taq/TAQConfig$Builder;]
10:25:47.653 [DEBUG]  [Creating]    [analyzer-service:TimedExecutor-35][com.diffblue.fuzztest.g.e] 
================================================================================
= Creating tests for 'com.paritytrading.parity.file.taq.TAQConfig$Builder.setSizeFractionDigits:(Ljava/lang/String;I)Lcom/paritytrading/parity/file/taq/TAQConfig$Builder;' using 'SiM (!sp, fnm, df)'
================================================================================
10:25:47.666 [DEBUG]  [Creating]    [analyzer-service:TimedExecutor-35][com.diffblue.fuzztest.g.ap] Parsed existing test class at /home/jbergqvist/diffblue/paritytrading-parity/libraries/file/src/test/java/com/paritytrading/parity/file/taq/TAQConfigDiffblueTest.java: found 1 annotations
10:25:47.666 [DEBUG]  [Creating]    [analyzer-service:TimedExecutor-35][com.diffblue.fuzztest.g.e] 
================================================================================
= Trying DI configuration MockitoDependencyInjection
 @Mock [java.text.DecimalFormat, java.util.Map<java.lang.String, java.text.DecimalFormat>]
 @InjectMocks [com.paritytrading.parity.file.taq.TAQConfig$Builder]
 for com.paritytrading.parity.file.taq.TAQConfig$Builder.setSizeFractionDigits:(Ljava/lang/String;I)Lcom/paritytrading/parity/file/taq/TAQConfig$Builder;
================================================================================
10:25:47.667 [DEBUG]  [Creating]    [analyzer-service:TimedExecutor-35][com.diffblue.cover.j.b] Mockito inline mock maker not loaded
10:25:47.728 [DEBUG]  [Creating]    [analyzer-service:TimedExecutor-35][com.diffblue.fuzztest.b.f] Refinement loop done: 1 seeds, 1+0 new+accumulated tests, 1+0 tests+partial tests, 31/1000 its
10:25:47.773 [DEBUG]  [Creating]    [analyzer-service:TimedExecutor-35][com.diffblue.fuzztest.g.e] DI configuration 'com.diffblue.cover.f.d.h' generated tests: 1
10:25:47.773 [DEBUG]  [Creating]    [analyzer-service:TimedExecutor-35][com.diffblue.fuzztest.g.e] 
================================================================================
= Trying DI configuration EmptyDependencyInjectionTirConfiguration for com.paritytrading.parity.file.taq.TAQConfig$Builder.setSizeFractionDigits:(Ljava/lang/String;I)Lcom/paritytrading/parity/file/taq/TAQConfig$Builder;
================================================================================
10:25:47.773 [DEBUG]  [Creating]    [analyzer-service:TimedExecutor-35][com.diffblue.cover.j.b] Mockito inline mock maker not loaded
10:25:47.828 [DEBUG]  [Creating]    [analyzer-service:TimedExecutor-35][com.diffblue.fuzztest.b.f] Refinement loop done: 1 seeds, 1+0 new+accumulated tests, 1+0 tests+partial tests, 60/1000 its
10:25:47.855 [DEBUG]  [Creating]    [analyzer-service:TimedExecutor-35][com.diffblue.cover.j.b] Mockito inline mock maker not loaded
10:25:47.861 [DEBUG]  [Creating]    [analyzer-service:TimedExecutor-35][com.diffblue.cover.j.b] Mockito inline mock maker not loaded
10:25:47.868 [DEBUG]  [Creating]    [analyzer-service:TimedExecutor-35][com.diffblue.fuzztest.g.e] Enabling descriptive test naming
10:25:47.869 [DEBUG]  [Creating]    [analyzer-service:grpc-default-executor-1][com.diffblue.fuzztest.e.c] Created 1+0 tests and partial tests via 'SiM (!sp, fnm, df)' SiM fallback 1/2, returning all 1
10:25:47.889 [DEBUG]  [Creating]    [pool-3-thread-1]   [com.diffblue.cover.m.a.b] in processAnalysisResult for com.paritytrading.parity.file.taq.TAQConfig$Builder.setSizeFractionDigits:(Ljava/lang/String;I)Lcom/paritytrading/parity/file/taq/TAQConfig$Builder;
10:25:47.889 [DEBUG]  [Creating]    [pool-3-thread-1]   [com.diffblue.cover.r.d] Finished with MethodGroup: setSizeFractionDigits, countOfTests: 1, countOfMethodsTested: 1 TestGenerationAccount: a[countOfRemoved=0, countOfUnchanged=0, countOfUpdated=0, countOfNew=10]
10:25:47.889 [INFO]   [Creating]    [pool-3-thread-1]   [com.diffblue.cover.ui.b.b]     [11/24] com.paritytrading.parity.file.taq.TAQConfig$Builder.setSizeFractionDigits
10:25:47.889 [INFO]   [Creating]    [pool-3-thread-1]   [com.diffblue.cover.ui.b.b]     [11/24]   Tests created: 1
10:25:47.889 [DEBUG]  [Creating]    [pool-3-thread-1]   [com.diffblue.combiner.d.j] Using Javaparser to combine tests
10:25:47.917 [DEBUG]  [Creating]    [pool-6-thread-11]  [com.diffblue.cover.l.a.c] EdgeCoverageRuntime contains 9 edges
10:25:47.918 [DEBUG]  [Creating]    [pool-3-thread-1]   [com.diffblue.combiner.a.c] Adding changeSet to account as new: Optional[com.paritytrading.parity.file.taq.TAQConfig$Builder.setSizeFractionDigits:(Ljava/lang/String;I)Lcom/paritytrading/parity/file/taq/TAQConfig$Builder;]
10:25:47.954 [DEBUG]  [Creating]    [pool-3-thread-1]   [com.diffblue.cover.r.d] Finished with MethodGroup: setSizeFractionDigits, countOfTests: 1, countOfMethodsTested: 1 TestGenerationAccount: a[countOfRemoved=0, countOfUnchanged=0, countOfUpdated=0, countOfNew=11]
10:25:47.954 [INFO]   [Creating]    [pool-3-thread-1]   [com.diffblue.cover.ui.b.b]     [12/24] com.paritytrading.parity.file.taq.TAQConfig$Builder.setSizeFractionDigits
10:25:47.954 [INFO]   [Creating]    [pool-3-thread-1]   [com.diffblue.cover.ui.b.b]     [12/24]   Tests created: 1
10:25:47.956 [INFO]   [Creating]    [pool-3-thread-1]   [com.diffblue.cover.ui.b.b] [4/5] com.paritytrading.parity.file.taq.TAQConfig$Builder
10:25:47.957 [INFO]   [Creating]    [pool-3-thread-1]   [com.diffblue.cover.ui.b.b] [4/5]   Tests created: 6
10:25:47.957 [DEBUG]  [Creating]    [pool-3-thread-1]   [com.diffblue.cover.ui.b.b] [4/5]   (at least 9 lines uncovered in this class)
10:25:47.958 [INFO]   [Creating]    [pool-3-thread-1]   [com.diffblue.cover.m.a.b] 
================================================================================
= Starting analysis for class 'com.paritytrading.parity.file.taq.TAQWriter'
================================================================================
10:25:47.958 [INFO]   [Creating]    [pool-3-thread-1]   [com.diffblue.cover.m.a.b] Filtering out non-testable methods...
10:25:48.379 [DEBUG]  [Creating]    [pool-3-thread-1]   [com.diffblue.combiner.d.j] Using Javaparser to combine tests
10:25:48.380 [INFO]   [Creating]    [pool-3-thread-1]   [com.diffblue.cover.m.a.b] Filtering of methods complete. Creating analysis request
10:25:48.380 [INFO]   [Creating]    [pool-3-thread-1]   [com.diffblue.cover.service.c] Attempting to get service client, retry 1.
10:25:48.381 [DEBUG]  [Creating]    [analyzer-service:grpc-default-executor-1][com.diffblue.cover.service.analyzer.a.c] Watchdog reset
10:25:48.396 [DEBUG]  [Creating]    [analyzer-service:grpc-default-executor-1][com.diffblue.fuzztest.e.a] Class information:
10:25:48.396 [DEBUG]  [Creating]    [analyzer-service:grpc-default-executor-1][com.diffblue.fuzztest.e.a]   Implements: interface java.io.Closeable, interface java.io.Flushable
10:25:48.396 [DEBUG]  [Creating]    [analyzer-service:grpc-default-executor-1][com.diffblue.fuzztest.e.a]   Fields: private static final int com.paritytrading.parity.file.taq.TAQWriter.BUFFER_CAPACITY, private static final java.time.format.DateTimeFormatter com.paritytrading.parity.file.taq.TAQWriter.FORMATTER, private static final java.lang.String com.paritytrading.parity.file.taq.TAQWriter.HEADER, private final java.lang.StringBuffer com.paritytrading.parity.file.taq.TAQWriter.buffer, private final com.paritytrading.parity.file.taq.TAQConfig com.paritytrading.parity.file.taq.TAQWriter.config, private final java.text.FieldPosition com.paritytrading.parity.file.taq.TAQWriter.position, private final java.io.PrintWriter com.paritytrading.parity.file.taq.TAQWriter.sink
10:25:48.397 [DEBUG]  [Creating]    [analyzer-service:grpc-default-executor-1][com.diffblue.fuzztest.e.a]   Constructors: public com.paritytrading.parity.file.taq.TAQWriter(java.io.File) throws java.io.FileNotFoundException, public com.paritytrading.parity.file.taq.TAQWriter(java.io.File,com.paritytrading.parity.file.taq.TAQConfig) throws java.io.FileNotFoundException, public com.paritytrading.parity.file.taq.TAQWriter(java.io.OutputStream), public com.paritytrading.parity.file.taq.TAQWriter(java.io.OutputStream,com.paritytrading.parity.file.taq.TAQConfig), private com.paritytrading.parity.file.taq.TAQWriter(java.io.Writer,com.paritytrading.parity.file.taq.TAQConfig)
10:25:48.397 [DEBUG]  [Creating]    [analyzer-service:grpc-default-executor-1][com.diffblue.fuzztest.e.a]   Methods: public void com.paritytrading.parity.file.taq.TAQWriter.close(), public void com.paritytrading.parity.file.taq.TAQWriter.flush(), public java.lang.StringBuffer com.paritytrading.parity.file.taq.TAQWriter.getBuffer(), public com.paritytrading.parity.file.taq.TAQConfig com.paritytrading.parity.file.taq.TAQWriter.getConfig(), public java.text.FieldPosition com.paritytrading.parity.file.taq.TAQWriter.getPosition(), public java.io.PrintWriter com.paritytrading.parity.file.taq.TAQWriter.getSink(), public void com.paritytrading.parity.file.taq.TAQWriter.write(com.paritytrading.parity.file.taq.TAQ$Quote), public void com.paritytrading.parity.file.taq.TAQWriter.write(com.paritytrading.parity.file.taq.TAQ$Trade), private void com.paritytrading.parity.file.taq.TAQWriter.writePrice(java.lang.String,double), private void com.paritytrading.parity.file.taq.TAQWriter.writeSize(java.lang.String,double), private void com.paritytrading.parity.file.taq.TAQWriter.writeTimestamp(long)
10:25:48.417 [DEBUG]  [Creating]    [analyzer-service:grpc-default-executor-1][com.diffblue.cover.l.a.c] EdgeCoverageRuntime contains 11 edges
10:25:48.443 [DEBUG]  [Creating]    [analyzer-service:TimedExecutor-42][com.diffblue.fuzztest.g.e] 
================================================================================
= Creating tests for 'com.paritytrading.parity.file.taq.TAQWriter.getBuffer:()Ljava/lang/StringBuffer;, com.paritytrading.parity.file.taq.TAQWriter.getConfig:()Lcom/paritytrading/parity/file/taq/TAQConfig;, com.paritytrading.parity.file.taq.TAQWriter.getPosition:()Ljava/text/FieldPosition;, com.paritytrading.parity.file.taq.TAQWriter.getSink:()Ljava/io/PrintWriter;' using 'TrM (!sp, !fnm, df)'
================================================================================
10:25:48.443 [DEBUG]  [Creating]    [analyzer-service:TimedExecutor-42][com.diffblue.fuzztest.g.e] 
================================================================================
= Trying DI configuration EmptyDependencyInjectionTirConfiguration for com.paritytrading.parity.file.taq.TAQWriter.getBuffer:()Ljava/lang/StringBuffer;
================================================================================
10:25:48.444 [DEBUG]  [Creating]    [analyzer-service:TimedExecutor-42][com.diffblue.cover.j.b] Mockito inline mock maker not loaded
10:25:48.516 [DEBUG]  [Creating]    [analyzer-service:TimedExecutor-42][com.diffblue.fuzztest.g.e] Failed to create tests using current DI configuration, will continue trying others.
Current configuration: EmptyDependencyInjectionTirConfiguration
Exception: {"__type":"com.diffblue.cover.message.environment.TemporaryFilesCreatedButNotDeletedMessage","serializableCause":null,"temporaryFiles":["file:///tmp/test.txt"]}
10:25:48.520 [DEBUG]  [Creating]    [pool-3-thread-1]   [com.diffblue.cover.m.a.b] in processAnalysisResult for com.paritytrading.parity.file.taq.TAQWriter.getBuffer:()Ljava/lang/StringBuffer;, com.paritytrading.parity.file.taq.TAQWriter.getConfig:()Lcom/paritytrading/parity/file/taq/TAQConfig;, com.paritytrading.parity.file.taq.TAQWriter.getPosition:()Ljava/text/FieldPosition;, com.paritytrading.parity.file.taq.TAQWriter.getSink:()Ljava/io/PrintWriter;
10:25:48.528 [INFO]   [Creating]    [pool-3-thread-1]   [com.diffblue.cover.ui.b.b]     [13/24] com.paritytrading.parity.file.taq.TAQWriter.getBuffer
10:25:48.528 [INFO]   [Creating]    [pool-3-thread-1]   [com.diffblue.cover.ui.b.b]     [14/24] com.paritytrading.parity.file.taq.TAQWriter.getConfig
10:25:48.528 [INFO]   [Creating]    [pool-3-thread-1]   [com.diffblue.cover.ui.b.b]     [15/24] com.paritytrading.parity.file.taq.TAQWriter.getPosition
10:25:48.528 [INFO]   [Creating]    [pool-3-thread-1]   [com.diffblue.cover.ui.b.b]     [16/24] com.paritytrading.parity.file.taq.TAQWriter.getSink
10:25:48.528 [INFO]   [Creating]    [pool-3-thread-1]   [com.diffblue.cover.ui.b.b]     [16/24]   R020: Temporary files were created but not deleted
10:25:48.528 [DEBUG]  [Creating]    [pool-3-thread-1]   [com.diffblue.cover.ui.b.b]     [16/24]   (at least 1 line uncovered in this method)
10:25:48.528 [INFO]   [Creating]    [pool-3-thread-1]   [com.diffblue.cover.ui.b.b]     [16/24]     The method under test created the following temporary files without deleting
10:25:48.528 [INFO]   [Creating]    [pool-3-thread-1]   [com.diffblue.cover.ui.b.b]     [16/24]     them:
10:25:48.528 [INFO]   [Creating]    [pool-3-thread-1]   [com.diffblue.cover.ui.b.b]     [16/24]     - '/tmp/test.txt'
10:25:48.528 [INFO]   [Creating]    [pool-3-thread-1]   [com.diffblue.cover.ui.b.b]     [16/24]     Please ensure that temporary files are deleted in the method under test.
10:25:48.528 [INFO]   [Creating]    [pool-3-thread-1]   [com.diffblue.cover.ui.b.b]     [16/24]     See https://diff.blue/R020
10:25:48.529 [DEBUG]  [Creating]    [analyzer-service:TimedExecutor-43][com.diffblue.fuzztest.g.e] 
================================================================================
= Creating tests for 'com.paritytrading.parity.file.taq.TAQWriter.<init>:(Ljava/io/File;)V' using 'SiM (!sp, fnm, df)'
================================================================================
10:25:48.530 [DEBUG]  [Creating]    [analyzer-service:TimedExecutor-43][com.diffblue.fuzztest.g.ap] Test file does not exist: /home/jbergqvist/diffblue/paritytrading-parity/libraries/file/src/test/java/com/paritytrading/parity/file/taq/TAQWriterDiffblueTest.java
10:25:48.531 [DEBUG]  [Creating]    [analyzer-service:TimedExecutor-43][com.diffblue.fuzztest.g.e] 
================================================================================
= Trying DI configuration EmptyDependencyInjectionTirConfiguration for com.paritytrading.parity.file.taq.TAQWriter.<init>:(Ljava/io/File;)V
================================================================================
10:25:48.531 [DEBUG]  [Creating]    [analyzer-service:TimedExecutor-43][com.diffblue.cover.j.b] Mockito inline mock maker not loaded
10:25:48.592 [DEBUG]  [Creating]    [analyzer-service:TimedExecutor-43][com.diffblue.fuzztest.b.f] Refinement loop done: 1 seeds, 1+0 new+accumulated tests, 0+1 tests+partial tests, 40/1000 its
10:25:48.610 [DEBUG]  [Creating]    [analyzer-service:TimedExecutor-43][com.diffblue.cover.j.b] Mockito inline mock maker not loaded
10:25:48.623 [DEBUG]  [Creating]    [analyzer-service:TimedExecutor-43][com.diffblue.fuzztest.g.e] DI configuration 'com.diffblue.tir.p' generated no complete tests, trying another
10:25:48.624 [DEBUG]  [Creating]    [analyzer-service:TimedExecutor-43][com.diffblue.fuzztest.g.e] Incompleteness reason 'com.diffblue.cover.message.environment.TemporaryFilesCreatedButNotDeletedMessage' (cause: 'none')
10:25:48.624 [DEBUG]  [Creating]    [analyzer-service:TimedExecutor-43][com.diffblue.fuzztest.g.e] Enabling descriptive test naming
10:25:48.627 [DEBUG]  [Creating]    [analyzer-service:TimedExecutor-44][com.diffblue.fuzztest.g.e] 
================================================================================
= Creating tests for 'com.paritytrading.parity.file.taq.TAQWriter.<init>:(Ljava/io/File;)V' using 'SiM (!sp, !fnm, df)'
================================================================================
10:25:48.628 [DEBUG]  [Creating]    [analyzer-service:TimedExecutor-44][com.diffblue.fuzztest.g.ap] Test file does not exist: /home/jbergqvist/diffblue/paritytrading-parity/libraries/file/src/test/java/com/paritytrading/parity/file/taq/TAQWriterDiffblueTest.java
10:25:48.628 [DEBUG]  [Creating]    [analyzer-service:TimedExecutor-44][com.diffblue.fuzztest.g.e] 
================================================================================
= Trying DI configuration EmptyDependencyInjectionTirConfiguration for com.paritytrading.parity.file.taq.TAQWriter.<init>:(Ljava/io/File;)V
================================================================================
10:25:48.628 [DEBUG]  [Creating]    [analyzer-service:TimedExecutor-44][com.diffblue.cover.j.b] Mockito inline mock maker not loaded
10:25:48.670 [DEBUG]  [Creating]    [analyzer-service:TimedExecutor-44][com.diffblue.fuzztest.b.f] Refinement loop done: 1 seeds, 1+0 new+accumulated tests, 0+1 tests+partial tests, 40/1000 its
10:25:48.685 [DEBUG]  [Creating]    [analyzer-service:TimedExecutor-44][com.diffblue.cover.j.b] Mockito inline mock maker not loaded
10:25:48.701 [DEBUG]  [Creating]    [analyzer-service:TimedExecutor-44][com.diffblue.fuzztest.g.e] DI configuration 'com.diffblue.tir.p' generated no complete tests, trying another
10:25:48.701 [DEBUG]  [Creating]    [analyzer-service:TimedExecutor-44][com.diffblue.fuzztest.g.e] Incompleteness reason 'com.diffblue.cover.message.environment.TemporaryFilesCreatedButNotDeletedMessage' (cause: 'none')
10:25:48.701 [DEBUG]  [Creating]    [analyzer-service:TimedExecutor-44][com.diffblue.fuzztest.g.e] Enabling descriptive test naming
10:25:48.704 [DEBUG]  [Creating]    [analyzer-service:grpc-default-executor-2][com.diffblue.fuzztest.g.o] All 2 subs either threw or created only partial tests; returning the 1 partial tests created by 'SiM (!sp, fnm, df)'
10:25:48.704 [DEBUG]  [Creating]    [analyzer-service:grpc-default-executor-2][com.diffblue.fuzztest.e.c] Created 1 partial tests via 'SiM (!sp, fnm, df)' , here is the last one:
10:25:48.738 [DEBUG]  [Creating]    [analyzer-service:grpc-default-executor-2][com.diffblue.combiner.d.j] Using Javaparser to combine tests
10:25:49.555 [DEBUG]  [Creating]    [analyzer-service:grpc-default-executor-2][com.diffblue.fuzztest.e.c] == begin partial test ==
10:25:49.555 [DEBUG]  [Creating]    [analyzer-service:grpc-default-executor-2][com.diffblue.fuzztest.e.c] Test:
package com.paritytrading.parity.file.taq;

import com.diffblue.cover.annotations.ManagedByDiffblue;
import com.diffblue.cover.annotations.MethodsUnderTest;
import java.io.File;
import java.io.FileNotFoundException;
import java.nio.file.Paths;
import org.junit.jupiter.api.Disabled;
import org.junit.jupiter.api.DisplayName;
import org.junit.jupiter.api.Tag;
import org.junit.jupiter.api.Test;

class TAQWriterDiffblueTest {
  /**
   * Test {@link TAQWriter#TAQWriter(File)}.
   *
   * <p>Method under test: {@link TAQWriter#TAQWriter(File)}
   */
  @Test
  @DisplayName("Test new TAQWriter(File)")
  @Disabled("TODO: Complete this test")
  @Tag("ContributionFromDiffblue")
  @ManagedByDiffblue
  @MethodsUnderTest({"void TAQWriter.<init>(File)"})
  void testNewTAQWriter() throws FileNotFoundException {
    // TODO: Diffblue Cover was only able to create a partial test for this method:
    //   Reason: Temporary files were created but not deleted.
    //   The method under test created the following temporary files without deleting
    //   them:
    //   - '/tmp/test.txt'
    //   Please ensure that temporary files are deleted in the method under test.
    //   See https://diff.blue/R020

    // Arrange, Act and Assert
    new TAQWriter(Paths.get(System.getProperty("java.io.tmpdir"), "test.txt").toFile());
  }
}

10:25:49.555 [DEBUG]  [Creating]    [analyzer-service:grpc-default-executor-2][com.diffblue.fuzztest.e.c] == end partial test ==
10:25:49.560 [DEBUG]  [Creating]    [analyzer-service:grpc-default-executor-2][com.diffblue.cover.service.analyzer.a.c] Watchdog reset
10:25:49.564 [DEBUG]  [Creating]    [pool-3-thread-1]   [com.diffblue.cover.m.a.b] in processAnalysisResult for com.paritytrading.parity.file.taq.TAQWriter.<init>:(Ljava/io/File;)V
10:25:49.565 [DEBUG]  [Creating]    [analyzer-service:TimedExecutor-45][com.diffblue.fuzztest.g.e] 
================================================================================
= Creating tests for 'com.paritytrading.parity.file.taq.TAQWriter.<init>:(Ljava/io/File;Lcom/paritytrading/parity/file/taq/TAQConfig;)V' using 'SiM (!sp, fnm, df)'
================================================================================
10:25:49.567 [DEBUG]  [Creating]    [analyzer-service:TimedExecutor-45][com.diffblue.fuzztest.g.ap] Test file does not exist: /home/jbergqvist/diffblue/paritytrading-parity/libraries/file/src/test/java/com/paritytrading/parity/file/taq/TAQWriterDiffblueTest.java
10:25:49.567 [DEBUG]  [Creating]    [analyzer-service:TimedExecutor-45][com.diffblue.fuzztest.g.e] 
================================================================================
= Trying DI configuration EmptyDependencyInjectionTirConfiguration for com.paritytrading.parity.file.taq.TAQWriter.<init>:(Ljava/io/File;Lcom/paritytrading/parity/file/taq/TAQConfig;)V
================================================================================
10:25:49.567 [DEBUG]  [Creating]    [analyzer-service:TimedExecutor-45][com.diffblue.cover.j.b] Mockito inline mock maker not loaded
10:25:49.643 [DEBUG]  [Creating]    [analyzer-service:TimedExecutor-45][com.diffblue.fuzztest.b.f] Refinement loop done: 1 seeds, 1+0 new+accumulated tests, 0+1 tests+partial tests, 58/1000 its
10:25:49.657 [DEBUG]  [Creating]    [analyzer-service:TimedExecutor-45][com.diffblue.cover.j.b] Mockito inline mock maker not loaded
10:25:49.669 [DEBUG]  [Creating]    [analyzer-service:TimedExecutor-45][com.diffblue.fuzztest.g.e] DI configuration 'com.diffblue.tir.p' generated no complete tests, trying another
10:25:49.669 [DEBUG]  [Creating]    [analyzer-service:TimedExecutor-45][com.diffblue.fuzztest.g.e] Incompleteness reason 'com.diffblue.cover.message.environment.TemporaryFilesCreatedButNotDeletedMessage' (cause: 'none')
10:25:49.669 [DEBUG]  [Creating]    [analyzer-service:TimedExecutor-45][com.diffblue.fuzztest.g.e] Enabling descriptive test naming
10:25:49.671 [DEBUG]  [Creating]    [analyzer-service:TimedExecutor-46][com.diffblue.fuzztest.g.e] 
================================================================================
= Creating tests for 'com.paritytrading.parity.file.taq.TAQWriter.<init>:(Ljava/io/File;Lcom/paritytrading/parity/file/taq/TAQConfig;)V' using 'SiM (!sp, !fnm, df)'
================================================================================
10:25:49.673 [DEBUG]  [Creating]    [analyzer-service:TimedExecutor-46][com.diffblue.fuzztest.g.ap] Test file does not exist: /home/jbergqvist/diffblue/paritytrading-parity/libraries/file/src/test/java/com/paritytrading/parity/file/taq/TAQWriterDiffblueTest.java
10:25:49.673 [DEBUG]  [Creating]    [analyzer-service:TimedExecutor-46][com.diffblue.fuzztest.g.e] 
================================================================================
= Trying DI configuration EmptyDependencyInjectionTirConfiguration for com.paritytrading.parity.file.taq.TAQWriter.<init>:(Ljava/io/File;Lcom/paritytrading/parity/file/taq/TAQConfig;)V
================================================================================
10:25:49.673 [DEBUG]  [Creating]    [analyzer-service:TimedExecutor-46][com.diffblue.cover.j.b] Mockito inline mock maker not loaded
10:25:49.759 [DEBUG]  [Creating]    [analyzer-service:TimedExecutor-46][com.diffblue.fuzztest.b.f] Refinement loop done: 1 seeds, 1+0 new+accumulated tests, 0+1 tests+partial tests, 64/1000 its
10:25:49.774 [DEBUG]  [Creating]    [analyzer-service:TimedExecutor-46][com.diffblue.cover.j.b] Mockito inline mock maker not loaded
10:25:49.786 [DEBUG]  [Creating]    [analyzer-service:TimedExecutor-46][com.diffblue.fuzztest.g.e] DI configuration 'com.diffblue.tir.p' generated no complete tests, trying another
10:25:49.786 [DEBUG]  [Creating]    [analyzer-service:TimedExecutor-46][com.diffblue.fuzztest.g.e] Incompleteness reason 'com.diffblue.cover.message.environment.TemporaryFilesCreatedButNotDeletedMessage' (cause: 'none')
10:25:49.786 [DEBUG]  [Creating]    [analyzer-service:TimedExecutor-46][com.diffblue.fuzztest.g.e] Enabling descriptive test naming
10:25:49.787 [DEBUG]  [Creating]    [analyzer-service:grpc-default-executor-2][com.diffblue.fuzztest.g.o] All 2 subs either threw or created only partial tests; returning the 1 partial tests created by 'SiM (!sp, fnm, df)'
10:25:49.788 [DEBUG]  [Creating]    [analyzer-service:grpc-default-executor-2][com.diffblue.fuzztest.e.c] Created 1 partial tests via 'SiM (!sp, fnm, df)' , here is the last one:
10:25:49.798 [DEBUG]  [Creating]    [analyzer-service:grpc-default-executor-2][com.diffblue.combiner.d.j] Using Javaparser to combine tests
10:25:49.818 [DEBUG]  [Creating]    [analyzer-service:grpc-default-executor-2][com.diffblue.fuzztest.e.c] == begin partial test ==
10:25:49.818 [DEBUG]  [Creating]    [analyzer-service:grpc-default-executor-2][com.diffblue.fuzztest.e.c] Test:
package com.paritytrading.parity.file.taq;

import com.diffblue.cover.annotations.ManagedByDiffblue;
import com.diffblue.cover.annotations.MethodsUnderTest;
import java.io.File;
import java.io.FileNotFoundException;
import java.nio.file.Paths;
import org.junit.jupiter.api.Disabled;
import org.junit.jupiter.api.DisplayName;
import org.junit.jupiter.api.Tag;
import org.junit.jupiter.api.Test;

class TAQWriterDiffblueTest {
  /**
   * Test {@link TAQWriter#TAQWriter(File, TAQConfig)}.
   *
   * <p>Method under test: {@link TAQWriter#TAQWriter(File, TAQConfig)}
   */
  @Test
  @DisplayName("Test new TAQWriter(File, TAQConfig)")
  @Disabled("TODO: Complete this test")
  @Tag("ContributionFromDiffblue")
  @ManagedByDiffblue
  @MethodsUnderTest({"void TAQWriter.<init>(File, TAQConfig)"})
  void testNewTAQWriter() throws FileNotFoundException {
    // TODO: Diffblue Cover was only able to create a partial test for this method:
    //   Reason: Temporary files were created but not deleted.
    //   The method under test created the following temporary files without deleting
    //   them:
    //   - '/tmp/test.txt'
    //   Please ensure that temporary files are deleted in the method under test.
    //   See https://diff.blue/R020

    // Arrange, Act and Assert
    new TAQWriter(
        Paths.get(System.getProperty("java.io.tmpdir"), "test.txt").toFile(), TAQConfig.DEFAULTS);
  }
}

10:25:49.818 [DEBUG]  [Creating]    [analyzer-service:grpc-default-executor-2][com.diffblue.fuzztest.e.c] == end partial test ==
10:25:49.825 [DEBUG]  [Creating]    [pool-3-thread-1]   [com.diffblue.cover.m.a.b] in processAnalysisResult for com.paritytrading.parity.file.taq.TAQWriter.<init>:(Ljava/io/File;Lcom/paritytrading/parity/file/taq/TAQConfig;)V
10:25:49.825 [DEBUG]  [Creating]    [pool-3-thread-1]   [com.diffblue.cover.r.d] Finished with MethodGroup: <init>, countOfTests: 0, countOfMethodsTested: 0 TestGenerationAccount: a[countOfRemoved=0, countOfUnchanged=0, countOfUpdated=0, countOfNew=11]
10:25:49.826 [INFO]   [Creating]    [pool-3-thread-1]   [com.diffblue.cover.ui.b.b]     [17/24] com.paritytrading.parity.file.taq.TAQWriter.<init>
10:25:49.826 [INFO]   [Creating]    [pool-3-thread-1]   [com.diffblue.cover.ui.b.b]     [17/24]   R020: Temporary files were created but not deleted
10:25:49.826 [DEBUG]  [Creating]    [pool-3-thread-1]   [com.diffblue.cover.ui.b.b]     [17/24]   (at least 2 lines uncovered in this method)
10:25:49.826 [INFO]   [Creating]    [pool-3-thread-1]   [com.diffblue.cover.ui.b.b]     [17/24]     The method under test created the following temporary files without deleting
10:25:49.826 [INFO]   [Creating]    [pool-3-thread-1]   [com.diffblue.cover.ui.b.b]     [17/24]     them:
10:25:49.826 [INFO]   [Creating]    [pool-3-thread-1]   [com.diffblue.cover.ui.b.b]     [17/24]     - '/tmp/test.txt'
10:25:49.826 [INFO]   [Creating]    [pool-3-thread-1]   [com.diffblue.cover.ui.b.b]     [17/24]     Please ensure that temporary files are deleted in the method under test.
10:25:49.826 [INFO]   [Creating]    [pool-3-thread-1]   [com.diffblue.cover.ui.b.b]     [17/24]     See https://diff.blue/R020
10:25:49.828 [DEBUG]  [Creating]    [analyzer-service:TimedExecutor-47][com.diffblue.fuzztest.g.e] 
================================================================================
= Creating tests for 'com.paritytrading.parity.file.taq.TAQWriter.<init>:(Ljava/io/OutputStream;)V' using 'SiM (!sp, fnm, df)'
================================================================================
10:25:49.829 [DEBUG]  [Creating]    [analyzer-service:TimedExecutor-47][com.diffblue.fuzztest.g.ap] Test file does not exist: /home/jbergqvist/diffblue/paritytrading-parity/libraries/file/src/test/java/com/paritytrading/parity/file/taq/TAQWriterDiffblueTest.java
10:25:49.829 [DEBUG]  [Creating]    [analyzer-service:TimedExecutor-47][com.diffblue.fuzztest.g.e] 
================================================================================
= Trying DI configuration EmptyDependencyInjectionTirConfiguration for com.paritytrading.parity.file.taq.TAQWriter.<init>:(Ljava/io/OutputStream;)V
================================================================================
10:25:49.829 [DEBUG]  [Creating]    [analyzer-service:TimedExecutor-47][com.diffblue.cover.j.b] Mockito inline mock maker not loaded
10:25:50.324 [DEBUG]  [Creating]    [analyzer-service:TimedExecutor-47][com.diffblue.fuzztest.b.f] Refinement loop done: 1 seeds, 1+0 new+accumulated tests, 1+0 tests+partial tests, 334/1000 its
10:25:50.361 [DEBUG]  [Creating]    [analyzer-service:TimedExecutor-47][com.diffblue.fuzztest.g.e] DI configuration 'com.diffblue.tir.p' generated tests: 1
10:25:50.361 [DEBUG]  [Creating]    [analyzer-service:TimedExecutor-47][com.diffblue.fuzztest.g.e] Enabling descriptive test naming
10:25:50.362 [DEBUG]  [Creating]    [analyzer-service:grpc-default-executor-2][com.diffblue.fuzztest.e.c] Created 1+0 tests and partial tests via 'SiM (!sp, fnm, df)' SiM fallback 1/2, returning all 1
10:25:50.384 [DEBUG]  [Creating]    [pool-3-thread-1]   [com.diffblue.cover.m.a.b] in processAnalysisResult for com.paritytrading.parity.file.taq.TAQWriter.<init>:(Ljava/io/OutputStream;)V
10:25:50.384 [DEBUG]  [Creating]    [pool-3-thread-1]   [com.diffblue.cover.r.d] Finished with MethodGroup: <init>, countOfTests: 0, countOfMethodsTested: 0 TestGenerationAccount: a[countOfRemoved=0, countOfUnchanged=0, countOfUpdated=0, countOfNew=11]
10:25:50.386 [INFO]   [Creating]    [pool-3-thread-1]   [com.diffblue.cover.ui.b.b]     [18/24] com.paritytrading.parity.file.taq.TAQWriter.<init>
10:25:50.386 [INFO]   [Creating]    [pool-3-thread-1]   [com.diffblue.cover.ui.b.b]     [18/24]   R020: Temporary files were created but not deleted
10:25:50.386 [DEBUG]  [Creating]    [pool-3-thread-1]   [com.diffblue.cover.ui.b.b]     [18/24]   (at least 2 lines uncovered in this method)
10:25:50.386 [INFO]   [Creating]    [pool-3-thread-1]   [com.diffblue.cover.ui.b.b]     [18/24]     The method under test created the following temporary files without deleting
10:25:50.386 [INFO]   [Creating]    [pool-3-thread-1]   [com.diffblue.cover.ui.b.b]     [18/24]     them:
10:25:50.386 [INFO]   [Creating]    [pool-3-thread-1]   [com.diffblue.cover.ui.b.b]     [18/24]     - '/tmp/test.txt'
10:25:50.386 [INFO]   [Creating]    [pool-3-thread-1]   [com.diffblue.cover.ui.b.b]     [18/24]     Please ensure that temporary files are deleted in the method under test.
10:25:50.386 [INFO]   [Creating]    [pool-3-thread-1]   [com.diffblue.cover.ui.b.b]     [18/24]     See https://diff.blue/R020
10:25:50.386 [DEBUG]  [Creating]    [pool-3-thread-1]   [com.diffblue.combiner.d.j] Using Javaparser to combine tests
10:25:50.428 [DEBUG]  [Creating]    [pool-6-thread-12]  [com.diffblue.cover.l.a.c] EdgeCoverageRuntime contains 20 edges
10:25:50.428 [DEBUG]  [Creating]    [pool-3-thread-1]   [com.diffblue.combiner.a.c] Adding changeSet to account as new: Optional[com.paritytrading.parity.file.taq.TAQWriter.<init>:(Ljava/io/OutputStream;)V]
10:25:50.454 [DEBUG]  [Creating]    [analyzer-service:TimedExecutor-48][com.diffblue.fuzztest.g.e] 
================================================================================
= Creating tests for 'com.paritytrading.parity.file.taq.TAQWriter.<init>:(Ljava/io/OutputStream;Lcom/paritytrading/parity/file/taq/TAQConfig;)V' using 'SiM (!sp, fnm, df)'
================================================================================
10:25:50.458 [DEBUG]  [Creating]    [analyzer-service:TimedExecutor-48][com.diffblue.fuzztest.g.ap] Parsed existing test class at /home/jbergqvist/diffblue/paritytrading-parity/libraries/file/src/test/java/com/paritytrading/parity/file/taq/TAQWriterDiffblueTest.java: found 0 annotations
10:25:50.459 [DEBUG]  [Creating]    [analyzer-service:TimedExecutor-48][com.diffblue.fuzztest.g.e] 
================================================================================
= Trying DI configuration EmptyDependencyInjectionTirConfiguration for com.paritytrading.parity.file.taq.TAQWriter.<init>:(Ljava/io/OutputStream;Lcom/paritytrading/parity/file/taq/TAQConfig;)V
================================================================================
10:25:50.459 [DEBUG]  [Creating]    [analyzer-service:TimedExecutor-48][com.diffblue.cover.j.b] Mockito inline mock maker not loaded
10:25:50.986 [DEBUG]  [Creating]    [analyzer-service:TimedExecutor-48][com.diffblue.fuzztest.b.f] Refinement loop done: 1 seeds, 1+0 new+accumulated tests, 1+0 tests+partial tests, 436/1000 its
10:25:51.024 [DEBUG]  [Creating]    [analyzer-service:TimedExecutor-48][com.diffblue.fuzztest.g.e] DI configuration 'com.diffblue.tir.p' generated tests: 1
10:25:51.024 [DEBUG]  [Creating]    [analyzer-service:TimedExecutor-48][com.diffblue.fuzztest.g.e] Enabling descriptive test naming
10:25:51.025 [DEBUG]  [Creating]    [analyzer-service:grpc-default-executor-2][com.diffblue.fuzztest.e.c] Created 1+0 tests and partial tests via 'SiM (!sp, fnm, df)' SiM fallback 1/2, returning all 1
10:25:51.044 [DEBUG]  [Creating]    [pool-3-thread-1]   [com.diffblue.cover.m.a.b] in processAnalysisResult for com.paritytrading.parity.file.taq.TAQWriter.<init>:(Ljava/io/OutputStream;Lcom/paritytrading/parity/file/taq/TAQConfig;)V
10:25:51.044 [DEBUG]  [Creating]    [pool-3-thread-1]   [com.diffblue.cover.r.d] Finished with MethodGroup: <init>, countOfTests: 1, countOfMethodsTested: 1 TestGenerationAccount: a[countOfRemoved=0, countOfUnchanged=0, countOfUpdated=0, countOfNew=12]
10:25:51.045 [INFO]   [Creating]    [pool-3-thread-1]   [com.diffblue.cover.ui.b.b]     [19/24] com.paritytrading.parity.file.taq.TAQWriter.<init>
10:25:51.045 [INFO]   [Creating]    [pool-3-thread-1]   [com.diffblue.cover.ui.b.b]     [19/24]   Tests created: 1
10:25:51.045 [DEBUG]  [Creating]    [pool-3-thread-1]   [com.diffblue.combiner.d.j] Using Javaparser to combine tests
10:25:51.075 [DEBUG]  [Creating]    [pool-6-thread-13]  [com.diffblue.cover.l.a.c] EdgeCoverageRuntime contains 21 edges
10:25:51.075 [DEBUG]  [Creating]    [pool-3-thread-1]   [com.diffblue.combiner.a.c] Adding changeSet to account as new: Optional[com.paritytrading.parity.file.taq.TAQWriter.<init>:(Ljava/io/OutputStream;Lcom/paritytrading/parity/file/taq/TAQConfig;)V]
10:25:51.111 [DEBUG]  [Creating]    [analyzer-service:TimedExecutor-49][com.diffblue.fuzztest.g.e] 
================================================================================
= Creating tests for 'com.paritytrading.parity.file.taq.TAQWriter.close:()V' using 'SiM (!sp, fnm, df)'
================================================================================
10:25:51.114 [DEBUG]  [Creating]    [analyzer-service:TimedExecutor-49][com.diffblue.fuzztest.g.ap] Parsed existing test class at /home/jbergqvist/diffblue/paritytrading-parity/libraries/file/src/test/java/com/paritytrading/parity/file/taq/TAQWriterDiffblueTest.java: found 0 annotations
10:25:51.115 [DEBUG]  [Creating]    [analyzer-service:TimedExecutor-49][com.diffblue.fuzztest.g.e] 
================================================================================
= Trying DI configuration EmptyDependencyInjectionTirConfiguration for com.paritytrading.parity.file.taq.TAQWriter.close:()V
================================================================================
10:25:51.115 [DEBUG]  [Creating]    [analyzer-service:TimedExecutor-49][com.diffblue.cover.j.b] Mockito inline mock maker not loaded
10:25:51.143 [DEBUG]  [Creating]    [analyzer-service:TimedExecutor-49][com.diffblue.fuzztest.b.f] Refinement loop done: 1 seeds, 2+0 new+accumulated tests, 1+1 tests+partial tests, 7/1000 its
10:25:51.166 [DEBUG]  [Creating]    [analyzer-service:TimedExecutor-49][com.diffblue.cover.j.b] Mockito inline mock maker not loaded
10:25:51.179 [DEBUG]  [Creating]    [analyzer-service:TimedExecutor-49][com.diffblue.cover.j.b] Mockito inline mock maker not loaded
10:25:51.192 [DEBUG]  [Creating]    [analyzer-service:TimedExecutor-49][com.diffblue.fuzztest.g.e] DI configuration 'com.diffblue.tir.p' generated no complete tests, trying another
10:25:51.193 [DEBUG]  [Creating]    [analyzer-service:TimedExecutor-49][com.diffblue.fuzztest.g.e] Incompleteness reason 'com.diffblue.cover.message.limitation.NoMeaningfulAssertionMessage' (cause: 'none')
10:25:51.193 [DEBUG]  [Creating]    [analyzer-service:TimedExecutor-49][com.diffblue.fuzztest.g.e] Incompleteness reason 'com.diffblue.cover.message.environment.TemporaryFilesCreatedButNotDeletedMessage' (cause: 'none')
10:25:51.193 [DEBUG]  [Creating]    [analyzer-service:TimedExecutor-49][com.diffblue.fuzztest.g.e] Enabling descriptive test naming
10:25:51.196 [DEBUG]  [Creating]    [analyzer-service:TimedExecutor-50][com.diffblue.fuzztest.g.e] 
================================================================================
= Creating tests for 'com.paritytrading.parity.file.taq.TAQWriter.close:()V' using 'SiM (!sp, !fnm, df)'
================================================================================
10:25:51.199 [DEBUG]  [Creating]    [analyzer-service:TimedExecutor-50][com.diffblue.fuzztest.g.ap] Parsed existing test class at /home/jbergqvist/diffblue/paritytrading-parity/libraries/file/src/test/java/com/paritytrading/parity/file/taq/TAQWriterDiffblueTest.java: found 0 annotations
10:25:51.199 [DEBUG]  [Creating]    [analyzer-service:TimedExecutor-50][com.diffblue.fuzztest.g.e] 
================================================================================
= Trying DI configuration EmptyDependencyInjectionTirConfiguration for com.paritytrading.parity.file.taq.TAQWriter.close:()V
================================================================================
10:25:51.200 [DEBUG]  [Creating]    [analyzer-service:TimedExecutor-50][com.diffblue.cover.j.b] Mockito inline mock maker not loaded
10:25:51.223 [DEBUG]  [Creating]    [analyzer-service:TimedExecutor-50][com.diffblue.fuzztest.b.f] Refinement loop done: 1 seeds, 2+0 new+accumulated tests, 1+1 tests+partial tests, 7/1000 its
10:25:51.238 [DEBUG]  [Creating]    [analyzer-service:TimedExecutor-50][com.diffblue.cover.j.b] Mockito inline mock maker not loaded
10:25:51.251 [DEBUG]  [Creating]    [analyzer-service:TimedExecutor-50][com.diffblue.cover.j.b] Mockito inline mock maker not loaded
10:25:51.263 [DEBUG]  [Creating]    [analyzer-service:TimedExecutor-50][com.diffblue.fuzztest.g.e] DI configuration 'com.diffblue.tir.p' generated no complete tests, trying another
10:25:51.263 [DEBUG]  [Creating]    [analyzer-service:TimedExecutor-50][com.diffblue.fuzztest.g.e] Incompleteness reason 'com.diffblue.cover.message.limitation.NoMeaningfulAssertionMessage' (cause: 'none')
10:25:51.263 [DEBUG]  [Creating]    [analyzer-service:TimedExecutor-50][com.diffblue.fuzztest.g.e] Incompleteness reason 'com.diffblue.cover.message.environment.TemporaryFilesCreatedButNotDeletedMessage' (cause: 'none')
10:25:51.263 [DEBUG]  [Creating]    [analyzer-service:TimedExecutor-50][com.diffblue.fuzztest.g.e] Enabling descriptive test naming
10:25:51.265 [DEBUG]  [Creating]    [analyzer-service:grpc-default-executor-2][com.diffblue.fuzztest.g.o] All 2 subs either threw or created only partial tests; returning the 2 partial tests created by 'SiM (!sp, fnm, df)'
10:25:51.265 [DEBUG]  [Creating]    [analyzer-service:grpc-default-executor-2][com.diffblue.fuzztest.e.c] Created 2 partial tests via 'SiM (!sp, fnm, df)' , here is the last one:
10:25:51.278 [DEBUG]  [Creating]    [analyzer-service:grpc-default-executor-2][com.diffblue.combiner.d.j] Using Javaparser to combine tests
10:25:51.303 [DEBUG]  [Creating]    [analyzer-service:grpc-default-executor-2][com.diffblue.fuzztest.e.c] == begin partial test ==
10:25:51.303 [DEBUG]  [Creating]    [analyzer-service:grpc-default-executor-2][com.diffblue.fuzztest.e.c] Test:
package com.paritytrading.parity.file.taq;

import com.diffblue.cover.annotations.ManagedByDiffblue;
import com.diffblue.cover.annotations.MethodsUnderTest;
import java.io.IOException;
import org.junit.jupiter.api.Disabled;
import org.junit.jupiter.api.DisplayName;
import org.junit.jupiter.api.Tag;
import org.junit.jupiter.api.Test;

class TAQWriterDiffblueTest {
  /**
   * Test {@link TAQWriter#close()}.
   *
   * <ul>
   *   <li>Given createTAQWriterWithFileAndConfig.
   * </ul>
   *
   * <p>Method under test: {@link TAQWriter#close()}
   */
  @Test
  @DisplayName("Test close(); given createTAQWriterWithFileAndConfig")
  @Disabled("TODO: Complete this test")
  @Tag("ContributionFromDiffblue")
  @ManagedByDiffblue
  @MethodsUnderTest({"void TAQWriter.close()"})
  void testClose_givenCreateTAQWriterWithFileAndConfig() throws IOException {
    // TODO: Diffblue Cover was only able to create a partial test for this method:
    //   Reason: Temporary files were created but not deleted.
    //   The method under test created the following temporary files without deleting
    //   them:
    //   - '/tmp/taq-test-198415045182317324.txt'
    //   Please ensure that temporary files are deleted in the method under test.
    //   See https://diff.blue/R020

    // Arrange
    try (TAQWriter createTAQWriterWithFileAndConfigResult =
        TAQWriterFactory.createTAQWriterWithFileAndConfig()) {}
  }
}

10:25:51.303 [DEBUG]  [Creating]    [analyzer-service:grpc-default-executor-2][com.diffblue.fuzztest.e.c] == end partial test ==
10:25:51.310 [DEBUG]  [Creating]    [pool-3-thread-1]   [com.diffblue.cover.m.a.b] in processAnalysisResult for com.paritytrading.parity.file.taq.TAQWriter.close:()V
10:25:51.310 [DEBUG]  [Creating]    [pool-3-thread-1]   [com.diffblue.cover.r.d] Finished with MethodGroup: <init>, countOfTests: 1, countOfMethodsTested: 1 TestGenerationAccount: a[countOfRemoved=0, countOfUnchanged=0, countOfUpdated=0, countOfNew=13]
10:25:51.310 [INFO]   [Creating]    [pool-3-thread-1]   [com.diffblue.cover.ui.b.b]     [20/24] com.paritytrading.parity.file.taq.TAQWriter.<init>
10:25:51.310 [INFO]   [Creating]    [pool-3-thread-1]   [com.diffblue.cover.ui.b.b]     [20/24]   Tests created: 1
10:25:51.312 [DEBUG]  [Creating]    [analyzer-service:TimedExecutor-51][com.diffblue.fuzztest.g.e] 
================================================================================
= Creating tests for 'com.paritytrading.parity.file.taq.TAQWriter.flush:()V' using 'SiM (!sp, fnm, df)'
================================================================================
10:25:51.315 [DEBUG]  [Creating]    [analyzer-service:TimedExecutor-51][com.diffblue.fuzztest.g.ap] Parsed existing test class at /home/jbergqvist/diffblue/paritytrading-parity/libraries/file/src/test/java/com/paritytrading/parity/file/taq/TAQWriterDiffblueTest.java: found 0 annotations
10:25:51.315 [DEBUG]  [Creating]    [analyzer-service:TimedExecutor-51][com.diffblue.fuzztest.g.e] 
================================================================================
= Trying DI configuration EmptyDependencyInjectionTirConfiguration for com.paritytrading.parity.file.taq.TAQWriter.flush:()V
================================================================================
10:25:51.316 [DEBUG]  [Creating]    [analyzer-service:TimedExecutor-51][com.diffblue.cover.j.b] Mockito inline mock maker not loaded
10:25:51.341 [DEBUG]  [Creating]    [analyzer-service:TimedExecutor-51][com.diffblue.fuzztest.b.f] Refinement loop done: 1 seeds, 2+0 new+accumulated tests, 1+1 tests+partial tests, 7/1000 its
10:25:51.355 [DEBUG]  [Creating]    [analyzer-service:TimedExecutor-51][com.diffblue.cover.j.b] Mockito inline mock maker not loaded
10:25:51.373 [DEBUG]  [Creating]    [analyzer-service:TimedExecutor-51][com.diffblue.cover.j.b] Mockito inline mock maker not loaded
10:25:51.388 [DEBUG]  [Creating]    [analyzer-service:TimedExecutor-51][com.diffblue.fuzztest.g.e] DI configuration 'com.diffblue.tir.p' generated no complete tests, trying another
10:25:51.388 [DEBUG]  [Creating]    [analyzer-service:TimedExecutor-51][com.diffblue.fuzztest.g.e] Incompleteness reason 'com.diffblue.cover.message.limitation.NoMeaningfulAssertionMessage' (cause: 'none')
10:25:51.388 [DEBUG]  [Creating]    [analyzer-service:TimedExecutor-51][com.diffblue.fuzztest.g.e] Incompleteness reason 'com.diffblue.cover.message.environment.TemporaryFilesCreatedButNotDeletedMessage' (cause: 'none')
10:25:51.388 [DEBUG]  [Creating]    [analyzer-service:TimedExecutor-51][com.diffblue.fuzztest.g.e] Enabling descriptive test naming
10:25:51.391 [DEBUG]  [Creating]    [analyzer-service:TimedExecutor-52][com.diffblue.fuzztest.g.e] 
================================================================================
= Creating tests for 'com.paritytrading.parity.file.taq.TAQWriter.flush:()V' using 'SiM (!sp, !fnm, df)'
================================================================================
10:25:51.395 [DEBUG]  [Creating]    [analyzer-service:TimedExecutor-52][com.diffblue.fuzztest.g.ap] Parsed existing test class at /home/jbergqvist/diffblue/paritytrading-parity/libraries/file/src/test/java/com/paritytrading/parity/file/taq/TAQWriterDiffblueTest.java: found 0 annotations
10:25:51.395 [DEBUG]  [Creating]    [analyzer-service:TimedExecutor-52][com.diffblue.fuzztest.g.e] 
================================================================================
= Trying DI configuration EmptyDependencyInjectionTirConfiguration for com.paritytrading.parity.file.taq.TAQWriter.flush:()V
================================================================================
10:25:51.395 [DEBUG]  [Creating]    [analyzer-service:TimedExecutor-52][com.diffblue.cover.j.b] Mockito inline mock maker not loaded
10:25:51.417 [DEBUG]  [Creating]    [analyzer-service:TimedExecutor-52][com.diffblue.fuzztest.b.f] Refinement loop done: 1 seeds, 2+0 new+accumulated tests, 1+1 tests+partial tests, 7/1000 its
10:25:51.436 [DEBUG]  [Creating]    [analyzer-service:TimedExecutor-52][com.diffblue.cover.j.b] Mockito inline mock maker not loaded
10:25:51.454 [DEBUG]  [Creating]    [analyzer-service:TimedExecutor-52][com.diffblue.cover.j.b] Mockito inline mock maker not loaded
10:25:51.470 [DEBUG]  [Creating]    [analyzer-service:TimedExecutor-52][com.diffblue.fuzztest.g.e] DI configuration 'com.diffblue.tir.p' generated no complete tests, trying another
10:25:51.470 [DEBUG]  [Creating]    [analyzer-service:TimedExecutor-52][com.diffblue.fuzztest.g.e] Incompleteness reason 'com.diffblue.cover.message.limitation.NoMeaningfulAssertionMessage' (cause: 'none')
10:25:51.470 [DEBUG]  [Creating]    [analyzer-service:TimedExecutor-52][com.diffblue.fuzztest.g.e] Incompleteness reason 'com.diffblue.cover.message.environment.TemporaryFilesCreatedButNotDeletedMessage' (cause: 'none')
10:25:51.470 [DEBUG]  [Creating]    [analyzer-service:TimedExecutor-52][com.diffblue.fuzztest.g.e] Enabling descriptive test naming
10:25:51.472 [DEBUG]  [Creating]    [analyzer-service:grpc-default-executor-2][com.diffblue.fuzztest.g.o] All 2 subs either threw or created only partial tests; returning the 2 partial tests created by 'SiM (!sp, fnm, df)'
10:25:51.472 [DEBUG]  [Creating]    [analyzer-service:grpc-default-executor-2][com.diffblue.fuzztest.e.c] Created 2 partial tests via 'SiM (!sp, fnm, df)' , here is the last one:
10:25:51.479 [DEBUG]  [Creating]    [analyzer-service:grpc-default-executor-2][com.diffblue.combiner.d.j] Using Javaparser to combine tests
10:25:51.492 [DEBUG]  [Creating]    [analyzer-service:grpc-default-executor-2][com.diffblue.fuzztest.e.c] == begin partial test ==
10:25:51.492 [DEBUG]  [Creating]    [analyzer-service:grpc-default-executor-2][com.diffblue.fuzztest.e.c] Test:
package com.paritytrading.parity.file.taq;

import com.diffblue.cover.annotations.ManagedByDiffblue;
import com.diffblue.cover.annotations.MethodsUnderTest;
import java.io.IOException;
import org.junit.jupiter.api.Disabled;
import org.junit.jupiter.api.DisplayName;
import org.junit.jupiter.api.Tag;
import org.junit.jupiter.api.Test;

class TAQWriterDiffblueTest {
  /**
   * Test {@link TAQWriter#flush()}.
   *
   * <ul>
   *   <li>Given createTAQWriterWithFileAndConfig.
   * </ul>
   *
   * <p>Method under test: {@link TAQWriter#flush()}
   */
  @Test
  @DisplayName("Test flush(); given createTAQWriterWithFileAndConfig")
  @Disabled("TODO: Complete this test")
  @Tag("ContributionFromDiffblue")
  @ManagedByDiffblue
  @MethodsUnderTest({"void TAQWriter.flush()"})
  void testFlush_givenCreateTAQWriterWithFileAndConfig() throws IOException {
    // TODO: Diffblue Cover was only able to create a partial test for this method:
    //   Reason: Temporary files were created but not deleted.
    //   The method under test created the following temporary files without deleting
    //   them:
    //   - '/tmp/taq-test-1573003562260050931.txt'
    //   Please ensure that temporary files are deleted in the method under test.
    //   See https://diff.blue/R020

    // Arrange, Act and Assert
    TAQWriterFactory.createTAQWriterWithFileAndConfig().flush();
  }
}

10:25:51.492 [DEBUG]  [Creating]    [analyzer-service:grpc-default-executor-2][com.diffblue.fuzztest.e.c] == end partial test ==
10:25:51.499 [DEBUG]  [Creating]    [pool-3-thread-1]   [com.diffblue.cover.m.a.b] in processAnalysisResult for com.paritytrading.parity.file.taq.TAQWriter.flush:()V
10:25:51.499 [DEBUG]  [Creating]    [pool-3-thread-1]   [com.diffblue.cover.r.d] Finished with MethodGroup: close, countOfTests: 0, countOfMethodsTested: 0 TestGenerationAccount: a[countOfRemoved=0, countOfUnchanged=0, countOfUpdated=0, countOfNew=13]
10:25:51.500 [INFO]   [Creating]    [pool-3-thread-1]   [com.diffblue.cover.ui.b.b]     [21/24] com.paritytrading.parity.file.taq.TAQWriter.close
10:25:51.500 [INFO]   [Creating]    [pool-3-thread-1]   [com.diffblue.cover.ui.b.b]     [21/24]   R020: Temporary files were created but not deleted
10:25:51.500 [DEBUG]  [Creating]    [pool-3-thread-1]   [com.diffblue.cover.ui.b.b]     [21/24]   (at least 2 lines uncovered in this method)
10:25:51.500 [INFO]   [Creating]    [pool-3-thread-1]   [com.diffblue.cover.ui.b.b]     [21/24]     The method under test created the following temporary files without deleting
10:25:51.500 [INFO]   [Creating]    [pool-3-thread-1]   [com.diffblue.cover.ui.b.b]     [21/24]     them:
10:25:51.500 [INFO]   [Creating]    [pool-3-thread-1]   [com.diffblue.cover.ui.b.b]     [21/24]     - '/tmp/taq-test-198415045182317324.txt'
10:25:51.500 [INFO]   [Creating]    [pool-3-thread-1]   [com.diffblue.cover.ui.b.b]     [21/24]     Please ensure that temporary files are deleted in the method under test.
10:25:51.500 [INFO]   [Creating]    [pool-3-thread-1]   [com.diffblue.cover.ui.b.b]     [21/24]     See https://diff.blue/R020
10:25:51.502 [DEBUG]  [Creating]    [analyzer-service:TimedExecutor-53][com.diffblue.fuzztest.g.e] 
================================================================================
= Creating tests for 'com.paritytrading.parity.file.taq.TAQWriter.write:(Lcom/paritytrading/parity/file/taq/TAQ$Quote;)V' using 'SiM (!sp, fnm, df)'
================================================================================
10:25:51.506 [DEBUG]  [Creating]    [analyzer-service:TimedExecutor-53][com.diffblue.fuzztest.g.ap] Parsed existing test class at /home/jbergqvist/diffblue/paritytrading-parity/libraries/file/src/test/java/com/paritytrading/parity/file/taq/TAQWriterDiffblueTest.java: found 0 annotations
10:25:51.506 [DEBUG]  [Creating]    [analyzer-service:TimedExecutor-53][com.diffblue.fuzztest.g.e] 
================================================================================
= Trying DI configuration EmptyDependencyInjectionTirConfiguration for com.paritytrading.parity.file.taq.TAQWriter.write:(Lcom/paritytrading/parity/file/taq/TAQ$Quote;)V
================================================================================
10:25:51.506 [DEBUG]  [Creating]    [analyzer-service:TimedExecutor-53][com.diffblue.cover.j.b] Mockito inline mock maker not loaded
10:25:52.426 [DEBUG]  [Creating]    [analyzer-service:TimedExecutor-53][com.diffblue.fuzztest.b.f] Refinement loop done: 5 seeds, 9+0 new+accumulated tests, 3+6 tests+partial tests, 591/1000 its
10:25:52.518 [DEBUG]  [Creating]    [analyzer-service:TimedExecutor-53][com.diffblue.cover.j.b] Mockito inline mock maker not loaded
10:25:52.531 [DEBUG]  [Creating]    [analyzer-service:TimedExecutor-53][com.diffblue.cover.j.b] Mockito inline mock maker not loaded
10:25:52.543 [DEBUG]  [Creating]    [analyzer-service:TimedExecutor-53][com.diffblue.cover.j.b] Mockito inline mock maker not loaded
10:25:52.555 [DEBUG]  [Creating]    [analyzer-service:TimedExecutor-53][com.diffblue.cover.j.b] Mockito inline mock maker not loaded
10:25:52.568 [DEBUG]  [Creating]    [analyzer-service:TimedExecutor-53][com.diffblue.cover.j.b] Mockito inline mock maker not loaded
10:25:52.581 [DEBUG]  [Creating]    [analyzer-service:TimedExecutor-53][com.diffblue.cover.j.b] Mockito inline mock maker not loaded
10:25:52.592 [DEBUG]  [Creating]    [analyzer-service:TimedExecutor-53][com.diffblue.fuzztest.g.e] DI configuration 'com.diffblue.tir.p' generated tests: 9
10:25:52.593 [DEBUG]  [Creating]    [analyzer-service:TimedExecutor-53][com.diffblue.fuzztest.g.e] Enabling descriptive test naming
10:25:52.627 [DEBUG]  [Creating]    [analyzer-service:grpc-default-executor-2][com.diffblue.fuzztest.e.c] Created 3+0 tests and partial tests via 'SiM (!sp, fnm, df)' SiM fallback 1/2, returning all 3
10:25:52.685 [DEBUG]  [Creating]    [analyzer-service:grpc-default-executor-2][com.diffblue.cover.service.analyzer.a.c] Watchdog reset
10:25:52.690 [DEBUG]  [Creating]    [pool-3-thread-1]   [com.diffblue.cover.m.a.b] in processAnalysisResult for com.paritytrading.parity.file.taq.TAQWriter.write:(Lcom/paritytrading/parity/file/taq/TAQ$Quote;)V
10:25:52.690 [DEBUG]  [Creating]    [pool-3-thread-1]   [com.diffblue.cover.r.d] Finished with MethodGroup: flush, countOfTests: 0, countOfMethodsTested: 0 TestGenerationAccount: a[countOfRemoved=0, countOfUnchanged=0, countOfUpdated=0, countOfNew=13]
10:25:52.692 [INFO]   [Creating]    [pool-3-thread-1]   [com.diffblue.cover.ui.b.b]     [22/24] com.paritytrading.parity.file.taq.TAQWriter.flush
10:25:52.692 [INFO]   [Creating]    [pool-3-thread-1]   [com.diffblue.cover.ui.b.b]     [22/24]   R020: Temporary files were created but not deleted
10:25:52.692 [DEBUG]  [Creating]    [pool-3-thread-1]   [com.diffblue.cover.ui.b.b]     [22/24]   (at least 2 lines uncovered in this method)
10:25:52.692 [INFO]   [Creating]    [pool-3-thread-1]   [com.diffblue.cover.ui.b.b]     [22/24]     The method under test created the following temporary files without deleting
10:25:52.692 [INFO]   [Creating]    [pool-3-thread-1]   [com.diffblue.cover.ui.b.b]     [22/24]     them:
10:25:52.692 [INFO]   [Creating]    [pool-3-thread-1]   [com.diffblue.cover.ui.b.b]     [22/24]     - '/tmp/taq-test-1573003562260050931.txt'
10:25:52.692 [INFO]   [Creating]    [pool-3-thread-1]   [com.diffblue.cover.ui.b.b]     [22/24]     Please ensure that temporary files are deleted in the method under test.
10:25:52.692 [INFO]   [Creating]    [pool-3-thread-1]   [com.diffblue.cover.ui.b.b]     [22/24]     See https://diff.blue/R020
10:25:52.692 [DEBUG]  [Creating]    [pool-3-thread-1]   [com.diffblue.combiner.d.j] Using Javaparser to combine tests
10:25:52.721 [DEBUG]  [Creating]    [pool-6-thread-14]  [com.diffblue.cover.l.a.c] EdgeCoverageRuntime contains 11 edges
10:25:52.721 [DEBUG]  [Creating]    [pool-3-thread-1]   [com.diffblue.combiner.a.c] Adding changeSet to account as new: Optional[com.paritytrading.parity.file.taq.TAQWriter.write:(Lcom/paritytrading/parity/file/taq/TAQ$Quote;)V]
10:25:52.752 [DEBUG]  [Creating]    [pool-3-thread-1]   [com.diffblue.combiner.d.j] Using Javaparser to combine tests
10:25:52.782 [DEBUG]  [Creating]    [pool-6-thread-15]  [com.diffblue.cover.l.a.c] EdgeCoverageRuntime contains 11 edges
10:25:52.783 [DEBUG]  [Creating]    [pool-3-thread-1]   [com.diffblue.combiner.a.c] Adding changeSet to account as new: Optional[com.paritytrading.parity.file.taq.TAQWriter.write:(Lcom/paritytrading/parity/file/taq/TAQ$Quote;)V]
10:25:52.807 [DEBUG]  [Creating]    [pool-3-thread-1]   [com.diffblue.combiner.d.j] Using Javaparser to combine tests
10:25:52.834 [DEBUG]  [Creating]    [pool-6-thread-16]  [com.diffblue.cover.l.a.c] EdgeCoverageRuntime contains 11 edges
10:25:52.835 [DEBUG]  [Creating]    [pool-3-thread-1]   [com.diffblue.combiner.a.c] Adding changeSet to account as new: Optional[com.paritytrading.parity.file.taq.TAQWriter.write:(Lcom/paritytrading/parity/file/taq/TAQ$Quote;)V]
10:25:52.863 [DEBUG]  [Creating]    [analyzer-service:grpc-default-executor-2][com.diffblue.cover.service.analyzer.a.c] Watchdog reset
10:25:52.864 [DEBUG]  [Creating]    [analyzer-service:TimedExecutor-54][com.diffblue.fuzztest.g.e] 
================================================================================
= Creating tests for 'com.paritytrading.parity.file.taq.TAQWriter.write:(Lcom/paritytrading/parity/file/taq/TAQ$Trade;)V' using 'SiM (!sp, fnm, df)'
================================================================================
10:25:52.871 [DEBUG]  [Creating]    [analyzer-service:TimedExecutor-54][com.diffblue.fuzztest.g.ap] Parsed existing test class at /home/jbergqvist/diffblue/paritytrading-parity/libraries/file/src/test/java/com/paritytrading/parity/file/taq/TAQWriterDiffblueTest.java: found 0 annotations
10:25:52.871 [DEBUG]  [Creating]    [analyzer-service:TimedExecutor-54][com.diffblue.fuzztest.g.e] 
================================================================================
= Trying DI configuration EmptyDependencyInjectionTirConfiguration for com.paritytrading.parity.file.taq.TAQWriter.write:(Lcom/paritytrading/parity/file/taq/TAQ$Trade;)V
================================================================================
10:25:52.872 [DEBUG]  [Creating]    [analyzer-service:TimedExecutor-54][com.diffblue.cover.j.b] Mockito inline mock maker not loaded
10:25:53.514 [DEBUG]  [Creating]    [analyzer-service:TimedExecutor-54][com.diffblue.fuzztest.b.f] Refinement loop done: 2 seeds, 5+0 new+accumulated tests, 2+3 tests+partial tests, 582/1000 its
10:25:53.577 [DEBUG]  [Creating]    [analyzer-service:TimedExecutor-54][com.diffblue.cover.j.b] Mockito inline mock maker not loaded
10:25:53.589 [DEBUG]  [Creating]    [analyzer-service:TimedExecutor-54][com.diffblue.cover.j.b] Mockito inline mock maker not loaded
10:25:53.601 [DEBUG]  [Creating]    [analyzer-service:TimedExecutor-54][com.diffblue.cover.j.b] Mockito inline mock maker not loaded
10:25:53.612 [DEBUG]  [Creating]    [analyzer-service:TimedExecutor-54][com.diffblue.fuzztest.g.e] DI configuration 'com.diffblue.tir.p' generated tests: 5
10:25:53.612 [DEBUG]  [Creating]    [analyzer-service:TimedExecutor-54][com.diffblue.fuzztest.g.e] Enabling descriptive test naming
10:25:53.628 [DEBUG]  [Creating]    [analyzer-service:grpc-default-executor-2][com.diffblue.fuzztest.e.c] Created 2+0 tests and partial tests via 'SiM (!sp, fnm, df)' SiM fallback 1/2, returning all 2
10:25:53.674 [DEBUG]  [Creating]    [pool-3-thread-1]   [com.diffblue.cover.m.a.b] in processAnalysisResult for com.paritytrading.parity.file.taq.TAQWriter.write:(Lcom/paritytrading/parity/file/taq/TAQ$Trade;)V
10:25:53.675 [DEBUG]  [Creating]    [pool-3-thread-1]   [com.diffblue.cover.r.d] Finished with MethodGroup: write, countOfTests: 3, countOfMethodsTested: 1 TestGenerationAccount: a[countOfRemoved=0, countOfUnchanged=0, countOfUpdated=0, countOfNew=16]
10:25:53.675 [INFO]   [Creating]    [pool-3-thread-1]   [com.diffblue.cover.ui.b.b]     [23/24] com.paritytrading.parity.file.taq.TAQWriter.write
10:25:53.675 [INFO]   [Creating]    [pool-3-thread-1]   [com.diffblue.cover.ui.b.b]     [23/24]   Tests created: 3
10:25:53.675 [DEBUG]  [Creating]    [pool-3-thread-1]   [com.diffblue.combiner.d.j] Using Javaparser to combine tests
10:25:53.698 [DEBUG]  [Creating]    [pool-6-thread-17]  [com.diffblue.cover.l.a.c] EdgeCoverageRuntime contains 11 edges
10:25:53.699 [DEBUG]  [Creating]    [pool-3-thread-1]   [com.diffblue.combiner.a.c] Adding changeSet to account as new: Optional[com.paritytrading.parity.file.taq.TAQWriter.write:(Lcom/paritytrading/parity/file/taq/TAQ$Trade;)V]
10:25:53.731 [DEBUG]  [Creating]    [pool-3-thread-1]   [com.diffblue.combiner.d.j] Using Javaparser to combine tests
10:25:53.753 [DEBUG]  [Creating]    [pool-6-thread-18]  [com.diffblue.cover.l.a.c] EdgeCoverageRuntime contains 11 edges
10:25:53.753 [DEBUG]  [Creating]    [pool-3-thread-1]   [com.diffblue.combiner.a.c] Adding changeSet to account as new: Optional[com.paritytrading.parity.file.taq.TAQWriter.write:(Lcom/paritytrading/parity/file/taq/TAQ$Trade;)V]
10:25:53.783 [DEBUG]  [Creating]    [pool-3-thread-1]   [com.diffblue.cover.r.d] Finished with MethodGroup: write, countOfTests: 2, countOfMethodsTested: 1 TestGenerationAccount: a[countOfRemoved=0, countOfUnchanged=0, countOfUpdated=0, countOfNew=18]
10:25:53.782 [DEBUG]  [Creating]    [analyzer-service:grpc-default-executor-2][com.diffblue.cover.service.analyzer.a.c] Watchdog reset
10:25:53.783 [INFO]   [Creating]    [pool-3-thread-1]   [com.diffblue.cover.ui.b.b]     [24/24] com.paritytrading.parity.file.taq.TAQWriter.write
10:25:53.783 [INFO]   [Creating]    [pool-3-thread-1]   [com.diffblue.cover.ui.b.b]     [24/24]   Tests created: 2
10:25:53.785 [INFO]   [Creating]    [pool-3-thread-1]   [com.diffblue.cover.ui.b.b] [5/5] com.paritytrading.parity.file.taq.TAQWriter
10:25:53.785 [INFO]   [Creating]    [pool-3-thread-1]   [com.diffblue.cover.ui.b.b] [5/5]   Tests created: 7
10:25:53.785 [DEBUG]  [Creating]    [pool-3-thread-1]   [com.diffblue.cover.ui.b.b] [5/5]   (at least 12 lines uncovered in this class)
10:25:53.788 [DEBUG]  [Creating]    [pool-3-thread-1]   [com.diffblue.cover.r.d] Finished generation. TestGenerationAccount: a[countOfRemoved=0, countOfUnchanged=0, countOfUpdated=0, countOfNew=18]
10:25:53.792 [INFO]   [Reporting]   [pool-3-thread-1]   [com.diffblue.cover.ui.b.b] 
10:25:53.792 [INFO]   [Reporting]   [pool-3-thread-1]   [com.diffblue.cover.ui.b.b] Test creation summary for module: com.paritytrading.parity:parity-file
10:25:53.792 [INFO]   [Reporting]   [pool-3-thread-1]   [com.diffblue.cover.ui.b.b] ----------------------------------------------------------------------
10:25:53.792 [INFO]   [Reporting]   [pool-3-thread-1]   [com.diffblue.cover.ui.b.b] Total:                                              24 methods
10:25:53.792 [INFO]   [Reporting]   [pool-3-thread-1]   [com.diffblue.cover.ui.b.b] 18 tests created for:                               15 methods
10:25:53.792 [DEBUG]  [Reporting]   [pool-3-thread-1]   [com.diffblue.cover.ui.b.b] (at least 21 out of 85 lines uncovered)
10:25:53.792 [INFO]   [Reporting]   [pool-3-thread-1]   [com.diffblue.cover.ui.b.b] 
10:25:53.792 [INFO]   [Reporting]   [pool-3-thread-1]   [com.diffblue.cover.ui.b.b] No tests created for:                                9 methods
10:25:53.792 [INFO]   [Reporting]   [pool-3-thread-1]   [com.diffblue.cover.ui.b.b]     8 R020: Temporary files were created but not deleted
10:25:53.792 [DEBUG]  [Reporting]   [pool-3-thread-1]   [com.diffblue.cover.ui.b.b]     (affects 12 lines)
10:25:53.792 [INFO]   [Reporting]   [pool-3-thread-1]   [com.diffblue.cover.ui.b.b]     1 R003: Test did not increase coverage
10:25:53.792 [DEBUG]  [Reporting]   [pool-3-thread-1]   [com.diffblue.cover.ui.b.b]     (affects 9 lines)
10:25:53.891 [INFO]   [Validating]  [main]              [com.diffblue.cover.ui.controller.r] 
10:25:53.891 [INFO]   [Validating]  [main]              [com.diffblue.cover.ui.controller.r] Running validation command.
10:25:53.891 [DEBUG]  [Validating]  [main]              [com.diffblue.cover.buildsystem.config.registry.Registry] checking if /home/jbergqvist/diffblue/paritytrading-parity/libraries/file/DiffblueBuild.yaml exists...
10:25:53.891 [DEBUG]  [Validating]  [main]              [com.diffblue.cover.buildsystem.config.registry.Registry] checking if /home/jbergqvist/diffblue/paritytrading-parity/libraries/file/DiffblueBuild.yml exists...
10:25:53.891 [DEBUG]  [Validating]  [main]              [com.diffblue.cover.buildsystem.config.registry.Registry] checking if /home/jbergqvist/diffblue/paritytrading-parity/DiffblueBuild.yaml exists...
10:25:53.891 [DEBUG]  [Validating]  [main]              [com.diffblue.cover.buildsystem.config.registry.Registry] checking if /home/jbergqvist/diffblue/paritytrading-parity/DiffblueBuild.yml exists...
10:25:53.891 [INFO]   [Validating]  [main]              [com.diffblue.cover.buildsystem.config.registry.Registry] Using default build rules as no custom rules found in any of [/home/jbergqvist/diffblue/paritytrading-parity/libraries/file, /home/jbergqvist/diffblue/paritytrading-parity]
10:25:53.891 [DEBUG]  [Validating]  [main]              [com.diffblue.cover.buildsystem.config.registry.Registry] Build execution request for Info Phase
10:25:53.892 [INFO]   [Validating]  [main]              [com.diffblue.cover.buildsystem.config.a.a] Attempting to invoke mvnw in working directory: /home/jbergqvist/diffblue/paritytrading-parity
10:25:53.892 [INFO]   [Validating]  [main]              [com.diffblue.cover.buildsystem.config.a.a] Attempting to invoke /home/jbergqvist/.sdkman/candidates/maven/current/bin/mvn in working directory: /home/jbergqvist/diffblue/paritytrading-parity
10:25:53.893 [INFO]   [Validating]  [main]              [com.diffblue.cover.buildsystem.config.a.a] Started "/home/jbergqvist/.sdkman/candidates/maven/current/bin/mvn -Dmaven.ext.class.path=/opt/cover/cover-buildsystem-maven-spy-jar-with-dependencies.jar -Dcom.diffblue.cover.skipTests=true -DskipTestOptimizer --batch-mode --projects=com.paritytrading.parity:parity-file --global-settings=/home/jbergqvist/.sdkman/candidates/maven/current/conf/settings.xml org.apache.maven.plugins:maven-checkstyle-plugin:check -Dcheckstyle.failOnViolation=false validate --also-make"
10:25:54.612 [INFO]   [Validating]  [maven:out]         [com.diffblue.cover.buildsystem.config.a.a] out: [INFO] Scanning for projects...
10:25:54.697 [INFO]   [Validating]  [maven:out]         [com.diffblue.cover.buildsystem.config.a.a] out: [INFO] ------------------------------------------------------------------------
10:25:54.697 [INFO]   [Validating]  [maven:out]         [com.diffblue.cover.buildsystem.config.a.a] out: [INFO] Reactor Build Order:
10:25:54.697 [INFO]   [Validating]  [maven:out]         [com.diffblue.cover.buildsystem.config.a.a] out: [INFO] 
10:25:54.698 [INFO]   [Validating]  [maven:out]         [com.diffblue.cover.buildsystem.config.a.a] out: [INFO] Parity (Parent)                                                    [pom]
10:25:54.698 [INFO]   [Validating]  [maven:out]         [com.diffblue.cover.buildsystem.config.a.a] out: [INFO] Parity File Formats                                                [jar]
10:25:54.731 [INFO]   [Validating]  [maven:out]         [com.diffblue.cover.buildsystem.config.a.a] out: [INFO] 
10:25:54.731 [INFO]   [Validating]  [maven:out]         [com.diffblue.cover.buildsystem.config.a.a] out: [INFO] ---------------< com.paritytrading.parity:parity-parent >---------------
10:25:54.731 [INFO]   [Validating]  [maven:out]         [com.diffblue.cover.buildsystem.config.a.a] out: [INFO] Building Parity (Parent) 0.7.1-SNAPSHOT                            [1/2]
10:25:54.731 [INFO]   [Validating]  [maven:out]         [com.diffblue.cover.buildsystem.config.a.a] out: [INFO]   from pom.xml
10:25:54.731 [INFO]   [Validating]  [maven:out]         [com.diffblue.cover.buildsystem.config.a.a] out: [INFO] --------------------------------[ pom ]---------------------------------
10:25:54.887 [INFO]   [Validating]  [maven:out]         [com.diffblue.cover.buildsystem.internal.f.f] deserializing line [DIFFBLUE]{"__type":"com.diffblue.cover.buildsystem.model.DefaultEventMessage","project":"com.paritytrading.parity:parity-parent","goal":"check","cause":null,"state":"STARTED"}
10:25:54.898 [INFO]   [Validating]  [maven:out]         [com.diffblue.cover.buildsystem.config.a.a] out: [INFO] 
10:25:54.898 [INFO]   [Validating]  [maven:out]         [com.diffblue.cover.buildsystem.config.a.a] out: [INFO] --- checkstyle:3.1.0:check (default-cli) @ parity-parent ---
10:25:55.321 [INFO]   [Validating]  [maven:out]         [com.diffblue.cover.buildsystem.internal.f.f] deserializing line [DIFFBLUE]{"__type":"com.diffblue.cover.buildsystem.model.DefaultEventMessage","project":"com.paritytrading.parity:parity-parent","goal":"check","cause":null,"state":"SUCCESS"}
10:25:55.322 [INFO]   [Validating]  [maven:out]         [com.diffblue.cover.buildsystem.internal.f.f] deserializing line [DIFFBLUE]{"__type":"com.diffblue.cover.buildsystem.model.DefaultEventMessage","project":"com.paritytrading.parity:parity-parent","goal":"enforce","cause":null,"state":"STARTED"}
10:25:55.323 [INFO]   [Validating]  [maven:out]         [com.diffblue.cover.buildsystem.config.a.a] out: [INFO] 
10:25:55.323 [INFO]   [Validating]  [maven:out]         [com.diffblue.cover.buildsystem.config.a.a] out: [INFO] --- enforcer:1.0:enforce (enforce-maven) @ parity-parent ---
10:25:55.382 [INFO]   [Validating]  [maven:out]         [com.diffblue.cover.buildsystem.internal.f.f] deserializing line [DIFFBLUE]{"__type":"com.diffblue.cover.buildsystem.model.DefaultEventMessage","project":"com.paritytrading.parity:parity-parent","goal":"enforce","cause":null,"state":"SUCCESS"}
10:25:55.384 [INFO]   [Validating]  [maven:out]         [com.diffblue.cover.buildsystem.config.a.a] out: [INFO] 
10:25:55.384 [INFO]   [Validating]  [maven:out]         [com.diffblue.cover.buildsystem.config.a.a] out: [INFO] ----------------< com.paritytrading.parity:parity-file >----------------
10:25:55.384 [INFO]   [Validating]  [maven:out]         [com.diffblue.cover.buildsystem.config.a.a] out: [INFO] Building Parity File Formats 0.7.1-SNAPSHOT                        [2/2]
10:25:55.384 [INFO]   [Validating]  [maven:out]         [com.diffblue.cover.buildsystem.config.a.a] out: [INFO]   from libraries/file/pom.xml
10:25:55.384 [INFO]   [Validating]  [maven:out]         [com.diffblue.cover.buildsystem.config.a.a] out: [INFO] --------------------------------[ jar ]---------------------------------
10:25:55.399 [INFO]   [Validating]  [maven:out]         [com.diffblue.cover.buildsystem.internal.f.f] deserializing line [DIFFBLUE]{"__type":"com.diffblue.cover.buildsystem.model.DefaultEventMessage","project":"com.paritytrading.parity:parity-file","goal":"check","cause":null,"state":"STARTED"}
10:25:55.400 [INFO]   [Validating]  [maven:out]         [com.diffblue.cover.buildsystem.config.a.a] out: [INFO] 
10:25:55.400 [INFO]   [Validating]  [maven:out]         [com.diffblue.cover.buildsystem.config.a.a] out: [INFO] --- checkstyle:3.1.0:check (default-cli) @ parity-file ---
10:25:55.465 [INFO]   [Validating]  [maven:out]         [com.diffblue.cover.buildsystem.config.a.a] out: [INFO] There is 1 error reported by Checkstyle 8.29 with checkstyle.xml ruleset.
10:25:55.467 [INFO]   [Validating]  [maven:out]         [com.diffblue.cover.buildsystem.config.a.a] out: [ERROR] src/test/java/com/paritytrading/parity/file/taq/TAQWriterFactory.java:[21,8] (imports) UnusedImports: Unused import - java.io.FileNotFoundException.
10:25:55.467 [INFO]   [Validating]  [maven:out]         [com.diffblue.cover.buildsystem.config.a.a] out: [WARNING] checkstyle:check violations detected but failOnViolation set to false
10:25:55.468 [INFO]   [Validating]  [maven:out]         [com.diffblue.cover.buildsystem.internal.f.f] deserializing line [DIFFBLUE]{"__type":"com.diffblue.cover.buildsystem.model.DefaultEventMessage","project":"com.paritytrading.parity:parity-file","goal":"check","cause":null,"state":"SUCCESS"}
10:25:55.469 [INFO]   [Validating]  [maven:out]         [com.diffblue.cover.buildsystem.internal.f.f] deserializing line [DIFFBLUE]{"__type":"com.diffblue.cover.buildsystem.model.DefaultEventMessage","project":"com.paritytrading.parity:parity-file","goal":"enforce","cause":null,"state":"STARTED"}
10:25:55.470 [INFO]   [Validating]  [maven:out]         [com.diffblue.cover.buildsystem.config.a.a] out: [INFO] 
10:25:55.470 [INFO]   [Validating]  [maven:out]         [com.diffblue.cover.buildsystem.config.a.a] out: [INFO] --- enforcer:1.0:enforce (enforce-maven) @ parity-file ---
10:25:55.471 [INFO]   [Validating]  [maven:out]         [com.diffblue.cover.buildsystem.internal.f.f] deserializing line [DIFFBLUE]{"__type":"com.diffblue.cover.buildsystem.model.DefaultEventMessage","project":"com.paritytrading.parity:parity-file","goal":"enforce","cause":null,"state":"SUCCESS"}
10:25:55.500 [INFO]   [Validating]  [maven:out]         [com.diffblue.cover.buildsystem.internal.f.f] deserializing line [DIFFBLUE]{"__type":"com.diffblue.cover.buildsystem.model.DefaultProjectModuleMessage","project":{"__type":"DefaultProjectModule","junitReport":["/home/jbergqvist/diffblue/paritytrading-parity/target/surefire-reports"],"jacocoReport":["/home/jbergqvist/diffblue/paritytrading-parity/target/site/jacoco/jacoco.xml"],"jacocoDestFile":["/home/jbergqvist/diffblue/paritytrading-parity/target/jacoco.exec"],"jacocoFormats":["xml"],"jacocoSkipped":false,"classpath":["/home/jbergqvist/diffblue/paritytrading-parity/target/classes"],"complianceLevel":"1.8","productionSources":["/home/jbergqvist/diffblue/paritytrading-parity/src/main/java"],"testSources":["/home/jbergqvist/diffblue/paritytrading-parity/src/test/java"],"productionClasses":"/home/jbergqvist/diffblue/paritytrading-parity/target/classes","testClasses":"/home/jbergqvist/diffblue/paritytrading-parity/target/test-classes","sourceToBuildPathMap":null,"testSourceToBuildPathMap":null,"buildDirectory":"/home/jbergqvist/diffblue/paritytrading-parity/target","plugins":[{"__type":"DefaultPlugin","groupId":"org.apache.maven.plugins","artefactId":"maven-enforcer-plugin","version":"1.0","pluginClassName":null},{"__type":"DefaultPlugin","groupId":"org.apache.maven.plugins","artefactId":"maven-checkstyle-plugin","version":"3.1.0","pluginClassName":null},{"__type":"DefaultPlugin","groupId":"org.apache.maven.plugins","artefactId":"maven-compiler-plugin","version":"3.8.0","pluginClassName":null},{"__type":"DefaultPlugin","groupId":"org.apache.maven.plugins","artefactId":"maven-javadoc-plugin","version":"3.0.1","pluginClassName":null},{"__type":"DefaultPlugin","groupId":"org.apache.maven.plugins","artefactId":"maven-release-plugin","version":"2.5.3","pluginClassName":null},{"__type":"DefaultPlugin","groupId":"org.apache.maven.plugins","artefactId":"maven-clean-plugin","version":"3.2.0","pluginClassName":null},{"__type":"DefaultPlugin","groupId":"org.apache.maven.plugins","artefactId":"maven-install-plugin","version":"3.1.2","pluginClassName":null},{"__type":"DefaultPlugin","groupId":"org.apache.maven.plugins","artefactId":"maven-deploy-plugin","version":"2.8.2","pluginClassName":null},{"__type":"DefaultPlugin","groupId":"org.apache.maven.plugins","artefactId":"maven-site-plugin","version":"3.12.1","pluginClassName":null}],"version":"3.9.12","encoding":"UTF-8","name":"maven","subModules":[{"__type":"DefaultProjectModule","junitReport":["/home/jbergqvist/diffblue/paritytrading-parity/libraries/book/target/surefire-reports"],"jacocoReport":["/home/jbergqvist/diffblue/paritytrading-parity/libraries/book/target/site/jacoco/jacoco.xml"],"jacocoDestFile":["/home/jbergqvist/diffblue/paritytrading-parity/libraries/book/target/jacoco.exec"],"jacocoFormats":["xml"],"jacocoSkipped":false,"classpath":["/home/jbergqvist/diffblue/paritytrading-parity/libraries/book/target/classes"],"complianceLevel":"1.8","productionSources":["/home/jbergqvist/diffblue/paritytrading-parity/libraries/book/src/main/java"],"testSources":["/home/jbergqvist/diffblue/paritytrading-parity/libraries/book/src/test/java"],"productionClasses":"/home/jbergqvist/diffblue/paritytrading-parity/libraries/book/target/classes","testClasses":"/home/jbergqvist/diffblue/paritytrading-parity/libraries/book/target/test-classes","sourceToBuildPathMap":null,"testSourceToBuildPathMap":null,"buildDirectory":"/home/jbergqvist/diffblue/paritytrading-parity/libraries/book/target","plugins":[{"__type":"DefaultPlugin","groupId":"org.apache.maven.plugins","artefactId":"maven-enforcer-plugin","version":"1.0","pluginClassName":null},{"__type":"DefaultPlugin","groupId":"org.apache.maven.plugins","artefactId":"maven-checkstyle-plugin","version":"3.1.0","pluginClassName":null},{"__type":"DefaultPlugin","groupId":"org.apache.maven.plugins","artefactId":"maven-compiler-plugin","version":"3.8.0","pluginClassName":null},{"__type":"DefaultPlugin","groupId":"org.apache.maven.plugins","artefactId":"maven-javadoc-plugin","version":"3.0.1","pluginClassName":null},{"__type":"DefaultPlugin","groupId":"org.apache.maven.plugins","artefactId":"maven-release-plugin","version":"2.5.3","pluginClassName":null},{"__type":"DefaultPlugin","groupId":"org.apache.maven.plugins","artefactId":"maven-clean-plugin","version":"3.2.0","pluginClassName":null},{"__type":"DefaultPlugin","groupId":"org.apache.maven.plugins","artefactId":"maven-resources-plugin","version":"3.3.1","pluginClassName":null},{"__type":"DefaultPlugin","groupId":"org.apache.maven.plugins","artefactId":"maven-jar-plugin","version":"3.4.1","pluginClassName":null},{"__type":"DefaultPlugin","groupId":"org.apache.maven.plugins","artefactId":"maven-surefire-plugin","version":"3.0.0-M5","pluginClassName":null},{"__type":"DefaultPlugin","groupId":"org.apache.maven.plugins","artefactId":"maven-install-plugin","version":"3.1.2","pluginClassName":null},{"__type":"DefaultPlugin","groupId":"org.apache.maven.plugins","artefactId":"maven-deploy-plugin","version":"2.8.2","pluginClassName":null},{"__type":"DefaultPlugin","groupId":"org.apache.maven.plugins","artefactId":"maven-site-plugin","version":"3.12.1","pluginClassName":null}],"version":"3.9.12","encoding":"UTF-8","name":"maven","subModules":[],"simpleModuleName":null,"parentModuleName":"com.paritytrading.parity:parity-parent","location":"/home/jbergqvist/diffblue/paritytrading-parity/libraries/book","fullModuleName":"com.paritytrading.parity:parity-book"},{"__type":"DefaultProjectModule","junitReport":["/home/jbergqvist/diffblue/paritytrading-parity/libraries/file/target/surefire-reports"],"jacocoReport":["/home/jbergqvist/diffblue/paritytrading-parity/libraries/file/target/site/jacoco/jacoco.xml"],"jacocoDestFile":["/home/jbergqvist/diffblue/paritytrading-parity/libraries/file/target/jacoco.exec"],"jacocoFormats":["xml"],"jacocoSkipped":false,"classpath":["/home/jbergqvist/diffblue/paritytrading-parity/libraries/file/target/classes","/home/jbergqvist/.m2/repository/org/junit/jupiter/junit-jupiter/5.7.0/junit-jupiter-5.7.0.jar","/home/jbergqvist/.m2/repository/org/junit/jupiter/junit-jupiter-api/5.7.0/junit-jupiter-api-5.7.0.jar","/home/jbergqvist/.m2/repository/org/apiguardian/apiguardian-api/1.1.0/apiguardian-api-1.1.0.jar","/home/jbergqvist/.m2/repository/org/opentest4j/opentest4j/1.2.0/opentest4j-1.2.0.jar","/home/jbergqvist/.m2/repository/org/junit/platform/junit-platform-commons/1.7.0/junit-platform-commons-1.7.0.jar","/home/jbergqvist/.m2/repository/org/junit/jupiter/junit-jupiter-params/5.7.0/junit-jupiter-params-5.7.0.jar","/home/jbergqvist/.m2/repository/org/junit/jupiter/junit-jupiter-engine/5.7.0/junit-jupiter-engine-5.7.0.jar","/home/jbergqvist/.m2/repository/org/junit/platform/junit-platform-engine/1.7.0/junit-platform-engine-1.7.0.jar","/home/jbergqvist/.m2/repository/com/diffblue/cover/cover-annotations/1.9.0/cover-annotations-1.9.0.jar","/home/jbergqvist/.m2/repository/org/mockito/mockito-core/4.11.0/mockito-core-4.11.0.jar","/home/jbergqvist/.m2/repository/net/bytebuddy/byte-buddy/1.12.19/byte-buddy-1.12.19.jar","/home/jbergqvist/.m2/repository/net/bytebuddy/byte-buddy-agent/1.12.19/byte-buddy-agent-1.12.19.jar","/home/jbergqvist/.m2/repository/org/objenesis/objenesis/3.3/objenesis-3.3.jar","/home/jbergqvist/.m2/repository/org/mockito/mockito-junit-jupiter/4.11.0/mockito-junit-jupiter-4.11.0.jar"],"complianceLevel":"1.8","productionSources":["/home/jbergqvist/diffblue/paritytrading-parity/libraries/file/src/main/java"],"testSources":["/home/jbergqvist/diffblue/paritytrading-parity/libraries/file/src/test/java"],"productionClasses":"/home/jbergqvist/diffblue/paritytrading-parity/libraries/file/target/classes","testClasses":"/home/jbergqvist/diffblue/paritytrading-parity/libraries/file/target/test-classes","sourceToBuildPathMap":null,"testSourceToBuildPathMap":null,"buildDirectory":"/home/jbergqvist/diffblue/paritytrading-parity/libraries/file/target","plugins":[{"__type":"DefaultPlugin","groupId":"org.apache.maven.plugins","artefactId":"maven-enforcer-plugin","version":"1.0","pluginClassName":null},{"__type":"DefaultPlugin","groupId":"org.apache.maven.plugins","artefactId":"maven-checkstyle-plugin","version":"3.1.0","pluginClassName":null},{"__type":"DefaultPlugin","groupId":"org.apache.maven.plugins","artefactId":"maven-compiler-plugin","version":"3.8.0","pluginClassName":null},{"__type":"DefaultPlugin","groupId":"org.apache.maven.plugins","artefactId":"maven-javadoc-plugin","version":"3.0.1","pluginClassName":null},{"__type":"DefaultPlugin","groupId":"org.apache.maven.plugins","artefactId":"maven-release-plugin","version":"2.5.3","pluginClassName":null},{"__type":"DefaultPlugin","groupId":"org.apache.maven.plugins","artefactId":"maven-clean-plugin","version":"3.2.0","pluginClassName":null},{"__type":"DefaultPlugin","groupId":"org.apache.maven.plugins","artefactId":"maven-resources-plugin","version":"3.3.1","pluginClassName":null},{"__type":"DefaultPlugin","groupId":"org.apache.maven.plugins","artefactId":"maven-jar-plugin","version":"3.4.1","pluginClassName":null},{"__type":"DefaultPlugin","groupId":"org.apache.maven.plugins","artefactId":"maven-surefire-plugin","version":"3.0.0-M5","pluginClassName":null},{"__type":"DefaultPlugin","groupId":"org.apache.maven.plugins","artefactId":"maven-install-plugin","version":"3.1.2","pluginClassName":null},{"__type":"DefaultPlugin","groupId":"org.apache.maven.plugins","artefactId":"maven-deploy-plugin","version":"2.8.2","pluginClassName":null},{"__type":"DefaultPlugin","groupId":"org.apache.maven.plugins","artefactId":"maven-site-plugin","version":"3.12.1","pluginClassName":null}],"version":"3.9.12","encoding":"UTF-8","name":"maven","subModules":[],"simpleModuleName":null,"parentModuleName":"com.paritytrading.parity:parity-parent","location":"/home/jbergqvist/diffblue/paritytrading-parity/libraries/file","fullModuleName":"com.paritytrading.parity:parity-file"},{"__type":"DefaultProjectModule","junitReport":["/home/jbergqvist/diffblue/paritytrading-parity/libraries/match/target/surefire-reports"],"jacocoReport":["/home/jbergqvist/diffblue/paritytrading-parity/libraries/match/target/site/jacoco/jacoco.xml"],"jacocoDestFile":["/home/jbergqvist/diffblue/paritytrading-parity/libraries/match/target/jacoco.exec"],"jacocoFormats":["xml"],"jacocoSkipped":false,"classpath":["/home/jbergqvist/diffblue/paritytrading-parity/libraries/match/target/classes"],"complianceLevel":"1.8","productionSources":["/home/jbergqvist/diffblue/paritytrading-parity/libraries/match/src/main/java"],"testSources":["/home/jbergqvist/diffblue/paritytrading-parity/libraries/match/src/test/java"],"productionClasses":"/home/jbergqvist/diffblue/paritytrading-parity/libraries/match/target/classes","testClasses":"/home/jbergqvist/diffblue/paritytrading-parity/libraries/match/target/test-classes","sourceToBuildPathMap":null,"testSourceToBuildPathMap":null,"buildDirectory":"/home/jbergqvist/diffblue/paritytrading-parity/libraries/match/target","plugins":[{"__type":"DefaultPlugin","groupId":"org.apache.maven.plugins","artefactId":"maven-enforcer-plugin","version":"1.0","pluginClassName":null},{"__type":"DefaultPlugin","groupId":"org.apache.maven.plugins","artefactId":"maven-checkstyle-plugin","version":"3.1.0","pluginClassName":null},{"__type":"DefaultPlugin","groupId":"org.apache.maven.plugins","artefactId":"maven-compiler-plugin","version":"3.8.0","pluginClassName":null},{"__type":"DefaultPlugin","groupId":"org.apache.maven.plugins","artefactId":"maven-javadoc-plugin","version":"3.0.1","pluginClassName":null},{"__type":"DefaultPlugin","groupId":"org.apache.maven.plugins","artefactId":"maven-release-plugin","version":"2.5.3","pluginClassName":null},{"__type":"DefaultPlugin","groupId":"org.apache.maven.plugins","artefactId":"maven-clean-plugin","version":"3.2.0","pluginClassName":null},{"__type":"DefaultPlugin","groupId":"org.apache.maven.plugins","artefactId":"maven-resources-plugin","version":"3.3.1","pluginClassName":null},{"__type":"DefaultPlugin","groupId":"org.apache.maven.plugins","artefactId":"maven-jar-plugin","version":"3.4.1","pluginClassName":null},{"__type":"DefaultPlugin","groupId":"org.apache.maven.plugins","artefactId":"maven-surefire-plugin","version":"3.0.0-M5","pluginClassName":null},{"__type":"DefaultPlugin","groupId":"org.apache.maven.plugins","artefactId":"maven-install-plugin","version":"3.1.2","pluginClassName":null},{"__type":"DefaultPlugin","groupId":"org.apache.maven.plugins","artefactId":"maven-deploy-plugin","version":"2.8.2","pluginClassName":null},{"__type":"DefaultPlugin","groupId":"org.apache.maven.plugins","artefactId":"maven-site-plugin","version":"3.12.1","pluginClassName":null}],"version":"3.9.12","encoding":"UTF-8","name":"maven","subModules":[],"simpleModuleName":null,"parentModuleName":"com.paritytrading.parity:parity-parent","location":"/home/jbergqvist/diffblue/paritytrading-parity/libraries/match","fullModuleName":"com.paritytrading.parity:parity-match"},{"__type":"DefaultProjectModule","junitReport":["/home/jbergqvist/diffblue/paritytrading-parity/libraries/net/target/surefire-reports"],"jacocoReport":["/home/jbergqvist/diffblue/paritytrading-parity/libraries/net/target/site/jacoco/jacoco.xml"],"jacocoDestFile":["/home/jbergqvist/diffblue/paritytrading-parity/libraries/net/target/jacoco.exec"],"jacocoFormats":["xml"],"jacocoSkipped":false,"classpath":["/home/jbergqvist/diffblue/paritytrading-parity/libraries/net/target/classes"],"complianceLevel":"1.8","productionSources":["/home/jbergqvist/diffblue/paritytrading-parity/libraries/net/src/main/java"],"testSources":["/home/jbergqvist/diffblue/paritytrading-parity/libraries/net/src/test/java"],"productionClasses":"/home/jbergqvist/diffblue/paritytrading-parity/libraries/net/target/classes","testClasses":"/home/jbergqvist/diffblue/paritytrading-parity/libraries/net/target/test-classes","sourceToBuildPathMap":null,"testSourceToBuildPathMap":null,"buildDirectory":"/home/jbergqvist/diffblue/paritytrading-parity/libraries/net/target","plugins":[{"__type":"DefaultPlugin","groupId":"org.apache.maven.plugins","artefactId":"maven-enforcer-plugin","version":"1.0","pluginClassName":null},{"__type":"DefaultPlugin","groupId":"org.apache.maven.plugins","artefactId":"maven-checkstyle-plugin","version":"3.1.0","pluginClassName":null},{"__type":"DefaultPlugin","groupId":"org.apache.maven.plugins","artefactId":"maven-compiler-plugin","version":"3.8.0","pluginClassName":null},{"__type":"DefaultPlugin","groupId":"org.apache.maven.plugins","artefactId":"maven-javadoc-plugin","version":"3.0.1","pluginClassName":null},{"__type":"DefaultPlugin","groupId":"org.apache.maven.plugins","artefactId":"maven-release-plugin","version":"2.5.3","pluginClassName":null},{"__type":"DefaultPlugin","groupId":"org.apache.maven.plugins","artefactId":"maven-clean-plugin","version":"3.2.0","pluginClassName":null},{"__type":"DefaultPlugin","groupId":"org.apache.maven.plugins","artefactId":"maven-resources-plugin","version":"3.3.1","pluginClassName":null},{"__type":"DefaultPlugin","groupId":"org.apache.maven.plugins","artefactId":"maven-jar-plugin","version":"3.4.1","pluginClassName":null},{"__type":"DefaultPlugin","groupId":"org.apache.maven.plugins","artefactId":"maven-surefire-plugin","version":"3.0.0-M5","pluginClassName":null},{"__type":"DefaultPlugin","groupId":"org.apache.maven.plugins","artefactId":"maven-install-plugin","version":"3.1.2","pluginClassName":null},{"__type":"DefaultPlugin","groupId":"org.apache.maven.plugins","artefactId":"maven-deploy-plugin","version":"2.8.2","pluginClassName":null},{"__type":"DefaultPlugin","groupId":"org.apache.maven.plugins","artefactId":"maven-site-plugin","version":"3.12.1","pluginClassName":null}],"version":"3.9.12","encoding":"UTF-8","name":"maven","subModules":[],"simpleModuleName":null,"parentModuleName":"com.paritytrading.parity:parity-parent","location":"/home/jbergqvist/diffblue/paritytrading-parity/libraries/net","fullModuleName":"com.paritytrading.parity:parity-net"},{"__type":"DefaultProjectModule","junitReport":["/home/jbergqvist/diffblue/paritytrading-parity/libraries/util/target/surefire-reports"],"jacocoReport":["/home/jbergqvist/diffblue/paritytrading-parity/libraries/util/target/site/jacoco/jacoco.xml"],"jacocoDestFile":["/home/jbergqvist/diffblue/paritytrading-parity/libraries/util/target/jacoco.exec"],"jacocoFormats":["xml"],"jacocoSkipped":false,"classpath":["/home/jbergqvist/diffblue/paritytrading-parity/libraries/util/target/classes"],"complianceLevel":"1.8","productionSources":["/home/jbergqvist/diffblue/paritytrading-parity/libraries/util/src/main/java"],"testSources":["/home/jbergqvist/diffblue/paritytrading-parity/libraries/util/src/test/java"],"productionClasses":"/home/jbergqvist/diffblue/paritytrading-parity/libraries/util/target/classes","testClasses":"/home/jbergqvist/diffblue/paritytrading-parity/libraries/util/target/test-classes","sourceToBuildPathMap":null,"testSourceToBuildPathMap":null,"buildDirectory":"/home/jbergqvist/diffblue/paritytrading-parity/libraries/util/target","plugins":[{"__type":"DefaultPlugin","groupId":"org.apache.maven.plugins","artefactId":"maven-enforcer-plugin","version":"1.0","pluginClassName":null},{"__type":"DefaultPlugin","groupId":"org.apache.maven.plugins","artefactId":"maven-checkstyle-plugin","version":"3.1.0","pluginClassName":null},{"__type":"DefaultPlugin","groupId":"org.apache.maven.plugins","artefactId":"maven-compiler-plugin","version":"3.8.0","pluginClassName":null},{"__type":"DefaultPlugin","groupId":"org.apache.maven.plugins","artefactId":"maven-javadoc-plugin","version":"3.0.1","pluginClassName":null},{"__type":"DefaultPlugin","groupId":"org.apache.maven.plugins","artefactId":"maven-release-plugin","version":"2.5.3","pluginClassName":null},{"__type":"DefaultPlugin","groupId":"org.apache.maven.plugins","artefactId":"maven-clean-plugin","version":"3.2.0","pluginClassName":null},{"__type":"DefaultPlugin","groupId":"org.apache.maven.plugins","artefactId":"maven-resources-plugin","version":"3.3.1","pluginClassName":null},{"__type":"DefaultPlugin","groupId":"org.apache.maven.plugins","artefactId":"maven-jar-plugin","version":"3.4.1","pluginClassName":null},{"__type":"DefaultPlugin","groupId":"org.apache.maven.plugins","artefactId":"maven-surefire-plugin","version":"3.0.0-M5","pluginClassName":null},{"__type":"DefaultPlugin","groupId":"org.apache.maven.plugins","artefactId":"maven-install-plugin","version":"3.1.2","pluginClassName":null},{"__type":"DefaultPlugin","groupId":"org.apache.maven.plugins","artefactId":"maven-deploy-plugin","version":"2.8.2","pluginClassName":null},{"__type":"DefaultPlugin","groupId":"org.apache.maven.plugins","artefactId":"maven-site-plugin","version":"3.12.1","pluginClassName":null}],"version":"3.9.12","encoding":"UTF-8","name":"maven","subModules":[],"simpleModuleName":null,"parentModuleName":"com.paritytrading.parity:parity-parent","location":"/home/jbergqvist/diffblue/paritytrading-parity/libraries/util","fullModuleName":"com.paritytrading.parity:parity-util"},{"__type":"DefaultProjectModule","junitReport":["/home/jbergqvist/diffblue/paritytrading-parity/applications/client/target/surefire-reports"],"jacocoReport":["/home/jbergqvist/diffblue/paritytrading-parity/applications/client/target/site/jacoco/jacoco.xml"],"jacocoDestFile":["/home/jbergqvist/diffblue/paritytrading-parity/applications/client/target/jacoco.exec"],"jacocoFormats":["xml"],"jacocoSkipped":false,"classpath":["/home/jbergqvist/diffblue/paritytrading-parity/applications/client/target/classes"],"complianceLevel":"1.8","productionSources":["/home/jbergqvist/diffblue/paritytrading-parity/applications/client/src/main/java"],"testSources":["/home/jbergqvist/diffblue/paritytrading-parity/applications/client/src/test/java"],"productionClasses":"/home/jbergqvist/diffblue/paritytrading-parity/applications/client/target/classes","testClasses":"/home/jbergqvist/diffblue/paritytrading-parity/applications/client/target/test-classes","sourceToBuildPathMap":null,"testSourceToBuildPathMap":null,"buildDirectory":"/home/jbergqvist/diffblue/paritytrading-parity/applications/client/target","plugins":[{"__type":"DefaultPlugin","groupId":"org.apache.maven.plugins","artefactId":"maven-enforcer-plugin","version":"1.0","pluginClassName":null},{"__type":"DefaultPlugin","groupId":"org.apache.maven.plugins","artefactId":"maven-checkstyle-plugin","version":"3.1.0","pluginClassName":null},{"__type":"DefaultPlugin","groupId":"org.apache.maven.plugins","artefactId":"maven-compiler-plugin","version":"3.8.0","pluginClassName":null},{"__type":"DefaultPlugin","groupId":"org.apache.maven.plugins","artefactId":"maven-javadoc-plugin","version":"3.0.1","pluginClassName":null},{"__type":"DefaultPlugin","groupId":"org.apache.maven.plugins","artefactId":"maven-release-plugin","version":"2.5.3","pluginClassName":null},{"__type":"DefaultPlugin","groupId":"org.apache.maven.plugins","artefactId":"maven-deploy-plugin","version":"2.8.2","pluginClassName":null},{"__type":"DefaultPlugin","groupId":"org.apache.maven.plugins","artefactId":"maven-shade-plugin","version":"3.2.1","pluginClassName":null},{"__type":"DefaultPlugin","groupId":"org.apache.maven.plugins","artefactId":"maven-clean-plugin","version":"3.2.0","pluginClassName":null},{"__type":"DefaultPlugin","groupId":"org.apache.maven.plugins","artefactId":"maven-resources-plugin","version":"3.3.1","pluginClassName":null},{"__type":"DefaultPlugin","groupId":"org.apache.maven.plugins","artefactId":"maven-jar-plugin","version":"3.4.1","pluginClassName":null},{"__type":"DefaultPlugin","groupId":"org.apache.maven.plugins","artefactId":"maven-surefire-plugin","version":"3.0.0-M5","pluginClassName":null},{"__type":"DefaultPlugin","groupId":"org.apache.maven.plugins","artefactId":"maven-install-plugin","version":"3.1.2","pluginClassName":null},{"__type":"DefaultPlugin","groupId":"org.apache.maven.plugins","artefactId":"maven-site-plugin","version":"3.12.1","pluginClassName":null}],"version":"3.9.12","encoding":"UTF-8","name":"maven","subModules":[],"simpleModuleName":null,"parentModuleName":"com.paritytrading.parity:parity-parent","location":"/home/jbergqvist/diffblue/paritytrading-parity/applications/client","fullModuleName":"com.paritytrading.parity:parity-client"},{"__type":"DefaultProjectModule","junitReport":["/home/jbergqvist/diffblue/paritytrading-parity/applications/fix/target/surefire-reports"],"jacocoReport":["/home/jbergqvist/diffblue/paritytrading-parity/applications/fix/target/site/jacoco/jacoco.xml"],"jacocoDestFile":["/home/jbergqvist/diffblue/paritytrading-parity/applications/fix/target/jacoco.exec"],"jacocoFormats":["xml"],"jacocoSkipped":false,"classpath":["/home/jbergqvist/diffblue/paritytrading-parity/applications/fix/target/classes"],"complianceLevel":"1.8","productionSources":["/home/jbergqvist/diffblue/paritytrading-parity/applications/fix/src/main/java"],"testSources":["/home/jbergqvist/diffblue/paritytrading-parity/applications/fix/src/test/java"],"productionClasses":"/home/jbergqvist/diffblue/paritytrading-parity/applications/fix/target/classes","testClasses":"/home/jbergqvist/diffblue/paritytrading-parity/applications/fix/target/test-classes","sourceToBuildPathMap":null,"testSourceToBuildPathMap":null,"buildDirectory":"/home/jbergqvist/diffblue/paritytrading-parity/applications/fix/target","plugins":[{"__type":"DefaultPlugin","groupId":"org.apache.maven.plugins","artefactId":"maven-enforcer-plugin","version":"1.0","pluginClassName":null},{"__type":"DefaultPlugin","groupId":"org.apache.maven.plugins","artefactId":"maven-checkstyle-plugin","version":"3.1.0","pluginClassName":null},{"__type":"DefaultPlugin","groupId":"org.apache.maven.plugins","artefactId":"maven-compiler-plugin","version":"3.8.0","pluginClassName":null},{"__type":"DefaultPlugin","groupId":"org.apache.maven.plugins","artefactId":"maven-javadoc-plugin","version":"3.0.1","pluginClassName":null},{"__type":"DefaultPlugin","groupId":"org.apache.maven.plugins","artefactId":"maven-release-plugin","version":"2.5.3","pluginClassName":null},{"__type":"DefaultPlugin","groupId":"org.apache.maven.plugins","artefactId":"maven-deploy-plugin","version":"2.8.2","pluginClassName":null},{"__type":"DefaultPlugin","groupId":"org.apache.maven.plugins","artefactId":"maven-shade-plugin","version":"3.2.1","pluginClassName":null},{"__type":"DefaultPlugin","groupId":"org.apache.maven.plugins","artefactId":"maven-clean-plugin","version":"3.2.0","pluginClassName":null},{"__type":"DefaultPlugin","groupId":"org.apache.maven.plugins","artefactId":"maven-resources-plugin","version":"3.3.1","pluginClassName":null},{"__type":"DefaultPlugin","groupId":"org.apache.maven.plugins","artefactId":"maven-jar-plugin","version":"3.4.1","pluginClassName":null},{"__type":"DefaultPlugin","groupId":"org.apache.maven.plugins","artefactId":"maven-surefire-plugin","version":"3.0.0-M5","pluginClassName":null},{"__type":"DefaultPlugin","groupId":"org.apache.maven.plugins","artefactId":"maven-install-plugin","version":"3.1.2","pluginClassName":null},{"__type":"DefaultPlugin","groupId":"org.apache.maven.plugins","artefactId":"maven-site-plugin","version":"3.12.1","pluginClassName":null}],"version":"3.9.12","encoding":"UTF-8","name":"maven","subModules":[],"simpleModuleName":null,"parentModuleName":"com.paritytrading.parity:parity-parent","location":"/home/jbergqvist/diffblue/paritytrading-parity/applications/fix","fullModuleName":"com.paritytrading.parity:parity-fix"},{"__type":"DefaultProjectModule","junitReport":["/home/jbergqvist/diffblue/paritytrading-parity/applications/reporter/target/surefire-reports"],"jacocoReport":["/home/jbergqvist/diffblue/paritytrading-parity/applications/reporter/target/site/jacoco/jacoco.xml"],"jacocoDestFile":["/home/jbergqvist/diffblue/paritytrading-parity/applications/reporter/target/jacoco.exec"],"jacocoFormats":["xml"],"jacocoSkipped":false,"classpath":["/home/jbergqvist/diffblue/paritytrading-parity/applications/reporter/target/classes"],"complianceLevel":"1.8","productionSources":["/home/jbergqvist/diffblue/paritytrading-parity/applications/reporter/src/main/java"],"testSources":["/home/jbergqvist/diffblue/paritytrading-parity/applications/reporter/src/test/java"],"productionClasses":"/home/jbergqvist/diffblue/paritytrading-parity/applications/reporter/target/classes","testClasses":"/home/jbergqvist/diffblue/paritytrading-parity/applications/reporter/target/test-classes","sourceToBuildPathMap":null,"testSourceToBuildPathMap":null,"buildDirectory":"/home/jbergqvist/diffblue/paritytrading-parity/applications/reporter/target","plugins":[{"__type":"DefaultPlugin","groupId":"org.apache.maven.plugins","artefactId":"maven-enforcer-plugin","version":"1.0","pluginClassName":null},{"__type":"DefaultPlugin","groupId":"org.apache.maven.plugins","artefactId":"maven-checkstyle-plugin","version":"3.1.0","pluginClassName":null},{"__type":"DefaultPlugin","groupId":"org.apache.maven.plugins","artefactId":"maven-compiler-plugin","version":"3.8.0","pluginClassName":null},{"__type":"DefaultPlugin","groupId":"org.apache.maven.plugins","artefactId":"maven-javadoc-plugin","version":"3.0.1","pluginClassName":null},{"__type":"DefaultPlugin","groupId":"org.apache.maven.plugins","artefactId":"maven-release-plugin","version":"2.5.3","pluginClassName":null},{"__type":"DefaultPlugin","groupId":"org.apache.maven.plugins","artefactId":"maven-deploy-plugin","version":"2.8.2","pluginClassName":null},{"__type":"DefaultPlugin","groupId":"org.apache.maven.plugins","artefactId":"maven-shade-plugin","version":"3.2.1","pluginClassName":null},{"__type":"DefaultPlugin","groupId":"org.apache.maven.plugins","artefactId":"maven-clean-plugin","version":"3.2.0","pluginClassName":null},{"__type":"DefaultPlugin","groupId":"org.apache.maven.plugins","artefactId":"maven-resources-plugin","version":"3.3.1","pluginClassName":null},{"__type":"DefaultPlugin","groupId":"org.apache.maven.plugins","artefactId":"maven-jar-plugin","version":"3.4.1","pluginClassName":null},{"__type":"DefaultPlugin","groupId":"org.apache.maven.plugins","artefactId":"maven-surefire-plugin","version":"3.0.0-M5","pluginClassName":null},{"__type":"DefaultPlugin","groupId":"org.apache.maven.plugins","artefactId":"maven-install-plugin","version":"3.1.2","pluginClassName":null},{"__type":"DefaultPlugin","groupId":"org.apache.maven.plugins","artefactId":"maven-site-plugin","version":"3.12.1","pluginClassName":null}],"version":"3.9.12","encoding":"UTF-8","name":"maven","subModules":[],"simpleModuleName":null,"parentModuleName":"com.paritytrading.parity:parity-parent","location":"/home/jbergqvist/diffblue/paritytrading-parity/applications/reporter","fullModuleName":"com.paritytrading.parity:parity-reporter"},{"__type":"DefaultProjectModule","junitReport":["/home/jbergqvist/diffblue/paritytrading-parity/applications/system/target/surefire-reports"],"jacocoReport":["/home/jbergqvist/diffblue/paritytrading-parity/applications/system/target/site/jacoco/jacoco.xml"],"jacocoDestFile":["/home/jbergqvist/diffblue/paritytrading-parity/applications/system/target/jacoco.exec"],"jacocoFormats":["xml"],"jacocoSkipped":false,"classpath":["/home/jbergqvist/diffblue/paritytrading-parity/applications/system/target/classes"],"complianceLevel":"1.8","productionSources":["/home/jbergqvist/diffblue/paritytrading-parity/applications/system/src/main/java"],"testSources":["/home/jbergqvist/diffblue/paritytrading-parity/applications/system/src/test/java"],"productionClasses":"/home/jbergqvist/diffblue/paritytrading-parity/applications/system/target/classes","testClasses":"/home/jbergqvist/diffblue/paritytrading-parity/applications/system/target/test-classes","sourceToBuildPathMap":null,"testSourceToBuildPathMap":null,"buildDirectory":"/home/jbergqvist/diffblue/paritytrading-parity/applications/system/target","plugins":[{"__type":"DefaultPlugin","groupId":"org.apache.maven.plugins","artefactId":"maven-enforcer-plugin","version":"1.0","pluginClassName":null},{"__type":"DefaultPlugin","groupId":"org.apache.maven.plugins","artefactId":"maven-checkstyle-plugin","version":"3.1.0","pluginClassName":null},{"__type":"DefaultPlugin","groupId":"org.apache.maven.plugins","artefactId":"maven-compiler-plugin","version":"3.8.0","pluginClassName":null},{"__type":"DefaultPlugin","groupId":"org.apache.maven.plugins","artefactId":"maven-javadoc-plugin","version":"3.0.1","pluginClassName":null},{"__type":"DefaultPlugin","groupId":"org.apache.maven.plugins","artefactId":"maven-release-plugin","version":"2.5.3","pluginClassName":null},{"__type":"DefaultPlugin","groupId":"org.apache.maven.plugins","artefactId":"maven-deploy-plugin","version":"2.8.2","pluginClassName":null},{"__type":"DefaultPlugin","groupId":"org.apache.maven.plugins","artefactId":"maven-shade-plugin","version":"3.2.1","pluginClassName":null},{"__type":"DefaultPlugin","groupId":"org.apache.maven.plugins","artefactId":"maven-clean-plugin","version":"3.2.0","pluginClassName":null},{"__type":"DefaultPlugin","groupId":"org.apache.maven.plugins","artefactId":"maven-resources-plugin","version":"3.3.1","pluginClassName":null},{"__type":"DefaultPlugin","groupId":"org.apache.maven.plugins","artefactId":"maven-jar-plugin","version":"3.4.1","pluginClassName":null},{"__type":"DefaultPlugin","groupId":"org.apache.maven.plugins","artefactId":"maven-surefire-plugin","version":"3.0.0-M5","pluginClassName":null},{"__type":"DefaultPlugin","groupId":"org.apache.maven.plugins","artefactId":"maven-install-plugin","version":"3.1.2","pluginClassName":null},{"__type":"DefaultPlugin","groupId":"org.apache.maven.plugins","artefactId":"maven-site-plugin","version":"3.12.1","pluginClassName":null}],"version":"3.9.12","encoding":"UTF-8","name":"maven","subModules":[],"simpleModuleName":null,"parentModuleName":"com.paritytrading.parity:parity-parent","location":"/home/jbergqvist/diffblue/paritytrading-parity/applications/system","fullModuleName":"com.paritytrading.parity:parity-system"},{"__type":"DefaultProjectModule","junitReport":["/home/jbergqvist/diffblue/paritytrading-parity/applications/ticker/target/surefire-reports"],"jacocoReport":["/home/jbergqvist/diffblue/paritytrading-parity/applications/ticker/target/site/jacoco/jacoco.xml"],"jacocoDestFile":["/home/jbergqvist/diffblue/paritytrading-parity/applications/ticker/target/jacoco.exec"],"jacocoFormats":["xml"],"jacocoSkipped":false,"classpath":["/home/jbergqvist/diffblue/paritytrading-parity/applications/ticker/target/classes"],"complianceLevel":"1.8","productionSources":["/home/jbergqvist/diffblue/paritytrading-parity/applications/ticker/src/main/java"],"testSources":["/home/jbergqvist/diffblue/paritytrading-parity/applications/ticker/src/test/java"],"productionClasses":"/home/jbergqvist/diffblue/paritytrading-parity/applications/ticker/target/classes","testClasses":"/home/jbergqvist/diffblue/paritytrading-parity/applications/ticker/target/test-classes","sourceToBuildPathMap":null,"testSourceToBuildPathMap":null,"buildDirectory":"/home/jbergqvist/diffblue/paritytrading-parity/applications/ticker/target","plugins":[{"__type":"DefaultPlugin","groupId":"org.apache.maven.plugins","artefactId":"maven-enforcer-plugin","version":"1.0","pluginClassName":null},{"__type":"DefaultPlugin","groupId":"org.apache.maven.plugins","artefactId":"maven-checkstyle-plugin","version":"3.1.0","pluginClassName":null},{"__type":"DefaultPlugin","groupId":"org.apache.maven.plugins","artefactId":"maven-compiler-plugin","version":"3.8.0","pluginClassName":null},{"__type":"DefaultPlugin","groupId":"org.apache.maven.plugins","artefactId":"maven-javadoc-plugin","version":"3.0.1","pluginClassName":null},{"__type":"DefaultPlugin","groupId":"org.apache.maven.plugins","artefactId":"maven-release-plugin","version":"2.5.3","pluginClassName":null},{"__type":"DefaultPlugin","groupId":"org.apache.maven.plugins","artefactId":"maven-deploy-plugin","version":"2.8.2","pluginClassName":null},{"__type":"DefaultPlugin","groupId":"org.apache.maven.plugins","artefactId":"maven-shade-plugin","version":"3.2.1","pluginClassName":null},{"__type":"DefaultPlugin","groupId":"org.apache.maven.plugins","artefactId":"maven-clean-plugin","version":"3.2.0","pluginClassName":null},{"__type":"DefaultPlugin","groupId":"org.apache.maven.plugins","artefactId":"maven-resources-plugin","version":"3.3.1","pluginClassName":null},{"__type":"DefaultPlugin","groupId":"org.apache.maven.plugins","artefactId":"maven-jar-plugin","version":"3.4.1","pluginClassName":null},{"__type":"DefaultPlugin","groupId":"org.apache.maven.plugins","artefactId":"maven-surefire-plugin","version":"3.0.0-M5","pluginClassName":null},{"__type":"DefaultPlugin","groupId":"org.apache.maven.plugins","artefactId":"maven-install-plugin","version":"3.1.2","pluginClassName":null},{"__type":"DefaultPlugin","groupId":"org.apache.maven.plugins","artefactId":"maven-site-plugin","version":"3.12.1","pluginClassName":null}],"version":"3.9.12","encoding":"UTF-8","name":"maven","subModules":[],"simpleModuleName":null,"parentModuleName":"com.paritytrading.parity:parity-parent","location":"/home/jbergqvist/diffblue/paritytrading-parity/applications/ticker","fullModuleName":"com.paritytrading.parity:parity-ticker"},{"__type":"DefaultProjectModule","junitReport":["/home/jbergqvist/diffblue/paritytrading-parity/tests/book-perf-test/target/surefire-reports"],"jacocoReport":["/home/jbergqvist/diffblue/paritytrading-parity/tests/book-perf-test/target/site/jacoco/jacoco.xml"],"jacocoDestFile":["/home/jbergqvist/diffblue/paritytrading-parity/tests/book-perf-test/target/jacoco.exec"],"jacocoFormats":["xml"],"jacocoSkipped":false,"classpath":["/home/jbergqvist/diffblue/paritytrading-parity/tests/book-perf-test/target/classes"],"complianceLevel":"1.8","productionSources":["/home/jbergqvist/diffblue/paritytrading-parity/tests/book-perf-test/src/main/java"],"testSources":["/home/jbergqvist/diffblue/paritytrading-parity/tests/book-perf-test/src/test/java"],"productionClasses":"/home/jbergqvist/diffblue/paritytrading-parity/tests/book-perf-test/target/classes","testClasses":"/home/jbergqvist/diffblue/paritytrading-parity/tests/book-perf-test/target/test-classes","sourceToBuildPathMap":null,"testSourceToBuildPathMap":null,"buildDirectory":"/home/jbergqvist/diffblue/paritytrading-parity/tests/book-perf-test/target","plugins":[{"__type":"DefaultPlugin","groupId":"org.apache.maven.plugins","artefactId":"maven-enforcer-plugin","version":"1.0","pluginClassName":null},{"__type":"DefaultPlugin","groupId":"org.apache.maven.plugins","artefactId":"maven-checkstyle-plugin","version":"3.1.0","pluginClassName":null},{"__type":"DefaultPlugin","groupId":"org.apache.maven.plugins","artefactId":"maven-compiler-plugin","version":"3.8.0","pluginClassName":null},{"__type":"DefaultPlugin","groupId":"org.apache.maven.plugins","artefactId":"maven-javadoc-plugin","version":"3.0.1","pluginClassName":null},{"__type":"DefaultPlugin","groupId":"org.apache.maven.plugins","artefactId":"maven-release-plugin","version":"2.5.3","pluginClassName":null},{"__type":"DefaultPlugin","groupId":"org.apache.maven.plugins","artefactId":"maven-deploy-plugin","version":"2.8.2","pluginClassName":null},{"__type":"DefaultPlugin","groupId":"org.apache.maven.plugins","artefactId":"maven-shade-plugin","version":"3.2.1","pluginClassName":null},{"__type":"DefaultPlugin","groupId":"org.apache.maven.plugins","artefactId":"maven-clean-plugin","version":"3.2.0","pluginClassName":null},{"__type":"DefaultPlugin","groupId":"org.apache.maven.plugins","artefactId":"maven-resources-plugin","version":"3.3.1","pluginClassName":null},{"__type":"DefaultPlugin","groupId":"org.apache.maven.plugins","artefactId":"maven-jar-plugin","version":"3.4.1","pluginClassName":null},{"__type":"DefaultPlugin","groupId":"org.apache.maven.plugins","artefactId":"maven-surefire-plugin","version":"3.0.0-M5","pluginClassName":null},{"__type":"DefaultPlugin","groupId":"org.apache.maven.plugins","artefactId":"maven-install-plugin","version":"3.1.2","pluginClassName":null},{"__type":"DefaultPlugin","groupId":"org.apache.maven.plugins","artefactId":"maven-site-plugin","version":"3.12.1","pluginClassName":null}],"version":"3.9.12","encoding":"UTF-8","name":"maven","subModules":[],"simpleModuleName":null,"parentModuleName":"com.paritytrading.parity:parity-parent","location":"/home/jbergqvist/diffblue/paritytrading-parity/tests/book-perf-test","fullModuleName":"com.paritytrading.parity:parity-book-perf-test"},{"__type":"DefaultProjectModule","junitReport":["/home/jbergqvist/diffblue/paritytrading-parity/tests/match-perf-test/target/surefire-reports"],"jacocoReport":["/home/jbergqvist/diffblue/paritytrading-parity/tests/match-perf-test/target/site/jacoco/jacoco.xml"],"jacocoDestFile":["/home/jbergqvist/diffblue/paritytrading-parity/tests/match-perf-test/target/jacoco.exec"],"jacocoFormats":["xml"],"jacocoSkipped":false,"classpath":["/home/jbergqvist/diffblue/paritytrading-parity/tests/match-perf-test/target/classes"],"complianceLevel":"1.8","productionSources":["/home/jbergqvist/diffblue/paritytrading-parity/tests/match-perf-test/src/main/java"],"testSources":["/home/jbergqvist/diffblue/paritytrading-parity/tests/match-perf-test/src/test/java"],"productionClasses":"/home/jbergqvist/diffblue/paritytrading-parity/tests/match-perf-test/target/classes","testClasses":"/home/jbergqvist/diffblue/paritytrading-parity/tests/match-perf-test/target/test-classes","sourceToBuildPathMap":null,"testSourceToBuildPathMap":null,"buildDirectory":"/home/jbergqvist/diffblue/paritytrading-parity/tests/match-perf-test/target","plugins":[{"__type":"DefaultPlugin","groupId":"org.apache.maven.plugins","artefactId":"maven-enforcer-plugin","version":"1.0","pluginClassName":null},{"__type":"DefaultPlugin","groupId":"org.apache.maven.plugins","artefactId":"maven-checkstyle-plugin","version":"3.1.0","pluginClassName":null},{"__type":"DefaultPlugin","groupId":"org.apache.maven.plugins","artefactId":"maven-compiler-plugin","version":"3.8.0","pluginClassName":null},{"__type":"DefaultPlugin","groupId":"org.apache.maven.plugins","artefactId":"maven-javadoc-plugin","version":"3.0.1","pluginClassName":null},{"__type":"DefaultPlugin","groupId":"org.apache.maven.plugins","artefactId":"maven-release-plugin","version":"2.5.3","pluginClassName":null},{"__type":"DefaultPlugin","groupId":"org.apache.maven.plugins","artefactId":"maven-deploy-plugin","version":"2.8.2","pluginClassName":null},{"__type":"DefaultPlugin","groupId":"org.apache.maven.plugins","artefactId":"maven-shade-plugin","version":"3.2.1","pluginClassName":null},{"__type":"DefaultPlugin","groupId":"org.apache.maven.plugins","artefactId":"maven-clean-plugin","version":"3.2.0","pluginClassName":null},{"__type":"DefaultPlugin","groupId":"org.apache.maven.plugins","artefactId":"maven-resources-plugin","version":"3.3.1","pluginClassName":null},{"__type":"DefaultPlugin","groupId":"org.apache.maven.plugins","artefactId":"maven-jar-plugin","version":"3.4.1","pluginClassName":null},{"__type":"DefaultPlugin","groupId":"org.apache.maven.plugins","artefactId":"maven-surefire-plugin","version":"3.0.0-M5","pluginClassName":null},{"__type":"DefaultPlugin","groupId":"org.apache.maven.plugins","artefactId":"maven-install-plugin","version":"3.1.2","pluginClassName":null},{"__type":"DefaultPlugin","groupId":"org.apache.maven.plugins","artefactId":"maven-site-plugin","version":"3.12.1","pluginClassName":null}],"version":"3.9.12","encoding":"UTF-8","name":"maven","subModules":[],"simpleModuleName":null,"parentModuleName":"com.paritytrading.parity:parity-parent","location":"/home/jbergqvist/diffblue/paritytrading-parity/tests/match-perf-test","fullModuleName":"com.paritytrading.parity:parity-match-perf-test"}],"simpleModuleName":null,"parentModuleName":"org.sonatype.oss:oss-parent","location":"/home/jbergqvist/diffblue/paritytrading-parity","fullModuleName":"com.paritytrading.parity:parity-parent"}}
10:25:55.505 [INFO]   [Validating]  [maven:out]         [com.diffblue.cover.buildsystem.config.a.a] out: [INFO] ------------------------------------------------------------------------
10:25:55.505 [INFO]   [Validating]  [maven:out]         [com.diffblue.cover.buildsystem.config.a.a] out: [INFO] Reactor Summary for Parity (Parent) 0.7.1-SNAPSHOT:
10:25:55.505 [INFO]   [Validating]  [maven:out]         [com.diffblue.cover.buildsystem.config.a.a] out: [INFO] 
10:25:55.505 [INFO]   [Validating]  [maven:out]         [com.diffblue.cover.buildsystem.config.a.a] out: [INFO] Parity (Parent) .................................... SUCCESS [  0.651 s]
10:25:55.505 [INFO]   [Validating]  [maven:out]         [com.diffblue.cover.buildsystem.config.a.a] out: [INFO] Parity File Formats ................................ SUCCESS [  0.089 s]
10:25:55.505 [INFO]   [Validating]  [maven:out]         [com.diffblue.cover.buildsystem.config.a.a] out: [INFO] ------------------------------------------------------------------------
10:25:55.505 [INFO]   [Validating]  [maven:out]         [com.diffblue.cover.buildsystem.config.a.a] out: [INFO] BUILD SUCCESS
10:25:55.505 [INFO]   [Validating]  [maven:out]         [com.diffblue.cover.buildsystem.config.a.a] out: [INFO] ------------------------------------------------------------------------
10:25:55.505 [INFO]   [Validating]  [maven:out]         [com.diffblue.cover.buildsystem.config.a.a] out: [INFO] Total time:  0.904 s
10:25:55.505 [INFO]   [Validating]  [maven:out]         [com.diffblue.cover.buildsystem.config.a.a] out: [INFO] Finished at: 2026-01-20T10:25:55Z
10:25:55.505 [INFO]   [Validating]  [maven:out]         [com.diffblue.cover.buildsystem.config.a.a] out: [INFO] ------------------------------------------------------------------------
10:25:55.505 [INFO]   [Validating]  [maven:out]         [com.diffblue.cover.buildsystem.internal.f.f] deserializing line [DIFFBLUE]{"__type":"com.diffblue.cover.buildsystem.model.ProjectInfoMessage","projectName":"com.paritytrading.parity:parity-parent","productionSources":["/home/jbergqvist/diffblue/paritytrading-parity/src/main/java"],"testSources":["/home/jbergqvist/diffblue/paritytrading-parity/src/test/java"],"location":"/home/jbergqvist/diffblue/paritytrading-parity"}
10:25:55.506 [INFO]   [Validating]  [maven:out]         [com.diffblue.cover.buildsystem.internal.f.f] deserializing line [DIFFBLUE]{"__type":"com.diffblue.cover.buildsystem.model.ProjectInfoMessage","projectName":"com.paritytrading.parity:parity-book","productionSources":["/home/jbergqvist/diffblue/paritytrading-parity/libraries/book/src/main/java"],"testSources":["/home/jbergqvist/diffblue/paritytrading-parity/libraries/book/src/test/java"],"location":"/home/jbergqvist/diffblue/paritytrading-parity/libraries/book"}
10:25:55.507 [INFO]   [Validating]  [maven:out]         [com.diffblue.cover.buildsystem.internal.f.f] deserializing line [DIFFBLUE]{"__type":"com.diffblue.cover.buildsystem.model.ProjectInfoMessage","projectName":"com.paritytrading.parity:parity-file","productionSources":["/home/jbergqvist/diffblue/paritytrading-parity/libraries/file/src/main/java"],"testSources":["/home/jbergqvist/diffblue/paritytrading-parity/libraries/file/src/test/java"],"location":"/home/jbergqvist/diffblue/paritytrading-parity/libraries/file"}
10:25:55.509 [INFO]   [Validating]  [maven:out]         [com.diffblue.cover.buildsystem.internal.f.f] deserializing line [DIFFBLUE]{"__type":"com.diffblue.cover.buildsystem.model.ProjectInfoMessage","projectName":"com.paritytrading.parity:parity-match","productionSources":["/home/jbergqvist/diffblue/paritytrading-parity/libraries/match/src/main/java"],"testSources":["/home/jbergqvist/diffblue/paritytrading-parity/libraries/match/src/test/java"],"location":"/home/jbergqvist/diffblue/paritytrading-parity/libraries/match"}
10:25:55.510 [INFO]   [Validating]  [maven:out]         [com.diffblue.cover.buildsystem.internal.f.f] deserializing line [DIFFBLUE]{"__type":"com.diffblue.cover.buildsystem.model.ProjectInfoMessage","projectName":"com.paritytrading.parity:parity-net","productionSources":["/home/jbergqvist/diffblue/paritytrading-parity/libraries/net/src/main/java"],"testSources":["/home/jbergqvist/diffblue/paritytrading-parity/libraries/net/src/test/java"],"location":"/home/jbergqvist/diffblue/paritytrading-parity/libraries/net"}
10:25:55.511 [INFO]   [Validating]  [maven:out]         [com.diffblue.cover.buildsystem.internal.f.f] deserializing line [DIFFBLUE]{"__type":"com.diffblue.cover.buildsystem.model.ProjectInfoMessage","projectName":"com.paritytrading.parity:parity-util","productionSources":["/home/jbergqvist/diffblue/paritytrading-parity/libraries/util/src/main/java"],"testSources":["/home/jbergqvist/diffblue/paritytrading-parity/libraries/util/src/test/java"],"location":"/home/jbergqvist/diffblue/paritytrading-parity/libraries/util"}
10:25:55.513 [INFO]   [Validating]  [maven:out]         [com.diffblue.cover.buildsystem.internal.f.f] deserializing line [DIFFBLUE]{"__type":"com.diffblue.cover.buildsystem.model.ProjectInfoMessage","projectName":"com.paritytrading.parity:parity-client","productionSources":["/home/jbergqvist/diffblue/paritytrading-parity/applications/client/src/main/java"],"testSources":["/home/jbergqvist/diffblue/paritytrading-parity/applications/client/src/test/java"],"location":"/home/jbergqvist/diffblue/paritytrading-parity/applications/client"}
10:25:55.514 [INFO]   [Validating]  [maven:out]         [com.diffblue.cover.buildsystem.internal.f.f] deserializing line [DIFFBLUE]{"__type":"com.diffblue.cover.buildsystem.model.ProjectInfoMessage","projectName":"com.paritytrading.parity:parity-fix","productionSources":["/home/jbergqvist/diffblue/paritytrading-parity/applications/fix/src/main/java"],"testSources":["/home/jbergqvist/diffblue/paritytrading-parity/applications/fix/src/test/java"],"location":"/home/jbergqvist/diffblue/paritytrading-parity/applications/fix"}
10:25:55.515 [INFO]   [Validating]  [maven:out]         [com.diffblue.cover.buildsystem.internal.f.f] deserializing line [DIFFBLUE]{"__type":"com.diffblue.cover.buildsystem.model.ProjectInfoMessage","projectName":"com.paritytrading.parity:parity-reporter","productionSources":["/home/jbergqvist/diffblue/paritytrading-parity/applications/reporter/src/main/java"],"testSources":["/home/jbergqvist/diffblue/paritytrading-parity/applications/reporter/src/test/java"],"location":"/home/jbergqvist/diffblue/paritytrading-parity/applications/reporter"}
10:25:55.516 [INFO]   [Validating]  [maven:out]         [com.diffblue.cover.buildsystem.internal.f.f] deserializing line [DIFFBLUE]{"__type":"com.diffblue.cover.buildsystem.model.ProjectInfoMessage","projectName":"com.paritytrading.parity:parity-system","productionSources":["/home/jbergqvist/diffblue/paritytrading-parity/applications/system/src/main/java"],"testSources":["/home/jbergqvist/diffblue/paritytrading-parity/applications/system/src/test/java"],"location":"/home/jbergqvist/diffblue/paritytrading-parity/applications/system"}
10:25:55.517 [INFO]   [Validating]  [maven:out]         [com.diffblue.cover.buildsystem.internal.f.f] deserializing line [DIFFBLUE]{"__type":"com.diffblue.cover.buildsystem.model.ProjectInfoMessage","projectName":"com.paritytrading.parity:parity-ticker","productionSources":["/home/jbergqvist/diffblue/paritytrading-parity/applications/ticker/src/main/java"],"testSources":["/home/jbergqvist/diffblue/paritytrading-parity/applications/ticker/src/test/java"],"location":"/home/jbergqvist/diffblue/paritytrading-parity/applications/ticker"}
10:25:55.518 [INFO]   [Validating]  [maven:out]         [com.diffblue.cover.buildsystem.internal.f.f] deserializing line [DIFFBLUE]{"__type":"com.diffblue.cover.buildsystem.model.ProjectInfoMessage","projectName":"com.paritytrading.parity:parity-book-perf-test","productionSources":["/home/jbergqvist/diffblue/paritytrading-parity/tests/book-perf-test/src/main/java"],"testSources":["/home/jbergqvist/diffblue/paritytrading-parity/tests/book-perf-test/src/test/java"],"location":"/home/jbergqvist/diffblue/paritytrading-parity/tests/book-perf-test"}
10:25:55.519 [INFO]   [Validating]  [maven:out]         [com.diffblue.cover.buildsystem.internal.f.f] deserializing line [DIFFBLUE]{"__type":"com.diffblue.cover.buildsystem.model.ProjectInfoMessage","projectName":"com.paritytrading.parity:parity-match-perf-test","productionSources":["/home/jbergqvist/diffblue/paritytrading-parity/tests/match-perf-test/src/main/java"],"testSources":["/home/jbergqvist/diffblue/paritytrading-parity/tests/match-perf-test/src/test/java"],"location":"/home/jbergqvist/diffblue/paritytrading-parity/tests/match-perf-test"}
10:25:55.539 [INFO]   [Validating]  [main]              [com.diffblue.cover.buildsystem.internal.f.d] maven:err process not stopped, joining thread
10:25:55.539 [INFO]   [Validating]  [main]              [com.diffblue.cover.buildsystem.internal.f.d] maven:out process not stopped, joining thread
10:25:55.540 [DEBUG]  [Validating]  [main]              [com.diffblue.cover.buildsystem.config.a.a] Executor spent 1s on command "/home/jbergqvist/.sdkman/candidates/maven/current/bin/mvn -Dmaven.ext.class.path=/opt/cover/cover-buildsystem-maven-spy-jar-with-dependencies.jar -Dcom.diffblue.cover.skipTests=true -DskipTestOptimizer --batch-mode --projects=com.paritytrading.parity:parity-file --global-settings=/home/jbergqvist/.sdkman/candidates/maven/current/conf/settings.xml org.apache.maven.plugins:maven-checkstyle-plugin:check -Dcheckstyle.failOnViolation=false validate --also-make"
10:25:55.540 [INFO]   [Validating]  [main]              [com.diffblue.cover.ui.controller.r] This can take a couple of minutes.
10:25:55.541 [DEBUG]  [Validating]  [main]              [com.diffblue.cover.buildsystem.config.registry.Registry] checking if /home/jbergqvist/diffblue/paritytrading-parity/libraries/file/DiffblueBuild.yaml exists...
10:25:55.541 [DEBUG]  [Validating]  [main]              [com.diffblue.cover.buildsystem.config.registry.Registry] checking if /home/jbergqvist/diffblue/paritytrading-parity/libraries/file/DiffblueBuild.yml exists...
10:25:55.541 [DEBUG]  [Validating]  [main]              [com.diffblue.cover.buildsystem.config.registry.Registry] checking if /home/jbergqvist/diffblue/paritytrading-parity/DiffblueBuild.yaml exists...
10:25:55.541 [DEBUG]  [Validating]  [main]              [com.diffblue.cover.buildsystem.config.registry.Registry] checking if /home/jbergqvist/diffblue/paritytrading-parity/DiffblueBuild.yml exists...
10:25:55.541 [INFO]   [Validating]  [main]              [com.diffblue.cover.buildsystem.config.registry.Registry] Using default build rules as no custom rules found in any of [/home/jbergqvist/diffblue/paritytrading-parity/libraries/file, /home/jbergqvist/diffblue/paritytrading-parity]
10:25:55.541 [DEBUG]  [Validating]  [main]              [com.diffblue.cover.buildsystem.config.registry.Registry] Build execution request for Validate Phase
10:25:55.542 [INFO]   [Validating]  [main]              [com.diffblue.cover.buildsystem.config.a.a] Attempting to invoke mvnw in working directory: /home/jbergqvist/diffblue/paritytrading-parity
10:25:55.542 [INFO]   [Validating]  [main]              [com.diffblue.cover.buildsystem.config.a.a] Attempting to invoke /home/jbergqvist/.sdkman/candidates/maven/current/bin/mvn in working directory: /home/jbergqvist/diffblue/paritytrading-parity
10:25:55.543 [INFO]   [Validating]  [main]              [com.diffblue.cover.buildsystem.config.a.a] Started "/home/jbergqvist/.sdkman/candidates/maven/current/bin/mvn -Dmaven.ext.class.path=/opt/cover/cover-buildsystem-maven-spy-jar-with-dependencies.jar -Dcom.diffblue.cover.skipTests=true -DskipTestOptimizer --batch-mode --projects=com.paritytrading.parity:parity-file --global-settings=/home/jbergqvist/.sdkman/candidates/maven/current/conf/settings.xml org.apache.maven.plugins:maven-checkstyle-plugin:check -Dcheckstyle.failOnViolation=false clean test"
10:25:56.258 [INFO]   [Validating]  [maven:out]         [com.diffblue.cover.buildsystem.config.a.a] out: [INFO] Scanning for projects...
10:25:56.377 [INFO]   [Validating]  [maven:out]         [com.diffblue.cover.buildsystem.config.a.a] out: [INFO] 
10:25:56.377 [INFO]   [Validating]  [maven:out]         [com.diffblue.cover.buildsystem.config.a.a] out: [INFO] ----------------< com.paritytrading.parity:parity-file >----------------
10:25:56.377 [INFO]   [Validating]  [maven:out]         [com.diffblue.cover.buildsystem.config.a.a] out: [INFO] Building Parity File Formats 0.7.1-SNAPSHOT
10:25:56.377 [INFO]   [Validating]  [maven:out]         [com.diffblue.cover.buildsystem.config.a.a] out: [INFO]   from pom.xml
10:25:56.377 [INFO]   [Validating]  [maven:out]         [com.diffblue.cover.buildsystem.config.a.a] out: [INFO] --------------------------------[ jar ]---------------------------------
10:25:56.609 [INFO]   [Validating]  [maven:out]         [com.diffblue.cover.buildsystem.internal.f.f] deserializing line [DIFFBLUE]{"__type":"com.diffblue.cover.buildsystem.model.DefaultEventMessage","project":"com.paritytrading.parity:parity-file","goal":"check","cause":null,"state":"STARTED"}
10:25:56.610 [INFO]   [Validating]  [maven:out]         [com.diffblue.cover.buildsystem.config.a.a] out: [INFO] 
10:25:56.610 [INFO]   [Validating]  [maven:out]         [com.diffblue.cover.buildsystem.config.a.a] out: [INFO] --- checkstyle:3.1.0:check (default-cli) @ parity-file ---
10:25:56.995 [INFO]   [Validating]  [maven:out]         [com.diffblue.cover.buildsystem.config.a.a] out: [INFO] There is 1 error reported by Checkstyle 8.29 with checkstyle.xml ruleset.
10:25:57.002 [INFO]   [Validating]  [maven:out]         [com.diffblue.cover.buildsystem.config.a.a] out: [ERROR] src/test/java/com/paritytrading/parity/file/taq/TAQWriterFactory.java:[21,8] (imports) UnusedImports: Unused import - java.io.FileNotFoundException.
10:25:57.002 [INFO]   [Validating]  [maven:out]         [com.diffblue.cover.buildsystem.config.a.a] out: [WARNING] checkstyle:check violations detected but failOnViolation set to false
10:25:57.004 [INFO]   [Validating]  [maven:out]         [com.diffblue.cover.buildsystem.internal.f.f] deserializing line [DIFFBLUE]{"__type":"com.diffblue.cover.buildsystem.model.DefaultEventMessage","project":"com.paritytrading.parity:parity-file","goal":"check","cause":null,"state":"SUCCESS"}
10:25:57.006 [INFO]   [Validating]  [maven:out]         [com.diffblue.cover.buildsystem.internal.f.f] deserializing line [DIFFBLUE]{"__type":"com.diffblue.cover.buildsystem.model.DefaultEventMessage","project":"com.paritytrading.parity:parity-file","goal":"clean","cause":null,"state":"STARTED"}
10:25:57.007 [INFO]   [Validating]  [maven:out]         [com.diffblue.cover.buildsystem.config.a.a] out: [INFO] 
10:25:57.007 [INFO]   [Validating]  [maven:out]         [com.diffblue.cover.buildsystem.config.a.a] out: [INFO] --- clean:3.2.0:clean (default-clean) @ parity-file ---
10:25:57.033 [INFO]   [Validating]  [maven:out]         [com.diffblue.cover.buildsystem.config.a.a] out: [INFO] Deleting /home/jbergqvist/diffblue/paritytrading-parity/libraries/file/target
10:25:57.040 [INFO]   [Validating]  [maven:out]         [com.diffblue.cover.buildsystem.internal.f.f] deserializing line [DIFFBLUE]{"__type":"com.diffblue.cover.buildsystem.model.DefaultEventMessage","project":"com.paritytrading.parity:parity-file","goal":"clean","cause":null,"state":"SUCCESS"}
10:25:57.042 [INFO]   [Validating]  [maven:out]         [com.diffblue.cover.buildsystem.internal.f.f] deserializing line [DIFFBLUE]{"__type":"com.diffblue.cover.buildsystem.model.DefaultEventMessage","project":"com.paritytrading.parity:parity-file","goal":"enforce","cause":null,"state":"STARTED"}
10:25:57.043 [INFO]   [Validating]  [maven:out]         [com.diffblue.cover.buildsystem.config.a.a] out: [INFO] 
10:25:57.043 [INFO]   [Validating]  [maven:out]         [com.diffblue.cover.buildsystem.config.a.a] out: [INFO] --- enforcer:1.0:enforce (enforce-maven) @ parity-file ---
10:25:57.102 [INFO]   [Validating]  [maven:out]         [com.diffblue.cover.buildsystem.internal.f.f] deserializing line [DIFFBLUE]{"__type":"com.diffblue.cover.buildsystem.model.DefaultEventMessage","project":"com.paritytrading.parity:parity-file","goal":"enforce","cause":null,"state":"SUCCESS"}
10:25:57.103 [INFO]   [Validating]  [maven:out]         [com.diffblue.cover.buildsystem.internal.f.f] deserializing line [DIFFBLUE]{"__type":"com.diffblue.cover.buildsystem.model.DefaultEventMessage","project":"com.paritytrading.parity:parity-file","goal":"resources","cause":null,"state":"STARTED"}
10:25:57.103 [INFO]   [Validating]  [maven:out]         [com.diffblue.cover.buildsystem.config.a.a] out: [INFO] 
10:25:57.103 [INFO]   [Validating]  [maven:out]         [com.diffblue.cover.buildsystem.config.a.a] out: [INFO] --- resources:3.3.1:resources (default-resources) @ parity-file ---
10:25:57.134 [INFO]   [Validating]  [maven:out]         [com.diffblue.cover.buildsystem.config.a.a] out: [INFO] skip non existing resourceDirectory /home/jbergqvist/diffblue/paritytrading-parity/libraries/file/src/main/resources
10:25:57.135 [INFO]   [Validating]  [maven:out]         [com.diffblue.cover.buildsystem.internal.f.f] deserializing line [DIFFBLUE]{"__type":"com.diffblue.cover.buildsystem.model.DefaultEventMessage","project":"com.paritytrading.parity:parity-file","goal":"resources","cause":null,"state":"SUCCESS"}
10:25:57.137 [INFO]   [Validating]  [maven:out]         [com.diffblue.cover.buildsystem.internal.f.f] deserializing line [DIFFBLUE]{"__type":"com.diffblue.cover.buildsystem.model.DefaultEventMessage","project":"com.paritytrading.parity:parity-file","goal":"compile","cause":null,"state":"STARTED"}
10:25:57.137 [INFO]   [Validating]  [maven:out]         [com.diffblue.cover.buildsystem.config.a.a] out: [INFO] 
10:25:57.137 [INFO]   [Validating]  [maven:out]         [com.diffblue.cover.buildsystem.config.a.a] out: [INFO] --- compiler:3.8.0:compile (default-compile) @ parity-file ---
10:25:57.209 [INFO]   [Validating]  [maven:out]         [com.diffblue.cover.buildsystem.config.a.a] out: [INFO] Changes detected - recompiling the module!
10:25:57.211 [INFO]   [Validating]  [maven:out]         [com.diffblue.cover.buildsystem.config.a.a] out: [INFO] Compiling 4 source files to /home/jbergqvist/diffblue/paritytrading-parity/libraries/file/target/classes
10:25:57.482 [INFO]   [Validating]  [maven:out]         [com.diffblue.cover.buildsystem.internal.f.f] deserializing line [DIFFBLUE]{"__type":"com.diffblue.cover.buildsystem.model.DefaultEventMessage","project":"com.paritytrading.parity:parity-file","goal":"compile","cause":null,"state":"SUCCESS"}
10:25:57.484 [INFO]   [Validating]  [maven:out]         [com.diffblue.cover.buildsystem.internal.f.f] deserializing line [DIFFBLUE]{"__type":"com.diffblue.cover.buildsystem.model.DefaultEventMessage","project":"com.paritytrading.parity:parity-file","goal":"testResources","cause":null,"state":"STARTED"}
10:25:57.485 [INFO]   [Validating]  [maven:out]         [com.diffblue.cover.buildsystem.config.a.a] out: [INFO] 
10:25:57.485 [INFO]   [Validating]  [maven:out]         [com.diffblue.cover.buildsystem.config.a.a] out: [INFO] --- resources:3.3.1:testResources (default-testResources) @ parity-file ---
10:25:57.486 [INFO]   [Validating]  [maven:out]         [com.diffblue.cover.buildsystem.config.a.a] out: [INFO] skip non existing resourceDirectory /home/jbergqvist/diffblue/paritytrading-parity/libraries/file/src/test/resources
10:25:57.487 [INFO]   [Validating]  [maven:out]         [com.diffblue.cover.buildsystem.internal.f.f] deserializing line [DIFFBLUE]{"__type":"com.diffblue.cover.buildsystem.model.DefaultEventMessage","project":"com.paritytrading.parity:parity-file","goal":"testResources","cause":null,"state":"SUCCESS"}
10:25:57.489 [INFO]   [Validating]  [maven:out]         [com.diffblue.cover.buildsystem.internal.f.f] deserializing line [DIFFBLUE]{"__type":"com.diffblue.cover.buildsystem.model.DefaultEventMessage","project":"com.paritytrading.parity:parity-file","goal":"testCompile","cause":null,"state":"STARTED"}
10:25:57.489 [INFO]   [Validating]  [maven:out]         [com.diffblue.cover.buildsystem.config.a.a] out: [INFO] 
10:25:57.489 [INFO]   [Validating]  [maven:out]         [com.diffblue.cover.buildsystem.config.a.a] out: [INFO] --- compiler:3.8.0:testCompile (default-testCompile) @ parity-file ---
10:25:57.492 [INFO]   [Validating]  [maven:out]         [com.diffblue.cover.buildsystem.config.a.a] out: [INFO] Changes detected - recompiling the module!
10:25:57.493 [INFO]   [Validating]  [maven:out]         [com.diffblue.cover.buildsystem.config.a.a] out: [INFO] Compiling 5 source files to /home/jbergqvist/diffblue/paritytrading-parity/libraries/file/target/test-classes
10:25:57.576 [INFO]   [Validating]  [maven:out]         [com.diffblue.cover.buildsystem.config.a.a] out: [INFO] /home/jbergqvist/diffblue/paritytrading-parity/libraries/file/src/test/java/com/paritytrading/parity/file/taq/TAQConfigDiffblueTest.java: /home/jbergqvist/diffblue/paritytrading-parity/libraries/file/src/test/java/com/paritytrading/parity/file/taq/TAQConfigDiffblueTest.java uses unchecked or unsafe operations.
10:25:57.577 [INFO]   [Validating]  [maven:out]         [com.diffblue.cover.buildsystem.config.a.a] out: [INFO] /home/jbergqvist/diffblue/paritytrading-parity/libraries/file/src/test/java/com/paritytrading/parity/file/taq/TAQConfigDiffblueTest.java: Recompile with -Xlint:unchecked for details.
10:25:57.578 [INFO]   [Validating]  [maven:out]         [com.diffblue.cover.buildsystem.internal.f.f] deserializing line [DIFFBLUE]{"__type":"com.diffblue.cover.buildsystem.model.DefaultEventMessage","project":"com.paritytrading.parity:parity-file","goal":"testCompile","cause":null,"state":"SUCCESS"}
10:25:57.579 [INFO]   [Validating]  [maven:out]         [com.diffblue.cover.buildsystem.internal.f.f] deserializing line [DIFFBLUE]{"__type":"com.diffblue.cover.buildsystem.model.DefaultEventMessage","project":"com.paritytrading.parity:parity-file","goal":"test","cause":null,"state":"STARTED"}
10:25:57.580 [INFO]   [Validating]  [maven:out]         [com.diffblue.cover.buildsystem.config.a.a] out: [INFO] 
10:25:57.580 [INFO]   [Validating]  [maven:out]         [com.diffblue.cover.buildsystem.config.a.a] out: [INFO] --- surefire:3.0.0-M5:test (default-test) @ parity-file ---
10:25:57.776 [INFO]   [Validating]  [maven:out]         [com.diffblue.cover.buildsystem.config.a.a] out: [INFO] 
10:25:57.776 [INFO]   [Validating]  [maven:out]         [com.diffblue.cover.buildsystem.config.a.a] out: [INFO] -------------------------------------------------------
10:25:57.776 [INFO]   [Validating]  [maven:out]         [com.diffblue.cover.buildsystem.config.a.a] out: [INFO]  T E S T S
10:25:57.776 [INFO]   [Validating]  [maven:out]         [com.diffblue.cover.buildsystem.config.a.a] out: [INFO] -------------------------------------------------------
10:25:58.099 [INFO]   [Validating]  [maven:out]         [com.diffblue.cover.buildsystem.config.a.a] out: [INFO] Running com.paritytrading.parity.file.taq.TAQConfigDiffblueTest
10:25:58.392 [INFO]   [Validating]  [maven:out]         [com.diffblue.cover.buildsystem.config.a.a] out: [INFO] Tests run: 9, Failures: 0, Errors: 0, Skipped: 0, Time elapsed: 0.29 s - in com.paritytrading.parity.file.taq.TAQConfigDiffblueTest
10:25:58.392 [INFO]   [Validating]  [maven:out]         [com.diffblue.cover.buildsystem.config.a.a] out: [INFO] Running com.paritytrading.parity.file.taq.TAQWriterTest
10:25:58.395 [INFO]   [Validating]  [maven:out]         [com.diffblue.cover.buildsystem.config.a.a] out: [INFO] Tests run: 2, Failures: 0, Errors: 0, Skipped: 0, Time elapsed: 0.009 s - in com.paritytrading.parity.file.taq.TAQWriterTest
10:25:58.396 [INFO]   [Validating]  [maven:out]         [com.diffblue.cover.buildsystem.config.a.a] out: [INFO] Running com.paritytrading.parity.file.taq.TAQDiffblueTest
10:25:58.399 [INFO]   [Validating]  [maven:out]         [com.diffblue.cover.buildsystem.config.a.a] out: [INFO] Tests run: 2, Failures: 0, Errors: 0, Skipped: 0, Time elapsed: 0.002 s - in com.paritytrading.parity.file.taq.TAQDiffblueTest
10:25:58.399 [INFO]   [Validating]  [maven:out]         [com.diffblue.cover.buildsystem.config.a.a] out: [INFO] Running com.paritytrading.parity.file.taq.TAQWriterDiffblueTest
10:25:58.405 [INFO]   [Validating]  [maven:out]         [com.diffblue.cover.buildsystem.config.a.a] out: [INFO] Tests run: 7, Failures: 0, Errors: 0, Skipped: 0, Time elapsed: 0.004 s - in com.paritytrading.parity.file.taq.TAQWriterDiffblueTest
10:25:58.430 [INFO]   [Validating]  [maven:out]         [com.diffblue.cover.buildsystem.config.a.a] out: [INFO] 
10:25:58.430 [INFO]   [Validating]  [maven:out]         [com.diffblue.cover.buildsystem.config.a.a] out: [INFO] Results:
10:25:58.430 [INFO]   [Validating]  [maven:out]         [com.diffblue.cover.buildsystem.config.a.a] out: [INFO] 
10:25:58.430 [INFO]   [Validating]  [maven:out]         [com.diffblue.cover.buildsystem.config.a.a] out: [INFO] Tests run: 20, Failures: 0, Errors: 0, Skipped: 0
10:25:58.430 [INFO]   [Validating]  [maven:out]         [com.diffblue.cover.buildsystem.config.a.a] out: [INFO] 
10:25:58.434 [INFO]   [Validating]  [maven:out]         [com.diffblue.cover.buildsystem.internal.f.f] deserializing line [DIFFBLUE]{"__type":"com.diffblue.cover.buildsystem.model.DefaultEventMessage","project":"com.paritytrading.parity:parity-file","goal":"test","cause":null,"state":"SUCCESS"}
10:25:58.460 [INFO]   [Validating]  [maven:out]         [com.diffblue.cover.buildsystem.internal.f.f] deserializing line [DIFFBLUE]{"__type":"com.diffblue.cover.buildsystem.model.DefaultProjectModuleMessage","project":{"__type":"DefaultProjectModule","junitReport":["/home/jbergqvist/diffblue/paritytrading-parity/libraries/file/target/surefire-reports"],"jacocoReport":["/home/jbergqvist/diffblue/paritytrading-parity/libraries/file/target/site/jacoco/jacoco.xml"],"jacocoDestFile":["/home/jbergqvist/diffblue/paritytrading-parity/libraries/file/target/jacoco.exec"],"jacocoFormats":["xml"],"jacocoSkipped":false,"classpath":["/home/jbergqvist/diffblue/paritytrading-parity/libraries/file/target/classes","/home/jbergqvist/.m2/repository/org/junit/jupiter/junit-jupiter/5.7.0/junit-jupiter-5.7.0.jar","/home/jbergqvist/.m2/repository/org/junit/jupiter/junit-jupiter-api/5.7.0/junit-jupiter-api-5.7.0.jar","/home/jbergqvist/.m2/repository/org/apiguardian/apiguardian-api/1.1.0/apiguardian-api-1.1.0.jar","/home/jbergqvist/.m2/repository/org/opentest4j/opentest4j/1.2.0/opentest4j-1.2.0.jar","/home/jbergqvist/.m2/repository/org/junit/platform/junit-platform-commons/1.7.0/junit-platform-commons-1.7.0.jar","/home/jbergqvist/.m2/repository/org/junit/jupiter/junit-jupiter-params/5.7.0/junit-jupiter-params-5.7.0.jar","/home/jbergqvist/.m2/repository/org/junit/jupiter/junit-jupiter-engine/5.7.0/junit-jupiter-engine-5.7.0.jar","/home/jbergqvist/.m2/repository/org/junit/platform/junit-platform-engine/1.7.0/junit-platform-engine-1.7.0.jar","/home/jbergqvist/.m2/repository/com/diffblue/cover/cover-annotations/1.9.0/cover-annotations-1.9.0.jar","/home/jbergqvist/.m2/repository/org/mockito/mockito-core/4.11.0/mockito-core-4.11.0.jar","/home/jbergqvist/.m2/repository/net/bytebuddy/byte-buddy/1.12.19/byte-buddy-1.12.19.jar","/home/jbergqvist/.m2/repository/net/bytebuddy/byte-buddy-agent/1.12.19/byte-buddy-agent-1.12.19.jar","/home/jbergqvist/.m2/repository/org/objenesis/objenesis/3.3/objenesis-3.3.jar","/home/jbergqvist/.m2/repository/org/mockito/mockito-junit-jupiter/4.11.0/mockito-junit-jupiter-4.11.0.jar"],"complianceLevel":"1.8","productionSources":["/home/jbergqvist/diffblue/paritytrading-parity/libraries/file/src/main/java"],"testSources":["/home/jbergqvist/diffblue/paritytrading-parity/libraries/file/src/test/java"],"productionClasses":"/home/jbergqvist/diffblue/paritytrading-parity/libraries/file/target/classes","testClasses":"/home/jbergqvist/diffblue/paritytrading-parity/libraries/file/target/test-classes","sourceToBuildPathMap":null,"testSourceToBuildPathMap":null,"buildDirectory":"/home/jbergqvist/diffblue/paritytrading-parity/libraries/file/target","plugins":[{"__type":"DefaultPlugin","groupId":"org.apache.maven.plugins","artefactId":"maven-enforcer-plugin","version":"1.0","pluginClassName":null},{"__type":"DefaultPlugin","groupId":"org.apache.maven.plugins","artefactId":"maven-checkstyle-plugin","version":"3.1.0","pluginClassName":null},{"__type":"DefaultPlugin","groupId":"org.apache.maven.plugins","artefactId":"maven-compiler-plugin","version":"3.8.0","pluginClassName":null},{"__type":"DefaultPlugin","groupId":"org.apache.maven.plugins","artefactId":"maven-javadoc-plugin","version":"3.0.1","pluginClassName":null},{"__type":"DefaultPlugin","groupId":"org.apache.maven.plugins","artefactId":"maven-release-plugin","version":"2.5.3","pluginClassName":null},{"__type":"DefaultPlugin","groupId":"org.apache.maven.plugins","artefactId":"maven-clean-plugin","version":"3.2.0","pluginClassName":null},{"__type":"DefaultPlugin","groupId":"org.apache.maven.plugins","artefactId":"maven-resources-plugin","version":"3.3.1","pluginClassName":null},{"__type":"DefaultPlugin","groupId":"org.apache.maven.plugins","artefactId":"maven-jar-plugin","version":"3.4.1","pluginClassName":null},{"__type":"DefaultPlugin","groupId":"org.apache.maven.plugins","artefactId":"maven-surefire-plugin","version":"3.0.0-M5","pluginClassName":null},{"__type":"DefaultPlugin","groupId":"org.apache.maven.plugins","artefactId":"maven-install-plugin","version":"3.1.2","pluginClassName":null},{"__type":"DefaultPlugin","groupId":"org.apache.maven.plugins","artefactId":"maven-deploy-plugin","version":"2.8.2","pluginClassName":null},{"__type":"DefaultPlugin","groupId":"org.apache.maven.plugins","artefactId":"maven-site-plugin","version":"3.12.1","pluginClassName":null}],"version":"3.9.12","encoding":"UTF-8","name":"maven","subModules":[],"simpleModuleName":null,"parentModuleName":"com.paritytrading.parity:parity-parent","location":"/home/jbergqvist/diffblue/paritytrading-parity/libraries/file","fullModuleName":"com.paritytrading.parity:parity-file"}}
10:25:58.463 [INFO]   [Validating]  [maven:out]         [com.diffblue.cover.buildsystem.config.a.a] out: [INFO] ------------------------------------------------------------------------
10:25:58.463 [INFO]   [Validating]  [maven:out]         [com.diffblue.cover.buildsystem.config.a.a] out: [INFO] BUILD SUCCESS
10:25:58.463 [INFO]   [Validating]  [maven:out]         [com.diffblue.cover.buildsystem.config.a.a] out: [INFO] ------------------------------------------------------------------------
10:25:58.463 [INFO]   [Validating]  [maven:out]         [com.diffblue.cover.buildsystem.config.a.a] out: [INFO] Total time:  2.218 s
10:25:58.463 [INFO]   [Validating]  [maven:out]         [com.diffblue.cover.buildsystem.config.a.a] out: [INFO] Finished at: 2026-01-20T10:25:58Z
10:25:58.463 [INFO]   [Validating]  [maven:out]         [com.diffblue.cover.buildsystem.config.a.a] out: [INFO] ------------------------------------------------------------------------
10:25:58.464 [INFO]   [Validating]  [maven:out]         [com.diffblue.cover.buildsystem.internal.f.f] deserializing line [DIFFBLUE]{"__type":"com.diffblue.cover.buildsystem.model.ProjectInfoMessage","projectName":"com.paritytrading.parity:parity-file","productionSources":["/home/jbergqvist/diffblue/paritytrading-parity/libraries/file/src/main/java","/home/jbergqvist/diffblue/paritytrading-parity/libraries/file/target/generated-sources/annotations"],"testSources":["/home/jbergqvist/diffblue/paritytrading-parity/libraries/file/src/test/java","/home/jbergqvist/diffblue/paritytrading-parity/libraries/file/target/generated-test-sources/test-annotations"],"location":"/home/jbergqvist/diffblue/paritytrading-parity/libraries/file"}
10:25:58.498 [INFO]   [Validating]  [main]              [com.diffblue.cover.buildsystem.internal.f.d] maven:err process not stopped, joining thread
10:25:58.498 [INFO]   [Validating]  [main]              [com.diffblue.cover.buildsystem.internal.f.d] maven:out process not stopped, joining thread
10:25:58.498 [DEBUG]  [Validating]  [main]              [com.diffblue.cover.buildsystem.config.a.a] Executor spent 2s on command "/home/jbergqvist/.sdkman/candidates/maven/current/bin/mvn -Dmaven.ext.class.path=/opt/cover/cover-buildsystem-maven-spy-jar-with-dependencies.jar -Dcom.diffblue.cover.skipTests=true -DskipTestOptimizer --batch-mode --projects=com.paritytrading.parity:parity-file --global-settings=/home/jbergqvist/.sdkman/candidates/maven/current/conf/settings.xml org.apache.maven.plugins:maven-checkstyle-plugin:check -Dcheckstyle.failOnViolation=false clean test"
10:25:58.547 [INFO]   [Validating]  [main]              [com.diffblue.cover.ui.controller.r] All 18 created tests were successfully validated.
10:25:58.568 [INFO]   [Measuring]   [main]              [com.diffblue.cover.ui.controller.q] Calculating coverage from Diffblue tests.
10:25:58.569 [DEBUG]  [Measuring]   [main]              [com.diffblue.cover.buildsystem.config.registry.Registry] checking if /home/jbergqvist/diffblue/paritytrading-parity/libraries/file/DiffblueBuild.yaml exists...
10:25:58.569 [DEBUG]  [Measuring]   [main]              [com.diffblue.cover.buildsystem.config.registry.Registry] checking if /home/jbergqvist/diffblue/paritytrading-parity/libraries/file/DiffblueBuild.yml exists...
10:25:58.569 [DEBUG]  [Measuring]   [main]              [com.diffblue.cover.buildsystem.config.registry.Registry] checking if /home/jbergqvist/diffblue/paritytrading-parity/DiffblueBuild.yaml exists...
10:25:58.569 [DEBUG]  [Measuring]   [main]              [com.diffblue.cover.buildsystem.config.registry.Registry] checking if /home/jbergqvist/diffblue/paritytrading-parity/DiffblueBuild.yml exists...
10:25:58.569 [INFO]   [Measuring]   [main]              [com.diffblue.cover.buildsystem.config.registry.Registry] Using default build rules as no custom rules found in any of [/home/jbergqvist/diffblue/paritytrading-parity/libraries/file, /home/jbergqvist/diffblue/paritytrading-parity]
10:25:58.569 [DEBUG]  [Measuring]   [main]              [com.diffblue.cover.buildsystem.config.registry.Registry] Build execution request for Coverage Phase
10:25:58.570 [DEBUG]  [Measuring]   [main]              [com.diffblue.cover.buildsystem.config.registry.Registry] checking if /home/jbergqvist/diffblue/paritytrading-parity/libraries/file/DiffblueBuild.yaml exists...
10:25:58.570 [DEBUG]  [Measuring]   [main]              [com.diffblue.cover.buildsystem.config.registry.Registry] checking if /home/jbergqvist/diffblue/paritytrading-parity/libraries/file/DiffblueBuild.yml exists...
10:25:58.570 [DEBUG]  [Measuring]   [main]              [com.diffblue.cover.buildsystem.config.registry.Registry] checking if /home/jbergqvist/diffblue/paritytrading-parity/DiffblueBuild.yaml exists...
10:25:58.570 [DEBUG]  [Measuring]   [main]              [com.diffblue.cover.buildsystem.config.registry.Registry] checking if /home/jbergqvist/diffblue/paritytrading-parity/DiffblueBuild.yml exists...
10:25:58.570 [INFO]   [Measuring]   [main]              [com.diffblue.cover.buildsystem.config.registry.Registry] Using default build rules as no custom rules found in any of [/home/jbergqvist/diffblue/paritytrading-parity/libraries/file, /home/jbergqvist/diffblue/paritytrading-parity]
10:25:58.570 [DEBUG]  [Measuring]   [main]              [com.diffblue.cover.buildsystem.config.registry.Registry] Build execution request for Coverage Phase
10:25:58.571 [INFO]   [Measuring]   [main]              [com.diffblue.cover.buildsystem.config.a.a] Attempting to invoke mvnw in working directory: /home/jbergqvist/diffblue/paritytrading-parity
10:25:58.571 [INFO]   [Measuring]   [main]              [com.diffblue.cover.buildsystem.config.a.a] Attempting to invoke /home/jbergqvist/.sdkman/candidates/maven/current/bin/mvn in working directory: /home/jbergqvist/diffblue/paritytrading-parity
10:25:58.571 [INFO]   [Measuring]   [main]              [com.diffblue.cover.buildsystem.config.a.a] Started "/home/jbergqvist/.sdkman/candidates/maven/current/bin/mvn -Dmaven.ext.class.path=/opt/cover/cover-buildsystem-maven-spy-jar-with-dependencies.jar -Dcom.diffblue.cover.skipTests=true -DskipTestOptimizer --batch-mode --projects=com.paritytrading.parity:parity-file --global-settings=/home/jbergqvist/.sdkman/candidates/maven/current/conf/settings.xml org.apache.maven.plugins:maven-checkstyle-plugin:check -Dcheckstyle.failOnViolation=false org.jacoco:jacoco-maven-plugin:0.8.11:prepare-agent -Djacoco.skip=false test -DfailIfNoTests=false -Dsurefire.failIfNoSpecifiedTests=false -Dmaven.test.failure.ignore=True -Dtest=*DiffblueTest org.jacoco:jacoco-maven-plugin:0.8.11:report -Djacoco.skip=false"
10:25:59.293 [INFO]   [Measuring]   [maven:out]         [com.diffblue.cover.buildsystem.config.a.a] out: [INFO] Scanning for projects...
10:25:59.424 [INFO]   [Measuring]   [maven:out]         [com.diffblue.cover.buildsystem.config.a.a] out: [INFO] 
10:25:59.424 [INFO]   [Measuring]   [maven:out]         [com.diffblue.cover.buildsystem.config.a.a] out: [INFO] ----------------< com.paritytrading.parity:parity-file >----------------
10:25:59.424 [INFO]   [Measuring]   [maven:out]         [com.diffblue.cover.buildsystem.config.a.a] out: [INFO] Building Parity File Formats 0.7.1-SNAPSHOT
10:25:59.424 [INFO]   [Measuring]   [maven:out]         [com.diffblue.cover.buildsystem.config.a.a] out: [INFO]   from pom.xml
10:25:59.424 [INFO]   [Measuring]   [maven:out]         [com.diffblue.cover.buildsystem.config.a.a] out: [INFO] --------------------------------[ jar ]---------------------------------
10:25:59.651 [INFO]   [Measuring]   [maven:out]         [com.diffblue.cover.buildsystem.internal.f.f] deserializing line [DIFFBLUE]{"__type":"com.diffblue.cover.buildsystem.model.DefaultEventMessage","project":"com.paritytrading.parity:parity-file","goal":"check","cause":null,"state":"STARTED"}
10:25:59.653 [INFO]   [Measuring]   [maven:out]         [com.diffblue.cover.buildsystem.config.a.a] out: [INFO] 
10:25:59.653 [INFO]   [Measuring]   [maven:out]         [com.diffblue.cover.buildsystem.config.a.a] out: [INFO] --- checkstyle:3.1.0:check (default-cli) @ parity-file ---
10:26:00.089 [INFO]   [Measuring]   [maven:out]         [com.diffblue.cover.buildsystem.config.a.a] out: [INFO] There is 1 error reported by Checkstyle 8.29 with checkstyle.xml ruleset.
10:26:00.096 [INFO]   [Measuring]   [maven:out]         [com.diffblue.cover.buildsystem.config.a.a] out: [ERROR] src/test/java/com/paritytrading/parity/file/taq/TAQWriterFactory.java:[21,8] (imports) UnusedImports: Unused import - java.io.FileNotFoundException.
10:26:00.097 [INFO]   [Measuring]   [maven:out]         [com.diffblue.cover.buildsystem.config.a.a] out: [WARNING] checkstyle:check violations detected but failOnViolation set to false
10:26:00.098 [INFO]   [Measuring]   [maven:out]         [com.diffblue.cover.buildsystem.internal.f.f] deserializing line [DIFFBLUE]{"__type":"com.diffblue.cover.buildsystem.model.DefaultEventMessage","project":"com.paritytrading.parity:parity-file","goal":"check","cause":null,"state":"SUCCESS"}
10:26:00.099 [INFO]   [Measuring]   [maven:out]         [com.diffblue.cover.buildsystem.internal.f.f] deserializing line [DIFFBLUE]{"__type":"com.diffblue.cover.buildsystem.model.DefaultEventMessage","project":"com.paritytrading.parity:parity-file","goal":"prepare-agent","cause":null,"state":"STARTED"}
10:26:00.100 [INFO]   [Measuring]   [maven:out]         [com.diffblue.cover.buildsystem.config.a.a] out: [INFO] 
10:26:00.100 [INFO]   [Measuring]   [maven:out]         [com.diffblue.cover.buildsystem.config.a.a] out: [INFO] --- jacoco:0.8.11:prepare-agent (default-cli) @ parity-file ---
10:26:00.135 [INFO]   [Measuring]   [maven:out]         [com.diffblue.cover.buildsystem.config.a.a] out: [INFO] argLine set to -javaagent:/home/jbergqvist/.m2/repository/org/jacoco/org.jacoco.agent/0.8.11/org.jacoco.agent-0.8.11-runtime.jar=destfile=/home/jbergqvist/diffblue/paritytrading-parity/libraries/file/target/jacoco.exec
10:26:00.136 [INFO]   [Measuring]   [maven:out]         [com.diffblue.cover.buildsystem.internal.f.f] deserializing line [DIFFBLUE]{"__type":"com.diffblue.cover.buildsystem.model.DefaultEventMessage","project":"com.paritytrading.parity:parity-file","goal":"prepare-agent","cause":null,"state":"SUCCESS"}
10:26:00.137 [INFO]   [Measuring]   [maven:out]         [com.diffblue.cover.buildsystem.internal.f.f] deserializing line [DIFFBLUE]{"__type":"com.diffblue.cover.buildsystem.model.DefaultEventMessage","project":"com.paritytrading.parity:parity-file","goal":"enforce","cause":null,"state":"STARTED"}
10:26:00.137 [INFO]   [Measuring]   [maven:out]         [com.diffblue.cover.buildsystem.config.a.a] out: [INFO] 
10:26:00.137 [INFO]   [Measuring]   [maven:out]         [com.diffblue.cover.buildsystem.config.a.a] out: [INFO] --- enforcer:1.0:enforce (enforce-maven) @ parity-file ---
10:26:00.185 [INFO]   [Measuring]   [maven:out]         [com.diffblue.cover.buildsystem.internal.f.f] deserializing line [DIFFBLUE]{"__type":"com.diffblue.cover.buildsystem.model.DefaultEventMessage","project":"com.paritytrading.parity:parity-file","goal":"enforce","cause":null,"state":"SUCCESS"}
10:26:00.186 [INFO]   [Measuring]   [maven:out]         [com.diffblue.cover.buildsystem.internal.f.f] deserializing line [DIFFBLUE]{"__type":"com.diffblue.cover.buildsystem.model.DefaultEventMessage","project":"com.paritytrading.parity:parity-file","goal":"resources","cause":null,"state":"STARTED"}
10:26:00.187 [INFO]   [Measuring]   [maven:out]         [com.diffblue.cover.buildsystem.config.a.a] out: [INFO] 
10:26:00.187 [INFO]   [Measuring]   [maven:out]         [com.diffblue.cover.buildsystem.config.a.a] out: [INFO] --- resources:3.3.1:resources (default-resources) @ parity-file ---
10:26:00.217 [INFO]   [Measuring]   [maven:out]         [com.diffblue.cover.buildsystem.config.a.a] out: [INFO] skip non existing resourceDirectory /home/jbergqvist/diffblue/paritytrading-parity/libraries/file/src/main/resources
10:26:00.218 [INFO]   [Measuring]   [maven:out]         [com.diffblue.cover.buildsystem.internal.f.f] deserializing line [DIFFBLUE]{"__type":"com.diffblue.cover.buildsystem.model.DefaultEventMessage","project":"com.paritytrading.parity:parity-file","goal":"resources","cause":null,"state":"SUCCESS"}
10:26:00.219 [INFO]   [Measuring]   [maven:out]         [com.diffblue.cover.buildsystem.internal.f.f] deserializing line [DIFFBLUE]{"__type":"com.diffblue.cover.buildsystem.model.DefaultEventMessage","project":"com.paritytrading.parity:parity-file","goal":"compile","cause":null,"state":"STARTED"}
10:26:00.220 [INFO]   [Measuring]   [maven:out]         [com.diffblue.cover.buildsystem.config.a.a] out: [INFO] 
10:26:00.220 [INFO]   [Measuring]   [maven:out]         [com.diffblue.cover.buildsystem.config.a.a] out: [INFO] --- compiler:3.8.0:compile (default-compile) @ parity-file ---
10:26:00.297 [INFO]   [Measuring]   [maven:out]         [com.diffblue.cover.buildsystem.config.a.a] out: [INFO] Changes detected - recompiling the module!
10:26:00.301 [INFO]   [Measuring]   [maven:out]         [com.diffblue.cover.buildsystem.config.a.a] out: [INFO] Compiling 4 source files to /home/jbergqvist/diffblue/paritytrading-parity/libraries/file/target/classes
10:26:00.572 [INFO]   [Measuring]   [maven:out]         [com.diffblue.cover.buildsystem.internal.f.f] deserializing line [DIFFBLUE]{"__type":"com.diffblue.cover.buildsystem.model.DefaultEventMessage","project":"com.paritytrading.parity:parity-file","goal":"compile","cause":null,"state":"SUCCESS"}
10:26:00.573 [INFO]   [Measuring]   [maven:out]         [com.diffblue.cover.buildsystem.internal.f.f] deserializing line [DIFFBLUE]{"__type":"com.diffblue.cover.buildsystem.model.DefaultEventMessage","project":"com.paritytrading.parity:parity-file","goal":"testResources","cause":null,"state":"STARTED"}
10:26:00.574 [INFO]   [Measuring]   [maven:out]         [com.diffblue.cover.buildsystem.config.a.a] out: [INFO] 
10:26:00.574 [INFO]   [Measuring]   [maven:out]         [com.diffblue.cover.buildsystem.config.a.a] out: [INFO] --- resources:3.3.1:testResources (default-testResources) @ parity-file ---
10:26:00.575 [INFO]   [Measuring]   [maven:out]         [com.diffblue.cover.buildsystem.config.a.a] out: [INFO] skip non existing resourceDirectory /home/jbergqvist/diffblue/paritytrading-parity/libraries/file/src/test/resources
10:26:00.576 [INFO]   [Measuring]   [maven:out]         [com.diffblue.cover.buildsystem.internal.f.f] deserializing line [DIFFBLUE]{"__type":"com.diffblue.cover.buildsystem.model.DefaultEventMessage","project":"com.paritytrading.parity:parity-file","goal":"testResources","cause":null,"state":"SUCCESS"}
10:26:00.578 [INFO]   [Measuring]   [maven:out]         [com.diffblue.cover.buildsystem.internal.f.f] deserializing line [DIFFBLUE]{"__type":"com.diffblue.cover.buildsystem.model.DefaultEventMessage","project":"com.paritytrading.parity:parity-file","goal":"testCompile","cause":null,"state":"STARTED"}
10:26:00.578 [INFO]   [Measuring]   [maven:out]         [com.diffblue.cover.buildsystem.config.a.a] out: [INFO] 
10:26:00.578 [INFO]   [Measuring]   [maven:out]         [com.diffblue.cover.buildsystem.config.a.a] out: [INFO] --- compiler:3.8.0:testCompile (default-testCompile) @ parity-file ---
10:26:00.582 [INFO]   [Measuring]   [maven:out]         [com.diffblue.cover.buildsystem.config.a.a] out: [INFO] Nothing to compile - all classes are up to date
10:26:00.583 [INFO]   [Measuring]   [maven:out]         [com.diffblue.cover.buildsystem.internal.f.f] deserializing line [DIFFBLUE]{"__type":"com.diffblue.cover.buildsystem.model.DefaultEventMessage","project":"com.paritytrading.parity:parity-file","goal":"testCompile","cause":null,"state":"SUCCESS"}
10:26:00.585 [INFO]   [Measuring]   [maven:out]         [com.diffblue.cover.buildsystem.internal.f.f] deserializing line [DIFFBLUE]{"__type":"com.diffblue.cover.buildsystem.model.DefaultEventMessage","project":"com.paritytrading.parity:parity-file","goal":"test","cause":null,"state":"STARTED"}
10:26:00.586 [INFO]   [Measuring]   [maven:out]         [com.diffblue.cover.buildsystem.config.a.a] out: [INFO] 
10:26:00.586 [INFO]   [Measuring]   [maven:out]         [com.diffblue.cover.buildsystem.config.a.a] out: [INFO] --- surefire:3.0.0-M5:test (default-test) @ parity-file ---
10:26:00.732 [INFO]   [Measuring]   [maven:out]         [com.diffblue.cover.buildsystem.config.a.a] out: [INFO] 
10:26:00.733 [INFO]   [Measuring]   [maven:out]         [com.diffblue.cover.buildsystem.config.a.a] out: [INFO] -------------------------------------------------------
10:26:00.733 [INFO]   [Measuring]   [maven:out]         [com.diffblue.cover.buildsystem.config.a.a] out: [INFO]  T E S T S
10:26:00.733 [INFO]   [Measuring]   [maven:out]         [com.diffblue.cover.buildsystem.config.a.a] out: [INFO] -------------------------------------------------------
10:26:01.274 [INFO]   [Measuring]   [maven:out]         [com.diffblue.cover.buildsystem.config.a.a] out: [INFO] Running com.paritytrading.parity.file.taq.TAQConfigDiffblueTest
10:26:01.769 [INFO]   [Measuring]   [maven:out]         [com.diffblue.cover.buildsystem.config.a.a] out: [INFO] Tests run: 9, Failures: 0, Errors: 0, Skipped: 0, Time elapsed: 0.492 s - in com.paritytrading.parity.file.taq.TAQConfigDiffblueTest
10:26:01.769 [INFO]   [Measuring]   [maven:out]         [com.diffblue.cover.buildsystem.config.a.a] out: [INFO] Running com.paritytrading.parity.file.taq.TAQDiffblueTest
10:26:01.771 [INFO]   [Measuring]   [maven:out]         [com.diffblue.cover.buildsystem.config.a.a] out: [INFO] Tests run: 2, Failures: 0, Errors: 0, Skipped: 0, Time elapsed: 0.002 s - in com.paritytrading.parity.file.taq.TAQDiffblueTest
10:26:01.771 [INFO]   [Measuring]   [maven:out]         [com.diffblue.cover.buildsystem.config.a.a] out: [INFO] Running com.paritytrading.parity.file.taq.TAQWriterDiffblueTest
10:26:01.781 [INFO]   [Measuring]   [maven:out]         [com.diffblue.cover.buildsystem.config.a.a] out: [INFO] Tests run: 7, Failures: 0, Errors: 0, Skipped: 0, Time elapsed: 0.014 s - in com.paritytrading.parity.file.taq.TAQWriterDiffblueTest
10:26:01.815 [INFO]   [Measuring]   [maven:out]         [com.diffblue.cover.buildsystem.config.a.a] out: [INFO] 
10:26:01.816 [INFO]   [Measuring]   [maven:out]         [com.diffblue.cover.buildsystem.config.a.a] out: [INFO] Results:
10:26:01.816 [INFO]   [Measuring]   [maven:out]         [com.diffblue.cover.buildsystem.config.a.a] out: [INFO] 
10:26:01.816 [INFO]   [Measuring]   [maven:out]         [com.diffblue.cover.buildsystem.config.a.a] out: [INFO] Tests run: 18, Failures: 0, Errors: 0, Skipped: 0
10:26:01.816 [INFO]   [Measuring]   [maven:out]         [com.diffblue.cover.buildsystem.config.a.a] out: [INFO] 
10:26:01.820 [INFO]   [Measuring]   [maven:out]         [com.diffblue.cover.buildsystem.internal.f.f] deserializing line [DIFFBLUE]{"__type":"com.diffblue.cover.buildsystem.model.DefaultEventMessage","project":"com.paritytrading.parity:parity-file","goal":"test","cause":null,"state":"SUCCESS"}
10:26:01.821 [INFO]   [Measuring]   [maven:out]         [com.diffblue.cover.buildsystem.internal.f.f] deserializing line [DIFFBLUE]{"__type":"com.diffblue.cover.buildsystem.model.DefaultEventMessage","project":"com.paritytrading.parity:parity-file","goal":"report","cause":null,"state":"STARTED"}
10:26:01.821 [INFO]   [Measuring]   [maven:out]         [com.diffblue.cover.buildsystem.config.a.a] out: [INFO] 
10:26:01.821 [INFO]   [Measuring]   [maven:out]         [com.diffblue.cover.buildsystem.config.a.a] out: [INFO] --- jacoco:0.8.11:report (default-cli) @ parity-file ---
10:26:01.824 [INFO]   [Measuring]   [maven:out]         [com.diffblue.cover.buildsystem.config.a.a] out: [INFO] Loading execution data file /home/jbergqvist/diffblue/paritytrading-parity/libraries/file/target/jacoco.exec
10:26:01.865 [INFO]   [Measuring]   [maven:out]         [com.diffblue.cover.buildsystem.config.a.a] out: [INFO] Analyzed bundle 'Parity File Formats' with 5 classes
10:26:01.894 [INFO]   [Measuring]   [maven:out]         [com.diffblue.cover.buildsystem.internal.f.f] deserializing line [DIFFBLUE]{"__type":"com.diffblue.cover.buildsystem.model.DefaultEventMessage","project":"com.paritytrading.parity:parity-file","goal":"report","cause":null,"state":"SUCCESS"}
10:26:01.918 [INFO]   [Measuring]   [maven:out]         [com.diffblue.cover.buildsystem.internal.f.f] deserializing line [DIFFBLUE]{"__type":"com.diffblue.cover.buildsystem.model.DefaultProjectModuleMessage","project":{"__type":"DefaultProjectModule","junitReport":["/home/jbergqvist/diffblue/paritytrading-parity/libraries/file/target/surefire-reports"],"jacocoReport":["/home/jbergqvist/diffblue/paritytrading-parity/libraries/file/target/site/jacoco/jacoco.xml"],"jacocoDestFile":["/home/jbergqvist/diffblue/paritytrading-parity/libraries/file/target/jacoco.exec"],"jacocoFormats":["xml"],"jacocoSkipped":false,"classpath":["/home/jbergqvist/diffblue/paritytrading-parity/libraries/file/target/classes","/home/jbergqvist/.m2/repository/org/junit/jupiter/junit-jupiter/5.7.0/junit-jupiter-5.7.0.jar","/home/jbergqvist/.m2/repository/org/junit/jupiter/junit-jupiter-api/5.7.0/junit-jupiter-api-5.7.0.jar","/home/jbergqvist/.m2/repository/org/apiguardian/apiguardian-api/1.1.0/apiguardian-api-1.1.0.jar","/home/jbergqvist/.m2/repository/org/opentest4j/opentest4j/1.2.0/opentest4j-1.2.0.jar","/home/jbergqvist/.m2/repository/org/junit/platform/junit-platform-commons/1.7.0/junit-platform-commons-1.7.0.jar","/home/jbergqvist/.m2/repository/org/junit/jupiter/junit-jupiter-params/5.7.0/junit-jupiter-params-5.7.0.jar","/home/jbergqvist/.m2/repository/org/junit/jupiter/junit-jupiter-engine/5.7.0/junit-jupiter-engine-5.7.0.jar","/home/jbergqvist/.m2/repository/org/junit/platform/junit-platform-engine/1.7.0/junit-platform-engine-1.7.0.jar","/home/jbergqvist/.m2/repository/com/diffblue/cover/cover-annotations/1.9.0/cover-annotations-1.9.0.jar","/home/jbergqvist/.m2/repository/org/mockito/mockito-core/4.11.0/mockito-core-4.11.0.jar","/home/jbergqvist/.m2/repository/net/bytebuddy/byte-buddy/1.12.19/byte-buddy-1.12.19.jar","/home/jbergqvist/.m2/repository/net/bytebuddy/byte-buddy-agent/1.12.19/byte-buddy-agent-1.12.19.jar","/home/jbergqvist/.m2/repository/org/objenesis/objenesis/3.3/objenesis-3.3.jar","/home/jbergqvist/.m2/repository/org/mockito/mockito-junit-jupiter/4.11.0/mockito-junit-jupiter-4.11.0.jar"],"complianceLevel":"1.8","productionSources":["/home/jbergqvist/diffblue/paritytrading-parity/libraries/file/src/main/java"],"testSources":["/home/jbergqvist/diffblue/paritytrading-parity/libraries/file/src/test/java"],"productionClasses":"/home/jbergqvist/diffblue/paritytrading-parity/libraries/file/target/classes","testClasses":"/home/jbergqvist/diffblue/paritytrading-parity/libraries/file/target/test-classes","sourceToBuildPathMap":null,"testSourceToBuildPathMap":null,"buildDirectory":"/home/jbergqvist/diffblue/paritytrading-parity/libraries/file/target","plugins":[{"__type":"DefaultPlugin","groupId":"org.apache.maven.plugins","artefactId":"maven-enforcer-plugin","version":"1.0","pluginClassName":null},{"__type":"DefaultPlugin","groupId":"org.apache.maven.plugins","artefactId":"maven-checkstyle-plugin","version":"3.1.0","pluginClassName":null},{"__type":"DefaultPlugin","groupId":"org.apache.maven.plugins","artefactId":"maven-compiler-plugin","version":"3.8.0","pluginClassName":null},{"__type":"DefaultPlugin","groupId":"org.apache.maven.plugins","artefactId":"maven-javadoc-plugin","version":"3.0.1","pluginClassName":null},{"__type":"DefaultPlugin","groupId":"org.apache.maven.plugins","artefactId":"maven-release-plugin","version":"2.5.3","pluginClassName":null},{"__type":"DefaultPlugin","groupId":"org.apache.maven.plugins","artefactId":"maven-clean-plugin","version":"3.2.0","pluginClassName":null},{"__type":"DefaultPlugin","groupId":"org.apache.maven.plugins","artefactId":"maven-resources-plugin","version":"3.3.1","pluginClassName":null},{"__type":"DefaultPlugin","groupId":"org.apache.maven.plugins","artefactId":"maven-jar-plugin","version":"3.4.1","pluginClassName":null},{"__type":"DefaultPlugin","groupId":"org.apache.maven.plugins","artefactId":"maven-surefire-plugin","version":"3.0.0-M5","pluginClassName":null},{"__type":"DefaultPlugin","groupId":"org.apache.maven.plugins","artefactId":"maven-install-plugin","version":"3.1.2","pluginClassName":null},{"__type":"DefaultPlugin","groupId":"org.apache.maven.plugins","artefactId":"maven-deploy-plugin","version":"2.8.2","pluginClassName":null},{"__type":"DefaultPlugin","groupId":"org.apache.maven.plugins","artefactId":"maven-site-plugin","version":"3.12.1","pluginClassName":null}],"version":"3.9.12","encoding":"UTF-8","name":"maven","subModules":[],"simpleModuleName":null,"parentModuleName":"com.paritytrading.parity:parity-parent","location":"/home/jbergqvist/diffblue/paritytrading-parity/libraries/file","fullModuleName":"com.paritytrading.parity:parity-file"}}
10:26:01.921 [INFO]   [Measuring]   [maven:out]         [com.diffblue.cover.buildsystem.config.a.a] out: [INFO] ------------------------------------------------------------------------
10:26:01.921 [INFO]   [Measuring]   [maven:out]         [com.diffblue.cover.buildsystem.config.a.a] out: [INFO] BUILD SUCCESS
10:26:01.921 [INFO]   [Measuring]   [maven:out]         [com.diffblue.cover.buildsystem.config.a.a] out: [INFO] ------------------------------------------------------------------------
10:26:01.921 [INFO]   [Measuring]   [maven:out]         [com.diffblue.cover.buildsystem.config.a.a] out: [INFO] Total time:  2.641 s
10:26:01.921 [INFO]   [Measuring]   [maven:out]         [com.diffblue.cover.buildsystem.config.a.a] out: [INFO] Finished at: 2026-01-20T10:26:01Z
10:26:01.921 [INFO]   [Measuring]   [maven:out]         [com.diffblue.cover.buildsystem.config.a.a] out: [INFO] ------------------------------------------------------------------------
10:26:01.921 [INFO]   [Measuring]   [maven:out]         [com.diffblue.cover.buildsystem.internal.f.f] deserializing line [DIFFBLUE]{"__type":"com.diffblue.cover.buildsystem.model.ProjectInfoMessage","projectName":"com.paritytrading.parity:parity-file","productionSources":["/home/jbergqvist/diffblue/paritytrading-parity/libraries/file/src/main/java","/home/jbergqvist/diffblue/paritytrading-parity/libraries/file/target/generated-sources/annotations"],"testSources":["/home/jbergqvist/diffblue/paritytrading-parity/libraries/file/src/test/java","/home/jbergqvist/diffblue/paritytrading-parity/libraries/file/target/generated-test-sources/test-annotations"],"location":"/home/jbergqvist/diffblue/paritytrading-parity/libraries/file"}
10:26:01.945 [INFO]   [Measuring]   [main]              [com.diffblue.cover.buildsystem.internal.f.d] maven:err process not stopped, joining thread
10:26:01.946 [INFO]   [Measuring]   [main]              [com.diffblue.cover.buildsystem.internal.f.d] maven:out process not stopped, joining thread
10:26:01.946 [DEBUG]  [Measuring]   [main]              [com.diffblue.cover.buildsystem.config.a.a] Executor spent 3s on command "/home/jbergqvist/.sdkman/candidates/maven/current/bin/mvn -Dmaven.ext.class.path=/opt/cover/cover-buildsystem-maven-spy-jar-with-dependencies.jar -Dcom.diffblue.cover.skipTests=true -DskipTestOptimizer --batch-mode --projects=com.paritytrading.parity:parity-file --global-settings=/home/jbergqvist/.sdkman/candidates/maven/current/conf/settings.xml org.apache.maven.plugins:maven-checkstyle-plugin:check -Dcheckstyle.failOnViolation=false org.jacoco:jacoco-maven-plugin:0.8.11:prepare-agent -Djacoco.skip=false test -DfailIfNoTests=false -Dsurefire.failIfNoSpecifiedTests=false -Dmaven.test.failure.ignore=True -Dtest=*DiffblueTest org.jacoco:jacoco-maven-plugin:0.8.11:report -Djacoco.skip=false"
10:26:01.946 [INFO]   [Measuring]   [main]              [com.diffblue.cover.buildsystem.config.a.a] Attempting to invoke mvnw in working directory: /home/jbergqvist/diffblue/paritytrading-parity
10:26:01.947 [INFO]   [Measuring]   [main]              [com.diffblue.cover.buildsystem.config.a.a] Attempting to invoke /home/jbergqvist/.sdkman/candidates/maven/current/bin/mvn in working directory: /home/jbergqvist/diffblue/paritytrading-parity
10:26:01.947 [INFO]   [Measuring]   [main]              [com.diffblue.cover.buildsystem.config.a.a] Started "/home/jbergqvist/.sdkman/candidates/maven/current/bin/mvn -Dmaven.ext.class.path=/opt/cover/cover-buildsystem-maven-spy-jar-with-dependencies.jar -Dcom.diffblue.cover.skipTests=true -DskipTestOptimizer --batch-mode --projects=com.paritytrading.parity:parity-file --global-settings=/home/jbergqvist/.sdkman/candidates/maven/current/conf/settings.xml org.apache.maven.plugins:maven-checkstyle-plugin:check -Dcheckstyle.failOnViolation=false org.jacoco:jacoco-maven-plugin:0.8.11:prepare-agent -Djacoco.skip=false test -DfailIfNoTests=false -Dsurefire.failIfNoSpecifiedTests=false -Dmaven.test.failure.ignore=True -Dtest=!*DiffblueTest,**/Test*.java,**/*Test.java,**/*Tests.java,**/*TestCase.java -Dgroups=MaintainedByDiffblue,ContributionFromDiffblue org.jacoco:jacoco-maven-plugin:0.8.11:report -Djacoco.skip=false"
10:26:02.671 [INFO]   [Measuring]   [maven:out]         [com.diffblue.cover.buildsystem.config.a.a] out: [INFO] Scanning for projects...
10:26:02.803 [INFO]   [Measuring]   [maven:out]         [com.diffblue.cover.buildsystem.config.a.a] out: [INFO] 
10:26:02.803 [INFO]   [Measuring]   [maven:out]         [com.diffblue.cover.buildsystem.config.a.a] out: [INFO] ----------------< com.paritytrading.parity:parity-file >----------------
10:26:02.803 [INFO]   [Measuring]   [maven:out]         [com.diffblue.cover.buildsystem.config.a.a] out: [INFO] Building Parity File Formats 0.7.1-SNAPSHOT
10:26:02.803 [INFO]   [Measuring]   [maven:out]         [com.diffblue.cover.buildsystem.config.a.a] out: [INFO]   from pom.xml
10:26:02.803 [INFO]   [Measuring]   [maven:out]         [com.diffblue.cover.buildsystem.config.a.a] out: [INFO] --------------------------------[ jar ]---------------------------------
10:26:03.032 [INFO]   [Measuring]   [maven:out]         [com.diffblue.cover.buildsystem.internal.f.f] deserializing line [DIFFBLUE]{"__type":"com.diffblue.cover.buildsystem.model.DefaultEventMessage","project":"com.paritytrading.parity:parity-file","goal":"check","cause":null,"state":"STARTED"}
10:26:03.033 [INFO]   [Measuring]   [maven:out]         [com.diffblue.cover.buildsystem.config.a.a] out: [INFO] 
10:26:03.033 [INFO]   [Measuring]   [maven:out]         [com.diffblue.cover.buildsystem.config.a.a] out: [INFO] --- checkstyle:3.1.0:check (default-cli) @ parity-file ---
10:26:03.443 [INFO]   [Measuring]   [maven:out]         [com.diffblue.cover.buildsystem.config.a.a] out: [INFO] There is 1 error reported by Checkstyle 8.29 with checkstyle.xml ruleset.
10:26:03.450 [INFO]   [Measuring]   [maven:out]         [com.diffblue.cover.buildsystem.config.a.a] out: [ERROR] src/test/java/com/paritytrading/parity/file/taq/TAQWriterFactory.java:[21,8] (imports) UnusedImports: Unused import - java.io.FileNotFoundException.
10:26:03.450 [INFO]   [Measuring]   [maven:out]         [com.diffblue.cover.buildsystem.config.a.a] out: [WARNING] checkstyle:check violations detected but failOnViolation set to false
10:26:03.451 [INFO]   [Measuring]   [maven:out]         [com.diffblue.cover.buildsystem.internal.f.f] deserializing line [DIFFBLUE]{"__type":"com.diffblue.cover.buildsystem.model.DefaultEventMessage","project":"com.paritytrading.parity:parity-file","goal":"check","cause":null,"state":"SUCCESS"}
10:26:03.453 [INFO]   [Measuring]   [maven:out]         [com.diffblue.cover.buildsystem.internal.f.f] deserializing line [DIFFBLUE]{"__type":"com.diffblue.cover.buildsystem.model.DefaultEventMessage","project":"com.paritytrading.parity:parity-file","goal":"prepare-agent","cause":null,"state":"STARTED"}
10:26:03.454 [INFO]   [Measuring]   [maven:out]         [com.diffblue.cover.buildsystem.config.a.a] out: [INFO] 
10:26:03.454 [INFO]   [Measuring]   [maven:out]         [com.diffblue.cover.buildsystem.config.a.a] out: [INFO] --- jacoco:0.8.11:prepare-agent (default-cli) @ parity-file ---
10:26:03.504 [INFO]   [Measuring]   [maven:out]         [com.diffblue.cover.buildsystem.config.a.a] out: [INFO] argLine set to -javaagent:/home/jbergqvist/.m2/repository/org/jacoco/org.jacoco.agent/0.8.11/org.jacoco.agent-0.8.11-runtime.jar=destfile=/home/jbergqvist/diffblue/paritytrading-parity/libraries/file/target/jacoco.exec
10:26:03.506 [INFO]   [Measuring]   [maven:out]         [com.diffblue.cover.buildsystem.internal.f.f] deserializing line [DIFFBLUE]{"__type":"com.diffblue.cover.buildsystem.model.DefaultEventMessage","project":"com.paritytrading.parity:parity-file","goal":"prepare-agent","cause":null,"state":"SUCCESS"}
10:26:03.508 [INFO]   [Measuring]   [maven:out]         [com.diffblue.cover.buildsystem.internal.f.f] deserializing line [DIFFBLUE]{"__type":"com.diffblue.cover.buildsystem.model.DefaultEventMessage","project":"com.paritytrading.parity:parity-file","goal":"enforce","cause":null,"state":"STARTED"}
10:26:03.508 [INFO]   [Measuring]   [maven:out]         [com.diffblue.cover.buildsystem.config.a.a] out: [INFO] 
10:26:03.508 [INFO]   [Measuring]   [maven:out]         [com.diffblue.cover.buildsystem.config.a.a] out: [INFO] --- enforcer:1.0:enforce (enforce-maven) @ parity-file ---
10:26:03.564 [INFO]   [Measuring]   [maven:out]         [com.diffblue.cover.buildsystem.internal.f.f] deserializing line [DIFFBLUE]{"__type":"com.diffblue.cover.buildsystem.model.DefaultEventMessage","project":"com.paritytrading.parity:parity-file","goal":"enforce","cause":null,"state":"SUCCESS"}
10:26:03.565 [INFO]   [Measuring]   [maven:out]         [com.diffblue.cover.buildsystem.internal.f.f] deserializing line [DIFFBLUE]{"__type":"com.diffblue.cover.buildsystem.model.DefaultEventMessage","project":"com.paritytrading.parity:parity-file","goal":"resources","cause":null,"state":"STARTED"}
10:26:03.566 [INFO]   [Measuring]   [maven:out]         [com.diffblue.cover.buildsystem.config.a.a] out: [INFO] 
10:26:03.566 [INFO]   [Measuring]   [maven:out]         [com.diffblue.cover.buildsystem.config.a.a] out: [INFO] --- resources:3.3.1:resources (default-resources) @ parity-file ---
10:26:03.595 [INFO]   [Measuring]   [maven:out]         [com.diffblue.cover.buildsystem.config.a.a] out: [INFO] skip non existing resourceDirectory /home/jbergqvist/diffblue/paritytrading-parity/libraries/file/src/main/resources
10:26:03.596 [INFO]   [Measuring]   [maven:out]         [com.diffblue.cover.buildsystem.internal.f.f] deserializing line [DIFFBLUE]{"__type":"com.diffblue.cover.buildsystem.model.DefaultEventMessage","project":"com.paritytrading.parity:parity-file","goal":"resources","cause":null,"state":"SUCCESS"}
10:26:03.597 [INFO]   [Measuring]   [maven:out]         [com.diffblue.cover.buildsystem.internal.f.f] deserializing line [DIFFBLUE]{"__type":"com.diffblue.cover.buildsystem.model.DefaultEventMessage","project":"com.paritytrading.parity:parity-file","goal":"compile","cause":null,"state":"STARTED"}
10:26:03.598 [INFO]   [Measuring]   [maven:out]         [com.diffblue.cover.buildsystem.config.a.a] out: [INFO] 
10:26:03.598 [INFO]   [Measuring]   [maven:out]         [com.diffblue.cover.buildsystem.config.a.a] out: [INFO] --- compiler:3.8.0:compile (default-compile) @ parity-file ---
10:26:03.672 [INFO]   [Measuring]   [maven:out]         [com.diffblue.cover.buildsystem.config.a.a] out: [INFO] Changes detected - recompiling the module!
10:26:03.676 [INFO]   [Measuring]   [maven:out]         [com.diffblue.cover.buildsystem.config.a.a] out: [INFO] Compiling 4 source files to /home/jbergqvist/diffblue/paritytrading-parity/libraries/file/target/classes
10:26:03.943 [INFO]   [Measuring]   [maven:out]         [com.diffblue.cover.buildsystem.internal.f.f] deserializing line [DIFFBLUE]{"__type":"com.diffblue.cover.buildsystem.model.DefaultEventMessage","project":"com.paritytrading.parity:parity-file","goal":"compile","cause":null,"state":"SUCCESS"}
10:26:03.945 [INFO]   [Measuring]   [maven:out]         [com.diffblue.cover.buildsystem.internal.f.f] deserializing line [DIFFBLUE]{"__type":"com.diffblue.cover.buildsystem.model.DefaultEventMessage","project":"com.paritytrading.parity:parity-file","goal":"testResources","cause":null,"state":"STARTED"}
10:26:03.946 [INFO]   [Measuring]   [maven:out]         [com.diffblue.cover.buildsystem.config.a.a] out: [INFO] 
10:26:03.946 [INFO]   [Measuring]   [maven:out]         [com.diffblue.cover.buildsystem.config.a.a] out: [INFO] --- resources:3.3.1:testResources (default-testResources) @ parity-file ---
10:26:03.947 [INFO]   [Measuring]   [maven:out]         [com.diffblue.cover.buildsystem.config.a.a] out: [INFO] skip non existing resourceDirectory /home/jbergqvist/diffblue/paritytrading-parity/libraries/file/src/test/resources
10:26:03.948 [INFO]   [Measuring]   [maven:out]         [com.diffblue.cover.buildsystem.internal.f.f] deserializing line [DIFFBLUE]{"__type":"com.diffblue.cover.buildsystem.model.DefaultEventMessage","project":"com.paritytrading.parity:parity-file","goal":"testResources","cause":null,"state":"SUCCESS"}
10:26:03.949 [INFO]   [Measuring]   [maven:out]         [com.diffblue.cover.buildsystem.internal.f.f] deserializing line [DIFFBLUE]{"__type":"com.diffblue.cover.buildsystem.model.DefaultEventMessage","project":"com.paritytrading.parity:parity-file","goal":"testCompile","cause":null,"state":"STARTED"}
10:26:03.950 [INFO]   [Measuring]   [maven:out]         [com.diffblue.cover.buildsystem.config.a.a] out: [INFO] 
10:26:03.950 [INFO]   [Measuring]   [maven:out]         [com.diffblue.cover.buildsystem.config.a.a] out: [INFO] --- compiler:3.8.0:testCompile (default-testCompile) @ parity-file ---
10:26:03.953 [INFO]   [Measuring]   [maven:out]         [com.diffblue.cover.buildsystem.config.a.a] out: [INFO] Nothing to compile - all classes are up to date
10:26:03.954 [INFO]   [Measuring]   [maven:out]         [com.diffblue.cover.buildsystem.internal.f.f] deserializing line [DIFFBLUE]{"__type":"com.diffblue.cover.buildsystem.model.DefaultEventMessage","project":"com.paritytrading.parity:parity-file","goal":"testCompile","cause":null,"state":"SUCCESS"}
10:26:03.955 [INFO]   [Measuring]   [maven:out]         [com.diffblue.cover.buildsystem.internal.f.f] deserializing line [DIFFBLUE]{"__type":"com.diffblue.cover.buildsystem.model.DefaultEventMessage","project":"com.paritytrading.parity:parity-file","goal":"test","cause":null,"state":"STARTED"}
10:26:03.956 [INFO]   [Measuring]   [maven:out]         [com.diffblue.cover.buildsystem.config.a.a] out: [INFO] 
10:26:03.956 [INFO]   [Measuring]   [maven:out]         [com.diffblue.cover.buildsystem.config.a.a] out: [INFO] --- surefire:3.0.0-M5:test (default-test) @ parity-file ---
10:26:04.106 [INFO]   [Measuring]   [maven:out]         [com.diffblue.cover.buildsystem.config.a.a] out: [INFO] 
10:26:04.106 [INFO]   [Measuring]   [maven:out]         [com.diffblue.cover.buildsystem.config.a.a] out: [INFO] -------------------------------------------------------
10:26:04.107 [INFO]   [Measuring]   [maven:out]         [com.diffblue.cover.buildsystem.config.a.a] out: [INFO]  T E S T S
10:26:04.107 [INFO]   [Measuring]   [maven:out]         [com.diffblue.cover.buildsystem.config.a.a] out: [INFO] -------------------------------------------------------
10:26:04.630 [INFO]   [Measuring]   [maven:out]         [com.diffblue.cover.buildsystem.config.a.a] out: [INFO] 
10:26:04.631 [INFO]   [Measuring]   [maven:out]         [com.diffblue.cover.buildsystem.config.a.a] out: [INFO] Results:
10:26:04.631 [INFO]   [Measuring]   [maven:out]         [com.diffblue.cover.buildsystem.config.a.a] out: [INFO] 
10:26:04.632 [INFO]   [Measuring]   [maven:out]         [com.diffblue.cover.buildsystem.config.a.a] out: [INFO] Tests run: 0, Failures: 0, Errors: 0, Skipped: 0
10:26:04.632 [INFO]   [Measuring]   [maven:out]         [com.diffblue.cover.buildsystem.config.a.a] out: [INFO] 
10:26:04.636 [INFO]   [Measuring]   [maven:out]         [com.diffblue.cover.buildsystem.internal.f.f] deserializing line [DIFFBLUE]{"__type":"com.diffblue.cover.buildsystem.model.DefaultEventMessage","project":"com.paritytrading.parity:parity-file","goal":"test","cause":null,"state":"SUCCESS"}
10:26:04.637 [INFO]   [Measuring]   [maven:out]         [com.diffblue.cover.buildsystem.internal.f.f] deserializing line [DIFFBLUE]{"__type":"com.diffblue.cover.buildsystem.model.DefaultEventMessage","project":"com.paritytrading.parity:parity-file","goal":"report","cause":null,"state":"STARTED"}
10:26:04.637 [INFO]   [Measuring]   [maven:out]         [com.diffblue.cover.buildsystem.config.a.a] out: [INFO] 
10:26:04.638 [INFO]   [Measuring]   [maven:out]         [com.diffblue.cover.buildsystem.config.a.a] out: [INFO] --- jacoco:0.8.11:report (default-cli) @ parity-file ---
10:26:04.641 [INFO]   [Measuring]   [maven:out]         [com.diffblue.cover.buildsystem.config.a.a] out: [INFO] Loading execution data file /home/jbergqvist/diffblue/paritytrading-parity/libraries/file/target/jacoco.exec
10:26:04.686 [INFO]   [Measuring]   [maven:out]         [com.diffblue.cover.buildsystem.config.a.a] out: [INFO] Analyzed bundle 'Parity File Formats' with 5 classes
10:26:04.721 [INFO]   [Measuring]   [maven:out]         [com.diffblue.cover.buildsystem.internal.f.f] deserializing line [DIFFBLUE]{"__type":"com.diffblue.cover.buildsystem.model.DefaultEventMessage","project":"com.paritytrading.parity:parity-file","goal":"report","cause":null,"state":"SUCCESS"}
10:26:04.747 [INFO]   [Measuring]   [maven:out]         [com.diffblue.cover.buildsystem.internal.f.f] deserializing line [DIFFBLUE]{"__type":"com.diffblue.cover.buildsystem.model.DefaultProjectModuleMessage","project":{"__type":"DefaultProjectModule","junitReport":["/home/jbergqvist/diffblue/paritytrading-parity/libraries/file/target/surefire-reports"],"jacocoReport":["/home/jbergqvist/diffblue/paritytrading-parity/libraries/file/target/site/jacoco/jacoco.xml"],"jacocoDestFile":["/home/jbergqvist/diffblue/paritytrading-parity/libraries/file/target/jacoco.exec"],"jacocoFormats":["xml"],"jacocoSkipped":false,"classpath":["/home/jbergqvist/diffblue/paritytrading-parity/libraries/file/target/classes","/home/jbergqvist/.m2/repository/org/junit/jupiter/junit-jupiter/5.7.0/junit-jupiter-5.7.0.jar","/home/jbergqvist/.m2/repository/org/junit/jupiter/junit-jupiter-api/5.7.0/junit-jupiter-api-5.7.0.jar","/home/jbergqvist/.m2/repository/org/apiguardian/apiguardian-api/1.1.0/apiguardian-api-1.1.0.jar","/home/jbergqvist/.m2/repository/org/opentest4j/opentest4j/1.2.0/opentest4j-1.2.0.jar","/home/jbergqvist/.m2/repository/org/junit/platform/junit-platform-commons/1.7.0/junit-platform-commons-1.7.0.jar","/home/jbergqvist/.m2/repository/org/junit/jupiter/junit-jupiter-params/5.7.0/junit-jupiter-params-5.7.0.jar","/home/jbergqvist/.m2/repository/org/junit/jupiter/junit-jupiter-engine/5.7.0/junit-jupiter-engine-5.7.0.jar","/home/jbergqvist/.m2/repository/org/junit/platform/junit-platform-engine/1.7.0/junit-platform-engine-1.7.0.jar","/home/jbergqvist/.m2/repository/com/diffblue/cover/cover-annotations/1.9.0/cover-annotations-1.9.0.jar","/home/jbergqvist/.m2/repository/org/mockito/mockito-core/4.11.0/mockito-core-4.11.0.jar","/home/jbergqvist/.m2/repository/net/bytebuddy/byte-buddy/1.12.19/byte-buddy-1.12.19.jar","/home/jbergqvist/.m2/repository/net/bytebuddy/byte-buddy-agent/1.12.19/byte-buddy-agent-1.12.19.jar","/home/jbergqvist/.m2/repository/org/objenesis/objenesis/3.3/objenesis-3.3.jar","/home/jbergqvist/.m2/repository/org/mockito/mockito-junit-jupiter/4.11.0/mockito-junit-jupiter-4.11.0.jar"],"complianceLevel":"1.8","productionSources":["/home/jbergqvist/diffblue/paritytrading-parity/libraries/file/src/main/java"],"testSources":["/home/jbergqvist/diffblue/paritytrading-parity/libraries/file/src/test/java"],"productionClasses":"/home/jbergqvist/diffblue/paritytrading-parity/libraries/file/target/classes","testClasses":"/home/jbergqvist/diffblue/paritytrading-parity/libraries/file/target/test-classes","sourceToBuildPathMap":null,"testSourceToBuildPathMap":null,"buildDirectory":"/home/jbergqvist/diffblue/paritytrading-parity/libraries/file/target","plugins":[{"__type":"DefaultPlugin","groupId":"org.apache.maven.plugins","artefactId":"maven-enforcer-plugin","version":"1.0","pluginClassName":null},{"__type":"DefaultPlugin","groupId":"org.apache.maven.plugins","artefactId":"maven-checkstyle-plugin","version":"3.1.0","pluginClassName":null},{"__type":"DefaultPlugin","groupId":"org.apache.maven.plugins","artefactId":"maven-compiler-plugin","version":"3.8.0","pluginClassName":null},{"__type":"DefaultPlugin","groupId":"org.apache.maven.plugins","artefactId":"maven-javadoc-plugin","version":"3.0.1","pluginClassName":null},{"__type":"DefaultPlugin","groupId":"org.apache.maven.plugins","artefactId":"maven-release-plugin","version":"2.5.3","pluginClassName":null},{"__type":"DefaultPlugin","groupId":"org.apache.maven.plugins","artefactId":"maven-clean-plugin","version":"3.2.0","pluginClassName":null},{"__type":"DefaultPlugin","groupId":"org.apache.maven.plugins","artefactId":"maven-resources-plugin","version":"3.3.1","pluginClassName":null},{"__type":"DefaultPlugin","groupId":"org.apache.maven.plugins","artefactId":"maven-jar-plugin","version":"3.4.1","pluginClassName":null},{"__type":"DefaultPlugin","groupId":"org.apache.maven.plugins","artefactId":"maven-surefire-plugin","version":"3.0.0-M5","pluginClassName":null},{"__type":"DefaultPlugin","groupId":"org.apache.maven.plugins","artefactId":"maven-install-plugin","version":"3.1.2","pluginClassName":null},{"__type":"DefaultPlugin","groupId":"org.apache.maven.plugins","artefactId":"maven-deploy-plugin","version":"2.8.2","pluginClassName":null},{"__type":"DefaultPlugin","groupId":"org.apache.maven.plugins","artefactId":"maven-site-plugin","version":"3.12.1","pluginClassName":null}],"version":"3.9.12","encoding":"UTF-8","name":"maven","subModules":[],"simpleModuleName":null,"parentModuleName":"com.paritytrading.parity:parity-parent","location":"/home/jbergqvist/diffblue/paritytrading-parity/libraries/file","fullModuleName":"com.paritytrading.parity:parity-file"}}
10:26:04.750 [INFO]   [Measuring]   [maven:out]         [com.diffblue.cover.buildsystem.config.a.a] out: [INFO] ------------------------------------------------------------------------
10:26:04.750 [INFO]   [Measuring]   [maven:out]         [com.diffblue.cover.buildsystem.config.a.a] out: [INFO] BUILD SUCCESS
10:26:04.750 [INFO]   [Measuring]   [maven:out]         [com.diffblue.cover.buildsystem.config.a.a] out: [INFO] ------------------------------------------------------------------------
10:26:04.750 [INFO]   [Measuring]   [maven:out]         [com.diffblue.cover.buildsystem.config.a.a] out: [INFO] Total time:  2.092 s
10:26:04.750 [INFO]   [Measuring]   [maven:out]         [com.diffblue.cover.buildsystem.config.a.a] out: [INFO] Finished at: 2026-01-20T10:26:04Z
10:26:04.750 [INFO]   [Measuring]   [maven:out]         [com.diffblue.cover.buildsystem.config.a.a] out: [INFO] ------------------------------------------------------------------------
10:26:04.752 [INFO]   [Measuring]   [maven:out]         [com.diffblue.cover.buildsystem.internal.f.f] deserializing line [DIFFBLUE]{"__type":"com.diffblue.cover.buildsystem.model.ProjectInfoMessage","projectName":"com.paritytrading.parity:parity-file","productionSources":["/home/jbergqvist/diffblue/paritytrading-parity/libraries/file/src/main/java","/home/jbergqvist/diffblue/paritytrading-parity/libraries/file/target/generated-sources/annotations"],"testSources":["/home/jbergqvist/diffblue/paritytrading-parity/libraries/file/src/test/java","/home/jbergqvist/diffblue/paritytrading-parity/libraries/file/target/generated-test-sources/test-annotations"],"location":"/home/jbergqvist/diffblue/paritytrading-parity/libraries/file"}
10:26:04.850 [INFO]   [Measuring]   [main]              [com.diffblue.cover.buildsystem.internal.f.d] maven:err process not stopped, joining thread
10:26:04.851 [INFO]   [Measuring]   [main]              [com.diffblue.cover.buildsystem.internal.f.d] maven:out process not stopped, joining thread
10:26:04.851 [DEBUG]  [Measuring]   [main]              [com.diffblue.cover.buildsystem.config.a.a] Executor spent 2s on command "/home/jbergqvist/.sdkman/candidates/maven/current/bin/mvn -Dmaven.ext.class.path=/opt/cover/cover-buildsystem-maven-spy-jar-with-dependencies.jar -Dcom.diffblue.cover.skipTests=true -DskipTestOptimizer --batch-mode --projects=com.paritytrading.parity:parity-file --global-settings=/home/jbergqvist/.sdkman/candidates/maven/current/conf/settings.xml org.apache.maven.plugins:maven-checkstyle-plugin:check -Dcheckstyle.failOnViolation=false org.jacoco:jacoco-maven-plugin:0.8.11:prepare-agent -Djacoco.skip=false test -DfailIfNoTests=false -Dsurefire.failIfNoSpecifiedTests=false -Dmaven.test.failure.ignore=True -Dtest=!*DiffblueTest,**/Test*.java,**/*Test.java,**/*Tests.java,**/*TestCase.java -Dgroups=MaintainedByDiffblue,ContributionFromDiffblue org.jacoco:jacoco-maven-plugin:0.8.11:report -Djacoco.skip=false"
10:26:04.859 [INFO]   [Measuring]   [main]              [com.diffblue.cover.ui.controller.p] JaCoCo report file created in /home/jbergqvist/diffblue/paritytrading-parity/libraries/file/.diffblue/reports/diffblue-tests-jacoco-report.xml
10:26:04.874 [INFO]   [Measuring]   [main]              [com.diffblue.cover.ui.controller.q] Calculating coverage from manual tests.
10:26:04.875 [DEBUG]  [Measuring]   [main]              [com.diffblue.cover.buildsystem.config.registry.Registry] checking if /home/jbergqvist/diffblue/paritytrading-parity/libraries/file/DiffblueBuild.yaml exists...
10:26:04.875 [DEBUG]  [Measuring]   [main]              [com.diffblue.cover.buildsystem.config.registry.Registry] checking if /home/jbergqvist/diffblue/paritytrading-parity/libraries/file/DiffblueBuild.yml exists...
10:26:04.875 [DEBUG]  [Measuring]   [main]              [com.diffblue.cover.buildsystem.config.registry.Registry] checking if /home/jbergqvist/diffblue/paritytrading-parity/DiffblueBuild.yaml exists...
10:26:04.875 [DEBUG]  [Measuring]   [main]              [com.diffblue.cover.buildsystem.config.registry.Registry] checking if /home/jbergqvist/diffblue/paritytrading-parity/DiffblueBuild.yml exists...
10:26:04.875 [INFO]   [Measuring]   [main]              [com.diffblue.cover.buildsystem.config.registry.Registry] Using default build rules as no custom rules found in any of [/home/jbergqvist/diffblue/paritytrading-parity/libraries/file, /home/jbergqvist/diffblue/paritytrading-parity]
10:26:04.875 [DEBUG]  [Measuring]   [main]              [com.diffblue.cover.buildsystem.config.registry.Registry] Build execution request for Coverage Phase
10:26:04.876 [INFO]   [Measuring]   [main]              [com.diffblue.cover.buildsystem.config.a.a] Attempting to invoke mvnw in working directory: /home/jbergqvist/diffblue/paritytrading-parity
10:26:04.876 [INFO]   [Measuring]   [main]              [com.diffblue.cover.buildsystem.config.a.a] Attempting to invoke /home/jbergqvist/.sdkman/candidates/maven/current/bin/mvn in working directory: /home/jbergqvist/diffblue/paritytrading-parity
10:26:04.876 [INFO]   [Measuring]   [main]              [com.diffblue.cover.buildsystem.config.a.a] Started "/home/jbergqvist/.sdkman/candidates/maven/current/bin/mvn -Dmaven.ext.class.path=/opt/cover/cover-buildsystem-maven-spy-jar-with-dependencies.jar -Dcom.diffblue.cover.skipTests=true -DskipTestOptimizer --batch-mode --projects=com.paritytrading.parity:parity-file --global-settings=/home/jbergqvist/.sdkman/candidates/maven/current/conf/settings.xml org.apache.maven.plugins:maven-checkstyle-plugin:check -Dcheckstyle.failOnViolation=false org.jacoco:jacoco-maven-plugin:0.8.11:prepare-agent -Djacoco.skip=false test -DfailIfNoTests=false -Dsurefire.failIfNoSpecifiedTests=false -Dmaven.test.failure.ignore=True -Dtest=!*DiffblueTest,**/Test*.java,**/*Test.java,**/*Tests.java,**/*TestCase.java -DexcludedGroups=MaintainedByDiffblue,ContributionFromDiffblue org.jacoco:jacoco-maven-plugin:0.8.11:report -Djacoco.skip=false"
10:26:05.592 [INFO]   [Measuring]   [maven:out]         [com.diffblue.cover.buildsystem.config.a.a] out: [INFO] Scanning for projects...
10:26:05.739 [INFO]   [Measuring]   [maven:out]         [com.diffblue.cover.buildsystem.config.a.a] out: [INFO] 
10:26:05.739 [INFO]   [Measuring]   [maven:out]         [com.diffblue.cover.buildsystem.config.a.a] out: [INFO] ----------------< com.paritytrading.parity:parity-file >----------------
10:26:05.739 [INFO]   [Measuring]   [maven:out]         [com.diffblue.cover.buildsystem.config.a.a] out: [INFO] Building Parity File Formats 0.7.1-SNAPSHOT
10:26:05.739 [INFO]   [Measuring]   [maven:out]         [com.diffblue.cover.buildsystem.config.a.a] out: [INFO]   from pom.xml
10:26:05.739 [INFO]   [Measuring]   [maven:out]         [com.diffblue.cover.buildsystem.config.a.a] out: [INFO] --------------------------------[ jar ]---------------------------------
10:26:05.983 [INFO]   [Measuring]   [maven:out]         [com.diffblue.cover.buildsystem.internal.f.f] deserializing line [DIFFBLUE]{"__type":"com.diffblue.cover.buildsystem.model.DefaultEventMessage","project":"com.paritytrading.parity:parity-file","goal":"check","cause":null,"state":"STARTED"}
10:26:05.984 [INFO]   [Measuring]   [maven:out]         [com.diffblue.cover.buildsystem.config.a.a] out: [INFO] 
10:26:05.984 [INFO]   [Measuring]   [maven:out]         [com.diffblue.cover.buildsystem.config.a.a] out: [INFO] --- checkstyle:3.1.0:check (default-cli) @ parity-file ---
10:26:06.444 [INFO]   [Measuring]   [maven:out]         [com.diffblue.cover.buildsystem.config.a.a] out: [INFO] There is 1 error reported by Checkstyle 8.29 with checkstyle.xml ruleset.
10:26:06.450 [INFO]   [Measuring]   [maven:out]         [com.diffblue.cover.buildsystem.config.a.a] out: [ERROR] src/test/java/com/paritytrading/parity/file/taq/TAQWriterFactory.java:[21,8] (imports) UnusedImports: Unused import - java.io.FileNotFoundException.
10:26:06.450 [INFO]   [Measuring]   [maven:out]         [com.diffblue.cover.buildsystem.config.a.a] out: [WARNING] checkstyle:check violations detected but failOnViolation set to false
10:26:06.451 [INFO]   [Measuring]   [maven:out]         [com.diffblue.cover.buildsystem.internal.f.f] deserializing line [DIFFBLUE]{"__type":"com.diffblue.cover.buildsystem.model.DefaultEventMessage","project":"com.paritytrading.parity:parity-file","goal":"check","cause":null,"state":"SUCCESS"}
10:26:06.453 [INFO]   [Measuring]   [maven:out]         [com.diffblue.cover.buildsystem.internal.f.f] deserializing line [DIFFBLUE]{"__type":"com.diffblue.cover.buildsystem.model.DefaultEventMessage","project":"com.paritytrading.parity:parity-file","goal":"prepare-agent","cause":null,"state":"STARTED"}
10:26:06.453 [INFO]   [Measuring]   [maven:out]         [com.diffblue.cover.buildsystem.config.a.a] out: [INFO] 
10:26:06.453 [INFO]   [Measuring]   [maven:out]         [com.diffblue.cover.buildsystem.config.a.a] out: [INFO] --- jacoco:0.8.11:prepare-agent (default-cli) @ parity-file ---
10:26:06.491 [INFO]   [Measuring]   [maven:out]         [com.diffblue.cover.buildsystem.config.a.a] out: [INFO] argLine set to -javaagent:/home/jbergqvist/.m2/repository/org/jacoco/org.jacoco.agent/0.8.11/org.jacoco.agent-0.8.11-runtime.jar=destfile=/home/jbergqvist/diffblue/paritytrading-parity/libraries/file/target/jacoco.exec
10:26:06.492 [INFO]   [Measuring]   [maven:out]         [com.diffblue.cover.buildsystem.internal.f.f] deserializing line [DIFFBLUE]{"__type":"com.diffblue.cover.buildsystem.model.DefaultEventMessage","project":"com.paritytrading.parity:parity-file","goal":"prepare-agent","cause":null,"state":"SUCCESS"}
10:26:06.494 [INFO]   [Measuring]   [maven:out]         [com.diffblue.cover.buildsystem.internal.f.f] deserializing line [DIFFBLUE]{"__type":"com.diffblue.cover.buildsystem.model.DefaultEventMessage","project":"com.paritytrading.parity:parity-file","goal":"enforce","cause":null,"state":"STARTED"}
10:26:06.494 [INFO]   [Measuring]   [maven:out]         [com.diffblue.cover.buildsystem.config.a.a] out: [INFO] 
10:26:06.494 [INFO]   [Measuring]   [maven:out]         [com.diffblue.cover.buildsystem.config.a.a] out: [INFO] --- enforcer:1.0:enforce (enforce-maven) @ parity-file ---
10:26:06.547 [INFO]   [Measuring]   [maven:out]         [com.diffblue.cover.buildsystem.internal.f.f] deserializing line [DIFFBLUE]{"__type":"com.diffblue.cover.buildsystem.model.DefaultEventMessage","project":"com.paritytrading.parity:parity-file","goal":"enforce","cause":null,"state":"SUCCESS"}
10:26:06.548 [INFO]   [Measuring]   [maven:out]         [com.diffblue.cover.buildsystem.internal.f.f] deserializing line [DIFFBLUE]{"__type":"com.diffblue.cover.buildsystem.model.DefaultEventMessage","project":"com.paritytrading.parity:parity-file","goal":"resources","cause":null,"state":"STARTED"}
10:26:06.549 [INFO]   [Measuring]   [maven:out]         [com.diffblue.cover.buildsystem.config.a.a] out: [INFO] 
10:26:06.549 [INFO]   [Measuring]   [maven:out]         [com.diffblue.cover.buildsystem.config.a.a] out: [INFO] --- resources:3.3.1:resources (default-resources) @ parity-file ---
10:26:06.580 [INFO]   [Measuring]   [maven:out]         [com.diffblue.cover.buildsystem.config.a.a] out: [INFO] skip non existing resourceDirectory /home/jbergqvist/diffblue/paritytrading-parity/libraries/file/src/main/resources
10:26:06.582 [INFO]   [Measuring]   [maven:out]         [com.diffblue.cover.buildsystem.internal.f.f] deserializing line [DIFFBLUE]{"__type":"com.diffblue.cover.buildsystem.model.DefaultEventMessage","project":"com.paritytrading.parity:parity-file","goal":"resources","cause":null,"state":"SUCCESS"}
10:26:06.583 [INFO]   [Measuring]   [maven:out]         [com.diffblue.cover.buildsystem.internal.f.f] deserializing line [DIFFBLUE]{"__type":"com.diffblue.cover.buildsystem.model.DefaultEventMessage","project":"com.paritytrading.parity:parity-file","goal":"compile","cause":null,"state":"STARTED"}
10:26:06.583 [INFO]   [Measuring]   [maven:out]         [com.diffblue.cover.buildsystem.config.a.a] out: [INFO] 
10:26:06.583 [INFO]   [Measuring]   [maven:out]         [com.diffblue.cover.buildsystem.config.a.a] out: [INFO] --- compiler:3.8.0:compile (default-compile) @ parity-file ---
10:26:06.659 [INFO]   [Measuring]   [maven:out]         [com.diffblue.cover.buildsystem.config.a.a] out: [INFO] Changes detected - recompiling the module!
10:26:06.663 [INFO]   [Measuring]   [maven:out]         [com.diffblue.cover.buildsystem.config.a.a] out: [INFO] Compiling 4 source files to /home/jbergqvist/diffblue/paritytrading-parity/libraries/file/target/classes
10:26:06.947 [INFO]   [Measuring]   [maven:out]         [com.diffblue.cover.buildsystem.internal.f.f] deserializing line [DIFFBLUE]{"__type":"com.diffblue.cover.buildsystem.model.DefaultEventMessage","project":"com.paritytrading.parity:parity-file","goal":"compile","cause":null,"state":"SUCCESS"}
10:26:06.949 [INFO]   [Measuring]   [maven:out]         [com.diffblue.cover.buildsystem.internal.f.f] deserializing line [DIFFBLUE]{"__type":"com.diffblue.cover.buildsystem.model.DefaultEventMessage","project":"com.paritytrading.parity:parity-file","goal":"testResources","cause":null,"state":"STARTED"}
10:26:06.949 [INFO]   [Measuring]   [maven:out]         [com.diffblue.cover.buildsystem.config.a.a] out: [INFO] 
10:26:06.949 [INFO]   [Measuring]   [maven:out]         [com.diffblue.cover.buildsystem.config.a.a] out: [INFO] --- resources:3.3.1:testResources (default-testResources) @ parity-file ---
10:26:06.951 [INFO]   [Measuring]   [maven:out]         [com.diffblue.cover.buildsystem.config.a.a] out: [INFO] skip non existing resourceDirectory /home/jbergqvist/diffblue/paritytrading-parity/libraries/file/src/test/resources
10:26:06.952 [INFO]   [Measuring]   [maven:out]         [com.diffblue.cover.buildsystem.internal.f.f] deserializing line [DIFFBLUE]{"__type":"com.diffblue.cover.buildsystem.model.DefaultEventMessage","project":"com.paritytrading.parity:parity-file","goal":"testResources","cause":null,"state":"SUCCESS"}
10:26:06.953 [INFO]   [Measuring]   [maven:out]         [com.diffblue.cover.buildsystem.internal.f.f] deserializing line [DIFFBLUE]{"__type":"com.diffblue.cover.buildsystem.model.DefaultEventMessage","project":"com.paritytrading.parity:parity-file","goal":"testCompile","cause":null,"state":"STARTED"}
10:26:06.954 [INFO]   [Measuring]   [maven:out]         [com.diffblue.cover.buildsystem.config.a.a] out: [INFO] 
10:26:06.954 [INFO]   [Measuring]   [maven:out]         [com.diffblue.cover.buildsystem.config.a.a] out: [INFO] --- compiler:3.8.0:testCompile (default-testCompile) @ parity-file ---
10:26:06.957 [INFO]   [Measuring]   [maven:out]         [com.diffblue.cover.buildsystem.config.a.a] out: [INFO] Nothing to compile - all classes are up to date
10:26:06.958 [INFO]   [Measuring]   [maven:out]         [com.diffblue.cover.buildsystem.internal.f.f] deserializing line [DIFFBLUE]{"__type":"com.diffblue.cover.buildsystem.model.DefaultEventMessage","project":"com.paritytrading.parity:parity-file","goal":"testCompile","cause":null,"state":"SUCCESS"}
10:26:06.959 [INFO]   [Measuring]   [maven:out]         [com.diffblue.cover.buildsystem.internal.f.f] deserializing line [DIFFBLUE]{"__type":"com.diffblue.cover.buildsystem.model.DefaultEventMessage","project":"com.paritytrading.parity:parity-file","goal":"test","cause":null,"state":"STARTED"}
10:26:06.959 [INFO]   [Measuring]   [maven:out]         [com.diffblue.cover.buildsystem.config.a.a] out: [INFO] 
10:26:06.960 [INFO]   [Measuring]   [maven:out]         [com.diffblue.cover.buildsystem.config.a.a] out: [INFO] --- surefire:3.0.0-M5:test (default-test) @ parity-file ---
10:26:07.128 [INFO]   [Measuring]   [maven:out]         [com.diffblue.cover.buildsystem.config.a.a] out: [INFO] 
10:26:07.129 [INFO]   [Measuring]   [maven:out]         [com.diffblue.cover.buildsystem.config.a.a] out: [INFO] -------------------------------------------------------
10:26:07.129 [INFO]   [Measuring]   [maven:out]         [com.diffblue.cover.buildsystem.config.a.a] out: [INFO]  T E S T S
10:26:07.129 [INFO]   [Measuring]   [maven:out]         [com.diffblue.cover.buildsystem.config.a.a] out: [INFO] -------------------------------------------------------
10:26:07.639 [INFO]   [Measuring]   [maven:out]         [com.diffblue.cover.buildsystem.config.a.a] out: [INFO] Running com.paritytrading.parity.file.taq.TAQWriterTest
10:26:07.694 [INFO]   [Measuring]   [maven:out]         [com.diffblue.cover.buildsystem.config.a.a] out: [INFO] Tests run: 2, Failures: 0, Errors: 0, Skipped: 0, Time elapsed: 0.053 s - in com.paritytrading.parity.file.taq.TAQWriterTest
10:26:07.749 [INFO]   [Measuring]   [maven:out]         [com.diffblue.cover.buildsystem.config.a.a] out: [INFO] 
10:26:07.749 [INFO]   [Measuring]   [maven:out]         [com.diffblue.cover.buildsystem.config.a.a] out: [INFO] Results:
10:26:07.749 [INFO]   [Measuring]   [maven:out]         [com.diffblue.cover.buildsystem.config.a.a] out: [INFO] 
10:26:07.749 [INFO]   [Measuring]   [maven:out]         [com.diffblue.cover.buildsystem.config.a.a] out: [INFO] Tests run: 2, Failures: 0, Errors: 0, Skipped: 0
10:26:07.749 [INFO]   [Measuring]   [maven:out]         [com.diffblue.cover.buildsystem.config.a.a] out: [INFO] 
10:26:07.753 [INFO]   [Measuring]   [maven:out]         [com.diffblue.cover.buildsystem.internal.f.f] deserializing line [DIFFBLUE]{"__type":"com.diffblue.cover.buildsystem.model.DefaultEventMessage","project":"com.paritytrading.parity:parity-file","goal":"test","cause":null,"state":"SUCCESS"}
10:26:07.754 [INFO]   [Measuring]   [maven:out]         [com.diffblue.cover.buildsystem.internal.f.f] deserializing line [DIFFBLUE]{"__type":"com.diffblue.cover.buildsystem.model.DefaultEventMessage","project":"com.paritytrading.parity:parity-file","goal":"report","cause":null,"state":"STARTED"}
10:26:07.755 [INFO]   [Measuring]   [maven:out]         [com.diffblue.cover.buildsystem.config.a.a] out: [INFO] 
10:26:07.755 [INFO]   [Measuring]   [maven:out]         [com.diffblue.cover.buildsystem.config.a.a] out: [INFO] --- jacoco:0.8.11:report (default-cli) @ parity-file ---
10:26:07.758 [INFO]   [Measuring]   [maven:out]         [com.diffblue.cover.buildsystem.config.a.a] out: [INFO] Loading execution data file /home/jbergqvist/diffblue/paritytrading-parity/libraries/file/target/jacoco.exec
10:26:07.816 [INFO]   [Measuring]   [maven:out]         [com.diffblue.cover.buildsystem.config.a.a] out: [INFO] Analyzed bundle 'Parity File Formats' with 5 classes
10:26:07.844 [INFO]   [Measuring]   [maven:out]         [com.diffblue.cover.buildsystem.internal.f.f] deserializing line [DIFFBLUE]{"__type":"com.diffblue.cover.buildsystem.model.DefaultEventMessage","project":"com.paritytrading.parity:parity-file","goal":"report","cause":null,"state":"SUCCESS"}
10:26:07.870 [INFO]   [Measuring]   [maven:out]         [com.diffblue.cover.buildsystem.internal.f.f] deserializing line [DIFFBLUE]{"__type":"com.diffblue.cover.buildsystem.model.DefaultProjectModuleMessage","project":{"__type":"DefaultProjectModule","junitReport":["/home/jbergqvist/diffblue/paritytrading-parity/libraries/file/target/surefire-reports"],"jacocoReport":["/home/jbergqvist/diffblue/paritytrading-parity/libraries/file/target/site/jacoco/jacoco.xml"],"jacocoDestFile":["/home/jbergqvist/diffblue/paritytrading-parity/libraries/file/target/jacoco.exec"],"jacocoFormats":["xml"],"jacocoSkipped":false,"classpath":["/home/jbergqvist/diffblue/paritytrading-parity/libraries/file/target/classes","/home/jbergqvist/.m2/repository/org/junit/jupiter/junit-jupiter/5.7.0/junit-jupiter-5.7.0.jar","/home/jbergqvist/.m2/repository/org/junit/jupiter/junit-jupiter-api/5.7.0/junit-jupiter-api-5.7.0.jar","/home/jbergqvist/.m2/repository/org/apiguardian/apiguardian-api/1.1.0/apiguardian-api-1.1.0.jar","/home/jbergqvist/.m2/repository/org/opentest4j/opentest4j/1.2.0/opentest4j-1.2.0.jar","/home/jbergqvist/.m2/repository/org/junit/platform/junit-platform-commons/1.7.0/junit-platform-commons-1.7.0.jar","/home/jbergqvist/.m2/repository/org/junit/jupiter/junit-jupiter-params/5.7.0/junit-jupiter-params-5.7.0.jar","/home/jbergqvist/.m2/repository/org/junit/jupiter/junit-jupiter-engine/5.7.0/junit-jupiter-engine-5.7.0.jar","/home/jbergqvist/.m2/repository/org/junit/platform/junit-platform-engine/1.7.0/junit-platform-engine-1.7.0.jar","/home/jbergqvist/.m2/repository/com/diffblue/cover/cover-annotations/1.9.0/cover-annotations-1.9.0.jar","/home/jbergqvist/.m2/repository/org/mockito/mockito-core/4.11.0/mockito-core-4.11.0.jar","/home/jbergqvist/.m2/repository/net/bytebuddy/byte-buddy/1.12.19/byte-buddy-1.12.19.jar","/home/jbergqvist/.m2/repository/net/bytebuddy/byte-buddy-agent/1.12.19/byte-buddy-agent-1.12.19.jar","/home/jbergqvist/.m2/repository/org/objenesis/objenesis/3.3/objenesis-3.3.jar","/home/jbergqvist/.m2/repository/org/mockito/mockito-junit-jupiter/4.11.0/mockito-junit-jupiter-4.11.0.jar"],"complianceLevel":"1.8","productionSources":["/home/jbergqvist/diffblue/paritytrading-parity/libraries/file/src/main/java"],"testSources":["/home/jbergqvist/diffblue/paritytrading-parity/libraries/file/src/test/java"],"productionClasses":"/home/jbergqvist/diffblue/paritytrading-parity/libraries/file/target/classes","testClasses":"/home/jbergqvist/diffblue/paritytrading-parity/libraries/file/target/test-classes","sourceToBuildPathMap":null,"testSourceToBuildPathMap":null,"buildDirectory":"/home/jbergqvist/diffblue/paritytrading-parity/libraries/file/target","plugins":[{"__type":"DefaultPlugin","groupId":"org.apache.maven.plugins","artefactId":"maven-enforcer-plugin","version":"1.0","pluginClassName":null},{"__type":"DefaultPlugin","groupId":"org.apache.maven.plugins","artefactId":"maven-checkstyle-plugin","version":"3.1.0","pluginClassName":null},{"__type":"DefaultPlugin","groupId":"org.apache.maven.plugins","artefactId":"maven-compiler-plugin","version":"3.8.0","pluginClassName":null},{"__type":"DefaultPlugin","groupId":"org.apache.maven.plugins","artefactId":"maven-javadoc-plugin","version":"3.0.1","pluginClassName":null},{"__type":"DefaultPlugin","groupId":"org.apache.maven.plugins","artefactId":"maven-release-plugin","version":"2.5.3","pluginClassName":null},{"__type":"DefaultPlugin","groupId":"org.apache.maven.plugins","artefactId":"maven-clean-plugin","version":"3.2.0","pluginClassName":null},{"__type":"DefaultPlugin","groupId":"org.apache.maven.plugins","artefactId":"maven-resources-plugin","version":"3.3.1","pluginClassName":null},{"__type":"DefaultPlugin","groupId":"org.apache.maven.plugins","artefactId":"maven-jar-plugin","version":"3.4.1","pluginClassName":null},{"__type":"DefaultPlugin","groupId":"org.apache.maven.plugins","artefactId":"maven-surefire-plugin","version":"3.0.0-M5","pluginClassName":null},{"__type":"DefaultPlugin","groupId":"org.apache.maven.plugins","artefactId":"maven-install-plugin","version":"3.1.2","pluginClassName":null},{"__type":"DefaultPlugin","groupId":"org.apache.maven.plugins","artefactId":"maven-deploy-plugin","version":"2.8.2","pluginClassName":null},{"__type":"DefaultPlugin","groupId":"org.apache.maven.plugins","artefactId":"maven-site-plugin","version":"3.12.1","pluginClassName":null}],"version":"3.9.12","encoding":"UTF-8","name":"maven","subModules":[],"simpleModuleName":null,"parentModuleName":"com.paritytrading.parity:parity-parent","location":"/home/jbergqvist/diffblue/paritytrading-parity/libraries/file","fullModuleName":"com.paritytrading.parity:parity-file"}}
10:26:07.872 [INFO]   [Measuring]   [maven:out]         [com.diffblue.cover.buildsystem.config.a.a] out: [INFO] ------------------------------------------------------------------------
10:26:07.872 [INFO]   [Measuring]   [maven:out]         [com.diffblue.cover.buildsystem.config.a.a] out: [INFO] BUILD SUCCESS
10:26:07.872 [INFO]   [Measuring]   [maven:out]         [com.diffblue.cover.buildsystem.config.a.a] out: [INFO] ------------------------------------------------------------------------
10:26:07.872 [INFO]   [Measuring]   [maven:out]         [com.diffblue.cover.buildsystem.config.a.a] out: [INFO] Total time:  2.294 s
10:26:07.872 [INFO]   [Measuring]   [maven:out]         [com.diffblue.cover.buildsystem.config.a.a] out: [INFO] Finished at: 2026-01-20T10:26:07Z
10:26:07.872 [INFO]   [Measuring]   [maven:out]         [com.diffblue.cover.buildsystem.config.a.a] out: [INFO] ------------------------------------------------------------------------
10:26:07.874 [INFO]   [Measuring]   [maven:out]         [com.diffblue.cover.buildsystem.internal.f.f] deserializing line [DIFFBLUE]{"__type":"com.diffblue.cover.buildsystem.model.ProjectInfoMessage","projectName":"com.paritytrading.parity:parity-file","productionSources":["/home/jbergqvist/diffblue/paritytrading-parity/libraries/file/src/main/java","/home/jbergqvist/diffblue/paritytrading-parity/libraries/file/target/generated-sources/annotations"],"testSources":["/home/jbergqvist/diffblue/paritytrading-parity/libraries/file/src/test/java","/home/jbergqvist/diffblue/paritytrading-parity/libraries/file/target/generated-test-sources/test-annotations"],"location":"/home/jbergqvist/diffblue/paritytrading-parity/libraries/file"}
10:26:07.902 [INFO]   [Measuring]   [main]              [com.diffblue.cover.buildsystem.internal.f.d] maven:err process not stopped, joining thread
10:26:07.902 [INFO]   [Measuring]   [main]              [com.diffblue.cover.buildsystem.internal.f.d] maven:out process not stopped, joining thread
10:26:07.902 [DEBUG]  [Measuring]   [main]              [com.diffblue.cover.buildsystem.config.a.a] Executor spent 3s on command "/home/jbergqvist/.sdkman/candidates/maven/current/bin/mvn -Dmaven.ext.class.path=/opt/cover/cover-buildsystem-maven-spy-jar-with-dependencies.jar -Dcom.diffblue.cover.skipTests=true -DskipTestOptimizer --batch-mode --projects=com.paritytrading.parity:parity-file --global-settings=/home/jbergqvist/.sdkman/candidates/maven/current/conf/settings.xml org.apache.maven.plugins:maven-checkstyle-plugin:check -Dcheckstyle.failOnViolation=false org.jacoco:jacoco-maven-plugin:0.8.11:prepare-agent -Djacoco.skip=false test -DfailIfNoTests=false -Dsurefire.failIfNoSpecifiedTests=false -Dmaven.test.failure.ignore=True -Dtest=!*DiffblueTest,**/Test*.java,**/*Test.java,**/*Tests.java,**/*TestCase.java -DexcludedGroups=MaintainedByDiffblue,ContributionFromDiffblue org.jacoco:jacoco-maven-plugin:0.8.11:report -Djacoco.skip=false"
10:26:07.905 [INFO]   [Measuring]   [main]              [com.diffblue.cover.ui.controller.p] JaCoCo report file created in /home/jbergqvist/diffblue/paritytrading-parity/libraries/file/.diffblue/reports/manual-tests-jacoco-report.xml
10:26:07.910 [INFO]   [Measuring]   [main]              [com.diffblue.cover.ui.controller.r] 
10:26:07.918 [INFO]   [Measuring]   [main]              [com.diffblue.cover.ui.controller.r] Diffblue tests cover 108 of 117 lines to cover (92.3%)
10:26:07.921 [INFO]   [Measuring]   [main]              [com.diffblue.cover.ui.controller.r] Manual tests cover 103 of 117 lines to cover (88.0%)
10:26:07.928 [DEBUG]  [Measuring]   [main]              [com.diffblue.cover.ui.report.linecount.JavaParserFileLineCountCalculator] /home/jbergqvist/diffblue/paritytrading-parity/libraries/file/src/main/java/com/paritytrading/parity/file/taq/TAQConfig.java successfully parsed: - Total line count: 85
10:26:07.929 [DEBUG]  [Measuring]   [main]              [com.diffblue.cover.ui.report.linecount.JavaParserFileLineCountCalculator] /home/jbergqvist/diffblue/paritytrading-parity/libraries/file/src/main/java/com/paritytrading/parity/file/taq/package-info.java successfully parsed: - Total line count: 1
10:26:07.933 [DEBUG]  [Measuring]   [main]              [com.diffblue.cover.ui.report.linecount.JavaParserFileLineCountCalculator] /home/jbergqvist/diffblue/paritytrading-parity/libraries/file/src/main/java/com/paritytrading/parity/file/taq/TAQWriter.java successfully parsed: - Total line count: 134
10:26:07.935 [DEBUG]  [Measuring]   [main]              [com.diffblue.cover.ui.report.linecount.JavaParserFileLineCountCalculator] /home/jbergqvist/diffblue/paritytrading-parity/libraries/file/src/main/java/com/paritytrading/parity/file/taq/TAQ.java successfully parsed: - Total line count: 29
10:26:07.942 [DEBUG]  [Reporting]   [main]              [com.diffblue.cover.report.StructuredReportManager] Run metrics:
Total time:                41.8s
Environment detection:      0.6s ( 1.5%)
Indexing:                   0.3s ( 0.7%)
Entry points:               0.6s ( 1.4%)
Test generation:           18.9s (45.2%)
  - Index query:            1.6s ( 3.9%)
Test verification:          2.0s ( 4.8%)
Test validation:            4.7s (11.1%)
Other:                     14.7s (35.3%)
Time to first test:        15.9s (38.1%)
Time to last test:         27.7s (66.2%)
10:26:07.946 [DEBUG]  [Reporting]   [main]              [com.diffblue.cover.report.TraceLogTimingsReportListener] Timings per method:
00m 02s 762ms | com.paritytrading.parity.file.taq.TAQ$Quote{<init>}
00m 00s 159ms | com.paritytrading.parity.file.taq.TAQ$Trade{<init>}
00m 01s 711ms | com.paritytrading.parity.file.taq.TAQConfig{getEncoding}
00m 02s 442ms | com.paritytrading.parity.file.taq.TAQConfig{getPriceFormat}
00m 01s 132ms | com.paritytrading.parity.file.taq.TAQConfig{getSizeFormat}
00m 00s 272ms | com.paritytrading.parity.file.taq.TAQConfig$Builder{build, setEncoding}
00m 00s 631ms | com.paritytrading.parity.file.taq.TAQConfig$Builder{<init>}
00m 00s 501ms | com.paritytrading.parity.file.taq.TAQConfig$Builder{setPriceFractionDigits}
00m 02s 160ms | com.paritytrading.parity.file.taq.TAQConfig$Builder{setPriceFractionDigits}
00m 00s 446ms | com.paritytrading.parity.file.taq.TAQConfig$Builder{setSizeFractionDigits}
00m 00s 536ms | com.paritytrading.parity.file.taq.TAQConfig$Builder{setSizeFractionDigits}
00m 00s 150ms | com.paritytrading.parity.file.taq.TAQWriter{getBuffer, getConfig, getPosition, getSink}
00m 00s 447ms | com.paritytrading.parity.file.taq.TAQWriter{<init>}
00m 00s 609ms | com.paritytrading.parity.file.taq.TAQWriter{<init>}
00m 01s 881ms | com.paritytrading.parity.file.taq.TAQWriter{<init>}
00m 01s 959ms | com.paritytrading.parity.file.taq.TAQWriter{<init>}
00m 00s 327ms | com.paritytrading.parity.file.taq.TAQWriter{close}
00m 00s 333ms | com.paritytrading.parity.file.taq.TAQWriter{flush}
00m 03s 371ms | com.paritytrading.parity.file.taq.TAQWriter{write}
00m 02s 360ms | com.paritytrading.parity.file.taq.TAQWriter{write}
00m 01s 614ms | Indexing
10:26:07.949 [DEBUG]  [Reporting]   [main]              [com.diffblue.cover.report.TraceLogTimingsReportListener] Timing signature:    67.2s (    9.4s (13.9%)     9.2s (13.6%) (    0.4s ( 0.6%)     3.9s ( 5.8%) (    0.4s ( 0.7%)     2.0s ( 3.0%) (    1.6s ( 2.3%) (    0.1s ( 0.1%)     1.3s ( 1.9%)     0.2s ( 0.3%))     0.3s ( 0.4%) (    0.0s ( 0.0%)     0.3s ( 0.4%)     0.0s ( 0.0%))     0.1s ( 0.2%) (    0.0s ( 0.0%)     0.1s ( 0.1%)     0.0s ( 0.0%))     0.0s ( 0.1%)     0.0s ( 0.0%)     0.0s ( 0.0%)     0.0s ( 0.0%) (    0.0s ( 0.0%)     0.0s ( 0.0%)     0.0s ( 0.0%)))     0.0s ( 0.0%)     1.3s ( 1.9%)     0.1s ( 0.2%))     1.9s ( 2.9%)     0.0s ( 0.0%)     1.1s ( 1.7%)     1.8s ( 2.7%))    22.5s (33.4%)     9.2s (13.6%)    17.1s (25.4%)
10:26:08.029 [INFO]   [Reporting]   [main]              [com.diffblue.cover.ui.controller.r] Writing JSON report to /home/jbergqvist/diffblue/paritytrading-parity/libraries/file/.diffblue/reports/report.json
10:26:08.034 [DEBUG]  [Reporting]   [main]              [com.diffblue.cover.commons.configuration.e] Property cover.includeTouchedFilesInReportJson has not been set, using default value false
10:26:08.146 [INFO]   [Reporting]   [main]              [com.diffblue.cover.ui.controller.ak] 
10:26:08.146 [INFO]   [Reporting]   [main]              [com.diffblue.cover.ui.controller.ak] Log file: /home/jbergqvist/diffblue/paritytrading-parity/.diffblue/log/user-20260120T102518.log
10:26:08.146 [INFO]   [Reporting]   [main]              [com.diffblue.cover.ui.controller.ak] Finished in 41s
