10:44:37.819 [INFO]   [Preparing]   Diffblue Cover 2025.12.02-74144f0-licensed
10:44:37.819 [INFO]   [Preparing]   Running: dcover create -B --include-modules com.paritytrading.parity:parity-file --coverage-reports
10:44:37.820 [INFO]   [Preparing]   
10:44:37.820 [INFO]   [Preparing]   Command: create
10:44:37.821 [INFO]   [Preparing]   Create tests for the specified package/class/method.
10:44:37.821 [INFO]   [Preparing]   
10:44:41.900 [INFO]   [Checking]    Maven Using ${maven.home} of: /home/jbergqvist/.sdkman/candidates/maven/current.
10:44:41.903 [INFO]   [Checking]    Maven Executing: /bin/sh -c cd /home/jbergqvist/diffblue/paritytrading-parity && /home/jbergqvist/.sdkman/candidates/maven/3.9.12/bin/mvn -B -version
10:44:42.138 [INFO]   [Checking]    Standard output of build tool (Maven)
10:44:42.138 [INFO]   [Checking]    > Apache Maven 3.9.12 (848fbb4bf2d427b72bdb2471c22fced7ebd9a7a1)
10:44:42.138 [INFO]   [Checking]    > Maven home: /home/jbergqvist/.sdkman/candidates/maven/3.9.12
10:44:42.138 [INFO]   [Checking]    > Java version: 1.8.0_472, vendor: Amazon.com Inc., runtime: /home/jbergqvist/.sdkman/candidates/java/8.0.472-amzn/jre
10:44:42.138 [INFO]   [Checking]    > Default locale: en_GB, platform encoding: UTF-8
10:44:42.138 [INFO]   [Checking]    > OS name: "linux", version: "6.8.0-90-generic", arch: "amd64", family: "unix"
10:44:42.140 [INFO]   [Checking]    Using default build rules as no custom rules found in any of [/home/jbergqvist/diffblue/paritytrading-parity]
10:44:42.145 [INFO]   [Checking]    Attempting to invoke mvnw in working directory: /home/jbergqvist/diffblue/paritytrading-parity
10:44:42.146 [INFO]   [Checking]    Attempting to invoke /home/jbergqvist/.sdkman/candidates/maven/current/bin/mvn in working directory: /home/jbergqvist/diffblue/paritytrading-parity
10:44:42.146 [INFO]   [Checking]    Started "/home/jbergqvist/.sdkman/candidates/maven/current/bin/mvn -Dmaven.ext.class.path=/opt/cover/cover-buildsystem-maven-spy-jar-with-dependencies.jar -Dcom.diffblue.cover.skipTests=true -DskipTestOptimizer --batch-mode --global-settings=/home/jbergqvist/.sdkman/candidates/maven/current/conf/settings.xml dependency:build-classpath"
10:44:42.894 [INFO]   [Checking]    out: [INFO] Scanning for projects...
10:44:42.981 [INFO]   [Checking]    out: [INFO] ------------------------------------------------------------------------
10:44:42.982 [INFO]   [Checking]    out: [INFO] Reactor Build Order:
10:44:42.982 [INFO]   [Checking]    out: [INFO] 
10:44:42.982 [INFO]   [Checking]    out: [INFO] Parity (Parent)                                                    [pom]
10:44:42.982 [INFO]   [Checking]    out: [INFO] Parity Order Book                                                  [jar]
10:44:42.982 [INFO]   [Checking]    out: [INFO] Parity File Formats                                                [jar]
10:44:42.982 [INFO]   [Checking]    out: [INFO] Parity Matching Algorithm                                          [jar]
10:44:42.983 [INFO]   [Checking]    out: [INFO] Parity Network Protocols                                           [jar]
10:44:42.983 [INFO]   [Checking]    out: [INFO] Parity Utilities                                                   [jar]
10:44:42.983 [INFO]   [Checking]    out: [INFO] Parity Terminal Client                                             [jar]
10:44:42.983 [INFO]   [Checking]    out: [INFO] Parity FIX Gateway                                                 [jar]
10:44:42.983 [INFO]   [Checking]    out: [INFO] Parity Trade Reporter                                              [jar]
10:44:42.983 [INFO]   [Checking]    out: [INFO] Parity Trading System                                              [jar]
10:44:42.983 [INFO]   [Checking]    out: [INFO] Parity Stock Ticker                                                [jar]
10:44:42.983 [INFO]   [Checking]    out: [INFO] Parity Order Book Performance Test                                 [jar]
10:44:42.983 [INFO]   [Checking]    out: [INFO] Parity Matching Algorithm Performance Test                         [jar]
10:44:43.033 [INFO]   [Checking]    out: [INFO] 
10:44:43.033 [INFO]   [Checking]    out: [INFO] ---------------< com.paritytrading.parity:parity-parent >---------------
10:44:43.033 [INFO]   [Checking]    out: [INFO] Building Parity (Parent) 0.7.1-SNAPSHOT                           [1/13]
10:44:43.033 [INFO]   [Checking]    out: [INFO]   from pom.xml
10:44:43.033 [INFO]   [Checking]    out: [INFO] --------------------------------[ pom ]---------------------------------
10:44:43.201 [INFO]   [Checking]    deserializing line [DIFFBLUE]{"__type":"com.diffblue.cover.buildsystem.model.DefaultEventMessage","project":"com.paritytrading.parity:parity-parent","goal":"build-classpath","cause":null,"state":"STARTED"}
10:44:43.266 [INFO]   [Checking]    out: [INFO] 
10:44:43.266 [INFO]   [Checking]    out: [INFO] --- dependency:3.1.1:build-classpath (default-cli) @ parity-parent ---
10:44:43.661 [INFO]   [Checking]    out: [INFO] No dependencies found.
10:44:43.662 [INFO]   [Checking]    out: [INFO] Dependencies classpath:
10:44:43.662 [INFO]   [Checking]    out: 
10:44:43.663 [INFO]   [Checking]    deserializing line [DIFFBLUE]{"__type":"com.diffblue.cover.buildsystem.model.DefaultEventMessage","project":"com.paritytrading.parity:parity-parent","goal":"build-classpath","cause":null,"state":"SUCCESS"}
10:44:43.667 [INFO]   [Checking]    out: [INFO] 
10:44:43.667 [INFO]   [Checking]    out: [INFO] ----------------< com.paritytrading.parity:parity-book >----------------
10:44:43.668 [INFO]   [Checking]    out: [INFO] Building Parity Order Book 0.7.1-SNAPSHOT                         [2/13]
10:44:43.668 [INFO]   [Checking]    out: [INFO]   from libraries/book/pom.xml
10:44:43.668 [INFO]   [Checking]    out: [INFO] --------------------------------[ jar ]---------------------------------
10:44:43.707 [INFO]   [Checking]    deserializing line [DIFFBLUE]{"__type":"com.diffblue.cover.buildsystem.model.DefaultEventMessage","project":"com.paritytrading.parity:parity-book","goal":"build-classpath","cause":null,"state":"STARTED"}
10:44:43.713 [INFO]   [Checking]    out: [INFO] 
10:44:43.713 [INFO]   [Checking]    out: [INFO] --- dependency:3.1.1:build-classpath (default-cli) @ parity-book ---
10:44:43.713 [INFO]   [Checking]    out: [INFO] Dependencies classpath:
10:44:43.713 [INFO]   [Checking]    out: /home/jbergqvist/.m2/repository/it/unimi/dsi/fastutil/8.1.0/fastutil-8.1.0.jar:/home/jbergqvist/.m2/repository/org/apache/commons/commons-lang3/3.12.0/commons-lang3-3.12.0.jar:/home/jbergqvist/.m2/repository/org/junit/jupiter/junit-jupiter/5.7.0/junit-jupiter-5.7.0.jar:/home/jbergqvist/.m2/repository/org/junit/jupiter/junit-jupiter-api/5.7.0/junit-jupiter-api-5.7.0.jar:/home/jbergqvist/.m2/repository/org/apiguardian/apiguardian-api/1.1.0/apiguardian-api-1.1.0.jar:/home/jbergqvist/.m2/repository/org/opentest4j/opentest4j/1.2.0/opentest4j-1.2.0.jar:/home/jbergqvist/.m2/repository/org/junit/platform/junit-platform-commons/1.7.0/junit-platform-commons-1.7.0.jar:/home/jbergqvist/.m2/repository/org/junit/jupiter/junit-jupiter-params/5.7.0/junit-jupiter-params-5.7.0.jar:/home/jbergqvist/.m2/repository/org/junit/jupiter/junit-jupiter-engine/5.7.0/junit-jupiter-engine-5.7.0.jar:/home/jbergqvist/.m2/repository/org/junit/platform/junit-platform-engine/1.7.0/junit-platform-engine-1.7.0.jar:/home/jbergqvist/.m2/repository/com/diffblue/cover/cover-annotations/1.9.0/cover-annotations-1.9.0.jar:/home/jbergqvist/.m2/repository/org/mockito/mockito-core/4.11.0/mockito-core-4.11.0.jar:/home/jbergqvist/.m2/repository/net/bytebuddy/byte-buddy/1.12.19/byte-buddy-1.12.19.jar:/home/jbergqvist/.m2/repository/net/bytebuddy/byte-buddy-agent/1.12.19/byte-buddy-agent-1.12.19.jar:/home/jbergqvist/.m2/repository/org/objenesis/objenesis/3.3/objenesis-3.3.jar:/home/jbergqvist/.m2/repository/org/mockito/mockito-junit-jupiter/4.11.0/mockito-junit-jupiter-4.11.0.jar
10:44:43.714 [INFO]   [Checking]    deserializing line [DIFFBLUE]{"__type":"com.diffblue.cover.buildsystem.model.DefaultEventMessage","project":"com.paritytrading.parity:parity-book","goal":"build-classpath","cause":null,"state":"SUCCESS"}
10:44:43.717 [INFO]   [Checking]    out: [INFO] 
10:44:43.718 [INFO]   [Checking]    out: [INFO] ----------------< com.paritytrading.parity:parity-file >----------------
10:44:43.718 [INFO]   [Checking]    out: [INFO] Building Parity File Formats 0.7.1-SNAPSHOT                       [3/13]
10:44:43.718 [INFO]   [Checking]    out: [INFO]   from libraries/file/pom.xml
10:44:43.718 [INFO]   [Checking]    out: [INFO] --------------------------------[ jar ]---------------------------------
10:44:43.719 [INFO]   [Checking]    deserializing line [DIFFBLUE]{"__type":"com.diffblue.cover.buildsystem.model.DefaultEventMessage","project":"com.paritytrading.parity:parity-file","goal":"build-classpath","cause":null,"state":"STARTED"}
10:44:43.723 [INFO]   [Checking]    out: [INFO] 
10:44:43.723 [INFO]   [Checking]    out: [INFO] --- dependency:3.1.1:build-classpath (default-cli) @ parity-file ---
10:44:43.723 [INFO]   [Checking]    out: [INFO] Dependencies classpath:
10:44:43.723 [INFO]   [Checking]    out: /home/jbergqvist/.m2/repository/org/junit/jupiter/junit-jupiter/5.7.0/junit-jupiter-5.7.0.jar:/home/jbergqvist/.m2/repository/org/junit/jupiter/junit-jupiter-api/5.7.0/junit-jupiter-api-5.7.0.jar:/home/jbergqvist/.m2/repository/org/apiguardian/apiguardian-api/1.1.0/apiguardian-api-1.1.0.jar:/home/jbergqvist/.m2/repository/org/opentest4j/opentest4j/1.2.0/opentest4j-1.2.0.jar:/home/jbergqvist/.m2/repository/org/junit/platform/junit-platform-commons/1.7.0/junit-platform-commons-1.7.0.jar:/home/jbergqvist/.m2/repository/org/junit/jupiter/junit-jupiter-params/5.7.0/junit-jupiter-params-5.7.0.jar:/home/jbergqvist/.m2/repository/org/junit/jupiter/junit-jupiter-engine/5.7.0/junit-jupiter-engine-5.7.0.jar:/home/jbergqvist/.m2/repository/org/junit/platform/junit-platform-engine/1.7.0/junit-platform-engine-1.7.0.jar:/home/jbergqvist/.m2/repository/com/diffblue/cover/cover-annotations/1.9.0/cover-annotations-1.9.0.jar:/home/jbergqvist/.m2/repository/org/mockito/mockito-core/4.11.0/mockito-core-4.11.0.jar:/home/jbergqvist/.m2/repository/net/bytebuddy/byte-buddy/1.12.19/byte-buddy-1.12.19.jar:/home/jbergqvist/.m2/repository/net/bytebuddy/byte-buddy-agent/1.12.19/byte-buddy-agent-1.12.19.jar:/home/jbergqvist/.m2/repository/org/objenesis/objenesis/3.3/objenesis-3.3.jar:/home/jbergqvist/.m2/repository/org/mockito/mockito-junit-jupiter/4.11.0/mockito-junit-jupiter-4.11.0.jar
10:44:43.723 [INFO]   [Checking]    deserializing line [DIFFBLUE]{"__type":"com.diffblue.cover.buildsystem.model.DefaultEventMessage","project":"com.paritytrading.parity:parity-file","goal":"build-classpath","cause":null,"state":"SUCCESS"}
10:44:43.728 [INFO]   [Checking]    out: [INFO] 
10:44:43.728 [INFO]   [Checking]    out: [INFO] ---------------< com.paritytrading.parity:parity-match >----------------
10:44:43.728 [INFO]   [Checking]    out: [INFO] Building Parity Matching Algorithm 0.7.1-SNAPSHOT                 [4/13]
10:44:43.728 [INFO]   [Checking]    out: [INFO]   from libraries/match/pom.xml
10:44:43.729 [INFO]   [Checking]    out: [INFO] --------------------------------[ jar ]---------------------------------
10:44:43.729 [INFO]   [Checking]    deserializing line [DIFFBLUE]{"__type":"com.diffblue.cover.buildsystem.model.DefaultEventMessage","project":"com.paritytrading.parity:parity-match","goal":"build-classpath","cause":null,"state":"STARTED"}
10:44:43.732 [INFO]   [Checking]    out: [INFO] 
10:44:43.732 [INFO]   [Checking]    out: [INFO] --- dependency:3.1.1:build-classpath (default-cli) @ parity-match ---
10:44:43.732 [INFO]   [Checking]    out: [INFO] Dependencies classpath:
10:44:43.732 [INFO]   [Checking]    out: /home/jbergqvist/.m2/repository/it/unimi/dsi/fastutil/8.1.0/fastutil-8.1.0.jar:/home/jbergqvist/.m2/repository/org/apache/commons/commons-lang3/3.12.0/commons-lang3-3.12.0.jar:/home/jbergqvist/.m2/repository/org/junit/jupiter/junit-jupiter/5.7.0/junit-jupiter-5.7.0.jar:/home/jbergqvist/.m2/repository/org/junit/jupiter/junit-jupiter-api/5.7.0/junit-jupiter-api-5.7.0.jar:/home/jbergqvist/.m2/repository/org/apiguardian/apiguardian-api/1.1.0/apiguardian-api-1.1.0.jar:/home/jbergqvist/.m2/repository/org/opentest4j/opentest4j/1.2.0/opentest4j-1.2.0.jar:/home/jbergqvist/.m2/repository/org/junit/platform/junit-platform-commons/1.7.0/junit-platform-commons-1.7.0.jar:/home/jbergqvist/.m2/repository/org/junit/jupiter/junit-jupiter-params/5.7.0/junit-jupiter-params-5.7.0.jar:/home/jbergqvist/.m2/repository/org/junit/jupiter/junit-jupiter-engine/5.7.0/junit-jupiter-engine-5.7.0.jar:/home/jbergqvist/.m2/repository/org/junit/platform/junit-platform-engine/1.7.0/junit-platform-engine-1.7.0.jar:/home/jbergqvist/.m2/repository/com/diffblue/cover/cover-annotations/1.9.0/cover-annotations-1.9.0.jar:/home/jbergqvist/.m2/repository/org/mockito/mockito-core/4.11.0/mockito-core-4.11.0.jar:/home/jbergqvist/.m2/repository/net/bytebuddy/byte-buddy/1.12.19/byte-buddy-1.12.19.jar:/home/jbergqvist/.m2/repository/net/bytebuddy/byte-buddy-agent/1.12.19/byte-buddy-agent-1.12.19.jar:/home/jbergqvist/.m2/repository/org/objenesis/objenesis/3.3/objenesis-3.3.jar:/home/jbergqvist/.m2/repository/org/mockito/mockito-junit-jupiter/4.11.0/mockito-junit-jupiter-4.11.0.jar
10:44:43.732 [INFO]   [Checking]    deserializing line [DIFFBLUE]{"__type":"com.diffblue.cover.buildsystem.model.DefaultEventMessage","project":"com.paritytrading.parity:parity-match","goal":"build-classpath","cause":null,"state":"SUCCESS"}
10:44:43.735 [INFO]   [Checking]    out: [INFO] 
10:44:43.735 [INFO]   [Checking]    out: [INFO] ----------------< com.paritytrading.parity:parity-net >-----------------
10:44:43.736 [INFO]   [Checking]    out: [INFO] Building Parity Network Protocols 0.7.1-SNAPSHOT                  [5/13]
10:44:43.736 [INFO]   [Checking]    out: [INFO]   from libraries/net/pom.xml
10:44:43.736 [INFO]   [Checking]    out: [INFO] --------------------------------[ jar ]---------------------------------
10:44:43.742 [INFO]   [Checking]    deserializing line [DIFFBLUE]{"__type":"com.diffblue.cover.buildsystem.model.DefaultEventMessage","project":"com.paritytrading.parity:parity-net","goal":"build-classpath","cause":null,"state":"STARTED"}
10:44:43.745 [INFO]   [Checking]    out: [INFO] 
10:44:43.746 [INFO]   [Checking]    out: [INFO] --- dependency:3.1.1:build-classpath (default-cli) @ parity-net ---
10:44:43.746 [INFO]   [Checking]    out: [INFO] Dependencies classpath:
10:44:43.746 [INFO]   [Checking]    out: /home/jbergqvist/.m2/repository/com/paritytrading/nassau/nassau-core/0.13.0/nassau-core-0.13.0.jar:/home/jbergqvist/.m2/repository/com/paritytrading/foundation/foundation/0.3.0/foundation-0.3.0.jar:/home/jbergqvist/.m2/repository/com/diffblue/cover/cover-annotations/1.9.0/cover-annotations-1.9.0.jar:/home/jbergqvist/.m2/repository/org/junit/jupiter/junit-jupiter-engine/5.13.4/junit-jupiter-engine-5.13.4.jar:/home/jbergqvist/.m2/repository/org/junit/platform/junit-platform-engine/1.13.4/junit-platform-engine-1.13.4.jar:/home/jbergqvist/.m2/repository/org/opentest4j/opentest4j/1.3.0/opentest4j-1.3.0.jar:/home/jbergqvist/.m2/repository/org/junit/platform/junit-platform-commons/1.13.4/junit-platform-commons-1.13.4.jar:/home/jbergqvist/.m2/repository/org/junit/jupiter/junit-jupiter-api/5.13.4/junit-jupiter-api-5.13.4.jar:/home/jbergqvist/.m2/repository/org/apiguardian/apiguardian-api/1.1.2/apiguardian-api-1.1.2.jar:/home/jbergqvist/.m2/repository/org/mockito/mockito-core/4.11.0/mockito-core-4.11.0.jar:/home/jbergqvist/.m2/repository/net/bytebuddy/byte-buddy/1.12.19/byte-buddy-1.12.19.jar:/home/jbergqvist/.m2/repository/net/bytebuddy/byte-buddy-agent/1.12.19/byte-buddy-agent-1.12.19.jar:/home/jbergqvist/.m2/repository/org/objenesis/objenesis/3.3/objenesis-3.3.jar:/home/jbergqvist/.m2/repository/org/mockito/mockito-junit-jupiter/4.11.0/mockito-junit-jupiter-4.11.0.jar
10:44:43.746 [INFO]   [Checking]    deserializing line [DIFFBLUE]{"__type":"com.diffblue.cover.buildsystem.model.DefaultEventMessage","project":"com.paritytrading.parity:parity-net","goal":"build-classpath","cause":null,"state":"SUCCESS"}
10:44:43.748 [INFO]   [Checking]    out: [INFO] 
10:44:43.748 [INFO]   [Checking]    out: [INFO] ----------------< com.paritytrading.parity:parity-util >----------------
10:44:43.748 [INFO]   [Checking]    out: [INFO] Building Parity Utilities 0.7.1-SNAPSHOT                          [6/13]
10:44:43.749 [INFO]   [Checking]    out: [INFO]   from libraries/util/pom.xml
10:44:43.749 [INFO]   [Checking]    out: [INFO] --------------------------------[ jar ]---------------------------------
10:44:43.752 [INFO]   [Checking]    deserializing line [DIFFBLUE]{"__type":"com.diffblue.cover.buildsystem.model.DefaultEventMessage","project":"com.paritytrading.parity:parity-util","goal":"build-classpath","cause":null,"state":"STARTED"}
10:44:43.754 [INFO]   [Checking]    out: [INFO] 
10:44:43.755 [INFO]   [Checking]    out: [INFO] --- dependency:3.1.1:build-classpath (default-cli) @ parity-util ---
10:44:43.755 [INFO]   [Checking]    out: [INFO] Dependencies classpath:
10:44:43.755 [INFO]   [Checking]    out: /home/jbergqvist/.m2/repository/com/paritytrading/foundation/foundation/0.3.0/foundation-0.3.0.jar:/home/jbergqvist/.m2/repository/com/typesafe/config/1.3.1/config-1.3.1.jar:/home/jbergqvist/.m2/repository/org/junit/jupiter/junit-jupiter/5.7.0/junit-jupiter-5.7.0.jar:/home/jbergqvist/.m2/repository/org/junit/jupiter/junit-jupiter-api/5.7.0/junit-jupiter-api-5.7.0.jar:/home/jbergqvist/.m2/repository/org/apiguardian/apiguardian-api/1.1.0/apiguardian-api-1.1.0.jar:/home/jbergqvist/.m2/repository/org/opentest4j/opentest4j/1.2.0/opentest4j-1.2.0.jar:/home/jbergqvist/.m2/repository/org/junit/platform/junit-platform-commons/1.7.0/junit-platform-commons-1.7.0.jar:/home/jbergqvist/.m2/repository/org/junit/jupiter/junit-jupiter-params/5.7.0/junit-jupiter-params-5.7.0.jar:/home/jbergqvist/.m2/repository/org/junit/jupiter/junit-jupiter-engine/5.7.0/junit-jupiter-engine-5.7.0.jar:/home/jbergqvist/.m2/repository/org/junit/platform/junit-platform-engine/1.7.0/junit-platform-engine-1.7.0.jar:/home/jbergqvist/.m2/repository/com/diffblue/cover/cover-annotations/1.9.0/cover-annotations-1.9.0.jar:/home/jbergqvist/.m2/repository/org/mockito/mockito-core/4.11.0/mockito-core-4.11.0.jar:/home/jbergqvist/.m2/repository/net/bytebuddy/byte-buddy/1.12.19/byte-buddy-1.12.19.jar:/home/jbergqvist/.m2/repository/net/bytebuddy/byte-buddy-agent/1.12.19/byte-buddy-agent-1.12.19.jar:/home/jbergqvist/.m2/repository/org/objenesis/objenesis/3.3/objenesis-3.3.jar:/home/jbergqvist/.m2/repository/org/mockito/mockito-junit-jupiter/4.11.0/mockito-junit-jupiter-4.11.0.jar
10:44:43.755 [INFO]   [Checking]    deserializing line [DIFFBLUE]{"__type":"com.diffblue.cover.buildsystem.model.DefaultEventMessage","project":"com.paritytrading.parity:parity-util","goal":"build-classpath","cause":null,"state":"SUCCESS"}
10:44:43.757 [INFO]   [Checking]    out: [INFO] 
10:44:43.757 [INFO]   [Checking]    out: [INFO] ---------------< com.paritytrading.parity:parity-client >---------------
10:44:43.757 [INFO]   [Checking]    out: [INFO] Building Parity Terminal Client 0.7.1-SNAPSHOT                    [7/13]
10:44:43.757 [INFO]   [Checking]    out: [INFO]   from applications/client/pom.xml
10:44:43.758 [INFO]   [Checking]    out: [INFO] --------------------------------[ jar ]---------------------------------
10:44:43.767 [INFO]   [Checking]    deserializing line [DIFFBLUE]{"__type":"com.diffblue.cover.buildsystem.model.DefaultEventMessage","project":"com.paritytrading.parity:parity-client","goal":"build-classpath","cause":null,"state":"STARTED"}
10:44:43.770 [INFO]   [Checking]    out: [INFO] 
10:44:43.770 [INFO]   [Checking]    out: [INFO] --- dependency:3.1.1:build-classpath (default-cli) @ parity-client ---
10:44:43.770 [INFO]   [Checking]    out: [INFO] Dependencies classpath:
10:44:43.770 [INFO]   [Checking]    out: /home/jbergqvist/.m2/repository/com/paritytrading/parity/parity-net/0.7.1-SNAPSHOT/parity-net-0.7.1-SNAPSHOT.jar:/home/jbergqvist/.m2/repository/com/paritytrading/parity/parity-util/0.7.1-SNAPSHOT/parity-util-0.7.1-SNAPSHOT.jar:/home/jbergqvist/.m2/repository/com/paritytrading/foundation/foundation/0.3.0/foundation-0.3.0.jar:/home/jbergqvist/.m2/repository/com/paritytrading/nassau/nassau-core/0.13.0/nassau-core-0.13.0.jar:/home/jbergqvist/.m2/repository/com/typesafe/config/1.3.1/config-1.3.1.jar:/home/jbergqvist/.m2/repository/org/jline/jline-reader/3.8.0/jline-reader-3.8.0.jar:/home/jbergqvist/.m2/repository/org/jline/jline-terminal/3.8.0/jline-terminal-3.8.0.jar:/home/jbergqvist/.m2/repository/org/jvirtanen/config/config-extras/0.2.0/config-extras-0.2.0.jar:/home/jbergqvist/.m2/repository/org/jvirtanen/util/util-extras/0.2.0/util-extras-0.2.0.jar:/home/jbergqvist/.m2/repository/com/diffblue/cover/cover-annotations/1.9.0/cover-annotations-1.9.0.jar:/home/jbergqvist/.m2/repository/org/junit/jupiter/junit-jupiter-engine/5.13.4/junit-jupiter-engine-5.13.4.jar:/home/jbergqvist/.m2/repository/org/junit/platform/junit-platform-engine/1.13.4/junit-platform-engine-1.13.4.jar:/home/jbergqvist/.m2/repository/org/opentest4j/opentest4j/1.3.0/opentest4j-1.3.0.jar:/home/jbergqvist/.m2/repository/org/junit/platform/junit-platform-commons/1.13.4/junit-platform-commons-1.13.4.jar:/home/jbergqvist/.m2/repository/org/junit/jupiter/junit-jupiter-api/5.13.4/junit-jupiter-api-5.13.4.jar:/home/jbergqvist/.m2/repository/org/apiguardian/apiguardian-api/1.1.2/apiguardian-api-1.1.2.jar:/home/jbergqvist/.m2/repository/org/mockito/mockito-core/4.11.0/mockito-core-4.11.0.jar:/home/jbergqvist/.m2/repository/net/bytebuddy/byte-buddy/1.12.19/byte-buddy-1.12.19.jar:/home/jbergqvist/.m2/repository/net/bytebuddy/byte-buddy-agent/1.12.19/byte-buddy-agent-1.12.19.jar:/home/jbergqvist/.m2/repository/org/objenesis/objenesis/3.3/objenesis-3.3.jar:/home/jbergqvist/.m2/repository/org/mockito/mockito-junit-jupiter/4.11.0/mockito-junit-jupiter-4.11.0.jar
10:44:43.770 [INFO]   [Checking]    deserializing line [DIFFBLUE]{"__type":"com.diffblue.cover.buildsystem.model.DefaultEventMessage","project":"com.paritytrading.parity:parity-client","goal":"build-classpath","cause":null,"state":"SUCCESS"}
10:44:43.772 [INFO]   [Checking]    out: [INFO] 
10:44:43.773 [INFO]   [Checking]    out: [INFO] ----------------< com.paritytrading.parity:parity-fix >-----------------
10:44:43.773 [INFO]   [Checking]    out: [INFO] Building Parity FIX Gateway 0.7.1-SNAPSHOT                        [8/13]
10:44:43.773 [INFO]   [Checking]    out: [INFO]   from applications/fix/pom.xml
10:44:43.773 [INFO]   [Checking]    out: [INFO] --------------------------------[ jar ]---------------------------------
10:44:43.781 [INFO]   [Checking]    deserializing line [DIFFBLUE]{"__type":"com.diffblue.cover.buildsystem.model.DefaultEventMessage","project":"com.paritytrading.parity:parity-fix","goal":"build-classpath","cause":null,"state":"STARTED"}
10:44:43.783 [INFO]   [Checking]    out: [INFO] 
10:44:43.783 [INFO]   [Checking]    out: [INFO] --- dependency:3.1.1:build-classpath (default-cli) @ parity-fix ---
10:44:43.783 [INFO]   [Checking]    out: [INFO] Dependencies classpath:
10:44:43.783 [INFO]   [Checking]    out: /home/jbergqvist/.m2/repository/com/paritytrading/parity/parity-net/0.7.1-SNAPSHOT/parity-net-0.7.1-SNAPSHOT.jar:/home/jbergqvist/.m2/repository/com/paritytrading/parity/parity-util/0.7.1-SNAPSHOT/parity-util-0.7.1-SNAPSHOT.jar:/home/jbergqvist/.m2/repository/com/paritytrading/foundation/foundation/0.3.0/foundation-0.3.0.jar:/home/jbergqvist/.m2/repository/com/paritytrading/nassau/nassau-core/0.13.0/nassau-core-0.13.0.jar:/home/jbergqvist/.m2/repository/com/paritytrading/philadelphia/philadelphia-core/1.2.0/philadelphia-core-1.2.0.jar:/home/jbergqvist/.m2/repository/com/paritytrading/philadelphia/philadelphia-fix44/1.2.0/philadelphia-fix44-1.2.0.jar:/home/jbergqvist/.m2/repository/com/typesafe/config/1.3.1/config-1.3.1.jar:/home/jbergqvist/.m2/repository/joda-time/joda-time/2.10.6/joda-time-2.10.6.jar:/home/jbergqvist/.m2/repository/org/jvirtanen/config/config-extras/0.2.0/config-extras-0.2.0.jar:/home/jbergqvist/.m2/repository/org/jvirtanen/util/util-extras/0.2.0/util-extras-0.2.0.jar:/home/jbergqvist/.m2/repository/com/diffblue/cover/cover-annotations/1.9.0/cover-annotations-1.9.0.jar:/home/jbergqvist/.m2/repository/org/junit/jupiter/junit-jupiter-engine/5.13.4/junit-jupiter-engine-5.13.4.jar:/home/jbergqvist/.m2/repository/org/junit/platform/junit-platform-engine/1.13.4/junit-platform-engine-1.13.4.jar:/home/jbergqvist/.m2/repository/org/opentest4j/opentest4j/1.3.0/opentest4j-1.3.0.jar:/home/jbergqvist/.m2/repository/org/junit/platform/junit-platform-commons/1.13.4/junit-platform-commons-1.13.4.jar:/home/jbergqvist/.m2/repository/org/junit/jupiter/junit-jupiter-api/5.13.4/junit-jupiter-api-5.13.4.jar:/home/jbergqvist/.m2/repository/org/apiguardian/apiguardian-api/1.1.2/apiguardian-api-1.1.2.jar:/home/jbergqvist/.m2/repository/org/mockito/mockito-core/4.11.0/mockito-core-4.11.0.jar:/home/jbergqvist/.m2/repository/net/bytebuddy/byte-buddy/1.12.19/byte-buddy-1.12.19.jar:/home/jbergqvist/.m2/repository/net/bytebuddy/byte-buddy-agent/1.12.19/byte-buddy-agent-1.12.19.jar:/home/jbergqvist/.m2/repository/org/objenesis/objenesis/3.3/objenesis-3.3.jar:/home/jbergqvist/.m2/repository/org/mockito/mockito-junit-jupiter/4.11.0/mockito-junit-jupiter-4.11.0.jar
10:44:43.784 [INFO]   [Checking]    deserializing line [DIFFBLUE]{"__type":"com.diffblue.cover.buildsystem.model.DefaultEventMessage","project":"com.paritytrading.parity:parity-fix","goal":"build-classpath","cause":null,"state":"SUCCESS"}
10:44:43.786 [INFO]   [Checking]    out: [INFO] 
10:44:43.786 [INFO]   [Checking]    out: [INFO] --------------< com.paritytrading.parity:parity-reporter >--------------
10:44:43.787 [INFO]   [Checking]    out: [INFO] Building Parity Trade Reporter 0.7.1-SNAPSHOT                     [9/13]
10:44:43.787 [INFO]   [Checking]    out: [INFO]   from applications/reporter/pom.xml
10:44:43.787 [INFO]   [Checking]    out: [INFO] --------------------------------[ jar ]---------------------------------
10:44:43.791 [INFO]   [Checking]    deserializing line [DIFFBLUE]{"__type":"com.diffblue.cover.buildsystem.model.DefaultEventMessage","project":"com.paritytrading.parity:parity-reporter","goal":"build-classpath","cause":null,"state":"STARTED"}
10:44:43.793 [INFO]   [Checking]    out: [INFO] 
10:44:43.793 [INFO]   [Checking]    out: [INFO] --- dependency:3.1.1:build-classpath (default-cli) @ parity-reporter ---
10:44:43.794 [INFO]   [Checking]    out: [INFO] Dependencies classpath:
10:44:43.794 [INFO]   [Checking]    out: /home/jbergqvist/.m2/repository/com/paritytrading/parity/parity-net/0.7.1-SNAPSHOT/parity-net-0.7.1-SNAPSHOT.jar:/home/jbergqvist/.m2/repository/com/paritytrading/parity/parity-util/0.7.1-SNAPSHOT/parity-util-0.7.1-SNAPSHOT.jar:/home/jbergqvist/.m2/repository/com/paritytrading/foundation/foundation/0.3.0/foundation-0.3.0.jar:/home/jbergqvist/.m2/repository/com/paritytrading/nassau/nassau-core/0.13.0/nassau-core-0.13.0.jar:/home/jbergqvist/.m2/repository/com/paritytrading/nassau/nassau-util/0.13.0/nassau-util-0.13.0.jar:/home/jbergqvist/.m2/repository/com/typesafe/config/1.3.1/config-1.3.1.jar:/home/jbergqvist/.m2/repository/org/jvirtanen/config/config-extras/0.2.0/config-extras-0.2.0.jar:/home/jbergqvist/.m2/repository/org/jvirtanen/util/util-extras/0.2.0/util-extras-0.2.0.jar:/home/jbergqvist/.m2/repository/com/diffblue/cover/cover-annotations/1.9.0/cover-annotations-1.9.0.jar:/home/jbergqvist/.m2/repository/org/junit/jupiter/junit-jupiter-engine/5.13.4/junit-jupiter-engine-5.13.4.jar:/home/jbergqvist/.m2/repository/org/junit/platform/junit-platform-engine/1.13.4/junit-platform-engine-1.13.4.jar:/home/jbergqvist/.m2/repository/org/opentest4j/opentest4j/1.3.0/opentest4j-1.3.0.jar:/home/jbergqvist/.m2/repository/org/junit/platform/junit-platform-commons/1.13.4/junit-platform-commons-1.13.4.jar:/home/jbergqvist/.m2/repository/org/junit/jupiter/junit-jupiter-api/5.13.4/junit-jupiter-api-5.13.4.jar:/home/jbergqvist/.m2/repository/org/apiguardian/apiguardian-api/1.1.2/apiguardian-api-1.1.2.jar:/home/jbergqvist/.m2/repository/org/mockito/mockito-core/4.11.0/mockito-core-4.11.0.jar:/home/jbergqvist/.m2/repository/net/bytebuddy/byte-buddy/1.12.19/byte-buddy-1.12.19.jar:/home/jbergqvist/.m2/repository/net/bytebuddy/byte-buddy-agent/1.12.19/byte-buddy-agent-1.12.19.jar:/home/jbergqvist/.m2/repository/org/objenesis/objenesis/3.3/objenesis-3.3.jar:/home/jbergqvist/.m2/repository/org/mockito/mockito-junit-jupiter/4.11.0/mockito-junit-jupiter-4.11.0.jar
10:44:43.794 [INFO]   [Checking]    deserializing line [DIFFBLUE]{"__type":"com.diffblue.cover.buildsystem.model.DefaultEventMessage","project":"com.paritytrading.parity:parity-reporter","goal":"build-classpath","cause":null,"state":"SUCCESS"}
10:44:43.795 [INFO]   [Checking]    out: [INFO] 
10:44:43.795 [INFO]   [Checking]    out: [INFO] ---------------< com.paritytrading.parity:parity-system >---------------
10:44:43.796 [INFO]   [Checking]    out: [INFO] Building Parity Trading System 0.7.1-SNAPSHOT                    [10/13]
10:44:43.796 [INFO]   [Checking]    out: [INFO]   from applications/system/pom.xml
10:44:43.796 [INFO]   [Checking]    out: [INFO] --------------------------------[ jar ]---------------------------------
10:44:43.801 [INFO]   [Checking]    deserializing line [DIFFBLUE]{"__type":"com.diffblue.cover.buildsystem.model.DefaultEventMessage","project":"com.paritytrading.parity:parity-system","goal":"build-classpath","cause":null,"state":"STARTED"}
10:44:43.803 [INFO]   [Checking]    out: [INFO] 
10:44:43.803 [INFO]   [Checking]    out: [INFO] --- dependency:3.1.1:build-classpath (default-cli) @ parity-system ---
10:44:43.803 [INFO]   [Checking]    out: [INFO] Dependencies classpath:
10:44:43.803 [INFO]   [Checking]    out: /home/jbergqvist/.m2/repository/com/paritytrading/parity/parity-match/0.7.1-SNAPSHOT/parity-match-0.7.1-SNAPSHOT.jar:/home/jbergqvist/.m2/repository/com/paritytrading/parity/parity-net/0.7.1-SNAPSHOT/parity-net-0.7.1-SNAPSHOT.jar:/home/jbergqvist/.m2/repository/com/paritytrading/foundation/foundation/0.3.0/foundation-0.3.0.jar:/home/jbergqvist/.m2/repository/com/paritytrading/nassau/nassau-core/0.13.0/nassau-core-0.13.0.jar:/home/jbergqvist/.m2/repository/com/typesafe/config/1.3.1/config-1.3.1.jar:/home/jbergqvist/.m2/repository/it/unimi/dsi/fastutil/8.1.0/fastutil-8.1.0.jar:/home/jbergqvist/.m2/repository/org/jvirtanen/config/config-extras/0.2.0/config-extras-0.2.0.jar:/home/jbergqvist/.m2/repository/org/jvirtanen/util/util-extras/0.2.0/util-extras-0.2.0.jar:/home/jbergqvist/.m2/repository/com/diffblue/cover/cover-annotations/1.9.0/cover-annotations-1.9.0.jar:/home/jbergqvist/.m2/repository/org/junit/jupiter/junit-jupiter-engine/5.13.4/junit-jupiter-engine-5.13.4.jar:/home/jbergqvist/.m2/repository/org/junit/platform/junit-platform-engine/1.13.4/junit-platform-engine-1.13.4.jar:/home/jbergqvist/.m2/repository/org/opentest4j/opentest4j/1.3.0/opentest4j-1.3.0.jar:/home/jbergqvist/.m2/repository/org/junit/platform/junit-platform-commons/1.13.4/junit-platform-commons-1.13.4.jar:/home/jbergqvist/.m2/repository/org/junit/jupiter/junit-jupiter-api/5.13.4/junit-jupiter-api-5.13.4.jar:/home/jbergqvist/.m2/repository/org/apiguardian/apiguardian-api/1.1.2/apiguardian-api-1.1.2.jar:/home/jbergqvist/.m2/repository/org/mockito/mockito-core/4.11.0/mockito-core-4.11.0.jar:/home/jbergqvist/.m2/repository/net/bytebuddy/byte-buddy/1.12.19/byte-buddy-1.12.19.jar:/home/jbergqvist/.m2/repository/net/bytebuddy/byte-buddy-agent/1.12.19/byte-buddy-agent-1.12.19.jar:/home/jbergqvist/.m2/repository/org/objenesis/objenesis/3.3/objenesis-3.3.jar:/home/jbergqvist/.m2/repository/org/mockito/mockito-junit-jupiter/4.11.0/mockito-junit-jupiter-4.11.0.jar
10:44:43.803 [INFO]   [Checking]    deserializing line [DIFFBLUE]{"__type":"com.diffblue.cover.buildsystem.model.DefaultEventMessage","project":"com.paritytrading.parity:parity-system","goal":"build-classpath","cause":null,"state":"SUCCESS"}
10:44:43.805 [INFO]   [Checking]    out: [INFO] 
10:44:43.805 [INFO]   [Checking]    out: [INFO] ---------------< com.paritytrading.parity:parity-ticker >---------------
10:44:43.805 [INFO]   [Checking]    out: [INFO] Building Parity Stock Ticker 0.7.1-SNAPSHOT                      [11/13]
10:44:43.805 [INFO]   [Checking]    out: [INFO]   from applications/ticker/pom.xml
10:44:43.805 [INFO]   [Checking]    out: [INFO] --------------------------------[ jar ]---------------------------------
10:44:43.809 [INFO]   [Checking]    deserializing line [DIFFBLUE]{"__type":"com.diffblue.cover.buildsystem.model.DefaultEventMessage","project":"com.paritytrading.parity:parity-ticker","goal":"build-classpath","cause":null,"state":"STARTED"}
10:44:43.811 [INFO]   [Checking]    out: [INFO] 
10:44:43.811 [INFO]   [Checking]    out: [INFO] --- dependency:3.1.1:build-classpath (default-cli) @ parity-ticker ---
10:44:43.811 [INFO]   [Checking]    out: [INFO] Dependencies classpath:
10:44:43.811 [INFO]   [Checking]    out: /home/jbergqvist/.m2/repository/com/paritytrading/parity/parity-book/0.7.1-SNAPSHOT/parity-book-0.7.1-SNAPSHOT.jar:/home/jbergqvist/.m2/repository/it/unimi/dsi/fastutil/8.1.0/fastutil-8.1.0.jar:/home/jbergqvist/.m2/repository/com/paritytrading/parity/parity-file/0.7.1-SNAPSHOT/parity-file-0.7.1-SNAPSHOT.jar:/home/jbergqvist/.m2/repository/com/paritytrading/parity/parity-net/0.7.1-SNAPSHOT/parity-net-0.7.1-SNAPSHOT.jar:/home/jbergqvist/.m2/repository/com/paritytrading/parity/parity-util/0.7.1-SNAPSHOT/parity-util-0.7.1-SNAPSHOT.jar:/home/jbergqvist/.m2/repository/com/paritytrading/foundation/foundation/0.3.0/foundation-0.3.0.jar:/home/jbergqvist/.m2/repository/com/paritytrading/nassau/nassau-core/0.13.0/nassau-core-0.13.0.jar:/home/jbergqvist/.m2/repository/com/paritytrading/nassau/nassau-util/0.13.0/nassau-util-0.13.0.jar:/home/jbergqvist/.m2/repository/com/typesafe/config/1.3.1/config-1.3.1.jar:/home/jbergqvist/.m2/repository/org/jvirtanen/config/config-extras/0.2.0/config-extras-0.2.0.jar:/home/jbergqvist/.m2/repository/org/jvirtanen/util/util-extras/0.2.0/util-extras-0.2.0.jar:/home/jbergqvist/.m2/repository/com/diffblue/cover/cover-annotations/1.9.0/cover-annotations-1.9.0.jar:/home/jbergqvist/.m2/repository/org/junit/jupiter/junit-jupiter-engine/5.13.4/junit-jupiter-engine-5.13.4.jar:/home/jbergqvist/.m2/repository/org/junit/platform/junit-platform-engine/1.13.4/junit-platform-engine-1.13.4.jar:/home/jbergqvist/.m2/repository/org/opentest4j/opentest4j/1.3.0/opentest4j-1.3.0.jar:/home/jbergqvist/.m2/repository/org/junit/platform/junit-platform-commons/1.13.4/junit-platform-commons-1.13.4.jar:/home/jbergqvist/.m2/repository/org/junit/jupiter/junit-jupiter-api/5.13.4/junit-jupiter-api-5.13.4.jar:/home/jbergqvist/.m2/repository/org/apiguardian/apiguardian-api/1.1.2/apiguardian-api-1.1.2.jar:/home/jbergqvist/.m2/repository/org/mockito/mockito-core/4.11.0/mockito-core-4.11.0.jar:/home/jbergqvist/.m2/repository/net/bytebuddy/byte-buddy/1.12.19/byte-buddy-1.12.19.jar:/home/jbergqvist/.m2/repository/net/bytebuddy/byte-buddy-agent/1.12.19/byte-buddy-agent-1.12.19.jar:/home/jbergqvist/.m2/repository/org/objenesis/objenesis/3.3/objenesis-3.3.jar:/home/jbergqvist/.m2/repository/org/mockito/mockito-junit-jupiter/4.11.0/mockito-junit-jupiter-4.11.0.jar
10:44:43.811 [INFO]   [Checking]    deserializing line [DIFFBLUE]{"__type":"com.diffblue.cover.buildsystem.model.DefaultEventMessage","project":"com.paritytrading.parity:parity-ticker","goal":"build-classpath","cause":null,"state":"SUCCESS"}
10:44:43.813 [INFO]   [Checking]    out: [INFO] 
10:44:43.813 [INFO]   [Checking]    out: [INFO] -----------< com.paritytrading.parity:parity-book-perf-test >-----------
10:44:43.813 [INFO]   [Checking]    out: [INFO] Building Parity Order Book Performance Test 0.7.1-SNAPSHOT       [12/13]
10:44:43.813 [INFO]   [Checking]    out: [INFO]   from tests/book-perf-test/pom.xml
10:44:43.814 [INFO]   [Checking]    out: [INFO] --------------------------------[ jar ]---------------------------------
10:44:43.823 [INFO]   [Checking]    deserializing line [DIFFBLUE]{"__type":"com.diffblue.cover.buildsystem.model.DefaultEventMessage","project":"com.paritytrading.parity:parity-book-perf-test","goal":"build-classpath","cause":null,"state":"STARTED"}
10:44:43.825 [INFO]   [Checking]    out: [INFO] 
10:44:43.825 [INFO]   [Checking]    out: [INFO] --- dependency:3.1.1:build-classpath (default-cli) @ parity-book-perf-test ---
10:44:43.825 [INFO]   [Checking]    out: [INFO] Dependencies classpath:
10:44:43.825 [INFO]   [Checking]    out: /home/jbergqvist/.m2/repository/com/paritytrading/parity/parity-book/0.7.1-SNAPSHOT/parity-book-0.7.1-SNAPSHOT.jar:/home/jbergqvist/.m2/repository/it/unimi/dsi/fastutil/8.1.0/fastutil-8.1.0.jar:/home/jbergqvist/.m2/repository/org/openjdk/jmh/jmh-core/1.19/jmh-core-1.19.jar:/home/jbergqvist/.m2/repository/net/sf/jopt-simple/jopt-simple/4.6/jopt-simple-4.6.jar:/home/jbergqvist/.m2/repository/org/apache/commons/commons-math3/3.2/commons-math3-3.2.jar:/home/jbergqvist/.m2/repository/com/diffblue/cover/cover-annotations/1.9.0/cover-annotations-1.9.0.jar:/home/jbergqvist/.m2/repository/org/openjdk/jmh/jmh-generator-annprocess/1.19/jmh-generator-annprocess-1.19.jar:/home/jbergqvist/.m2/repository/org/junit/jupiter/junit-jupiter-engine/5.13.4/junit-jupiter-engine-5.13.4.jar:/home/jbergqvist/.m2/repository/org/junit/platform/junit-platform-engine/1.13.4/junit-platform-engine-1.13.4.jar:/home/jbergqvist/.m2/repository/org/opentest4j/opentest4j/1.3.0/opentest4j-1.3.0.jar:/home/jbergqvist/.m2/repository/org/junit/platform/junit-platform-commons/1.13.4/junit-platform-commons-1.13.4.jar:/home/jbergqvist/.m2/repository/org/junit/jupiter/junit-jupiter-api/5.13.4/junit-jupiter-api-5.13.4.jar:/home/jbergqvist/.m2/repository/org/apiguardian/apiguardian-api/1.1.2/apiguardian-api-1.1.2.jar:/home/jbergqvist/.m2/repository/org/mockito/mockito-core/4.11.0/mockito-core-4.11.0.jar:/home/jbergqvist/.m2/repository/net/bytebuddy/byte-buddy/1.12.19/byte-buddy-1.12.19.jar:/home/jbergqvist/.m2/repository/net/bytebuddy/byte-buddy-agent/1.12.19/byte-buddy-agent-1.12.19.jar:/home/jbergqvist/.m2/repository/org/objenesis/objenesis/3.3/objenesis-3.3.jar:/home/jbergqvist/.m2/repository/org/mockito/mockito-junit-jupiter/4.11.0/mockito-junit-jupiter-4.11.0.jar
10:44:43.825 [INFO]   [Checking]    deserializing line [DIFFBLUE]{"__type":"com.diffblue.cover.buildsystem.model.DefaultEventMessage","project":"com.paritytrading.parity:parity-book-perf-test","goal":"build-classpath","cause":null,"state":"SUCCESS"}
10:44:43.827 [INFO]   [Checking]    out: [INFO] 
10:44:43.828 [INFO]   [Checking]    out: [INFO] ----------< com.paritytrading.parity:parity-match-perf-test >-----------
10:44:43.828 [INFO]   [Checking]    out: [INFO] Building Parity Matching Algorithm Performance Test 0.7.1-SNAPSHOT [13/13]
10:44:43.828 [INFO]   [Checking]    out: [INFO]   from tests/match-perf-test/pom.xml
10:44:43.828 [INFO]   [Checking]    out: [INFO] --------------------------------[ jar ]---------------------------------
10:44:43.830 [INFO]   [Checking]    deserializing line [DIFFBLUE]{"__type":"com.diffblue.cover.buildsystem.model.DefaultEventMessage","project":"com.paritytrading.parity:parity-match-perf-test","goal":"build-classpath","cause":null,"state":"STARTED"}
10:44:43.832 [INFO]   [Checking]    out: [INFO] 
10:44:43.832 [INFO]   [Checking]    out: [INFO] --- dependency:3.1.1:build-classpath (default-cli) @ parity-match-perf-test ---
10:44:43.832 [INFO]   [Checking]    out: [INFO] Dependencies classpath:
10:44:43.833 [INFO]   [Checking]    out: /home/jbergqvist/.m2/repository/com/paritytrading/parity/parity-match/0.7.1-SNAPSHOT/parity-match-0.7.1-SNAPSHOT.jar:/home/jbergqvist/.m2/repository/it/unimi/dsi/fastutil/8.1.0/fastutil-8.1.0.jar:/home/jbergqvist/.m2/repository/org/openjdk/jmh/jmh-core/1.19/jmh-core-1.19.jar:/home/jbergqvist/.m2/repository/net/sf/jopt-simple/jopt-simple/4.6/jopt-simple-4.6.jar:/home/jbergqvist/.m2/repository/org/apache/commons/commons-math3/3.2/commons-math3-3.2.jar:/home/jbergqvist/.m2/repository/com/diffblue/cover/cover-annotations/1.9.0/cover-annotations-1.9.0.jar:/home/jbergqvist/.m2/repository/org/openjdk/jmh/jmh-generator-annprocess/1.19/jmh-generator-annprocess-1.19.jar:/home/jbergqvist/.m2/repository/org/junit/jupiter/junit-jupiter-engine/5.13.4/junit-jupiter-engine-5.13.4.jar:/home/jbergqvist/.m2/repository/org/junit/platform/junit-platform-engine/1.13.4/junit-platform-engine-1.13.4.jar:/home/jbergqvist/.m2/repository/org/opentest4j/opentest4j/1.3.0/opentest4j-1.3.0.jar:/home/jbergqvist/.m2/repository/org/junit/platform/junit-platform-commons/1.13.4/junit-platform-commons-1.13.4.jar:/home/jbergqvist/.m2/repository/org/junit/jupiter/junit-jupiter-api/5.13.4/junit-jupiter-api-5.13.4.jar:/home/jbergqvist/.m2/repository/org/apiguardian/apiguardian-api/1.1.2/apiguardian-api-1.1.2.jar:/home/jbergqvist/.m2/repository/org/mockito/mockito-core/4.11.0/mockito-core-4.11.0.jar:/home/jbergqvist/.m2/repository/net/bytebuddy/byte-buddy/1.12.19/byte-buddy-1.12.19.jar:/home/jbergqvist/.m2/repository/net/bytebuddy/byte-buddy-agent/1.12.19/byte-buddy-agent-1.12.19.jar:/home/jbergqvist/.m2/repository/org/objenesis/objenesis/3.3/objenesis-3.3.jar:/home/jbergqvist/.m2/repository/org/mockito/mockito-junit-jupiter/4.11.0/mockito-junit-jupiter-4.11.0.jar
10:44:43.833 [INFO]   [Checking]    deserializing line [DIFFBLUE]{"__type":"com.diffblue.cover.buildsystem.model.DefaultEventMessage","project":"com.paritytrading.parity:parity-match-perf-test","goal":"build-classpath","cause":null,"state":"SUCCESS"}
10:44:43.869 [INFO]   [Checking]    deserializing line [DIFFBLUE]{"__type":"com.diffblue.cover.buildsystem.model.DefaultProjectModuleMessage","project":{"__type":"DefaultProjectModule","junitReport":["/home/jbergqvist/diffblue/paritytrading-parity/target/surefire-reports"],"jacocoReport":["/home/jbergqvist/diffblue/paritytrading-parity/target/site/jacoco/jacoco.xml"],"jacocoDestFile":["/home/jbergqvist/diffblue/paritytrading-parity/target/jacoco.exec"],"jacocoFormats":["xml"],"jacocoSkipped":false,"classpath":["/home/jbergqvist/diffblue/paritytrading-parity/target/classes"],"complianceLevel":"1.8","productionSources":["/home/jbergqvist/diffblue/paritytrading-parity/src/main/java"],"testSources":["/home/jbergqvist/diffblue/paritytrading-parity/src/test/java"],"productionClasses":"/home/jbergqvist/diffblue/paritytrading-parity/target/classes","testClasses":"/home/jbergqvist/diffblue/paritytrading-parity/target/test-classes","sourceToBuildPathMap":null,"testSourceToBuildPathMap":null,"buildDirectory":"/home/jbergqvist/diffblue/paritytrading-parity/target","plugins":[{"__type":"DefaultPlugin","groupId":"org.apache.maven.plugins","artefactId":"maven-enforcer-plugin","version":"1.0","pluginClassName":null},{"__type":"DefaultPlugin","groupId":"org.apache.maven.plugins","artefactId":"maven-checkstyle-plugin","version":"3.1.0","pluginClassName":null},{"__type":"DefaultPlugin","groupId":"org.apache.maven.plugins","artefactId":"maven-compiler-plugin","version":"3.8.0","pluginClassName":null},{"__type":"DefaultPlugin","groupId":"org.apache.maven.plugins","artefactId":"maven-javadoc-plugin","version":"3.0.1","pluginClassName":null},{"__type":"DefaultPlugin","groupId":"org.apache.maven.plugins","artefactId":"maven-release-plugin","version":"2.5.3","pluginClassName":null},{"__type":"DefaultPlugin","groupId":"org.apache.maven.plugins","artefactId":"maven-clean-plugin","version":"3.2.0","pluginClassName":null},{"__type":"DefaultPlugin","groupId":"org.apache.maven.plugins","artefactId":"maven-install-plugin","version":"3.1.2","pluginClassName":null},{"__type":"DefaultPlugin","groupId":"org.apache.maven.plugins","artefactId":"maven-deploy-plugin","version":"2.8.2","pluginClassName":null},{"__type":"DefaultPlugin","groupId":"org.apache.maven.plugins","artefactId":"maven-site-plugin","version":"3.12.1","pluginClassName":null}],"version":"3.9.12","encoding":"UTF-8","name":"maven","subModules":[{"__type":"DefaultProjectModule","junitReport":["/home/jbergqvist/diffblue/paritytrading-parity/libraries/book/target/surefire-reports"],"jacocoReport":["/home/jbergqvist/diffblue/paritytrading-parity/libraries/book/target/site/jacoco/jacoco.xml"],"jacocoDestFile":["/home/jbergqvist/diffblue/paritytrading-parity/libraries/book/target/jacoco.exec"],"jacocoFormats":["xml"],"jacocoSkipped":false,"classpath":["/home/jbergqvist/diffblue/paritytrading-parity/libraries/book/target/classes","/home/jbergqvist/.m2/repository/it/unimi/dsi/fastutil/8.1.0/fastutil-8.1.0.jar","/home/jbergqvist/.m2/repository/org/apache/commons/commons-lang3/3.12.0/commons-lang3-3.12.0.jar","/home/jbergqvist/.m2/repository/org/junit/jupiter/junit-jupiter/5.7.0/junit-jupiter-5.7.0.jar","/home/jbergqvist/.m2/repository/org/junit/jupiter/junit-jupiter-api/5.7.0/junit-jupiter-api-5.7.0.jar","/home/jbergqvist/.m2/repository/org/apiguardian/apiguardian-api/1.1.0/apiguardian-api-1.1.0.jar","/home/jbergqvist/.m2/repository/org/opentest4j/opentest4j/1.2.0/opentest4j-1.2.0.jar","/home/jbergqvist/.m2/repository/org/junit/platform/junit-platform-commons/1.7.0/junit-platform-commons-1.7.0.jar","/home/jbergqvist/.m2/repository/org/junit/jupiter/junit-jupiter-params/5.7.0/junit-jupiter-params-5.7.0.jar","/home/jbergqvist/.m2/repository/org/junit/jupiter/junit-jupiter-engine/5.7.0/junit-jupiter-engine-5.7.0.jar","/home/jbergqvist/.m2/repository/org/junit/platform/junit-platform-engine/1.7.0/junit-platform-engine-1.7.0.jar","/home/jbergqvist/.m2/repository/com/diffblue/cover/cover-annotations/1.9.0/cover-annotations-1.9.0.jar","/home/jbergqvist/.m2/repository/org/mockito/mockito-core/4.11.0/mockito-core-4.11.0.jar","/home/jbergqvist/.m2/repository/net/bytebuddy/byte-buddy/1.12.19/byte-buddy-1.12.19.jar","/home/jbergqvist/.m2/repository/net/bytebuddy/byte-buddy-agent/1.12.19/byte-buddy-agent-1.12.19.jar","/home/jbergqvist/.m2/repository/org/objenesis/objenesis/3.3/objenesis-3.3.jar","/home/jbergqvist/.m2/repository/org/mockito/mockito-junit-jupiter/4.11.0/mockito-junit-jupiter-4.11.0.jar"],"complianceLevel":"1.8","productionSources":["/home/jbergqvist/diffblue/paritytrading-parity/libraries/book/src/main/java"],"testSources":["/home/jbergqvist/diffblue/paritytrading-parity/libraries/book/src/test/java"],"productionClasses":"/home/jbergqvist/diffblue/paritytrading-parity/libraries/book/target/classes","testClasses":"/home/jbergqvist/diffblue/paritytrading-parity/libraries/book/target/test-classes","sourceToBuildPathMap":null,"testSourceToBuildPathMap":null,"buildDirectory":"/home/jbergqvist/diffblue/paritytrading-parity/libraries/book/target","plugins":[{"__type":"DefaultPlugin","groupId":"org.apache.maven.plugins","artefactId":"maven-enforcer-plugin","version":"1.0","pluginClassName":null},{"__type":"DefaultPlugin","groupId":"org.apache.maven.plugins","artefactId":"maven-checkstyle-plugin","version":"3.1.0","pluginClassName":null},{"__type":"DefaultPlugin","groupId":"org.apache.maven.plugins","artefactId":"maven-compiler-plugin","version":"3.8.0","pluginClassName":null},{"__type":"DefaultPlugin","groupId":"org.apache.maven.plugins","artefactId":"maven-javadoc-plugin","version":"3.0.1","pluginClassName":null},{"__type":"DefaultPlugin","groupId":"org.apache.maven.plugins","artefactId":"maven-release-plugin","version":"2.5.3","pluginClassName":null},{"__type":"DefaultPlugin","groupId":"org.apache.maven.plugins","artefactId":"maven-clean-plugin","version":"3.2.0","pluginClassName":null},{"__type":"DefaultPlugin","groupId":"org.apache.maven.plugins","artefactId":"maven-resources-plugin","version":"3.3.1","pluginClassName":null},{"__type":"DefaultPlugin","groupId":"org.apache.maven.plugins","artefactId":"maven-jar-plugin","version":"3.4.1","pluginClassName":null},{"__type":"DefaultPlugin","groupId":"org.apache.maven.plugins","artefactId":"maven-surefire-plugin","version":"3.0.0-M5","pluginClassName":null},{"__type":"DefaultPlugin","groupId":"org.apache.maven.plugins","artefactId":"maven-install-plugin","version":"3.1.2","pluginClassName":null},{"__type":"DefaultPlugin","groupId":"org.apache.maven.plugins","artefactId":"maven-deploy-plugin","version":"2.8.2","pluginClassName":null},{"__type":"DefaultPlugin","groupId":"org.apache.maven.plugins","artefactId":"maven-site-plugin","version":"3.12.1","pluginClassName":null}],"version":"3.9.12","encoding":"UTF-8","name":"maven","subModules":[],"simpleModuleName":null,"parentModuleName":"com.paritytrading.parity:parity-parent","location":"/home/jbergqvist/diffblue/paritytrading-parity/libraries/book","fullModuleName":"com.paritytrading.parity:parity-book"},{"__type":"DefaultProjectModule","junitReport":["/home/jbergqvist/diffblue/paritytrading-parity/libraries/file/target/surefire-reports"],"jacocoReport":["/home/jbergqvist/diffblue/paritytrading-parity/libraries/file/target/site/jacoco/jacoco.xml"],"jacocoDestFile":["/home/jbergqvist/diffblue/paritytrading-parity/libraries/file/target/jacoco.exec"],"jacocoFormats":["xml"],"jacocoSkipped":false,"classpath":["/home/jbergqvist/diffblue/paritytrading-parity/libraries/file/target/classes","/home/jbergqvist/.m2/repository/org/junit/jupiter/junit-jupiter/5.7.0/junit-jupiter-5.7.0.jar","/home/jbergqvist/.m2/repository/org/junit/jupiter/junit-jupiter-api/5.7.0/junit-jupiter-api-5.7.0.jar","/home/jbergqvist/.m2/repository/org/apiguardian/apiguardian-api/1.1.0/apiguardian-api-1.1.0.jar","/home/jbergqvist/.m2/repository/org/opentest4j/opentest4j/1.2.0/opentest4j-1.2.0.jar","/home/jbergqvist/.m2/repository/org/junit/platform/junit-platform-commons/1.7.0/junit-platform-commons-1.7.0.jar","/home/jbergqvist/.m2/repository/org/junit/jupiter/junit-jupiter-params/5.7.0/junit-jupiter-params-5.7.0.jar","/home/jbergqvist/.m2/repository/org/junit/jupiter/junit-jupiter-engine/5.7.0/junit-jupiter-engine-5.7.0.jar","/home/jbergqvist/.m2/repository/org/junit/platform/junit-platform-engine/1.7.0/junit-platform-engine-1.7.0.jar","/home/jbergqvist/.m2/repository/com/diffblue/cover/cover-annotations/1.9.0/cover-annotations-1.9.0.jar","/home/jbergqvist/.m2/repository/org/mockito/mockito-core/4.11.0/mockito-core-4.11.0.jar","/home/jbergqvist/.m2/repository/net/bytebuddy/byte-buddy/1.12.19/byte-buddy-1.12.19.jar","/home/jbergqvist/.m2/repository/net/bytebuddy/byte-buddy-agent/1.12.19/byte-buddy-agent-1.12.19.jar","/home/jbergqvist/.m2/repository/org/objenesis/objenesis/3.3/objenesis-3.3.jar","/home/jbergqvist/.m2/repository/org/mockito/mockito-junit-jupiter/4.11.0/mockito-junit-jupiter-4.11.0.jar"],"complianceLevel":"1.8","productionSources":["/home/jbergqvist/diffblue/paritytrading-parity/libraries/file/src/main/java"],"testSources":["/home/jbergqvist/diffblue/paritytrading-parity/libraries/file/src/test/java"],"productionClasses":"/home/jbergqvist/diffblue/paritytrading-parity/libraries/file/target/classes","testClasses":"/home/jbergqvist/diffblue/paritytrading-parity/libraries/file/target/test-classes","sourceToBuildPathMap":null,"testSourceToBuildPathMap":null,"buildDirectory":"/home/jbergqvist/diffblue/paritytrading-parity/libraries/file/target","plugins":[{"__type":"DefaultPlugin","groupId":"org.apache.maven.plugins","artefactId":"maven-enforcer-plugin","version":"1.0","pluginClassName":null},{"__type":"DefaultPlugin","groupId":"org.apache.maven.plugins","artefactId":"maven-checkstyle-plugin","version":"3.1.0","pluginClassName":null},{"__type":"DefaultPlugin","groupId":"org.apache.maven.plugins","artefactId":"maven-compiler-plugin","version":"3.8.0","pluginClassName":null},{"__type":"DefaultPlugin","groupId":"org.apache.maven.plugins","artefactId":"maven-javadoc-plugin","version":"3.0.1","pluginClassName":null},{"__type":"DefaultPlugin","groupId":"org.apache.maven.plugins","artefactId":"maven-release-plugin","version":"2.5.3","pluginClassName":null},{"__type":"DefaultPlugin","groupId":"org.apache.maven.plugins","artefactId":"maven-clean-plugin","version":"3.2.0","pluginClassName":null},{"__type":"DefaultPlugin","groupId":"org.apache.maven.plugins","artefactId":"maven-resources-plugin","version":"3.3.1","pluginClassName":null},{"__type":"DefaultPlugin","groupId":"org.apache.maven.plugins","artefactId":"maven-jar-plugin","version":"3.4.1","pluginClassName":null},{"__type":"DefaultPlugin","groupId":"org.apache.maven.plugins","artefactId":"maven-surefire-plugin","version":"3.0.0-M5","pluginClassName":null},{"__type":"DefaultPlugin","groupId":"org.apache.maven.plugins","artefactId":"maven-install-plugin","version":"3.1.2","pluginClassName":null},{"__type":"DefaultPlugin","groupId":"org.apache.maven.plugins","artefactId":"maven-deploy-plugin","version":"2.8.2","pluginClassName":null},{"__type":"DefaultPlugin","groupId":"org.apache.maven.plugins","artefactId":"maven-site-plugin","version":"3.12.1","pluginClassName":null}],"version":"3.9.12","encoding":"UTF-8","name":"maven","subModules":[],"simpleModuleName":null,"parentModuleName":"com.paritytrading.parity:parity-parent","location":"/home/jbergqvist/diffblue/paritytrading-parity/libraries/file","fullModuleName":"com.paritytrading.parity:parity-file"},{"__type":"DefaultProjectModule","junitReport":["/home/jbergqvist/diffblue/paritytrading-parity/libraries/match/target/surefire-reports"],"jacocoReport":["/home/jbergqvist/diffblue/paritytrading-parity/libraries/match/target/site/jacoco/jacoco.xml"],"jacocoDestFile":["/home/jbergqvist/diffblue/paritytrading-parity/libraries/match/target/jacoco.exec"],"jacocoFormats":["xml"],"jacocoSkipped":false,"classpath":["/home/jbergqvist/diffblue/paritytrading-parity/libraries/match/target/classes","/home/jbergqvist/.m2/repository/it/unimi/dsi/fastutil/8.1.0/fastutil-8.1.0.jar","/home/jbergqvist/.m2/repository/org/apache/commons/commons-lang3/3.12.0/commons-lang3-3.12.0.jar","/home/jbergqvist/.m2/repository/org/junit/jupiter/junit-jupiter/5.7.0/junit-jupiter-5.7.0.jar","/home/jbergqvist/.m2/repository/org/junit/jupiter/junit-jupiter-api/5.7.0/junit-jupiter-api-5.7.0.jar","/home/jbergqvist/.m2/repository/org/apiguardian/apiguardian-api/1.1.0/apiguardian-api-1.1.0.jar","/home/jbergqvist/.m2/repository/org/opentest4j/opentest4j/1.2.0/opentest4j-1.2.0.jar","/home/jbergqvist/.m2/repository/org/junit/platform/junit-platform-commons/1.7.0/junit-platform-commons-1.7.0.jar","/home/jbergqvist/.m2/repository/org/junit/jupiter/junit-jupiter-params/5.7.0/junit-jupiter-params-5.7.0.jar","/home/jbergqvist/.m2/repository/org/junit/jupiter/junit-jupiter-engine/5.7.0/junit-jupiter-engine-5.7.0.jar","/home/jbergqvist/.m2/repository/org/junit/platform/junit-platform-engine/1.7.0/junit-platform-engine-1.7.0.jar","/home/jbergqvist/.m2/repository/com/diffblue/cover/cover-annotations/1.9.0/cover-annotations-1.9.0.jar","/home/jbergqvist/.m2/repository/org/mockito/mockito-core/4.11.0/mockito-core-4.11.0.jar","/home/jbergqvist/.m2/repository/net/bytebuddy/byte-buddy/1.12.19/byte-buddy-1.12.19.jar","/home/jbergqvist/.m2/repository/net/bytebuddy/byte-buddy-agent/1.12.19/byte-buddy-agent-1.12.19.jar","/home/jbergqvist/.m2/repository/org/objenesis/objenesis/3.3/objenesis-3.3.jar","/home/jbergqvist/.m2/repository/org/mockito/mockito-junit-jupiter/4.11.0/mockito-junit-jupiter-4.11.0.jar"],"complianceLevel":"1.8","productionSources":["/home/jbergqvist/diffblue/paritytrading-parity/libraries/match/src/main/java"],"testSources":["/home/jbergqvist/diffblue/paritytrading-parity/libraries/match/src/test/java"],"productionClasses":"/home/jbergqvist/diffblue/paritytrading-parity/libraries/match/target/classes","testClasses":"/home/jbergqvist/diffblue/paritytrading-parity/libraries/match/target/test-classes","sourceToBuildPathMap":null,"testSourceToBuildPathMap":null,"buildDirectory":"/home/jbergqvist/diffblue/paritytrading-parity/libraries/match/target","plugins":[{"__type":"DefaultPlugin","groupId":"org.apache.maven.plugins","artefactId":"maven-enforcer-plugin","version":"1.0","pluginClassName":null},{"__type":"DefaultPlugin","groupId":"org.apache.maven.plugins","artefactId":"maven-checkstyle-plugin","version":"3.1.0","pluginClassName":null},{"__type":"DefaultPlugin","groupId":"org.apache.maven.plugins","artefactId":"maven-compiler-plugin","version":"3.8.0","pluginClassName":null},{"__type":"DefaultPlugin","groupId":"org.apache.maven.plugins","artefactId":"maven-javadoc-plugin","version":"3.0.1","pluginClassName":null},{"__type":"DefaultPlugin","groupId":"org.apache.maven.plugins","artefactId":"maven-release-plugin","version":"2.5.3","pluginClassName":null},{"__type":"DefaultPlugin","groupId":"org.apache.maven.plugins","artefactId":"maven-clean-plugin","version":"3.2.0","pluginClassName":null},{"__type":"DefaultPlugin","groupId":"org.apache.maven.plugins","artefactId":"maven-resources-plugin","version":"3.3.1","pluginClassName":null},{"__type":"DefaultPlugin","groupId":"org.apache.maven.plugins","artefactId":"maven-jar-plugin","version":"3.4.1","pluginClassName":null},{"__type":"DefaultPlugin","groupId":"org.apache.maven.plugins","artefactId":"maven-surefire-plugin","version":"3.0.0-M5","pluginClassName":null},{"__type":"DefaultPlugin","groupId":"org.apache.maven.plugins","artefactId":"maven-install-plugin","version":"3.1.2","pluginClassName":null},{"__type":"DefaultPlugin","groupId":"org.apache.maven.plugins","artefactId":"maven-deploy-plugin","version":"2.8.2","pluginClassName":null},{"__type":"DefaultPlugin","groupId":"org.apache.maven.plugins","artefactId":"maven-site-plugin","version":"3.12.1","pluginClassName":null}],"version":"3.9.12","encoding":"UTF-8","name":"maven","subModules":[],"simpleModuleName":null,"parentModuleName":"com.paritytrading.parity:parity-parent","location":"/home/jbergqvist/diffblue/paritytrading-parity/libraries/match","fullModuleName":"com.paritytrading.parity:parity-match"},{"__type":"DefaultProjectModule","junitReport":["/home/jbergqvist/diffblue/paritytrading-parity/libraries/net/target/surefire-reports"],"jacocoReport":["/home/jbergqvist/diffblue/paritytrading-parity/libraries/net/target/site/jacoco/jacoco.xml"],"jacocoDestFile":["/home/jbergqvist/diffblue/paritytrading-parity/libraries/net/target/jacoco.exec"],"jacocoFormats":["xml"],"jacocoSkipped":false,"classpath":["/home/jbergqvist/diffblue/paritytrading-parity/libraries/net/target/classes","/home/jbergqvist/.m2/repository/com/paritytrading/nassau/nassau-core/0.13.0/nassau-core-0.13.0.jar","/home/jbergqvist/.m2/repository/com/paritytrading/foundation/foundation/0.3.0/foundation-0.3.0.jar","/home/jbergqvist/.m2/repository/com/diffblue/cover/cover-annotations/1.9.0/cover-annotations-1.9.0.jar","/home/jbergqvist/.m2/repository/org/junit/jupiter/junit-jupiter-engine/5.13.4/junit-jupiter-engine-5.13.4.jar","/home/jbergqvist/.m2/repository/org/junit/platform/junit-platform-engine/1.13.4/junit-platform-engine-1.13.4.jar","/home/jbergqvist/.m2/repository/org/opentest4j/opentest4j/1.3.0/opentest4j-1.3.0.jar","/home/jbergqvist/.m2/repository/org/junit/platform/junit-platform-commons/1.13.4/junit-platform-commons-1.13.4.jar","/home/jbergqvist/.m2/repository/org/junit/jupiter/junit-jupiter-api/5.13.4/junit-jupiter-api-5.13.4.jar","/home/jbergqvist/.m2/repository/org/apiguardian/apiguardian-api/1.1.2/apiguardian-api-1.1.2.jar","/home/jbergqvist/.m2/repository/org/mockito/mockito-core/4.11.0/mockito-core-4.11.0.jar","/home/jbergqvist/.m2/repository/net/bytebuddy/byte-buddy/1.12.19/byte-buddy-1.12.19.jar","/home/jbergqvist/.m2/repository/net/bytebuddy/byte-buddy-agent/1.12.19/byte-buddy-agent-1.12.19.jar","/home/jbergqvist/.m2/repository/org/objenesis/objenesis/3.3/objenesis-3.3.jar","/home/jbergqvist/.m2/repository/org/mockito/mockito-junit-jupiter/4.11.0/mockito-junit-jupiter-4.11.0.jar"],"complianceLevel":"1.8","productionSources":["/home/jbergqvist/diffblue/paritytrading-parity/libraries/net/src/main/java"],"testSources":["/home/jbergqvist/diffblue/paritytrading-parity/libraries/net/src/test/java"],"productionClasses":"/home/jbergqvist/diffblue/paritytrading-parity/libraries/net/target/classes","testClasses":"/home/jbergqvist/diffblue/paritytrading-parity/libraries/net/target/test-classes","sourceToBuildPathMap":null,"testSourceToBuildPathMap":null,"buildDirectory":"/home/jbergqvist/diffblue/paritytrading-parity/libraries/net/target","plugins":[{"__type":"DefaultPlugin","groupId":"org.apache.maven.plugins","artefactId":"maven-enforcer-plugin","version":"1.0","pluginClassName":null},{"__type":"DefaultPlugin","groupId":"org.apache.maven.plugins","artefactId":"maven-checkstyle-plugin","version":"3.1.0","pluginClassName":null},{"__type":"DefaultPlugin","groupId":"org.apache.maven.plugins","artefactId":"maven-compiler-plugin","version":"3.8.0","pluginClassName":null},{"__type":"DefaultPlugin","groupId":"org.apache.maven.plugins","artefactId":"maven-javadoc-plugin","version":"3.0.1","pluginClassName":null},{"__type":"DefaultPlugin","groupId":"org.apache.maven.plugins","artefactId":"maven-release-plugin","version":"2.5.3","pluginClassName":null},{"__type":"DefaultPlugin","groupId":"org.apache.maven.plugins","artefactId":"maven-clean-plugin","version":"3.2.0","pluginClassName":null},{"__type":"DefaultPlugin","groupId":"org.apache.maven.plugins","artefactId":"maven-resources-plugin","version":"3.3.1","pluginClassName":null},{"__type":"DefaultPlugin","groupId":"org.apache.maven.plugins","artefactId":"maven-jar-plugin","version":"3.4.1","pluginClassName":null},{"__type":"DefaultPlugin","groupId":"org.apache.maven.plugins","artefactId":"maven-surefire-plugin","version":"3.0.0-M5","pluginClassName":null},{"__type":"DefaultPlugin","groupId":"org.apache.maven.plugins","artefactId":"maven-install-plugin","version":"3.1.2","pluginClassName":null},{"__type":"DefaultPlugin","groupId":"org.apache.maven.plugins","artefactId":"maven-deploy-plugin","version":"2.8.2","pluginClassName":null},{"__type":"DefaultPlugin","groupId":"org.apache.maven.plugins","artefactId":"maven-site-plugin","version":"3.12.1","pluginClassName":null}],"version":"3.9.12","encoding":"UTF-8","name":"maven","subModules":[],"simpleModuleName":null,"parentModuleName":"com.paritytrading.parity:parity-parent","location":"/home/jbergqvist/diffblue/paritytrading-parity/libraries/net","fullModuleName":"com.paritytrading.parity:parity-net"},{"__type":"DefaultProjectModule","junitReport":["/home/jbergqvist/diffblue/paritytrading-parity/libraries/util/target/surefire-reports"],"jacocoReport":["/home/jbergqvist/diffblue/paritytrading-parity/libraries/util/target/site/jacoco/jacoco.xml"],"jacocoDestFile":["/home/jbergqvist/diffblue/paritytrading-parity/libraries/util/target/jacoco.exec"],"jacocoFormats":["xml"],"jacocoSkipped":false,"classpath":["/home/jbergqvist/diffblue/paritytrading-parity/libraries/util/target/classes","/home/jbergqvist/.m2/repository/com/paritytrading/foundation/foundation/0.3.0/foundation-0.3.0.jar","/home/jbergqvist/.m2/repository/com/typesafe/config/1.3.1/config-1.3.1.jar","/home/jbergqvist/.m2/repository/org/junit/jupiter/junit-jupiter/5.7.0/junit-jupiter-5.7.0.jar","/home/jbergqvist/.m2/repository/org/junit/jupiter/junit-jupiter-api/5.7.0/junit-jupiter-api-5.7.0.jar","/home/jbergqvist/.m2/repository/org/apiguardian/apiguardian-api/1.1.0/apiguardian-api-1.1.0.jar","/home/jbergqvist/.m2/repository/org/opentest4j/opentest4j/1.2.0/opentest4j-1.2.0.jar","/home/jbergqvist/.m2/repository/org/junit/platform/junit-platform-commons/1.7.0/junit-platform-commons-1.7.0.jar","/home/jbergqvist/.m2/repository/org/junit/jupiter/junit-jupiter-params/5.7.0/junit-jupiter-params-5.7.0.jar","/home/jbergqvist/.m2/repository/org/junit/jupiter/junit-jupiter-engine/5.7.0/junit-jupiter-engine-5.7.0.jar","/home/jbergqvist/.m2/repository/org/junit/platform/junit-platform-engine/1.7.0/junit-platform-engine-1.7.0.jar","/home/jbergqvist/.m2/repository/com/diffblue/cover/cover-annotations/1.9.0/cover-annotations-1.9.0.jar","/home/jbergqvist/.m2/repository/org/mockito/mockito-core/4.11.0/mockito-core-4.11.0.jar","/home/jbergqvist/.m2/repository/net/bytebuddy/byte-buddy/1.12.19/byte-buddy-1.12.19.jar","/home/jbergqvist/.m2/repository/net/bytebuddy/byte-buddy-agent/1.12.19/byte-buddy-agent-1.12.19.jar","/home/jbergqvist/.m2/repository/org/objenesis/objenesis/3.3/objenesis-3.3.jar","/home/jbergqvist/.m2/repository/org/mockito/mockito-junit-jupiter/4.11.0/mockito-junit-jupiter-4.11.0.jar"],"complianceLevel":"1.8","productionSources":["/home/jbergqvist/diffblue/paritytrading-parity/libraries/util/src/main/java"],"testSources":["/home/jbergqvist/diffblue/paritytrading-parity/libraries/util/src/test/java"],"productionClasses":"/home/jbergqvist/diffblue/paritytrading-parity/libraries/util/target/classes","testClasses":"/home/jbergqvist/diffblue/paritytrading-parity/libraries/util/target/test-classes","sourceToBuildPathMap":null,"testSourceToBuildPathMap":null,"buildDirectory":"/home/jbergqvist/diffblue/paritytrading-parity/libraries/util/target","plugins":[{"__type":"DefaultPlugin","groupId":"org.apache.maven.plugins","artefactId":"maven-enforcer-plugin","version":"1.0","pluginClassName":null},{"__type":"DefaultPlugin","groupId":"org.apache.maven.plugins","artefactId":"maven-checkstyle-plugin","version":"3.1.0","pluginClassName":null},{"__type":"DefaultPlugin","groupId":"org.apache.maven.plugins","artefactId":"maven-compiler-plugin","version":"3.8.0","pluginClassName":null},{"__type":"DefaultPlugin","groupId":"org.apache.maven.plugins","artefactId":"maven-javadoc-plugin","version":"3.0.1","pluginClassName":null},{"__type":"DefaultPlugin","groupId":"org.apache.maven.plugins","artefactId":"maven-release-plugin","version":"2.5.3","pluginClassName":null},{"__type":"DefaultPlugin","groupId":"org.apache.maven.plugins","artefactId":"maven-clean-plugin","version":"3.2.0","pluginClassName":null},{"__type":"DefaultPlugin","groupId":"org.apache.maven.plugins","artefactId":"maven-resources-plugin","version":"3.3.1","pluginClassName":null},{"__type":"DefaultPlugin","groupId":"org.apache.maven.plugins","artefactId":"maven-jar-plugin","version":"3.4.1","pluginClassName":null},{"__type":"DefaultPlugin","groupId":"org.apache.maven.plugins","artefactId":"maven-surefire-plugin","version":"3.0.0-M5","pluginClassName":null},{"__type":"DefaultPlugin","groupId":"org.apache.maven.plugins","artefactId":"maven-install-plugin","version":"3.1.2","pluginClassName":null},{"__type":"DefaultPlugin","groupId":"org.apache.maven.plugins","artefactId":"maven-deploy-plugin","version":"2.8.2","pluginClassName":null},{"__type":"DefaultPlugin","groupId":"org.apache.maven.plugins","artefactId":"maven-site-plugin","version":"3.12.1","pluginClassName":null}],"version":"3.9.12","encoding":"UTF-8","name":"maven","subModules":[],"simpleModuleName":null,"parentModuleName":"com.paritytrading.parity:parity-parent","location":"/home/jbergqvist/diffblue/paritytrading-parity/libraries/util","fullModuleName":"com.paritytrading.parity:parity-util"},{"__type":"DefaultProjectModule","junitReport":["/home/jbergqvist/diffblue/paritytrading-parity/applications/client/target/surefire-reports"],"jacocoReport":["/home/jbergqvist/diffblue/paritytrading-parity/applications/client/target/site/jacoco/jacoco.xml"],"jacocoDestFile":["/home/jbergqvist/diffblue/paritytrading-parity/applications/client/target/jacoco.exec"],"jacocoFormats":["xml"],"jacocoSkipped":false,"classpath":["/home/jbergqvist/diffblue/paritytrading-parity/applications/client/target/classes","/home/jbergqvist/.m2/repository/com/paritytrading/parity/parity-net/0.7.1-SNAPSHOT/parity-net-0.7.1-SNAPSHOT.jar","/home/jbergqvist/.m2/repository/com/paritytrading/parity/parity-util/0.7.1-SNAPSHOT/parity-util-0.7.1-SNAPSHOT.jar","/home/jbergqvist/.m2/repository/com/paritytrading/foundation/foundation/0.3.0/foundation-0.3.0.jar","/home/jbergqvist/.m2/repository/com/paritytrading/nassau/nassau-core/0.13.0/nassau-core-0.13.0.jar","/home/jbergqvist/.m2/repository/com/typesafe/config/1.3.1/config-1.3.1.jar","/home/jbergqvist/.m2/repository/org/jline/jline-reader/3.8.0/jline-reader-3.8.0.jar","/home/jbergqvist/.m2/repository/org/jline/jline-terminal/3.8.0/jline-terminal-3.8.0.jar","/home/jbergqvist/.m2/repository/org/jvirtanen/config/config-extras/0.2.0/config-extras-0.2.0.jar","/home/jbergqvist/.m2/repository/org/jvirtanen/util/util-extras/0.2.0/util-extras-0.2.0.jar","/home/jbergqvist/.m2/repository/com/diffblue/cover/cover-annotations/1.9.0/cover-annotations-1.9.0.jar","/home/jbergqvist/.m2/repository/org/junit/jupiter/junit-jupiter-engine/5.13.4/junit-jupiter-engine-5.13.4.jar","/home/jbergqvist/.m2/repository/org/junit/platform/junit-platform-engine/1.13.4/junit-platform-engine-1.13.4.jar","/home/jbergqvist/.m2/repository/org/opentest4j/opentest4j/1.3.0/opentest4j-1.3.0.jar","/home/jbergqvist/.m2/repository/org/junit/platform/junit-platform-commons/1.13.4/junit-platform-commons-1.13.4.jar","/home/jbergqvist/.m2/repository/org/junit/jupiter/junit-jupiter-api/5.13.4/junit-jupiter-api-5.13.4.jar","/home/jbergqvist/.m2/repository/org/apiguardian/apiguardian-api/1.1.2/apiguardian-api-1.1.2.jar","/home/jbergqvist/.m2/repository/org/mockito/mockito-core/4.11.0/mockito-core-4.11.0.jar","/home/jbergqvist/.m2/repository/net/bytebuddy/byte-buddy/1.12.19/byte-buddy-1.12.19.jar","/home/jbergqvist/.m2/repository/net/bytebuddy/byte-buddy-agent/1.12.19/byte-buddy-agent-1.12.19.jar","/home/jbergqvist/.m2/repository/org/objenesis/objenesis/3.3/objenesis-3.3.jar","/home/jbergqvist/.m2/repository/org/mockito/mockito-junit-jupiter/4.11.0/mockito-junit-jupiter-4.11.0.jar"],"complianceLevel":"1.8","productionSources":["/home/jbergqvist/diffblue/paritytrading-parity/applications/client/src/main/java"],"testSources":["/home/jbergqvist/diffblue/paritytrading-parity/applications/client/src/test/java"],"productionClasses":"/home/jbergqvist/diffblue/paritytrading-parity/applications/client/target/classes","testClasses":"/home/jbergqvist/diffblue/paritytrading-parity/applications/client/target/test-classes","sourceToBuildPathMap":null,"testSourceToBuildPathMap":null,"buildDirectory":"/home/jbergqvist/diffblue/paritytrading-parity/applications/client/target","plugins":[{"__type":"DefaultPlugin","groupId":"org.apache.maven.plugins","artefactId":"maven-enforcer-plugin","version":"1.0","pluginClassName":null},{"__type":"DefaultPlugin","groupId":"org.apache.maven.plugins","artefactId":"maven-checkstyle-plugin","version":"3.1.0","pluginClassName":null},{"__type":"DefaultPlugin","groupId":"org.apache.maven.plugins","artefactId":"maven-compiler-plugin","version":"3.8.0","pluginClassName":null},{"__type":"DefaultPlugin","groupId":"org.apache.maven.plugins","artefactId":"maven-javadoc-plugin","version":"3.0.1","pluginClassName":null},{"__type":"DefaultPlugin","groupId":"org.apache.maven.plugins","artefactId":"maven-release-plugin","version":"2.5.3","pluginClassName":null},{"__type":"DefaultPlugin","groupId":"org.apache.maven.plugins","artefactId":"maven-deploy-plugin","version":"2.8.2","pluginClassName":null},{"__type":"DefaultPlugin","groupId":"org.apache.maven.plugins","artefactId":"maven-shade-plugin","version":"3.2.1","pluginClassName":null},{"__type":"DefaultPlugin","groupId":"org.apache.maven.plugins","artefactId":"maven-clean-plugin","version":"3.2.0","pluginClassName":null},{"__type":"DefaultPlugin","groupId":"org.apache.maven.plugins","artefactId":"maven-resources-plugin","version":"3.3.1","pluginClassName":null},{"__type":"DefaultPlugin","groupId":"org.apache.maven.plugins","artefactId":"maven-jar-plugin","version":"3.4.1","pluginClassName":null},{"__type":"DefaultPlugin","groupId":"org.apache.maven.plugins","artefactId":"maven-surefire-plugin","version":"3.0.0-M5","pluginClassName":null},{"__type":"DefaultPlugin","groupId":"org.apache.maven.plugins","artefactId":"maven-install-plugin","version":"3.1.2","pluginClassName":null},{"__type":"DefaultPlugin","groupId":"org.apache.maven.plugins","artefactId":"maven-site-plugin","version":"3.12.1","pluginClassName":null}],"version":"3.9.12","encoding":"UTF-8","name":"maven","subModules":[],"simpleModuleName":null,"parentModuleName":"com.paritytrading.parity:parity-parent","location":"/home/jbergqvist/diffblue/paritytrading-parity/applications/client","fullModuleName":"com.paritytrading.parity:parity-client"},{"__type":"DefaultProjectModule","junitReport":["/home/jbergqvist/diffblue/paritytrading-parity/applications/fix/target/surefire-reports"],"jacocoReport":["/home/jbergqvist/diffblue/paritytrading-parity/applications/fix/target/site/jacoco/jacoco.xml"],"jacocoDestFile":["/home/jbergqvist/diffblue/paritytrading-parity/applications/fix/target/jacoco.exec"],"jacocoFormats":["xml"],"jacocoSkipped":false,"classpath":["/home/jbergqvist/diffblue/paritytrading-parity/applications/fix/target/classes","/home/jbergqvist/.m2/repository/com/paritytrading/parity/parity-net/0.7.1-SNAPSHOT/parity-net-0.7.1-SNAPSHOT.jar","/home/jbergqvist/.m2/repository/com/paritytrading/parity/parity-util/0.7.1-SNAPSHOT/parity-util-0.7.1-SNAPSHOT.jar","/home/jbergqvist/.m2/repository/com/paritytrading/foundation/foundation/0.3.0/foundation-0.3.0.jar","/home/jbergqvist/.m2/repository/com/paritytrading/nassau/nassau-core/0.13.0/nassau-core-0.13.0.jar","/home/jbergqvist/.m2/repository/com/paritytrading/philadelphia/philadelphia-core/1.2.0/philadelphia-core-1.2.0.jar","/home/jbergqvist/.m2/repository/com/paritytrading/philadelphia/philadelphia-fix44/1.2.0/philadelphia-fix44-1.2.0.jar","/home/jbergqvist/.m2/repository/com/typesafe/config/1.3.1/config-1.3.1.jar","/home/jbergqvist/.m2/repository/joda-time/joda-time/2.10.6/joda-time-2.10.6.jar","/home/jbergqvist/.m2/repository/org/jvirtanen/config/config-extras/0.2.0/config-extras-0.2.0.jar","/home/jbergqvist/.m2/repository/org/jvirtanen/util/util-extras/0.2.0/util-extras-0.2.0.jar","/home/jbergqvist/.m2/repository/com/diffblue/cover/cover-annotations/1.9.0/cover-annotations-1.9.0.jar","/home/jbergqvist/.m2/repository/org/junit/jupiter/junit-jupiter-engine/5.13.4/junit-jupiter-engine-5.13.4.jar","/home/jbergqvist/.m2/repository/org/junit/platform/junit-platform-engine/1.13.4/junit-platform-engine-1.13.4.jar","/home/jbergqvist/.m2/repository/org/opentest4j/opentest4j/1.3.0/opentest4j-1.3.0.jar","/home/jbergqvist/.m2/repository/org/junit/platform/junit-platform-commons/1.13.4/junit-platform-commons-1.13.4.jar","/home/jbergqvist/.m2/repository/org/junit/jupiter/junit-jupiter-api/5.13.4/junit-jupiter-api-5.13.4.jar","/home/jbergqvist/.m2/repository/org/apiguardian/apiguardian-api/1.1.2/apiguardian-api-1.1.2.jar","/home/jbergqvist/.m2/repository/org/mockito/mockito-core/4.11.0/mockito-core-4.11.0.jar","/home/jbergqvist/.m2/repository/net/bytebuddy/byte-buddy/1.12.19/byte-buddy-1.12.19.jar","/home/jbergqvist/.m2/repository/net/bytebuddy/byte-buddy-agent/1.12.19/byte-buddy-agent-1.12.19.jar","/home/jbergqvist/.m2/repository/org/objenesis/objenesis/3.3/objenesis-3.3.jar","/home/jbergqvist/.m2/repository/org/mockito/mockito-junit-jupiter/4.11.0/mockito-junit-jupiter-4.11.0.jar"],"complianceLevel":"1.8","productionSources":["/home/jbergqvist/diffblue/paritytrading-parity/applications/fix/src/main/java"],"testSources":["/home/jbergqvist/diffblue/paritytrading-parity/applications/fix/src/test/java"],"productionClasses":"/home/jbergqvist/diffblue/paritytrading-parity/applications/fix/target/classes","testClasses":"/home/jbergqvist/diffblue/paritytrading-parity/applications/fix/target/test-classes","sourceToBuildPathMap":null,"testSourceToBuildPathMap":null,"buildDirectory":"/home/jbergqvist/diffblue/paritytrading-parity/applications/fix/target","plugins":[{"__type":"DefaultPlugin","groupId":"org.apache.maven.plugins","artefactId":"maven-enforcer-plugin","version":"1.0","pluginClassName":null},{"__type":"DefaultPlugin","groupId":"org.apache.maven.plugins","artefactId":"maven-checkstyle-plugin","version":"3.1.0","pluginClassName":null},{"__type":"DefaultPlugin","groupId":"org.apache.maven.plugins","artefactId":"maven-compiler-plugin","version":"3.8.0","pluginClassName":null},{"__type":"DefaultPlugin","groupId":"org.apache.maven.plugins","artefactId":"maven-javadoc-plugin","version":"3.0.1","pluginClassName":null},{"__type":"DefaultPlugin","groupId":"org.apache.maven.plugins","artefactId":"maven-release-plugin","version":"2.5.3","pluginClassName":null},{"__type":"DefaultPlugin","groupId":"org.apache.maven.plugins","artefactId":"maven-deploy-plugin","version":"2.8.2","pluginClassName":null},{"__type":"DefaultPlugin","groupId":"org.apache.maven.plugins","artefactId":"maven-shade-plugin","version":"3.2.1","pluginClassName":null},{"__type":"DefaultPlugin","groupId":"org.apache.maven.plugins","artefactId":"maven-clean-plugin","version":"3.2.0","pluginClassName":null},{"__type":"DefaultPlugin","groupId":"org.apache.maven.plugins","artefactId":"maven-resources-plugin","version":"3.3.1","pluginClassName":null},{"__type":"DefaultPlugin","groupId":"org.apache.maven.plugins","artefactId":"maven-jar-plugin","version":"3.4.1","pluginClassName":null},{"__type":"DefaultPlugin","groupId":"org.apache.maven.plugins","artefactId":"maven-surefire-plugin","version":"3.0.0-M5","pluginClassName":null},{"__type":"DefaultPlugin","groupId":"org.apache.maven.plugins","artefactId":"maven-install-plugin","version":"3.1.2","pluginClassName":null},{"__type":"DefaultPlugin","groupId":"org.apache.maven.plugins","artefactId":"maven-site-plugin","version":"3.12.1","pluginClassName":null}],"version":"3.9.12","encoding":"UTF-8","name":"maven","subModules":[],"simpleModuleName":null,"parentModuleName":"com.paritytrading.parity:parity-parent","location":"/home/jbergqvist/diffblue/paritytrading-parity/applications/fix","fullModuleName":"com.paritytrading.parity:parity-fix"},{"__type":"DefaultProjectModule","junitReport":["/home/jbergqvist/diffblue/paritytrading-parity/applications/reporter/target/surefire-reports"],"jacocoReport":["/home/jbergqvist/diffblue/paritytrading-parity/applications/reporter/target/site/jacoco/jacoco.xml"],"jacocoDestFile":["/home/jbergqvist/diffblue/paritytrading-parity/applications/reporter/target/jacoco.exec"],"jacocoFormats":["xml"],"jacocoSkipped":false,"classpath":["/home/jbergqvist/diffblue/paritytrading-parity/applications/reporter/target/classes","/home/jbergqvist/.m2/repository/com/paritytrading/parity/parity-net/0.7.1-SNAPSHOT/parity-net-0.7.1-SNAPSHOT.jar","/home/jbergqvist/.m2/repository/com/paritytrading/parity/parity-util/0.7.1-SNAPSHOT/parity-util-0.7.1-SNAPSHOT.jar","/home/jbergqvist/.m2/repository/com/paritytrading/foundation/foundation/0.3.0/foundation-0.3.0.jar","/home/jbergqvist/.m2/repository/com/paritytrading/nassau/nassau-core/0.13.0/nassau-core-0.13.0.jar","/home/jbergqvist/.m2/repository/com/paritytrading/nassau/nassau-util/0.13.0/nassau-util-0.13.0.jar","/home/jbergqvist/.m2/repository/com/typesafe/config/1.3.1/config-1.3.1.jar","/home/jbergqvist/.m2/repository/org/jvirtanen/config/config-extras/0.2.0/config-extras-0.2.0.jar","/home/jbergqvist/.m2/repository/org/jvirtanen/util/util-extras/0.2.0/util-extras-0.2.0.jar","/home/jbergqvist/.m2/repository/com/diffblue/cover/cover-annotations/1.9.0/cover-annotations-1.9.0.jar","/home/jbergqvist/.m2/repository/org/junit/jupiter/junit-jupiter-engine/5.13.4/junit-jupiter-engine-5.13.4.jar","/home/jbergqvist/.m2/repository/org/junit/platform/junit-platform-engine/1.13.4/junit-platform-engine-1.13.4.jar","/home/jbergqvist/.m2/repository/org/opentest4j/opentest4j/1.3.0/opentest4j-1.3.0.jar","/home/jbergqvist/.m2/repository/org/junit/platform/junit-platform-commons/1.13.4/junit-platform-commons-1.13.4.jar","/home/jbergqvist/.m2/repository/org/junit/jupiter/junit-jupiter-api/5.13.4/junit-jupiter-api-5.13.4.jar","/home/jbergqvist/.m2/repository/org/apiguardian/apiguardian-api/1.1.2/apiguardian-api-1.1.2.jar","/home/jbergqvist/.m2/repository/org/mockito/mockito-core/4.11.0/mockito-core-4.11.0.jar","/home/jbergqvist/.m2/repository/net/bytebuddy/byte-buddy/1.12.19/byte-buddy-1.12.19.jar","/home/jbergqvist/.m2/repository/net/bytebuddy/byte-buddy-agent/1.12.19/byte-buddy-agent-1.12.19.jar","/home/jbergqvist/.m2/repository/org/objenesis/objenesis/3.3/objenesis-3.3.jar","/home/jbergqvist/.m2/repository/org/mockito/mockito-junit-jupiter/4.11.0/mockito-junit-jupiter-4.11.0.jar"],"complianceLevel":"1.8","productionSources":["/home/jbergqvist/diffblue/paritytrading-parity/applications/reporter/src/main/java"],"testSources":["/home/jbergqvist/diffblue/paritytrading-parity/applications/reporter/src/test/java"],"productionClasses":"/home/jbergqvist/diffblue/paritytrading-parity/applications/reporter/target/classes","testClasses":"/home/jbergqvist/diffblue/paritytrading-parity/applications/reporter/target/test-classes","sourceToBuildPathMap":null,"testSourceToBuildPathMap":null,"buildDirectory":"/home/jbergqvist/diffblue/paritytrading-parity/applications/reporter/target","plugins":[{"__type":"DefaultPlugin","groupId":"org.apache.maven.plugins","artefactId":"maven-enforcer-plugin","version":"1.0","pluginClassName":null},{"__type":"DefaultPlugin","groupId":"org.apache.maven.plugins","artefactId":"maven-checkstyle-plugin","version":"3.1.0","pluginClassName":null},{"__type":"DefaultPlugin","groupId":"org.apache.maven.plugins","artefactId":"maven-compiler-plugin","version":"3.8.0","pluginClassName":null},{"__type":"DefaultPlugin","groupId":"org.apache.maven.plugins","artefactId":"maven-javadoc-plugin","version":"3.0.1","pluginClassName":null},{"__type":"DefaultPlugin","groupId":"org.apache.maven.plugins","artefactId":"maven-release-plugin","version":"2.5.3","pluginClassName":null},{"__type":"DefaultPlugin","groupId":"org.apache.maven.plugins","artefactId":"maven-deploy-plugin","version":"2.8.2","pluginClassName":null},{"__type":"DefaultPlugin","groupId":"org.apache.maven.plugins","artefactId":"maven-shade-plugin","version":"3.2.1","pluginClassName":null},{"__type":"DefaultPlugin","groupId":"org.apache.maven.plugins","artefactId":"maven-clean-plugin","version":"3.2.0","pluginClassName":null},{"__type":"DefaultPlugin","groupId":"org.apache.maven.plugins","artefactId":"maven-resources-plugin","version":"3.3.1","pluginClassName":null},{"__type":"DefaultPlugin","groupId":"org.apache.maven.plugins","artefactId":"maven-jar-plugin","version":"3.4.1","pluginClassName":null},{"__type":"DefaultPlugin","groupId":"org.apache.maven.plugins","artefactId":"maven-surefire-plugin","version":"3.0.0-M5","pluginClassName":null},{"__type":"DefaultPlugin","groupId":"org.apache.maven.plugins","artefactId":"maven-install-plugin","version":"3.1.2","pluginClassName":null},{"__type":"DefaultPlugin","groupId":"org.apache.maven.plugins","artefactId":"maven-site-plugin","version":"3.12.1","pluginClassName":null}],"version":"3.9.12","encoding":"UTF-8","name":"maven","subModules":[],"simpleModuleName":null,"parentModuleName":"com.paritytrading.parity:parity-parent","location":"/home/jbergqvist/diffblue/paritytrading-parity/applications/reporter","fullModuleName":"com.paritytrading.parity:parity-reporter"},{"__type":"DefaultProjectModule","junitReport":["/home/jbergqvist/diffblue/paritytrading-parity/applications/system/target/surefire-reports"],"jacocoReport":["/home/jbergqvist/diffblue/paritytrading-parity/applications/system/target/site/jacoco/jacoco.xml"],"jacocoDestFile":["/home/jbergqvist/diffblue/paritytrading-parity/applications/system/target/jacoco.exec"],"jacocoFormats":["xml"],"jacocoSkipped":false,"classpath":["/home/jbergqvist/diffblue/paritytrading-parity/applications/system/target/classes","/home/jbergqvist/.m2/repository/com/paritytrading/parity/parity-match/0.7.1-SNAPSHOT/parity-match-0.7.1-SNAPSHOT.jar","/home/jbergqvist/.m2/repository/com/paritytrading/parity/parity-net/0.7.1-SNAPSHOT/parity-net-0.7.1-SNAPSHOT.jar","/home/jbergqvist/.m2/repository/com/paritytrading/foundation/foundation/0.3.0/foundation-0.3.0.jar","/home/jbergqvist/.m2/repository/com/paritytrading/nassau/nassau-core/0.13.0/nassau-core-0.13.0.jar","/home/jbergqvist/.m2/repository/com/typesafe/config/1.3.1/config-1.3.1.jar","/home/jbergqvist/.m2/repository/it/unimi/dsi/fastutil/8.1.0/fastutil-8.1.0.jar","/home/jbergqvist/.m2/repository/org/jvirtanen/config/config-extras/0.2.0/config-extras-0.2.0.jar","/home/jbergqvist/.m2/repository/org/jvirtanen/util/util-extras/0.2.0/util-extras-0.2.0.jar","/home/jbergqvist/.m2/repository/com/diffblue/cover/cover-annotations/1.9.0/cover-annotations-1.9.0.jar","/home/jbergqvist/.m2/repository/org/junit/jupiter/junit-jupiter-engine/5.13.4/junit-jupiter-engine-5.13.4.jar","/home/jbergqvist/.m2/repository/org/junit/platform/junit-platform-engine/1.13.4/junit-platform-engine-1.13.4.jar","/home/jbergqvist/.m2/repository/org/opentest4j/opentest4j/1.3.0/opentest4j-1.3.0.jar","/home/jbergqvist/.m2/repository/org/junit/platform/junit-platform-commons/1.13.4/junit-platform-commons-1.13.4.jar","/home/jbergqvist/.m2/repository/org/junit/jupiter/junit-jupiter-api/5.13.4/junit-jupiter-api-5.13.4.jar","/home/jbergqvist/.m2/repository/org/apiguardian/apiguardian-api/1.1.2/apiguardian-api-1.1.2.jar","/home/jbergqvist/.m2/repository/org/mockito/mockito-core/4.11.0/mockito-core-4.11.0.jar","/home/jbergqvist/.m2/repository/net/bytebuddy/byte-buddy/1.12.19/byte-buddy-1.12.19.jar","/home/jbergqvist/.m2/repository/net/bytebuddy/byte-buddy-agent/1.12.19/byte-buddy-agent-1.12.19.jar","/home/jbergqvist/.m2/repository/org/objenesis/objenesis/3.3/objenesis-3.3.jar","/home/jbergqvist/.m2/repository/org/mockito/mockito-junit-jupiter/4.11.0/mockito-junit-jupiter-4.11.0.jar"],"complianceLevel":"1.8","productionSources":["/home/jbergqvist/diffblue/paritytrading-parity/applications/system/src/main/java"],"testSources":["/home/jbergqvist/diffblue/paritytrading-parity/applications/system/src/test/java"],"productionClasses":"/home/jbergqvist/diffblue/paritytrading-parity/applications/system/target/classes","testClasses":"/home/jbergqvist/diffblue/paritytrading-parity/applications/system/target/test-classes","sourceToBuildPathMap":null,"testSourceToBuildPathMap":null,"buildDirectory":"/home/jbergqvist/diffblue/paritytrading-parity/applications/system/target","plugins":[{"__type":"DefaultPlugin","groupId":"org.apache.maven.plugins","artefactId":"maven-enforcer-plugin","version":"1.0","pluginClassName":null},{"__type":"DefaultPlugin","groupId":"org.apache.maven.plugins","artefactId":"maven-checkstyle-plugin","version":"3.1.0","pluginClassName":null},{"__type":"DefaultPlugin","groupId":"org.apache.maven.plugins","artefactId":"maven-compiler-plugin","version":"3.8.0","pluginClassName":null},{"__type":"DefaultPlugin","groupId":"org.apache.maven.plugins","artefactId":"maven-javadoc-plugin","version":"3.0.1","pluginClassName":null},{"__type":"DefaultPlugin","groupId":"org.apache.maven.plugins","artefactId":"maven-release-plugin","version":"2.5.3","pluginClassName":null},{"__type":"DefaultPlugin","groupId":"org.apache.maven.plugins","artefactId":"maven-deploy-plugin","version":"2.8.2","pluginClassName":null},{"__type":"DefaultPlugin","groupId":"org.apache.maven.plugins","artefactId":"maven-shade-plugin","version":"3.2.1","pluginClassName":null},{"__type":"DefaultPlugin","groupId":"org.apache.maven.plugins","artefactId":"maven-clean-plugin","version":"3.2.0","pluginClassName":null},{"__type":"DefaultPlugin","groupId":"org.apache.maven.plugins","artefactId":"maven-resources-plugin","version":"3.3.1","pluginClassName":null},{"__type":"DefaultPlugin","groupId":"org.apache.maven.plugins","artefactId":"maven-jar-plugin","version":"3.4.1","pluginClassName":null},{"__type":"DefaultPlugin","groupId":"org.apache.maven.plugins","artefactId":"maven-surefire-plugin","version":"3.0.0-M5","pluginClassName":null},{"__type":"DefaultPlugin","groupId":"org.apache.maven.plugins","artefactId":"maven-install-plugin","version":"3.1.2","pluginClassName":null},{"__type":"DefaultPlugin","groupId":"org.apache.maven.plugins","artefactId":"maven-site-plugin","version":"3.12.1","pluginClassName":null}],"version":"3.9.12","encoding":"UTF-8","name":"maven","subModules":[],"simpleModuleName":null,"parentModuleName":"com.paritytrading.parity:parity-parent","location":"/home/jbergqvist/diffblue/paritytrading-parity/applications/system","fullModuleName":"com.paritytrading.parity:parity-system"},{"__type":"DefaultProjectModule","junitReport":["/home/jbergqvist/diffblue/paritytrading-parity/applications/ticker/target/surefire-reports"],"jacocoReport":["/home/jbergqvist/diffblue/paritytrading-parity/applications/ticker/target/site/jacoco/jacoco.xml"],"jacocoDestFile":["/home/jbergqvist/diffblue/paritytrading-parity/applications/ticker/target/jacoco.exec"],"jacocoFormats":["xml"],"jacocoSkipped":false,"classpath":["/home/jbergqvist/diffblue/paritytrading-parity/applications/ticker/target/classes","/home/jbergqvist/.m2/repository/com/paritytrading/parity/parity-book/0.7.1-SNAPSHOT/parity-book-0.7.1-SNAPSHOT.jar","/home/jbergqvist/.m2/repository/it/unimi/dsi/fastutil/8.1.0/fastutil-8.1.0.jar","/home/jbergqvist/.m2/repository/com/paritytrading/parity/parity-file/0.7.1-SNAPSHOT/parity-file-0.7.1-SNAPSHOT.jar","/home/jbergqvist/.m2/repository/com/paritytrading/parity/parity-net/0.7.1-SNAPSHOT/parity-net-0.7.1-SNAPSHOT.jar","/home/jbergqvist/.m2/repository/com/paritytrading/parity/parity-util/0.7.1-SNAPSHOT/parity-util-0.7.1-SNAPSHOT.jar","/home/jbergqvist/.m2/repository/com/paritytrading/foundation/foundation/0.3.0/foundation-0.3.0.jar","/home/jbergqvist/.m2/repository/com/paritytrading/nassau/nassau-core/0.13.0/nassau-core-0.13.0.jar","/home/jbergqvist/.m2/repository/com/paritytrading/nassau/nassau-util/0.13.0/nassau-util-0.13.0.jar","/home/jbergqvist/.m2/repository/com/typesafe/config/1.3.1/config-1.3.1.jar","/home/jbergqvist/.m2/repository/org/jvirtanen/config/config-extras/0.2.0/config-extras-0.2.0.jar","/home/jbergqvist/.m2/repository/org/jvirtanen/util/util-extras/0.2.0/util-extras-0.2.0.jar","/home/jbergqvist/.m2/repository/com/diffblue/cover/cover-annotations/1.9.0/cover-annotations-1.9.0.jar","/home/jbergqvist/.m2/repository/org/junit/jupiter/junit-jupiter-engine/5.13.4/junit-jupiter-engine-5.13.4.jar","/home/jbergqvist/.m2/repository/org/junit/platform/junit-platform-engine/1.13.4/junit-platform-engine-1.13.4.jar","/home/jbergqvist/.m2/repository/org/opentest4j/opentest4j/1.3.0/opentest4j-1.3.0.jar","/home/jbergqvist/.m2/repository/org/junit/platform/junit-platform-commons/1.13.4/junit-platform-commons-1.13.4.jar","/home/jbergqvist/.m2/repository/org/junit/jupiter/junit-jupiter-api/5.13.4/junit-jupiter-api-5.13.4.jar","/home/jbergqvist/.m2/repository/org/apiguardian/apiguardian-api/1.1.2/apiguardian-api-1.1.2.jar","/home/jbergqvist/.m2/repository/org/mockito/mockito-core/4.11.0/mockito-core-4.11.0.jar","/home/jbergqvist/.m2/repository/net/bytebuddy/byte-buddy/1.12.19/byte-buddy-1.12.19.jar","/home/jbergqvist/.m2/repository/net/bytebuddy/byte-buddy-agent/1.12.19/byte-buddy-agent-1.12.19.jar","/home/jbergqvist/.m2/repository/org/objenesis/objenesis/3.3/objenesis-3.3.jar","/home/jbergqvist/.m2/repository/org/mockito/mockito-junit-jupiter/4.11.0/mockito-junit-jupiter-4.11.0.jar"],"complianceLevel":"1.8","productionSources":["/home/jbergqvist/diffblue/paritytrading-parity/applications/ticker/src/main/java"],"testSources":["/home/jbergqvist/diffblue/paritytrading-parity/applications/ticker/src/test/java"],"productionClasses":"/home/jbergqvist/diffblue/paritytrading-parity/applications/ticker/target/classes","testClasses":"/home/jbergqvist/diffblue/paritytrading-parity/applications/ticker/target/test-classes","sourceToBuildPathMap":null,"testSourceToBuildPathMap":null,"buildDirectory":"/home/jbergqvist/diffblue/paritytrading-parity/applications/ticker/target","plugins":[{"__type":"DefaultPlugin","groupId":"org.apache.maven.plugins","artefactId":"maven-enforcer-plugin","version":"1.0","pluginClassName":null},{"__type":"DefaultPlugin","groupId":"org.apache.maven.plugins","artefactId":"maven-checkstyle-plugin","version":"3.1.0","pluginClassName":null},{"__type":"DefaultPlugin","groupId":"org.apache.maven.plugins","artefactId":"maven-compiler-plugin","version":"3.8.0","pluginClassName":null},{"__type":"DefaultPlugin","groupId":"org.apache.maven.plugins","artefactId":"maven-javadoc-plugin","version":"3.0.1","pluginClassName":null},{"__type":"DefaultPlugin","groupId":"org.apache.maven.plugins","artefactId":"maven-release-plugin","version":"2.5.3","pluginClassName":null},{"__type":"DefaultPlugin","groupId":"org.apache.maven.plugins","artefactId":"maven-deploy-plugin","version":"2.8.2","pluginClassName":null},{"__type":"DefaultPlugin","groupId":"org.apache.maven.plugins","artefactId":"maven-shade-plugin","version":"3.2.1","pluginClassName":null},{"__type":"DefaultPlugin","groupId":"org.apache.maven.plugins","artefactId":"maven-clean-plugin","version":"3.2.0","pluginClassName":null},{"__type":"DefaultPlugin","groupId":"org.apache.maven.plugins","artefactId":"maven-resources-plugin","version":"3.3.1","pluginClassName":null},{"__type":"DefaultPlugin","groupId":"org.apache.maven.plugins","artefactId":"maven-jar-plugin","version":"3.4.1","pluginClassName":null},{"__type":"DefaultPlugin","groupId":"org.apache.maven.plugins","artefactId":"maven-surefire-plugin","version":"3.0.0-M5","pluginClassName":null},{"__type":"DefaultPlugin","groupId":"org.apache.maven.plugins","artefactId":"maven-install-plugin","version":"3.1.2","pluginClassName":null},{"__type":"DefaultPlugin","groupId":"org.apache.maven.plugins","artefactId":"maven-site-plugin","version":"3.12.1","pluginClassName":null}],"version":"3.9.12","encoding":"UTF-8","name":"maven","subModules":[],"simpleModuleName":null,"parentModuleName":"com.paritytrading.parity:parity-parent","location":"/home/jbergqvist/diffblue/paritytrading-parity/applications/ticker","fullModuleName":"com.paritytrading.parity:parity-ticker"},{"__type":"DefaultProjectModule","junitReport":["/home/jbergqvist/diffblue/paritytrading-parity/tests/book-perf-test/target/surefire-reports"],"jacocoReport":["/home/jbergqvist/diffblue/paritytrading-parity/tests/book-perf-test/target/site/jacoco/jacoco.xml"],"jacocoDestFile":["/home/jbergqvist/diffblue/paritytrading-parity/tests/book-perf-test/target/jacoco.exec"],"jacocoFormats":["xml"],"jacocoSkipped":false,"classpath":["/home/jbergqvist/diffblue/paritytrading-parity/tests/book-perf-test/target/classes","/home/jbergqvist/.m2/repository/com/paritytrading/parity/parity-book/0.7.1-SNAPSHOT/parity-book-0.7.1-SNAPSHOT.jar","/home/jbergqvist/.m2/repository/it/unimi/dsi/fastutil/8.1.0/fastutil-8.1.0.jar","/home/jbergqvist/.m2/repository/org/openjdk/jmh/jmh-core/1.19/jmh-core-1.19.jar","/home/jbergqvist/.m2/repository/net/sf/jopt-simple/jopt-simple/4.6/jopt-simple-4.6.jar","/home/jbergqvist/.m2/repository/org/apache/commons/commons-math3/3.2/commons-math3-3.2.jar","/home/jbergqvist/.m2/repository/com/diffblue/cover/cover-annotations/1.9.0/cover-annotations-1.9.0.jar","/home/jbergqvist/.m2/repository/org/openjdk/jmh/jmh-generator-annprocess/1.19/jmh-generator-annprocess-1.19.jar","/home/jbergqvist/.m2/repository/org/junit/jupiter/junit-jupiter-engine/5.13.4/junit-jupiter-engine-5.13.4.jar","/home/jbergqvist/.m2/repository/org/junit/platform/junit-platform-engine/1.13.4/junit-platform-engine-1.13.4.jar","/home/jbergqvist/.m2/repository/org/opentest4j/opentest4j/1.3.0/opentest4j-1.3.0.jar","/home/jbergqvist/.m2/repository/org/junit/platform/junit-platform-commons/1.13.4/junit-platform-commons-1.13.4.jar","/home/jbergqvist/.m2/repository/org/junit/jupiter/junit-jupiter-api/5.13.4/junit-jupiter-api-5.13.4.jar","/home/jbergqvist/.m2/repository/org/apiguardian/apiguardian-api/1.1.2/apiguardian-api-1.1.2.jar","/home/jbergqvist/.m2/repository/org/mockito/mockito-core/4.11.0/mockito-core-4.11.0.jar","/home/jbergqvist/.m2/repository/net/bytebuddy/byte-buddy/1.12.19/byte-buddy-1.12.19.jar","/home/jbergqvist/.m2/repository/net/bytebuddy/byte-buddy-agent/1.12.19/byte-buddy-agent-1.12.19.jar","/home/jbergqvist/.m2/repository/org/objenesis/objenesis/3.3/objenesis-3.3.jar","/home/jbergqvist/.m2/repository/org/mockito/mockito-junit-jupiter/4.11.0/mockito-junit-jupiter-4.11.0.jar"],"complianceLevel":"1.8","productionSources":["/home/jbergqvist/diffblue/paritytrading-parity/tests/book-perf-test/src/main/java"],"testSources":["/home/jbergqvist/diffblue/paritytrading-parity/tests/book-perf-test/src/test/java"],"productionClasses":"/home/jbergqvist/diffblue/paritytrading-parity/tests/book-perf-test/target/classes","testClasses":"/home/jbergqvist/diffblue/paritytrading-parity/tests/book-perf-test/target/test-classes","sourceToBuildPathMap":null,"testSourceToBuildPathMap":null,"buildDirectory":"/home/jbergqvist/diffblue/paritytrading-parity/tests/book-perf-test/target","plugins":[{"__type":"DefaultPlugin","groupId":"org.apache.maven.plugins","artefactId":"maven-enforcer-plugin","version":"1.0","pluginClassName":null},{"__type":"DefaultPlugin","groupId":"org.apache.maven.plugins","artefactId":"maven-checkstyle-plugin","version":"3.1.0","pluginClassName":null},{"__type":"DefaultPlugin","groupId":"org.apache.maven.plugins","artefactId":"maven-compiler-plugin","version":"3.8.0","pluginClassName":null},{"__type":"DefaultPlugin","groupId":"org.apache.maven.plugins","artefactId":"maven-javadoc-plugin","version":"3.0.1","pluginClassName":null},{"__type":"DefaultPlugin","groupId":"org.apache.maven.plugins","artefactId":"maven-release-plugin","version":"2.5.3","pluginClassName":null},{"__type":"DefaultPlugin","groupId":"org.apache.maven.plugins","artefactId":"maven-deploy-plugin","version":"2.8.2","pluginClassName":null},{"__type":"DefaultPlugin","groupId":"org.apache.maven.plugins","artefactId":"maven-shade-plugin","version":"3.2.1","pluginClassName":null},{"__type":"DefaultPlugin","groupId":"org.apache.maven.plugins","artefactId":"maven-clean-plugin","version":"3.2.0","pluginClassName":null},{"__type":"DefaultPlugin","groupId":"org.apache.maven.plugins","artefactId":"maven-resources-plugin","version":"3.3.1","pluginClassName":null},{"__type":"DefaultPlugin","groupId":"org.apache.maven.plugins","artefactId":"maven-jar-plugin","version":"3.4.1","pluginClassName":null},{"__type":"DefaultPlugin","groupId":"org.apache.maven.plugins","artefactId":"maven-surefire-plugin","version":"3.0.0-M5","pluginClassName":null},{"__type":"DefaultPlugin","groupId":"org.apache.maven.plugins","artefactId":"maven-install-plugin","version":"3.1.2","pluginClassName":null},{"__type":"DefaultPlugin","groupId":"org.apache.maven.plugins","artefactId":"maven-site-plugin","version":"3.12.1","pluginClassName":null}],"version":"3.9.12","encoding":"UTF-8","name":"maven","subModules":[],"simpleModuleName":null,"parentModuleName":"com.paritytrading.parity:parity-parent","location":"/home/jbergqvist/diffblue/paritytrading-parity/tests/book-perf-test","fullModuleName":"com.paritytrading.parity:parity-book-perf-test"},{"__type":"DefaultProjectModule","junitReport":["/home/jbergqvist/diffblue/paritytrading-parity/tests/match-perf-test/target/surefire-reports"],"jacocoReport":["/home/jbergqvist/diffblue/paritytrading-parity/tests/match-perf-test/target/site/jacoco/jacoco.xml"],"jacocoDestFile":["/home/jbergqvist/diffblue/paritytrading-parity/tests/match-perf-test/target/jacoco.exec"],"jacocoFormats":["xml"],"jacocoSkipped":false,"classpath":["/home/jbergqvist/diffblue/paritytrading-parity/tests/match-perf-test/target/classes","/home/jbergqvist/.m2/repository/com/paritytrading/parity/parity-match/0.7.1-SNAPSHOT/parity-match-0.7.1-SNAPSHOT.jar","/home/jbergqvist/.m2/repository/it/unimi/dsi/fastutil/8.1.0/fastutil-8.1.0.jar","/home/jbergqvist/.m2/repository/org/openjdk/jmh/jmh-core/1.19/jmh-core-1.19.jar","/home/jbergqvist/.m2/repository/net/sf/jopt-simple/jopt-simple/4.6/jopt-simple-4.6.jar","/home/jbergqvist/.m2/repository/org/apache/commons/commons-math3/3.2/commons-math3-3.2.jar","/home/jbergqvist/.m2/repository/com/diffblue/cover/cover-annotations/1.9.0/cover-annotations-1.9.0.jar","/home/jbergqvist/.m2/repository/org/openjdk/jmh/jmh-generator-annprocess/1.19/jmh-generator-annprocess-1.19.jar","/home/jbergqvist/.m2/repository/org/junit/jupiter/junit-jupiter-engine/5.13.4/junit-jupiter-engine-5.13.4.jar","/home/jbergqvist/.m2/repository/org/junit/platform/junit-platform-engine/1.13.4/junit-platform-engine-1.13.4.jar","/home/jbergqvist/.m2/repository/org/opentest4j/opentest4j/1.3.0/opentest4j-1.3.0.jar","/home/jbergqvist/.m2/repository/org/junit/platform/junit-platform-commons/1.13.4/junit-platform-commons-1.13.4.jar","/home/jbergqvist/.m2/repository/org/junit/jupiter/junit-jupiter-api/5.13.4/junit-jupiter-api-5.13.4.jar","/home/jbergqvist/.m2/repository/org/apiguardian/apiguardian-api/1.1.2/apiguardian-api-1.1.2.jar","/home/jbergqvist/.m2/repository/org/mockito/mockito-core/4.11.0/mockito-core-4.11.0.jar","/home/jbergqvist/.m2/repository/net/bytebuddy/byte-buddy/1.12.19/byte-buddy-1.12.19.jar","/home/jbergqvist/.m2/repository/net/bytebuddy/byte-buddy-agent/1.12.19/byte-buddy-agent-1.12.19.jar","/home/jbergqvist/.m2/repository/org/objenesis/objenesis/3.3/objenesis-3.3.jar","/home/jbergqvist/.m2/repository/org/mockito/mockito-junit-jupiter/4.11.0/mockito-junit-jupiter-4.11.0.jar"],"complianceLevel":"1.8","productionSources":["/home/jbergqvist/diffblue/paritytrading-parity/tests/match-perf-test/src/main/java"],"testSources":["/home/jbergqvist/diffblue/paritytrading-parity/tests/match-perf-test/src/test/java"],"productionClasses":"/home/jbergqvist/diffblue/paritytrading-parity/tests/match-perf-test/target/classes","testClasses":"/home/jbergqvist/diffblue/paritytrading-parity/tests/match-perf-test/target/test-classes","sourceToBuildPathMap":null,"testSourceToBuildPathMap":null,"buildDirectory":"/home/jbergqvist/diffblue/paritytrading-parity/tests/match-perf-test/target","plugins":[{"__type":"DefaultPlugin","groupId":"org.apache.maven.plugins","artefactId":"maven-enforcer-plugin","version":"1.0","pluginClassName":null},{"__type":"DefaultPlugin","groupId":"org.apache.maven.plugins","artefactId":"maven-checkstyle-plugin","version":"3.1.0","pluginClassName":null},{"__type":"DefaultPlugin","groupId":"org.apache.maven.plugins","artefactId":"maven-compiler-plugin","version":"3.8.0","pluginClassName":null},{"__type":"DefaultPlugin","groupId":"org.apache.maven.plugins","artefactId":"maven-javadoc-plugin","version":"3.0.1","pluginClassName":null},{"__type":"DefaultPlugin","groupId":"org.apache.maven.plugins","artefactId":"maven-release-plugin","version":"2.5.3","pluginClassName":null},{"__type":"DefaultPlugin","groupId":"org.apache.maven.plugins","artefactId":"maven-deploy-plugin","version":"2.8.2","pluginClassName":null},{"__type":"DefaultPlugin","groupId":"org.apache.maven.plugins","artefactId":"maven-shade-plugin","version":"3.2.1","pluginClassName":null},{"__type":"DefaultPlugin","groupId":"org.apache.maven.plugins","artefactId":"maven-clean-plugin","version":"3.2.0","pluginClassName":null},{"__type":"DefaultPlugin","groupId":"org.apache.maven.plugins","artefactId":"maven-resources-plugin","version":"3.3.1","pluginClassName":null},{"__type":"DefaultPlugin","groupId":"org.apache.maven.plugins","artefactId":"maven-jar-plugin","version":"3.4.1","pluginClassName":null},{"__type":"DefaultPlugin","groupId":"org.apache.maven.plugins","artefactId":"maven-surefire-plugin","version":"3.0.0-M5","pluginClassName":null},{"__type":"DefaultPlugin","groupId":"org.apache.maven.plugins","artefactId":"maven-install-plugin","version":"3.1.2","pluginClassName":null},{"__type":"DefaultPlugin","groupId":"org.apache.maven.plugins","artefactId":"maven-site-plugin","version":"3.12.1","pluginClassName":null}],"version":"3.9.12","encoding":"UTF-8","name":"maven","subModules":[],"simpleModuleName":null,"parentModuleName":"com.paritytrading.parity:parity-parent","location":"/home/jbergqvist/diffblue/paritytrading-parity/tests/match-perf-test","fullModuleName":"com.paritytrading.parity:parity-match-perf-test"}],"simpleModuleName":null,"parentModuleName":"org.sonatype.oss:oss-parent","location":"/home/jbergqvist/diffblue/paritytrading-parity","fullModuleName":"com.paritytrading.parity:parity-parent"}}
10:44:43.890 [INFO]   [Checking]    out: [INFO] ------------------------------------------------------------------------
10:44:43.891 [INFO]   [Checking]    out: [INFO] Reactor Summary for Parity (Parent) 0.7.1-SNAPSHOT:
10:44:43.891 [INFO]   [Checking]    out: [INFO] 
10:44:43.891 [INFO]   [Checking]    out: [INFO] Parity (Parent) .................................... SUCCESS [  0.631 s]
10:44:43.891 [INFO]   [Checking]    out: [INFO] Parity Order Book .................................. SUCCESS [  0.048 s]
10:44:43.891 [INFO]   [Checking]    out: [INFO] Parity File Formats ................................ SUCCESS [  0.011 s]
10:44:43.891 [INFO]   [Checking]    out: [INFO] Parity Matching Algorithm .......................... SUCCESS [  0.010 s]
10:44:43.891 [INFO]   [Checking]    out: [INFO] Parity Network Protocols ........................... SUCCESS [  0.013 s]
10:44:43.891 [INFO]   [Checking]    out: [INFO] Parity Utilities ................................... SUCCESS [  0.009 s]
10:44:43.891 [INFO]   [Checking]    out: [INFO] Parity Terminal Client ............................. SUCCESS [  0.015 s]
10:44:43.891 [INFO]   [Checking]    out: [INFO] Parity FIX Gateway ................................. SUCCESS [  0.015 s]
10:44:43.891 [INFO]   [Checking]    out: [INFO] Parity Trade Reporter .............................. SUCCESS [  0.010 s]
10:44:43.891 [INFO]   [Checking]    out: [INFO] Parity Trading System .............................. SUCCESS [  0.009 s]
10:44:43.892 [INFO]   [Checking]    out: [INFO] Parity Stock Ticker ................................ SUCCESS [  0.008 s]
10:44:43.892 [INFO]   [Checking]    out: [INFO] Parity Order Book Performance Test ................. SUCCESS [  0.014 s]
10:44:43.892 [INFO]   [Checking]    out: [INFO] Parity Matching Algorithm Performance Test ......... SUCCESS [  0.008 s]
10:44:43.892 [INFO]   [Checking]    out: [INFO] ------------------------------------------------------------------------
10:44:43.892 [INFO]   [Checking]    out: [INFO] BUILD SUCCESS
10:44:43.892 [INFO]   [Checking]    out: [INFO] ------------------------------------------------------------------------
10:44:43.892 [INFO]   [Checking]    out: [INFO] Total time:  0.993 s
10:44:43.892 [INFO]   [Checking]    out: [INFO] Finished at: 2026-01-20T10:44:43Z
10:44:43.892 [INFO]   [Checking]    out: [INFO] ------------------------------------------------------------------------
10:44:43.892 [INFO]   [Checking]    deserializing line [DIFFBLUE]{"__type":"com.diffblue.cover.buildsystem.model.ProjectInfoMessage","projectName":"com.paritytrading.parity:parity-parent","productionSources":["/home/jbergqvist/diffblue/paritytrading-parity/src/main/java"],"testSources":["/home/jbergqvist/diffblue/paritytrading-parity/src/test/java"],"location":"/home/jbergqvist/diffblue/paritytrading-parity"}
10:44:43.894 [INFO]   [Checking]    deserializing line [DIFFBLUE]{"__type":"com.diffblue.cover.buildsystem.model.ProjectInfoMessage","projectName":"com.paritytrading.parity:parity-book","productionSources":["/home/jbergqvist/diffblue/paritytrading-parity/libraries/book/src/main/java"],"testSources":["/home/jbergqvist/diffblue/paritytrading-parity/libraries/book/src/test/java"],"location":"/home/jbergqvist/diffblue/paritytrading-parity/libraries/book"}
10:44:43.895 [INFO]   [Checking]    deserializing line [DIFFBLUE]{"__type":"com.diffblue.cover.buildsystem.model.ProjectInfoMessage","projectName":"com.paritytrading.parity:parity-file","productionSources":["/home/jbergqvist/diffblue/paritytrading-parity/libraries/file/src/main/java"],"testSources":["/home/jbergqvist/diffblue/paritytrading-parity/libraries/file/src/test/java"],"location":"/home/jbergqvist/diffblue/paritytrading-parity/libraries/file"}
10:44:43.896 [INFO]   [Checking]    deserializing line [DIFFBLUE]{"__type":"com.diffblue.cover.buildsystem.model.ProjectInfoMessage","projectName":"com.paritytrading.parity:parity-match","productionSources":["/home/jbergqvist/diffblue/paritytrading-parity/libraries/match/src/main/java"],"testSources":["/home/jbergqvist/diffblue/paritytrading-parity/libraries/match/src/test/java"],"location":"/home/jbergqvist/diffblue/paritytrading-parity/libraries/match"}
10:44:43.897 [INFO]   [Checking]    deserializing line [DIFFBLUE]{"__type":"com.diffblue.cover.buildsystem.model.ProjectInfoMessage","projectName":"com.paritytrading.parity:parity-net","productionSources":["/home/jbergqvist/diffblue/paritytrading-parity/libraries/net/src/main/java"],"testSources":["/home/jbergqvist/diffblue/paritytrading-parity/libraries/net/src/test/java"],"location":"/home/jbergqvist/diffblue/paritytrading-parity/libraries/net"}
10:44:43.898 [INFO]   [Checking]    deserializing line [DIFFBLUE]{"__type":"com.diffblue.cover.buildsystem.model.ProjectInfoMessage","projectName":"com.paritytrading.parity:parity-util","productionSources":["/home/jbergqvist/diffblue/paritytrading-parity/libraries/util/src/main/java"],"testSources":["/home/jbergqvist/diffblue/paritytrading-parity/libraries/util/src/test/java"],"location":"/home/jbergqvist/diffblue/paritytrading-parity/libraries/util"}
10:44:43.900 [INFO]   [Checking]    deserializing line [DIFFBLUE]{"__type":"com.diffblue.cover.buildsystem.model.ProjectInfoMessage","projectName":"com.paritytrading.parity:parity-client","productionSources":["/home/jbergqvist/diffblue/paritytrading-parity/applications/client/src/main/java"],"testSources":["/home/jbergqvist/diffblue/paritytrading-parity/applications/client/src/test/java"],"location":"/home/jbergqvist/diffblue/paritytrading-parity/applications/client"}
10:44:43.901 [INFO]   [Checking]    deserializing line [DIFFBLUE]{"__type":"com.diffblue.cover.buildsystem.model.ProjectInfoMessage","projectName":"com.paritytrading.parity:parity-fix","productionSources":["/home/jbergqvist/diffblue/paritytrading-parity/applications/fix/src/main/java"],"testSources":["/home/jbergqvist/diffblue/paritytrading-parity/applications/fix/src/test/java"],"location":"/home/jbergqvist/diffblue/paritytrading-parity/applications/fix"}
10:44:43.901 [INFO]   [Checking]    deserializing line [DIFFBLUE]{"__type":"com.diffblue.cover.buildsystem.model.ProjectInfoMessage","projectName":"com.paritytrading.parity:parity-reporter","productionSources":["/home/jbergqvist/diffblue/paritytrading-parity/applications/reporter/src/main/java"],"testSources":["/home/jbergqvist/diffblue/paritytrading-parity/applications/reporter/src/test/java"],"location":"/home/jbergqvist/diffblue/paritytrading-parity/applications/reporter"}
10:44:43.902 [INFO]   [Checking]    deserializing line [DIFFBLUE]{"__type":"com.diffblue.cover.buildsystem.model.ProjectInfoMessage","projectName":"com.paritytrading.parity:parity-system","productionSources":["/home/jbergqvist/diffblue/paritytrading-parity/applications/system/src/main/java"],"testSources":["/home/jbergqvist/diffblue/paritytrading-parity/applications/system/src/test/java"],"location":"/home/jbergqvist/diffblue/paritytrading-parity/applications/system"}
10:44:43.903 [INFO]   [Checking]    deserializing line [DIFFBLUE]{"__type":"com.diffblue.cover.buildsystem.model.ProjectInfoMessage","projectName":"com.paritytrading.parity:parity-ticker","productionSources":["/home/jbergqvist/diffblue/paritytrading-parity/applications/ticker/src/main/java"],"testSources":["/home/jbergqvist/diffblue/paritytrading-parity/applications/ticker/src/test/java"],"location":"/home/jbergqvist/diffblue/paritytrading-parity/applications/ticker"}
10:44:43.903 [INFO]   [Checking]    deserializing line [DIFFBLUE]{"__type":"com.diffblue.cover.buildsystem.model.ProjectInfoMessage","projectName":"com.paritytrading.parity:parity-book-perf-test","productionSources":["/home/jbergqvist/diffblue/paritytrading-parity/tests/book-perf-test/src/main/java"],"testSources":["/home/jbergqvist/diffblue/paritytrading-parity/tests/book-perf-test/src/test/java"],"location":"/home/jbergqvist/diffblue/paritytrading-parity/tests/book-perf-test"}
10:44:43.904 [INFO]   [Checking]    deserializing line [DIFFBLUE]{"__type":"com.diffblue.cover.buildsystem.model.ProjectInfoMessage","projectName":"com.paritytrading.parity:parity-match-perf-test","productionSources":["/home/jbergqvist/diffblue/paritytrading-parity/tests/match-perf-test/src/main/java"],"testSources":["/home/jbergqvist/diffblue/paritytrading-parity/tests/match-perf-test/src/test/java"],"location":"/home/jbergqvist/diffblue/paritytrading-parity/tests/match-perf-test"}
10:44:43.923 [INFO]   [Checking]    maven:err process not stopped, joining thread
10:44:43.923 [INFO]   [Checking]    maven:out process not stopped, joining thread
10:44:43.924 [INFO]   [Checking]    Deserializing project module message
10:44:43.924 [INFO]   [Checking]    deserializing line [DIFFBLUE]{"__type":"com.diffblue.cover.buildsystem.model.DefaultEventMessage","project":"com.paritytrading.parity:parity-parent","goal":"build-classpath","cause":null,"state":"STARTED"}
10:44:43.926 [INFO]   [Checking]    deserializing line [DIFFBLUE]{"__type":"com.diffblue.cover.buildsystem.model.DefaultEventMessage","project":"com.paritytrading.parity:parity-parent","goal":"build-classpath","cause":null,"state":"SUCCESS"}
10:44:43.927 [INFO]   [Checking]    deserializing line [DIFFBLUE]{"__type":"com.diffblue.cover.buildsystem.model.DefaultEventMessage","project":"com.paritytrading.parity:parity-book","goal":"build-classpath","cause":null,"state":"STARTED"}
10:44:43.928 [INFO]   [Checking]    deserializing line [DIFFBLUE]{"__type":"com.diffblue.cover.buildsystem.model.DefaultEventMessage","project":"com.paritytrading.parity:parity-book","goal":"build-classpath","cause":null,"state":"SUCCESS"}
10:44:43.929 [INFO]   [Checking]    deserializing line [DIFFBLUE]{"__type":"com.diffblue.cover.buildsystem.model.DefaultEventMessage","project":"com.paritytrading.parity:parity-file","goal":"build-classpath","cause":null,"state":"STARTED"}
10:44:43.931 [INFO]   [Checking]    deserializing line [DIFFBLUE]{"__type":"com.diffblue.cover.buildsystem.model.DefaultEventMessage","project":"com.paritytrading.parity:parity-file","goal":"build-classpath","cause":null,"state":"SUCCESS"}
10:44:43.932 [INFO]   [Checking]    deserializing line [DIFFBLUE]{"__type":"com.diffblue.cover.buildsystem.model.DefaultEventMessage","project":"com.paritytrading.parity:parity-match","goal":"build-classpath","cause":null,"state":"STARTED"}
10:44:43.933 [INFO]   [Checking]    deserializing line [DIFFBLUE]{"__type":"com.diffblue.cover.buildsystem.model.DefaultEventMessage","project":"com.paritytrading.parity:parity-match","goal":"build-classpath","cause":null,"state":"SUCCESS"}
10:44:43.934 [INFO]   [Checking]    deserializing line [DIFFBLUE]{"__type":"com.diffblue.cover.buildsystem.model.DefaultEventMessage","project":"com.paritytrading.parity:parity-net","goal":"build-classpath","cause":null,"state":"STARTED"}
10:44:43.935 [INFO]   [Checking]    deserializing line [DIFFBLUE]{"__type":"com.diffblue.cover.buildsystem.model.DefaultEventMessage","project":"com.paritytrading.parity:parity-net","goal":"build-classpath","cause":null,"state":"SUCCESS"}
10:44:43.936 [INFO]   [Checking]    deserializing line [DIFFBLUE]{"__type":"com.diffblue.cover.buildsystem.model.DefaultEventMessage","project":"com.paritytrading.parity:parity-util","goal":"build-classpath","cause":null,"state":"STARTED"}
10:44:43.938 [INFO]   [Checking]    deserializing line [DIFFBLUE]{"__type":"com.diffblue.cover.buildsystem.model.DefaultEventMessage","project":"com.paritytrading.parity:parity-util","goal":"build-classpath","cause":null,"state":"SUCCESS"}
10:44:43.939 [INFO]   [Checking]    deserializing line [DIFFBLUE]{"__type":"com.diffblue.cover.buildsystem.model.DefaultEventMessage","project":"com.paritytrading.parity:parity-client","goal":"build-classpath","cause":null,"state":"STARTED"}
10:44:43.940 [INFO]   [Checking]    deserializing line [DIFFBLUE]{"__type":"com.diffblue.cover.buildsystem.model.DefaultEventMessage","project":"com.paritytrading.parity:parity-client","goal":"build-classpath","cause":null,"state":"SUCCESS"}
10:44:43.942 [INFO]   [Checking]    deserializing line [DIFFBLUE]{"__type":"com.diffblue.cover.buildsystem.model.DefaultEventMessage","project":"com.paritytrading.parity:parity-fix","goal":"build-classpath","cause":null,"state":"STARTED"}
10:44:43.943 [INFO]   [Checking]    deserializing line [DIFFBLUE]{"__type":"com.diffblue.cover.buildsystem.model.DefaultEventMessage","project":"com.paritytrading.parity:parity-fix","goal":"build-classpath","cause":null,"state":"SUCCESS"}
10:44:43.944 [INFO]   [Checking]    deserializing line [DIFFBLUE]{"__type":"com.diffblue.cover.buildsystem.model.DefaultEventMessage","project":"com.paritytrading.parity:parity-reporter","goal":"build-classpath","cause":null,"state":"STARTED"}
10:44:43.945 [INFO]   [Checking]    deserializing line [DIFFBLUE]{"__type":"com.diffblue.cover.buildsystem.model.DefaultEventMessage","project":"com.paritytrading.parity:parity-reporter","goal":"build-classpath","cause":null,"state":"SUCCESS"}
10:44:43.946 [INFO]   [Checking]    deserializing line [DIFFBLUE]{"__type":"com.diffblue.cover.buildsystem.model.DefaultEventMessage","project":"com.paritytrading.parity:parity-system","goal":"build-classpath","cause":null,"state":"STARTED"}
10:44:43.947 [INFO]   [Checking]    deserializing line [DIFFBLUE]{"__type":"com.diffblue.cover.buildsystem.model.DefaultEventMessage","project":"com.paritytrading.parity:parity-system","goal":"build-classpath","cause":null,"state":"SUCCESS"}
10:44:43.948 [INFO]   [Checking]    deserializing line [DIFFBLUE]{"__type":"com.diffblue.cover.buildsystem.model.DefaultEventMessage","project":"com.paritytrading.parity:parity-ticker","goal":"build-classpath","cause":null,"state":"STARTED"}
10:44:43.949 [INFO]   [Checking]    deserializing line [DIFFBLUE]{"__type":"com.diffblue.cover.buildsystem.model.DefaultEventMessage","project":"com.paritytrading.parity:parity-ticker","goal":"build-classpath","cause":null,"state":"SUCCESS"}
10:44:43.951 [INFO]   [Checking]    deserializing line [DIFFBLUE]{"__type":"com.diffblue.cover.buildsystem.model.DefaultEventMessage","project":"com.paritytrading.parity:parity-book-perf-test","goal":"build-classpath","cause":null,"state":"STARTED"}
10:44:43.952 [INFO]   [Checking]    deserializing line [DIFFBLUE]{"__type":"com.diffblue.cover.buildsystem.model.DefaultEventMessage","project":"com.paritytrading.parity:parity-book-perf-test","goal":"build-classpath","cause":null,"state":"SUCCESS"}
10:44:43.953 [INFO]   [Checking]    deserializing line [DIFFBLUE]{"__type":"com.diffblue.cover.buildsystem.model.DefaultEventMessage","project":"com.paritytrading.parity:parity-match-perf-test","goal":"build-classpath","cause":null,"state":"STARTED"}
10:44:43.954 [INFO]   [Checking]    deserializing line [DIFFBLUE]{"__type":"com.diffblue.cover.buildsystem.model.DefaultEventMessage","project":"com.paritytrading.parity:parity-match-perf-test","goal":"build-classpath","cause":null,"state":"SUCCESS"}
10:44:43.956 [INFO]   [Checking]    deserializing line [DIFFBLUE]{"__type":"com.diffblue.cover.buildsystem.model.DefaultProjectModuleMessage","project":{"__type":"DefaultProjectModule","junitReport":["/home/jbergqvist/diffblue/paritytrading-parity/target/surefire-reports"],"jacocoReport":["/home/jbergqvist/diffblue/paritytrading-parity/target/site/jacoco/jacoco.xml"],"jacocoDestFile":["/home/jbergqvist/diffblue/paritytrading-parity/target/jacoco.exec"],"jacocoFormats":["xml"],"jacocoSkipped":false,"classpath":["/home/jbergqvist/diffblue/paritytrading-parity/target/classes"],"complianceLevel":"1.8","productionSources":["/home/jbergqvist/diffblue/paritytrading-parity/src/main/java"],"testSources":["/home/jbergqvist/diffblue/paritytrading-parity/src/test/java"],"productionClasses":"/home/jbergqvist/diffblue/paritytrading-parity/target/classes","testClasses":"/home/jbergqvist/diffblue/paritytrading-parity/target/test-classes","sourceToBuildPathMap":null,"testSourceToBuildPathMap":null,"buildDirectory":"/home/jbergqvist/diffblue/paritytrading-parity/target","plugins":[{"__type":"DefaultPlugin","groupId":"org.apache.maven.plugins","artefactId":"maven-enforcer-plugin","version":"1.0","pluginClassName":null},{"__type":"DefaultPlugin","groupId":"org.apache.maven.plugins","artefactId":"maven-checkstyle-plugin","version":"3.1.0","pluginClassName":null},{"__type":"DefaultPlugin","groupId":"org.apache.maven.plugins","artefactId":"maven-compiler-plugin","version":"3.8.0","pluginClassName":null},{"__type":"DefaultPlugin","groupId":"org.apache.maven.plugins","artefactId":"maven-javadoc-plugin","version":"3.0.1","pluginClassName":null},{"__type":"DefaultPlugin","groupId":"org.apache.maven.plugins","artefactId":"maven-release-plugin","version":"2.5.3","pluginClassName":null},{"__type":"DefaultPlugin","groupId":"org.apache.maven.plugins","artefactId":"maven-clean-plugin","version":"3.2.0","pluginClassName":null},{"__type":"DefaultPlugin","groupId":"org.apache.maven.plugins","artefactId":"maven-install-plugin","version":"3.1.2","pluginClassName":null},{"__type":"DefaultPlugin","groupId":"org.apache.maven.plugins","artefactId":"maven-deploy-plugin","version":"2.8.2","pluginClassName":null},{"__type":"DefaultPlugin","groupId":"org.apache.maven.plugins","artefactId":"maven-site-plugin","version":"3.12.1","pluginClassName":null}],"version":"3.9.12","encoding":"UTF-8","name":"maven","subModules":[{"__type":"DefaultProjectModule","junitReport":["/home/jbergqvist/diffblue/paritytrading-parity/libraries/book/target/surefire-reports"],"jacocoReport":["/home/jbergqvist/diffblue/paritytrading-parity/libraries/book/target/site/jacoco/jacoco.xml"],"jacocoDestFile":["/home/jbergqvist/diffblue/paritytrading-parity/libraries/book/target/jacoco.exec"],"jacocoFormats":["xml"],"jacocoSkipped":false,"classpath":["/home/jbergqvist/diffblue/paritytrading-parity/libraries/book/target/classes","/home/jbergqvist/.m2/repository/it/unimi/dsi/fastutil/8.1.0/fastutil-8.1.0.jar","/home/jbergqvist/.m2/repository/org/apache/commons/commons-lang3/3.12.0/commons-lang3-3.12.0.jar","/home/jbergqvist/.m2/repository/org/junit/jupiter/junit-jupiter/5.7.0/junit-jupiter-5.7.0.jar","/home/jbergqvist/.m2/repository/org/junit/jupiter/junit-jupiter-api/5.7.0/junit-jupiter-api-5.7.0.jar","/home/jbergqvist/.m2/repository/org/apiguardian/apiguardian-api/1.1.0/apiguardian-api-1.1.0.jar","/home/jbergqvist/.m2/repository/org/opentest4j/opentest4j/1.2.0/opentest4j-1.2.0.jar","/home/jbergqvist/.m2/repository/org/junit/platform/junit-platform-commons/1.7.0/junit-platform-commons-1.7.0.jar","/home/jbergqvist/.m2/repository/org/junit/jupiter/junit-jupiter-params/5.7.0/junit-jupiter-params-5.7.0.jar","/home/jbergqvist/.m2/repository/org/junit/jupiter/junit-jupiter-engine/5.7.0/junit-jupiter-engine-5.7.0.jar","/home/jbergqvist/.m2/repository/org/junit/platform/junit-platform-engine/1.7.0/junit-platform-engine-1.7.0.jar","/home/jbergqvist/.m2/repository/com/diffblue/cover/cover-annotations/1.9.0/cover-annotations-1.9.0.jar","/home/jbergqvist/.m2/repository/org/mockito/mockito-core/4.11.0/mockito-core-4.11.0.jar","/home/jbergqvist/.m2/repository/net/bytebuddy/byte-buddy/1.12.19/byte-buddy-1.12.19.jar","/home/jbergqvist/.m2/repository/net/bytebuddy/byte-buddy-agent/1.12.19/byte-buddy-agent-1.12.19.jar","/home/jbergqvist/.m2/repository/org/objenesis/objenesis/3.3/objenesis-3.3.jar","/home/jbergqvist/.m2/repository/org/mockito/mockito-junit-jupiter/4.11.0/mockito-junit-jupiter-4.11.0.jar"],"complianceLevel":"1.8","productionSources":["/home/jbergqvist/diffblue/paritytrading-parity/libraries/book/src/main/java"],"testSources":["/home/jbergqvist/diffblue/paritytrading-parity/libraries/book/src/test/java"],"productionClasses":"/home/jbergqvist/diffblue/paritytrading-parity/libraries/book/target/classes","testClasses":"/home/jbergqvist/diffblue/paritytrading-parity/libraries/book/target/test-classes","sourceToBuildPathMap":null,"testSourceToBuildPathMap":null,"buildDirectory":"/home/jbergqvist/diffblue/paritytrading-parity/libraries/book/target","plugins":[{"__type":"DefaultPlugin","groupId":"org.apache.maven.plugins","artefactId":"maven-enforcer-plugin","version":"1.0","pluginClassName":null},{"__type":"DefaultPlugin","groupId":"org.apache.maven.plugins","artefactId":"maven-checkstyle-plugin","version":"3.1.0","pluginClassName":null},{"__type":"DefaultPlugin","groupId":"org.apache.maven.plugins","artefactId":"maven-compiler-plugin","version":"3.8.0","pluginClassName":null},{"__type":"DefaultPlugin","groupId":"org.apache.maven.plugins","artefactId":"maven-javadoc-plugin","version":"3.0.1","pluginClassName":null},{"__type":"DefaultPlugin","groupId":"org.apache.maven.plugins","artefactId":"maven-release-plugin","version":"2.5.3","pluginClassName":null},{"__type":"DefaultPlugin","groupId":"org.apache.maven.plugins","artefactId":"maven-clean-plugin","version":"3.2.0","pluginClassName":null},{"__type":"DefaultPlugin","groupId":"org.apache.maven.plugins","artefactId":"maven-resources-plugin","version":"3.3.1","pluginClassName":null},{"__type":"DefaultPlugin","groupId":"org.apache.maven.plugins","artefactId":"maven-jar-plugin","version":"3.4.1","pluginClassName":null},{"__type":"DefaultPlugin","groupId":"org.apache.maven.plugins","artefactId":"maven-surefire-plugin","version":"3.0.0-M5","pluginClassName":null},{"__type":"DefaultPlugin","groupId":"org.apache.maven.plugins","artefactId":"maven-install-plugin","version":"3.1.2","pluginClassName":null},{"__type":"DefaultPlugin","groupId":"org.apache.maven.plugins","artefactId":"maven-deploy-plugin","version":"2.8.2","pluginClassName":null},{"__type":"DefaultPlugin","groupId":"org.apache.maven.plugins","artefactId":"maven-site-plugin","version":"3.12.1","pluginClassName":null}],"version":"3.9.12","encoding":"UTF-8","name":"maven","subModules":[],"simpleModuleName":null,"parentModuleName":"com.paritytrading.parity:parity-parent","location":"/home/jbergqvist/diffblue/paritytrading-parity/libraries/book","fullModuleName":"com.paritytrading.parity:parity-book"},{"__type":"DefaultProjectModule","junitReport":["/home/jbergqvist/diffblue/paritytrading-parity/libraries/file/target/surefire-reports"],"jacocoReport":["/home/jbergqvist/diffblue/paritytrading-parity/libraries/file/target/site/jacoco/jacoco.xml"],"jacocoDestFile":["/home/jbergqvist/diffblue/paritytrading-parity/libraries/file/target/jacoco.exec"],"jacocoFormats":["xml"],"jacocoSkipped":false,"classpath":["/home/jbergqvist/diffblue/paritytrading-parity/libraries/file/target/classes","/home/jbergqvist/.m2/repository/org/junit/jupiter/junit-jupiter/5.7.0/junit-jupiter-5.7.0.jar","/home/jbergqvist/.m2/repository/org/junit/jupiter/junit-jupiter-api/5.7.0/junit-jupiter-api-5.7.0.jar","/home/jbergqvist/.m2/repository/org/apiguardian/apiguardian-api/1.1.0/apiguardian-api-1.1.0.jar","/home/jbergqvist/.m2/repository/org/opentest4j/opentest4j/1.2.0/opentest4j-1.2.0.jar","/home/jbergqvist/.m2/repository/org/junit/platform/junit-platform-commons/1.7.0/junit-platform-commons-1.7.0.jar","/home/jbergqvist/.m2/repository/org/junit/jupiter/junit-jupiter-params/5.7.0/junit-jupiter-params-5.7.0.jar","/home/jbergqvist/.m2/repository/org/junit/jupiter/junit-jupiter-engine/5.7.0/junit-jupiter-engine-5.7.0.jar","/home/jbergqvist/.m2/repository/org/junit/platform/junit-platform-engine/1.7.0/junit-platform-engine-1.7.0.jar","/home/jbergqvist/.m2/repository/com/diffblue/cover/cover-annotations/1.9.0/cover-annotations-1.9.0.jar","/home/jbergqvist/.m2/repository/org/mockito/mockito-core/4.11.0/mockito-core-4.11.0.jar","/home/jbergqvist/.m2/repository/net/bytebuddy/byte-buddy/1.12.19/byte-buddy-1.12.19.jar","/home/jbergqvist/.m2/repository/net/bytebuddy/byte-buddy-agent/1.12.19/byte-buddy-agent-1.12.19.jar","/home/jbergqvist/.m2/repository/org/objenesis/objenesis/3.3/objenesis-3.3.jar","/home/jbergqvist/.m2/repository/org/mockito/mockito-junit-jupiter/4.11.0/mockito-junit-jupiter-4.11.0.jar"],"complianceLevel":"1.8","productionSources":["/home/jbergqvist/diffblue/paritytrading-parity/libraries/file/src/main/java"],"testSources":["/home/jbergqvist/diffblue/paritytrading-parity/libraries/file/src/test/java"],"productionClasses":"/home/jbergqvist/diffblue/paritytrading-parity/libraries/file/target/classes","testClasses":"/home/jbergqvist/diffblue/paritytrading-parity/libraries/file/target/test-classes","sourceToBuildPathMap":null,"testSourceToBuildPathMap":null,"buildDirectory":"/home/jbergqvist/diffblue/paritytrading-parity/libraries/file/target","plugins":[{"__type":"DefaultPlugin","groupId":"org.apache.maven.plugins","artefactId":"maven-enforcer-plugin","version":"1.0","pluginClassName":null},{"__type":"DefaultPlugin","groupId":"org.apache.maven.plugins","artefactId":"maven-checkstyle-plugin","version":"3.1.0","pluginClassName":null},{"__type":"DefaultPlugin","groupId":"org.apache.maven.plugins","artefactId":"maven-compiler-plugin","version":"3.8.0","pluginClassName":null},{"__type":"DefaultPlugin","groupId":"org.apache.maven.plugins","artefactId":"maven-javadoc-plugin","version":"3.0.1","pluginClassName":null},{"__type":"DefaultPlugin","groupId":"org.apache.maven.plugins","artefactId":"maven-release-plugin","version":"2.5.3","pluginClassName":null},{"__type":"DefaultPlugin","groupId":"org.apache.maven.plugins","artefactId":"maven-clean-plugin","version":"3.2.0","pluginClassName":null},{"__type":"DefaultPlugin","groupId":"org.apache.maven.plugins","artefactId":"maven-resources-plugin","version":"3.3.1","pluginClassName":null},{"__type":"DefaultPlugin","groupId":"org.apache.maven.plugins","artefactId":"maven-jar-plugin","version":"3.4.1","pluginClassName":null},{"__type":"DefaultPlugin","groupId":"org.apache.maven.plugins","artefactId":"maven-surefire-plugin","version":"3.0.0-M5","pluginClassName":null},{"__type":"DefaultPlugin","groupId":"org.apache.maven.plugins","artefactId":"maven-install-plugin","version":"3.1.2","pluginClassName":null},{"__type":"DefaultPlugin","groupId":"org.apache.maven.plugins","artefactId":"maven-deploy-plugin","version":"2.8.2","pluginClassName":null},{"__type":"DefaultPlugin","groupId":"org.apache.maven.plugins","artefactId":"maven-site-plugin","version":"3.12.1","pluginClassName":null}],"version":"3.9.12","encoding":"UTF-8","name":"maven","subModules":[],"simpleModuleName":null,"parentModuleName":"com.paritytrading.parity:parity-parent","location":"/home/jbergqvist/diffblue/paritytrading-parity/libraries/file","fullModuleName":"com.paritytrading.parity:parity-file"},{"__type":"DefaultProjectModule","junitReport":["/home/jbergqvist/diffblue/paritytrading-parity/libraries/match/target/surefire-reports"],"jacocoReport":["/home/jbergqvist/diffblue/paritytrading-parity/libraries/match/target/site/jacoco/jacoco.xml"],"jacocoDestFile":["/home/jbergqvist/diffblue/paritytrading-parity/libraries/match/target/jacoco.exec"],"jacocoFormats":["xml"],"jacocoSkipped":false,"classpath":["/home/jbergqvist/diffblue/paritytrading-parity/libraries/match/target/classes","/home/jbergqvist/.m2/repository/it/unimi/dsi/fastutil/8.1.0/fastutil-8.1.0.jar","/home/jbergqvist/.m2/repository/org/apache/commons/commons-lang3/3.12.0/commons-lang3-3.12.0.jar","/home/jbergqvist/.m2/repository/org/junit/jupiter/junit-jupiter/5.7.0/junit-jupiter-5.7.0.jar","/home/jbergqvist/.m2/repository/org/junit/jupiter/junit-jupiter-api/5.7.0/junit-jupiter-api-5.7.0.jar","/home/jbergqvist/.m2/repository/org/apiguardian/apiguardian-api/1.1.0/apiguardian-api-1.1.0.jar","/home/jbergqvist/.m2/repository/org/opentest4j/opentest4j/1.2.0/opentest4j-1.2.0.jar","/home/jbergqvist/.m2/repository/org/junit/platform/junit-platform-commons/1.7.0/junit-platform-commons-1.7.0.jar","/home/jbergqvist/.m2/repository/org/junit/jupiter/junit-jupiter-params/5.7.0/junit-jupiter-params-5.7.0.jar","/home/jbergqvist/.m2/repository/org/junit/jupiter/junit-jupiter-engine/5.7.0/junit-jupiter-engine-5.7.0.jar","/home/jbergqvist/.m2/repository/org/junit/platform/junit-platform-engine/1.7.0/junit-platform-engine-1.7.0.jar","/home/jbergqvist/.m2/repository/com/diffblue/cover/cover-annotations/1.9.0/cover-annotations-1.9.0.jar","/home/jbergqvist/.m2/repository/org/mockito/mockito-core/4.11.0/mockito-core-4.11.0.jar","/home/jbergqvist/.m2/repository/net/bytebuddy/byte-buddy/1.12.19/byte-buddy-1.12.19.jar","/home/jbergqvist/.m2/repository/net/bytebuddy/byte-buddy-agent/1.12.19/byte-buddy-agent-1.12.19.jar","/home/jbergqvist/.m2/repository/org/objenesis/objenesis/3.3/objenesis-3.3.jar","/home/jbergqvist/.m2/repository/org/mockito/mockito-junit-jupiter/4.11.0/mockito-junit-jupiter-4.11.0.jar"],"complianceLevel":"1.8","productionSources":["/home/jbergqvist/diffblue/paritytrading-parity/libraries/match/src/main/java"],"testSources":["/home/jbergqvist/diffblue/paritytrading-parity/libraries/match/src/test/java"],"productionClasses":"/home/jbergqvist/diffblue/paritytrading-parity/libraries/match/target/classes","testClasses":"/home/jbergqvist/diffblue/paritytrading-parity/libraries/match/target/test-classes","sourceToBuildPathMap":null,"testSourceToBuildPathMap":null,"buildDirectory":"/home/jbergqvist/diffblue/paritytrading-parity/libraries/match/target","plugins":[{"__type":"DefaultPlugin","groupId":"org.apache.maven.plugins","artefactId":"maven-enforcer-plugin","version":"1.0","pluginClassName":null},{"__type":"DefaultPlugin","groupId":"org.apache.maven.plugins","artefactId":"maven-checkstyle-plugin","version":"3.1.0","pluginClassName":null},{"__type":"DefaultPlugin","groupId":"org.apache.maven.plugins","artefactId":"maven-compiler-plugin","version":"3.8.0","pluginClassName":null},{"__type":"DefaultPlugin","groupId":"org.apache.maven.plugins","artefactId":"maven-javadoc-plugin","version":"3.0.1","pluginClassName":null},{"__type":"DefaultPlugin","groupId":"org.apache.maven.plugins","artefactId":"maven-release-plugin","version":"2.5.3","pluginClassName":null},{"__type":"DefaultPlugin","groupId":"org.apache.maven.plugins","artefactId":"maven-clean-plugin","version":"3.2.0","pluginClassName":null},{"__type":"DefaultPlugin","groupId":"org.apache.maven.plugins","artefactId":"maven-resources-plugin","version":"3.3.1","pluginClassName":null},{"__type":"DefaultPlugin","groupId":"org.apache.maven.plugins","artefactId":"maven-jar-plugin","version":"3.4.1","pluginClassName":null},{"__type":"DefaultPlugin","groupId":"org.apache.maven.plugins","artefactId":"maven-surefire-plugin","version":"3.0.0-M5","pluginClassName":null},{"__type":"DefaultPlugin","groupId":"org.apache.maven.plugins","artefactId":"maven-install-plugin","version":"3.1.2","pluginClassName":null},{"__type":"DefaultPlugin","groupId":"org.apache.maven.plugins","artefactId":"maven-deploy-plugin","version":"2.8.2","pluginClassName":null},{"__type":"DefaultPlugin","groupId":"org.apache.maven.plugins","artefactId":"maven-site-plugin","version":"3.12.1","pluginClassName":null}],"version":"3.9.12","encoding":"UTF-8","name":"maven","subModules":[],"simpleModuleName":null,"parentModuleName":"com.paritytrading.parity:parity-parent","location":"/home/jbergqvist/diffblue/paritytrading-parity/libraries/match","fullModuleName":"com.paritytrading.parity:parity-match"},{"__type":"DefaultProjectModule","junitReport":["/home/jbergqvist/diffblue/paritytrading-parity/libraries/net/target/surefire-reports"],"jacocoReport":["/home/jbergqvist/diffblue/paritytrading-parity/libraries/net/target/site/jacoco/jacoco.xml"],"jacocoDestFile":["/home/jbergqvist/diffblue/paritytrading-parity/libraries/net/target/jacoco.exec"],"jacocoFormats":["xml"],"jacocoSkipped":false,"classpath":["/home/jbergqvist/diffblue/paritytrading-parity/libraries/net/target/classes","/home/jbergqvist/.m2/repository/com/paritytrading/nassau/nassau-core/0.13.0/nassau-core-0.13.0.jar","/home/jbergqvist/.m2/repository/com/paritytrading/foundation/foundation/0.3.0/foundation-0.3.0.jar","/home/jbergqvist/.m2/repository/com/diffblue/cover/cover-annotations/1.9.0/cover-annotations-1.9.0.jar","/home/jbergqvist/.m2/repository/org/junit/jupiter/junit-jupiter-engine/5.13.4/junit-jupiter-engine-5.13.4.jar","/home/jbergqvist/.m2/repository/org/junit/platform/junit-platform-engine/1.13.4/junit-platform-engine-1.13.4.jar","/home/jbergqvist/.m2/repository/org/opentest4j/opentest4j/1.3.0/opentest4j-1.3.0.jar","/home/jbergqvist/.m2/repository/org/junit/platform/junit-platform-commons/1.13.4/junit-platform-commons-1.13.4.jar","/home/jbergqvist/.m2/repository/org/junit/jupiter/junit-jupiter-api/5.13.4/junit-jupiter-api-5.13.4.jar","/home/jbergqvist/.m2/repository/org/apiguardian/apiguardian-api/1.1.2/apiguardian-api-1.1.2.jar","/home/jbergqvist/.m2/repository/org/mockito/mockito-core/4.11.0/mockito-core-4.11.0.jar","/home/jbergqvist/.m2/repository/net/bytebuddy/byte-buddy/1.12.19/byte-buddy-1.12.19.jar","/home/jbergqvist/.m2/repository/net/bytebuddy/byte-buddy-agent/1.12.19/byte-buddy-agent-1.12.19.jar","/home/jbergqvist/.m2/repository/org/objenesis/objenesis/3.3/objenesis-3.3.jar","/home/jbergqvist/.m2/repository/org/mockito/mockito-junit-jupiter/4.11.0/mockito-junit-jupiter-4.11.0.jar"],"complianceLevel":"1.8","productionSources":["/home/jbergqvist/diffblue/paritytrading-parity/libraries/net/src/main/java"],"testSources":["/home/jbergqvist/diffblue/paritytrading-parity/libraries/net/src/test/java"],"productionClasses":"/home/jbergqvist/diffblue/paritytrading-parity/libraries/net/target/classes","testClasses":"/home/jbergqvist/diffblue/paritytrading-parity/libraries/net/target/test-classes","sourceToBuildPathMap":null,"testSourceToBuildPathMap":null,"buildDirectory":"/home/jbergqvist/diffblue/paritytrading-parity/libraries/net/target","plugins":[{"__type":"DefaultPlugin","groupId":"org.apache.maven.plugins","artefactId":"maven-enforcer-plugin","version":"1.0","pluginClassName":null},{"__type":"DefaultPlugin","groupId":"org.apache.maven.plugins","artefactId":"maven-checkstyle-plugin","version":"3.1.0","pluginClassName":null},{"__type":"DefaultPlugin","groupId":"org.apache.maven.plugins","artefactId":"maven-compiler-plugin","version":"3.8.0","pluginClassName":null},{"__type":"DefaultPlugin","groupId":"org.apache.maven.plugins","artefactId":"maven-javadoc-plugin","version":"3.0.1","pluginClassName":null},{"__type":"DefaultPlugin","groupId":"org.apache.maven.plugins","artefactId":"maven-release-plugin","version":"2.5.3","pluginClassName":null},{"__type":"DefaultPlugin","groupId":"org.apache.maven.plugins","artefactId":"maven-clean-plugin","version":"3.2.0","pluginClassName":null},{"__type":"DefaultPlugin","groupId":"org.apache.maven.plugins","artefactId":"maven-resources-plugin","version":"3.3.1","pluginClassName":null},{"__type":"DefaultPlugin","groupId":"org.apache.maven.plugins","artefactId":"maven-jar-plugin","version":"3.4.1","pluginClassName":null},{"__type":"DefaultPlugin","groupId":"org.apache.maven.plugins","artefactId":"maven-surefire-plugin","version":"3.0.0-M5","pluginClassName":null},{"__type":"DefaultPlugin","groupId":"org.apache.maven.plugins","artefactId":"maven-install-plugin","version":"3.1.2","pluginClassName":null},{"__type":"DefaultPlugin","groupId":"org.apache.maven.plugins","artefactId":"maven-deploy-plugin","version":"2.8.2","pluginClassName":null},{"__type":"DefaultPlugin","groupId":"org.apache.maven.plugins","artefactId":"maven-site-plugin","version":"3.12.1","pluginClassName":null}],"version":"3.9.12","encoding":"UTF-8","name":"maven","subModules":[],"simpleModuleName":null,"parentModuleName":"com.paritytrading.parity:parity-parent","location":"/home/jbergqvist/diffblue/paritytrading-parity/libraries/net","fullModuleName":"com.paritytrading.parity:parity-net"},{"__type":"DefaultProjectModule","junitReport":["/home/jbergqvist/diffblue/paritytrading-parity/libraries/util/target/surefire-reports"],"jacocoReport":["/home/jbergqvist/diffblue/paritytrading-parity/libraries/util/target/site/jacoco/jacoco.xml"],"jacocoDestFile":["/home/jbergqvist/diffblue/paritytrading-parity/libraries/util/target/jacoco.exec"],"jacocoFormats":["xml"],"jacocoSkipped":false,"classpath":["/home/jbergqvist/diffblue/paritytrading-parity/libraries/util/target/classes","/home/jbergqvist/.m2/repository/com/paritytrading/foundation/foundation/0.3.0/foundation-0.3.0.jar","/home/jbergqvist/.m2/repository/com/typesafe/config/1.3.1/config-1.3.1.jar","/home/jbergqvist/.m2/repository/org/junit/jupiter/junit-jupiter/5.7.0/junit-jupiter-5.7.0.jar","/home/jbergqvist/.m2/repository/org/junit/jupiter/junit-jupiter-api/5.7.0/junit-jupiter-api-5.7.0.jar","/home/jbergqvist/.m2/repository/org/apiguardian/apiguardian-api/1.1.0/apiguardian-api-1.1.0.jar","/home/jbergqvist/.m2/repository/org/opentest4j/opentest4j/1.2.0/opentest4j-1.2.0.jar","/home/jbergqvist/.m2/repository/org/junit/platform/junit-platform-commons/1.7.0/junit-platform-commons-1.7.0.jar","/home/jbergqvist/.m2/repository/org/junit/jupiter/junit-jupiter-params/5.7.0/junit-jupiter-params-5.7.0.jar","/home/jbergqvist/.m2/repository/org/junit/jupiter/junit-jupiter-engine/5.7.0/junit-jupiter-engine-5.7.0.jar","/home/jbergqvist/.m2/repository/org/junit/platform/junit-platform-engine/1.7.0/junit-platform-engine-1.7.0.jar","/home/jbergqvist/.m2/repository/com/diffblue/cover/cover-annotations/1.9.0/cover-annotations-1.9.0.jar","/home/jbergqvist/.m2/repository/org/mockito/mockito-core/4.11.0/mockito-core-4.11.0.jar","/home/jbergqvist/.m2/repository/net/bytebuddy/byte-buddy/1.12.19/byte-buddy-1.12.19.jar","/home/jbergqvist/.m2/repository/net/bytebuddy/byte-buddy-agent/1.12.19/byte-buddy-agent-1.12.19.jar","/home/jbergqvist/.m2/repository/org/objenesis/objenesis/3.3/objenesis-3.3.jar","/home/jbergqvist/.m2/repository/org/mockito/mockito-junit-jupiter/4.11.0/mockito-junit-jupiter-4.11.0.jar"],"complianceLevel":"1.8","productionSources":["/home/jbergqvist/diffblue/paritytrading-parity/libraries/util/src/main/java"],"testSources":["/home/jbergqvist/diffblue/paritytrading-parity/libraries/util/src/test/java"],"productionClasses":"/home/jbergqvist/diffblue/paritytrading-parity/libraries/util/target/classes","testClasses":"/home/jbergqvist/diffblue/paritytrading-parity/libraries/util/target/test-classes","sourceToBuildPathMap":null,"testSourceToBuildPathMap":null,"buildDirectory":"/home/jbergqvist/diffblue/paritytrading-parity/libraries/util/target","plugins":[{"__type":"DefaultPlugin","groupId":"org.apache.maven.plugins","artefactId":"maven-enforcer-plugin","version":"1.0","pluginClassName":null},{"__type":"DefaultPlugin","groupId":"org.apache.maven.plugins","artefactId":"maven-checkstyle-plugin","version":"3.1.0","pluginClassName":null},{"__type":"DefaultPlugin","groupId":"org.apache.maven.plugins","artefactId":"maven-compiler-plugin","version":"3.8.0","pluginClassName":null},{"__type":"DefaultPlugin","groupId":"org.apache.maven.plugins","artefactId":"maven-javadoc-plugin","version":"3.0.1","pluginClassName":null},{"__type":"DefaultPlugin","groupId":"org.apache.maven.plugins","artefactId":"maven-release-plugin","version":"2.5.3","pluginClassName":null},{"__type":"DefaultPlugin","groupId":"org.apache.maven.plugins","artefactId":"maven-clean-plugin","version":"3.2.0","pluginClassName":null},{"__type":"DefaultPlugin","groupId":"org.apache.maven.plugins","artefactId":"maven-resources-plugin","version":"3.3.1","pluginClassName":null},{"__type":"DefaultPlugin","groupId":"org.apache.maven.plugins","artefactId":"maven-jar-plugin","version":"3.4.1","pluginClassName":null},{"__type":"DefaultPlugin","groupId":"org.apache.maven.plugins","artefactId":"maven-surefire-plugin","version":"3.0.0-M5","pluginClassName":null},{"__type":"DefaultPlugin","groupId":"org.apache.maven.plugins","artefactId":"maven-install-plugin","version":"3.1.2","pluginClassName":null},{"__type":"DefaultPlugin","groupId":"org.apache.maven.plugins","artefactId":"maven-deploy-plugin","version":"2.8.2","pluginClassName":null},{"__type":"DefaultPlugin","groupId":"org.apache.maven.plugins","artefactId":"maven-site-plugin","version":"3.12.1","pluginClassName":null}],"version":"3.9.12","encoding":"UTF-8","name":"maven","subModules":[],"simpleModuleName":null,"parentModuleName":"com.paritytrading.parity:parity-parent","location":"/home/jbergqvist/diffblue/paritytrading-parity/libraries/util","fullModuleName":"com.paritytrading.parity:parity-util"},{"__type":"DefaultProjectModule","junitReport":["/home/jbergqvist/diffblue/paritytrading-parity/applications/client/target/surefire-reports"],"jacocoReport":["/home/jbergqvist/diffblue/paritytrading-parity/applications/client/target/site/jacoco/jacoco.xml"],"jacocoDestFile":["/home/jbergqvist/diffblue/paritytrading-parity/applications/client/target/jacoco.exec"],"jacocoFormats":["xml"],"jacocoSkipped":false,"classpath":["/home/jbergqvist/diffblue/paritytrading-parity/applications/client/target/classes","/home/jbergqvist/.m2/repository/com/paritytrading/parity/parity-net/0.7.1-SNAPSHOT/parity-net-0.7.1-SNAPSHOT.jar","/home/jbergqvist/.m2/repository/com/paritytrading/parity/parity-util/0.7.1-SNAPSHOT/parity-util-0.7.1-SNAPSHOT.jar","/home/jbergqvist/.m2/repository/com/paritytrading/foundation/foundation/0.3.0/foundation-0.3.0.jar","/home/jbergqvist/.m2/repository/com/paritytrading/nassau/nassau-core/0.13.0/nassau-core-0.13.0.jar","/home/jbergqvist/.m2/repository/com/typesafe/config/1.3.1/config-1.3.1.jar","/home/jbergqvist/.m2/repository/org/jline/jline-reader/3.8.0/jline-reader-3.8.0.jar","/home/jbergqvist/.m2/repository/org/jline/jline-terminal/3.8.0/jline-terminal-3.8.0.jar","/home/jbergqvist/.m2/repository/org/jvirtanen/config/config-extras/0.2.0/config-extras-0.2.0.jar","/home/jbergqvist/.m2/repository/org/jvirtanen/util/util-extras/0.2.0/util-extras-0.2.0.jar","/home/jbergqvist/.m2/repository/com/diffblue/cover/cover-annotations/1.9.0/cover-annotations-1.9.0.jar","/home/jbergqvist/.m2/repository/org/junit/jupiter/junit-jupiter-engine/5.13.4/junit-jupiter-engine-5.13.4.jar","/home/jbergqvist/.m2/repository/org/junit/platform/junit-platform-engine/1.13.4/junit-platform-engine-1.13.4.jar","/home/jbergqvist/.m2/repository/org/opentest4j/opentest4j/1.3.0/opentest4j-1.3.0.jar","/home/jbergqvist/.m2/repository/org/junit/platform/junit-platform-commons/1.13.4/junit-platform-commons-1.13.4.jar","/home/jbergqvist/.m2/repository/org/junit/jupiter/junit-jupiter-api/5.13.4/junit-jupiter-api-5.13.4.jar","/home/jbergqvist/.m2/repository/org/apiguardian/apiguardian-api/1.1.2/apiguardian-api-1.1.2.jar","/home/jbergqvist/.m2/repository/org/mockito/mockito-core/4.11.0/mockito-core-4.11.0.jar","/home/jbergqvist/.m2/repository/net/bytebuddy/byte-buddy/1.12.19/byte-buddy-1.12.19.jar","/home/jbergqvist/.m2/repository/net/bytebuddy/byte-buddy-agent/1.12.19/byte-buddy-agent-1.12.19.jar","/home/jbergqvist/.m2/repository/org/objenesis/objenesis/3.3/objenesis-3.3.jar","/home/jbergqvist/.m2/repository/org/mockito/mockito-junit-jupiter/4.11.0/mockito-junit-jupiter-4.11.0.jar"],"complianceLevel":"1.8","productionSources":["/home/jbergqvist/diffblue/paritytrading-parity/applications/client/src/main/java"],"testSources":["/home/jbergqvist/diffblue/paritytrading-parity/applications/client/src/test/java"],"productionClasses":"/home/jbergqvist/diffblue/paritytrading-parity/applications/client/target/classes","testClasses":"/home/jbergqvist/diffblue/paritytrading-parity/applications/client/target/test-classes","sourceToBuildPathMap":null,"testSourceToBuildPathMap":null,"buildDirectory":"/home/jbergqvist/diffblue/paritytrading-parity/applications/client/target","plugins":[{"__type":"DefaultPlugin","groupId":"org.apache.maven.plugins","artefactId":"maven-enforcer-plugin","version":"1.0","pluginClassName":null},{"__type":"DefaultPlugin","groupId":"org.apache.maven.plugins","artefactId":"maven-checkstyle-plugin","version":"3.1.0","pluginClassName":null},{"__type":"DefaultPlugin","groupId":"org.apache.maven.plugins","artefactId":"maven-compiler-plugin","version":"3.8.0","pluginClassName":null},{"__type":"DefaultPlugin","groupId":"org.apache.maven.plugins","artefactId":"maven-javadoc-plugin","version":"3.0.1","pluginClassName":null},{"__type":"DefaultPlugin","groupId":"org.apache.maven.plugins","artefactId":"maven-release-plugin","version":"2.5.3","pluginClassName":null},{"__type":"DefaultPlugin","groupId":"org.apache.maven.plugins","artefactId":"maven-deploy-plugin","version":"2.8.2","pluginClassName":null},{"__type":"DefaultPlugin","groupId":"org.apache.maven.plugins","artefactId":"maven-shade-plugin","version":"3.2.1","pluginClassName":null},{"__type":"DefaultPlugin","groupId":"org.apache.maven.plugins","artefactId":"maven-clean-plugin","version":"3.2.0","pluginClassName":null},{"__type":"DefaultPlugin","groupId":"org.apache.maven.plugins","artefactId":"maven-resources-plugin","version":"3.3.1","pluginClassName":null},{"__type":"DefaultPlugin","groupId":"org.apache.maven.plugins","artefactId":"maven-jar-plugin","version":"3.4.1","pluginClassName":null},{"__type":"DefaultPlugin","groupId":"org.apache.maven.plugins","artefactId":"maven-surefire-plugin","version":"3.0.0-M5","pluginClassName":null},{"__type":"DefaultPlugin","groupId":"org.apache.maven.plugins","artefactId":"maven-install-plugin","version":"3.1.2","pluginClassName":null},{"__type":"DefaultPlugin","groupId":"org.apache.maven.plugins","artefactId":"maven-site-plugin","version":"3.12.1","pluginClassName":null}],"version":"3.9.12","encoding":"UTF-8","name":"maven","subModules":[],"simpleModuleName":null,"parentModuleName":"com.paritytrading.parity:parity-parent","location":"/home/jbergqvist/diffblue/paritytrading-parity/applications/client","fullModuleName":"com.paritytrading.parity:parity-client"},{"__type":"DefaultProjectModule","junitReport":["/home/jbergqvist/diffblue/paritytrading-parity/applications/fix/target/surefire-reports"],"jacocoReport":["/home/jbergqvist/diffblue/paritytrading-parity/applications/fix/target/site/jacoco/jacoco.xml"],"jacocoDestFile":["/home/jbergqvist/diffblue/paritytrading-parity/applications/fix/target/jacoco.exec"],"jacocoFormats":["xml"],"jacocoSkipped":false,"classpath":["/home/jbergqvist/diffblue/paritytrading-parity/applications/fix/target/classes","/home/jbergqvist/.m2/repository/com/paritytrading/parity/parity-net/0.7.1-SNAPSHOT/parity-net-0.7.1-SNAPSHOT.jar","/home/jbergqvist/.m2/repository/com/paritytrading/parity/parity-util/0.7.1-SNAPSHOT/parity-util-0.7.1-SNAPSHOT.jar","/home/jbergqvist/.m2/repository/com/paritytrading/foundation/foundation/0.3.0/foundation-0.3.0.jar","/home/jbergqvist/.m2/repository/com/paritytrading/nassau/nassau-core/0.13.0/nassau-core-0.13.0.jar","/home/jbergqvist/.m2/repository/com/paritytrading/philadelphia/philadelphia-core/1.2.0/philadelphia-core-1.2.0.jar","/home/jbergqvist/.m2/repository/com/paritytrading/philadelphia/philadelphia-fix44/1.2.0/philadelphia-fix44-1.2.0.jar","/home/jbergqvist/.m2/repository/com/typesafe/config/1.3.1/config-1.3.1.jar","/home/jbergqvist/.m2/repository/joda-time/joda-time/2.10.6/joda-time-2.10.6.jar","/home/jbergqvist/.m2/repository/org/jvirtanen/config/config-extras/0.2.0/config-extras-0.2.0.jar","/home/jbergqvist/.m2/repository/org/jvirtanen/util/util-extras/0.2.0/util-extras-0.2.0.jar","/home/jbergqvist/.m2/repository/com/diffblue/cover/cover-annotations/1.9.0/cover-annotations-1.9.0.jar","/home/jbergqvist/.m2/repository/org/junit/jupiter/junit-jupiter-engine/5.13.4/junit-jupiter-engine-5.13.4.jar","/home/jbergqvist/.m2/repository/org/junit/platform/junit-platform-engine/1.13.4/junit-platform-engine-1.13.4.jar","/home/jbergqvist/.m2/repository/org/opentest4j/opentest4j/1.3.0/opentest4j-1.3.0.jar","/home/jbergqvist/.m2/repository/org/junit/platform/junit-platform-commons/1.13.4/junit-platform-commons-1.13.4.jar","/home/jbergqvist/.m2/repository/org/junit/jupiter/junit-jupiter-api/5.13.4/junit-jupiter-api-5.13.4.jar","/home/jbergqvist/.m2/repository/org/apiguardian/apiguardian-api/1.1.2/apiguardian-api-1.1.2.jar","/home/jbergqvist/.m2/repository/org/mockito/mockito-core/4.11.0/mockito-core-4.11.0.jar","/home/jbergqvist/.m2/repository/net/bytebuddy/byte-buddy/1.12.19/byte-buddy-1.12.19.jar","/home/jbergqvist/.m2/repository/net/bytebuddy/byte-buddy-agent/1.12.19/byte-buddy-agent-1.12.19.jar","/home/jbergqvist/.m2/repository/org/objenesis/objenesis/3.3/objenesis-3.3.jar","/home/jbergqvist/.m2/repository/org/mockito/mockito-junit-jupiter/4.11.0/mockito-junit-jupiter-4.11.0.jar"],"complianceLevel":"1.8","productionSources":["/home/jbergqvist/diffblue/paritytrading-parity/applications/fix/src/main/java"],"testSources":["/home/jbergqvist/diffblue/paritytrading-parity/applications/fix/src/test/java"],"productionClasses":"/home/jbergqvist/diffblue/paritytrading-parity/applications/fix/target/classes","testClasses":"/home/jbergqvist/diffblue/paritytrading-parity/applications/fix/target/test-classes","sourceToBuildPathMap":null,"testSourceToBuildPathMap":null,"buildDirectory":"/home/jbergqvist/diffblue/paritytrading-parity/applications/fix/target","plugins":[{"__type":"DefaultPlugin","groupId":"org.apache.maven.plugins","artefactId":"maven-enforcer-plugin","version":"1.0","pluginClassName":null},{"__type":"DefaultPlugin","groupId":"org.apache.maven.plugins","artefactId":"maven-checkstyle-plugin","version":"3.1.0","pluginClassName":null},{"__type":"DefaultPlugin","groupId":"org.apache.maven.plugins","artefactId":"maven-compiler-plugin","version":"3.8.0","pluginClassName":null},{"__type":"DefaultPlugin","groupId":"org.apache.maven.plugins","artefactId":"maven-javadoc-plugin","version":"3.0.1","pluginClassName":null},{"__type":"DefaultPlugin","groupId":"org.apache.maven.plugins","artefactId":"maven-release-plugin","version":"2.5.3","pluginClassName":null},{"__type":"DefaultPlugin","groupId":"org.apache.maven.plugins","artefactId":"maven-deploy-plugin","version":"2.8.2","pluginClassName":null},{"__type":"DefaultPlugin","groupId":"org.apache.maven.plugins","artefactId":"maven-shade-plugin","version":"3.2.1","pluginClassName":null},{"__type":"DefaultPlugin","groupId":"org.apache.maven.plugins","artefactId":"maven-clean-plugin","version":"3.2.0","pluginClassName":null},{"__type":"DefaultPlugin","groupId":"org.apache.maven.plugins","artefactId":"maven-resources-plugin","version":"3.3.1","pluginClassName":null},{"__type":"DefaultPlugin","groupId":"org.apache.maven.plugins","artefactId":"maven-jar-plugin","version":"3.4.1","pluginClassName":null},{"__type":"DefaultPlugin","groupId":"org.apache.maven.plugins","artefactId":"maven-surefire-plugin","version":"3.0.0-M5","pluginClassName":null},{"__type":"DefaultPlugin","groupId":"org.apache.maven.plugins","artefactId":"maven-install-plugin","version":"3.1.2","pluginClassName":null},{"__type":"DefaultPlugin","groupId":"org.apache.maven.plugins","artefactId":"maven-site-plugin","version":"3.12.1","pluginClassName":null}],"version":"3.9.12","encoding":"UTF-8","name":"maven","subModules":[],"simpleModuleName":null,"parentModuleName":"com.paritytrading.parity:parity-parent","location":"/home/jbergqvist/diffblue/paritytrading-parity/applications/fix","fullModuleName":"com.paritytrading.parity:parity-fix"},{"__type":"DefaultProjectModule","junitReport":["/home/jbergqvist/diffblue/paritytrading-parity/applications/reporter/target/surefire-reports"],"jacocoReport":["/home/jbergqvist/diffblue/paritytrading-parity/applications/reporter/target/site/jacoco/jacoco.xml"],"jacocoDestFile":["/home/jbergqvist/diffblue/paritytrading-parity/applications/reporter/target/jacoco.exec"],"jacocoFormats":["xml"],"jacocoSkipped":false,"classpath":["/home/jbergqvist/diffblue/paritytrading-parity/applications/reporter/target/classes","/home/jbergqvist/.m2/repository/com/paritytrading/parity/parity-net/0.7.1-SNAPSHOT/parity-net-0.7.1-SNAPSHOT.jar","/home/jbergqvist/.m2/repository/com/paritytrading/parity/parity-util/0.7.1-SNAPSHOT/parity-util-0.7.1-SNAPSHOT.jar","/home/jbergqvist/.m2/repository/com/paritytrading/foundation/foundation/0.3.0/foundation-0.3.0.jar","/home/jbergqvist/.m2/repository/com/paritytrading/nassau/nassau-core/0.13.0/nassau-core-0.13.0.jar","/home/jbergqvist/.m2/repository/com/paritytrading/nassau/nassau-util/0.13.0/nassau-util-0.13.0.jar","/home/jbergqvist/.m2/repository/com/typesafe/config/1.3.1/config-1.3.1.jar","/home/jbergqvist/.m2/repository/org/jvirtanen/config/config-extras/0.2.0/config-extras-0.2.0.jar","/home/jbergqvist/.m2/repository/org/jvirtanen/util/util-extras/0.2.0/util-extras-0.2.0.jar","/home/jbergqvist/.m2/repository/com/diffblue/cover/cover-annotations/1.9.0/cover-annotations-1.9.0.jar","/home/jbergqvist/.m2/repository/org/junit/jupiter/junit-jupiter-engine/5.13.4/junit-jupiter-engine-5.13.4.jar","/home/jbergqvist/.m2/repository/org/junit/platform/junit-platform-engine/1.13.4/junit-platform-engine-1.13.4.jar","/home/jbergqvist/.m2/repository/org/opentest4j/opentest4j/1.3.0/opentest4j-1.3.0.jar","/home/jbergqvist/.m2/repository/org/junit/platform/junit-platform-commons/1.13.4/junit-platform-commons-1.13.4.jar","/home/jbergqvist/.m2/repository/org/junit/jupiter/junit-jupiter-api/5.13.4/junit-jupiter-api-5.13.4.jar","/home/jbergqvist/.m2/repository/org/apiguardian/apiguardian-api/1.1.2/apiguardian-api-1.1.2.jar","/home/jbergqvist/.m2/repository/org/mockito/mockito-core/4.11.0/mockito-core-4.11.0.jar","/home/jbergqvist/.m2/repository/net/bytebuddy/byte-buddy/1.12.19/byte-buddy-1.12.19.jar","/home/jbergqvist/.m2/repository/net/bytebuddy/byte-buddy-agent/1.12.19/byte-buddy-agent-1.12.19.jar","/home/jbergqvist/.m2/repository/org/objenesis/objenesis/3.3/objenesis-3.3.jar","/home/jbergqvist/.m2/repository/org/mockito/mockito-junit-jupiter/4.11.0/mockito-junit-jupiter-4.11.0.jar"],"complianceLevel":"1.8","productionSources":["/home/jbergqvist/diffblue/paritytrading-parity/applications/reporter/src/main/java"],"testSources":["/home/jbergqvist/diffblue/paritytrading-parity/applications/reporter/src/test/java"],"productionClasses":"/home/jbergqvist/diffblue/paritytrading-parity/applications/reporter/target/classes","testClasses":"/home/jbergqvist/diffblue/paritytrading-parity/applications/reporter/target/test-classes","sourceToBuildPathMap":null,"testSourceToBuildPathMap":null,"buildDirectory":"/home/jbergqvist/diffblue/paritytrading-parity/applications/reporter/target","plugins":[{"__type":"DefaultPlugin","groupId":"org.apache.maven.plugins","artefactId":"maven-enforcer-plugin","version":"1.0","pluginClassName":null},{"__type":"DefaultPlugin","groupId":"org.apache.maven.plugins","artefactId":"maven-checkstyle-plugin","version":"3.1.0","pluginClassName":null},{"__type":"DefaultPlugin","groupId":"org.apache.maven.plugins","artefactId":"maven-compiler-plugin","version":"3.8.0","pluginClassName":null},{"__type":"DefaultPlugin","groupId":"org.apache.maven.plugins","artefactId":"maven-javadoc-plugin","version":"3.0.1","pluginClassName":null},{"__type":"DefaultPlugin","groupId":"org.apache.maven.plugins","artefactId":"maven-release-plugin","version":"2.5.3","pluginClassName":null},{"__type":"DefaultPlugin","groupId":"org.apache.maven.plugins","artefactId":"maven-deploy-plugin","version":"2.8.2","pluginClassName":null},{"__type":"DefaultPlugin","groupId":"org.apache.maven.plugins","artefactId":"maven-shade-plugin","version":"3.2.1","pluginClassName":null},{"__type":"DefaultPlugin","groupId":"org.apache.maven.plugins","artefactId":"maven-clean-plugin","version":"3.2.0","pluginClassName":null},{"__type":"DefaultPlugin","groupId":"org.apache.maven.plugins","artefactId":"maven-resources-plugin","version":"3.3.1","pluginClassName":null},{"__type":"DefaultPlugin","groupId":"org.apache.maven.plugins","artefactId":"maven-jar-plugin","version":"3.4.1","pluginClassName":null},{"__type":"DefaultPlugin","groupId":"org.apache.maven.plugins","artefactId":"maven-surefire-plugin","version":"3.0.0-M5","pluginClassName":null},{"__type":"DefaultPlugin","groupId":"org.apache.maven.plugins","artefactId":"maven-install-plugin","version":"3.1.2","pluginClassName":null},{"__type":"DefaultPlugin","groupId":"org.apache.maven.plugins","artefactId":"maven-site-plugin","version":"3.12.1","pluginClassName":null}],"version":"3.9.12","encoding":"UTF-8","name":"maven","subModules":[],"simpleModuleName":null,"parentModuleName":"com.paritytrading.parity:parity-parent","location":"/home/jbergqvist/diffblue/paritytrading-parity/applications/reporter","fullModuleName":"com.paritytrading.parity:parity-reporter"},{"__type":"DefaultProjectModule","junitReport":["/home/jbergqvist/diffblue/paritytrading-parity/applications/system/target/surefire-reports"],"jacocoReport":["/home/jbergqvist/diffblue/paritytrading-parity/applications/system/target/site/jacoco/jacoco.xml"],"jacocoDestFile":["/home/jbergqvist/diffblue/paritytrading-parity/applications/system/target/jacoco.exec"],"jacocoFormats":["xml"],"jacocoSkipped":false,"classpath":["/home/jbergqvist/diffblue/paritytrading-parity/applications/system/target/classes","/home/jbergqvist/.m2/repository/com/paritytrading/parity/parity-match/0.7.1-SNAPSHOT/parity-match-0.7.1-SNAPSHOT.jar","/home/jbergqvist/.m2/repository/com/paritytrading/parity/parity-net/0.7.1-SNAPSHOT/parity-net-0.7.1-SNAPSHOT.jar","/home/jbergqvist/.m2/repository/com/paritytrading/foundation/foundation/0.3.0/foundation-0.3.0.jar","/home/jbergqvist/.m2/repository/com/paritytrading/nassau/nassau-core/0.13.0/nassau-core-0.13.0.jar","/home/jbergqvist/.m2/repository/com/typesafe/config/1.3.1/config-1.3.1.jar","/home/jbergqvist/.m2/repository/it/unimi/dsi/fastutil/8.1.0/fastutil-8.1.0.jar","/home/jbergqvist/.m2/repository/org/jvirtanen/config/config-extras/0.2.0/config-extras-0.2.0.jar","/home/jbergqvist/.m2/repository/org/jvirtanen/util/util-extras/0.2.0/util-extras-0.2.0.jar","/home/jbergqvist/.m2/repository/com/diffblue/cover/cover-annotations/1.9.0/cover-annotations-1.9.0.jar","/home/jbergqvist/.m2/repository/org/junit/jupiter/junit-jupiter-engine/5.13.4/junit-jupiter-engine-5.13.4.jar","/home/jbergqvist/.m2/repository/org/junit/platform/junit-platform-engine/1.13.4/junit-platform-engine-1.13.4.jar","/home/jbergqvist/.m2/repository/org/opentest4j/opentest4j/1.3.0/opentest4j-1.3.0.jar","/home/jbergqvist/.m2/repository/org/junit/platform/junit-platform-commons/1.13.4/junit-platform-commons-1.13.4.jar","/home/jbergqvist/.m2/repository/org/junit/jupiter/junit-jupiter-api/5.13.4/junit-jupiter-api-5.13.4.jar","/home/jbergqvist/.m2/repository/org/apiguardian/apiguardian-api/1.1.2/apiguardian-api-1.1.2.jar","/home/jbergqvist/.m2/repository/org/mockito/mockito-core/4.11.0/mockito-core-4.11.0.jar","/home/jbergqvist/.m2/repository/net/bytebuddy/byte-buddy/1.12.19/byte-buddy-1.12.19.jar","/home/jbergqvist/.m2/repository/net/bytebuddy/byte-buddy-agent/1.12.19/byte-buddy-agent-1.12.19.jar","/home/jbergqvist/.m2/repository/org/objenesis/objenesis/3.3/objenesis-3.3.jar","/home/jbergqvist/.m2/repository/org/mockito/mockito-junit-jupiter/4.11.0/mockito-junit-jupiter-4.11.0.jar"],"complianceLevel":"1.8","productionSources":["/home/jbergqvist/diffblue/paritytrading-parity/applications/system/src/main/java"],"testSources":["/home/jbergqvist/diffblue/paritytrading-parity/applications/system/src/test/java"],"productionClasses":"/home/jbergqvist/diffblue/paritytrading-parity/applications/system/target/classes","testClasses":"/home/jbergqvist/diffblue/paritytrading-parity/applications/system/target/test-classes","sourceToBuildPathMap":null,"testSourceToBuildPathMap":null,"buildDirectory":"/home/jbergqvist/diffblue/paritytrading-parity/applications/system/target","plugins":[{"__type":"DefaultPlugin","groupId":"org.apache.maven.plugins","artefactId":"maven-enforcer-plugin","version":"1.0","pluginClassName":null},{"__type":"DefaultPlugin","groupId":"org.apache.maven.plugins","artefactId":"maven-checkstyle-plugin","version":"3.1.0","pluginClassName":null},{"__type":"DefaultPlugin","groupId":"org.apache.maven.plugins","artefactId":"maven-compiler-plugin","version":"3.8.0","pluginClassName":null},{"__type":"DefaultPlugin","groupId":"org.apache.maven.plugins","artefactId":"maven-javadoc-plugin","version":"3.0.1","pluginClassName":null},{"__type":"DefaultPlugin","groupId":"org.apache.maven.plugins","artefactId":"maven-release-plugin","version":"2.5.3","pluginClassName":null},{"__type":"DefaultPlugin","groupId":"org.apache.maven.plugins","artefactId":"maven-deploy-plugin","version":"2.8.2","pluginClassName":null},{"__type":"DefaultPlugin","groupId":"org.apache.maven.plugins","artefactId":"maven-shade-plugin","version":"3.2.1","pluginClassName":null},{"__type":"DefaultPlugin","groupId":"org.apache.maven.plugins","artefactId":"maven-clean-plugin","version":"3.2.0","pluginClassName":null},{"__type":"DefaultPlugin","groupId":"org.apache.maven.plugins","artefactId":"maven-resources-plugin","version":"3.3.1","pluginClassName":null},{"__type":"DefaultPlugin","groupId":"org.apache.maven.plugins","artefactId":"maven-jar-plugin","version":"3.4.1","pluginClassName":null},{"__type":"DefaultPlugin","groupId":"org.apache.maven.plugins","artefactId":"maven-surefire-plugin","version":"3.0.0-M5","pluginClassName":null},{"__type":"DefaultPlugin","groupId":"org.apache.maven.plugins","artefactId":"maven-install-plugin","version":"3.1.2","pluginClassName":null},{"__type":"DefaultPlugin","groupId":"org.apache.maven.plugins","artefactId":"maven-site-plugin","version":"3.12.1","pluginClassName":null}],"version":"3.9.12","encoding":"UTF-8","name":"maven","subModules":[],"simpleModuleName":null,"parentModuleName":"com.paritytrading.parity:parity-parent","location":"/home/jbergqvist/diffblue/paritytrading-parity/applications/system","fullModuleName":"com.paritytrading.parity:parity-system"},{"__type":"DefaultProjectModule","junitReport":["/home/jbergqvist/diffblue/paritytrading-parity/applications/ticker/target/surefire-reports"],"jacocoReport":["/home/jbergqvist/diffblue/paritytrading-parity/applications/ticker/target/site/jacoco/jacoco.xml"],"jacocoDestFile":["/home/jbergqvist/diffblue/paritytrading-parity/applications/ticker/target/jacoco.exec"],"jacocoFormats":["xml"],"jacocoSkipped":false,"classpath":["/home/jbergqvist/diffblue/paritytrading-parity/applications/ticker/target/classes","/home/jbergqvist/.m2/repository/com/paritytrading/parity/parity-book/0.7.1-SNAPSHOT/parity-book-0.7.1-SNAPSHOT.jar","/home/jbergqvist/.m2/repository/it/unimi/dsi/fastutil/8.1.0/fastutil-8.1.0.jar","/home/jbergqvist/.m2/repository/com/paritytrading/parity/parity-file/0.7.1-SNAPSHOT/parity-file-0.7.1-SNAPSHOT.jar","/home/jbergqvist/.m2/repository/com/paritytrading/parity/parity-net/0.7.1-SNAPSHOT/parity-net-0.7.1-SNAPSHOT.jar","/home/jbergqvist/.m2/repository/com/paritytrading/parity/parity-util/0.7.1-SNAPSHOT/parity-util-0.7.1-SNAPSHOT.jar","/home/jbergqvist/.m2/repository/com/paritytrading/foundation/foundation/0.3.0/foundation-0.3.0.jar","/home/jbergqvist/.m2/repository/com/paritytrading/nassau/nassau-core/0.13.0/nassau-core-0.13.0.jar","/home/jbergqvist/.m2/repository/com/paritytrading/nassau/nassau-util/0.13.0/nassau-util-0.13.0.jar","/home/jbergqvist/.m2/repository/com/typesafe/config/1.3.1/config-1.3.1.jar","/home/jbergqvist/.m2/repository/org/jvirtanen/config/config-extras/0.2.0/config-extras-0.2.0.jar","/home/jbergqvist/.m2/repository/org/jvirtanen/util/util-extras/0.2.0/util-extras-0.2.0.jar","/home/jbergqvist/.m2/repository/com/diffblue/cover/cover-annotations/1.9.0/cover-annotations-1.9.0.jar","/home/jbergqvist/.m2/repository/org/junit/jupiter/junit-jupiter-engine/5.13.4/junit-jupiter-engine-5.13.4.jar","/home/jbergqvist/.m2/repository/org/junit/platform/junit-platform-engine/1.13.4/junit-platform-engine-1.13.4.jar","/home/jbergqvist/.m2/repository/org/opentest4j/opentest4j/1.3.0/opentest4j-1.3.0.jar","/home/jbergqvist/.m2/repository/org/junit/platform/junit-platform-commons/1.13.4/junit-platform-commons-1.13.4.jar","/home/jbergqvist/.m2/repository/org/junit/jupiter/junit-jupiter-api/5.13.4/junit-jupiter-api-5.13.4.jar","/home/jbergqvist/.m2/repository/org/apiguardian/apiguardian-api/1.1.2/apiguardian-api-1.1.2.jar","/home/jbergqvist/.m2/repository/org/mockito/mockito-core/4.11.0/mockito-core-4.11.0.jar","/home/jbergqvist/.m2/repository/net/bytebuddy/byte-buddy/1.12.19/byte-buddy-1.12.19.jar","/home/jbergqvist/.m2/repository/net/bytebuddy/byte-buddy-agent/1.12.19/byte-buddy-agent-1.12.19.jar","/home/jbergqvist/.m2/repository/org/objenesis/objenesis/3.3/objenesis-3.3.jar","/home/jbergqvist/.m2/repository/org/mockito/mockito-junit-jupiter/4.11.0/mockito-junit-jupiter-4.11.0.jar"],"complianceLevel":"1.8","productionSources":["/home/jbergqvist/diffblue/paritytrading-parity/applications/ticker/src/main/java"],"testSources":["/home/jbergqvist/diffblue/paritytrading-parity/applications/ticker/src/test/java"],"productionClasses":"/home/jbergqvist/diffblue/paritytrading-parity/applications/ticker/target/classes","testClasses":"/home/jbergqvist/diffblue/paritytrading-parity/applications/ticker/target/test-classes","sourceToBuildPathMap":null,"testSourceToBuildPathMap":null,"buildDirectory":"/home/jbergqvist/diffblue/paritytrading-parity/applications/ticker/target","plugins":[{"__type":"DefaultPlugin","groupId":"org.apache.maven.plugins","artefactId":"maven-enforcer-plugin","version":"1.0","pluginClassName":null},{"__type":"DefaultPlugin","groupId":"org.apache.maven.plugins","artefactId":"maven-checkstyle-plugin","version":"3.1.0","pluginClassName":null},{"__type":"DefaultPlugin","groupId":"org.apache.maven.plugins","artefactId":"maven-compiler-plugin","version":"3.8.0","pluginClassName":null},{"__type":"DefaultPlugin","groupId":"org.apache.maven.plugins","artefactId":"maven-javadoc-plugin","version":"3.0.1","pluginClassName":null},{"__type":"DefaultPlugin","groupId":"org.apache.maven.plugins","artefactId":"maven-release-plugin","version":"2.5.3","pluginClassName":null},{"__type":"DefaultPlugin","groupId":"org.apache.maven.plugins","artefactId":"maven-deploy-plugin","version":"2.8.2","pluginClassName":null},{"__type":"DefaultPlugin","groupId":"org.apache.maven.plugins","artefactId":"maven-shade-plugin","version":"3.2.1","pluginClassName":null},{"__type":"DefaultPlugin","groupId":"org.apache.maven.plugins","artefactId":"maven-clean-plugin","version":"3.2.0","pluginClassName":null},{"__type":"DefaultPlugin","groupId":"org.apache.maven.plugins","artefactId":"maven-resources-plugin","version":"3.3.1","pluginClassName":null},{"__type":"DefaultPlugin","groupId":"org.apache.maven.plugins","artefactId":"maven-jar-plugin","version":"3.4.1","pluginClassName":null},{"__type":"DefaultPlugin","groupId":"org.apache.maven.plugins","artefactId":"maven-surefire-plugin","version":"3.0.0-M5","pluginClassName":null},{"__type":"DefaultPlugin","groupId":"org.apache.maven.plugins","artefactId":"maven-install-plugin","version":"3.1.2","pluginClassName":null},{"__type":"DefaultPlugin","groupId":"org.apache.maven.plugins","artefactId":"maven-site-plugin","version":"3.12.1","pluginClassName":null}],"version":"3.9.12","encoding":"UTF-8","name":"maven","subModules":[],"simpleModuleName":null,"parentModuleName":"com.paritytrading.parity:parity-parent","location":"/home/jbergqvist/diffblue/paritytrading-parity/applications/ticker","fullModuleName":"com.paritytrading.parity:parity-ticker"},{"__type":"DefaultProjectModule","junitReport":["/home/jbergqvist/diffblue/paritytrading-parity/tests/book-perf-test/target/surefire-reports"],"jacocoReport":["/home/jbergqvist/diffblue/paritytrading-parity/tests/book-perf-test/target/site/jacoco/jacoco.xml"],"jacocoDestFile":["/home/jbergqvist/diffblue/paritytrading-parity/tests/book-perf-test/target/jacoco.exec"],"jacocoFormats":["xml"],"jacocoSkipped":false,"classpath":["/home/jbergqvist/diffblue/paritytrading-parity/tests/book-perf-test/target/classes","/home/jbergqvist/.m2/repository/com/paritytrading/parity/parity-book/0.7.1-SNAPSHOT/parity-book-0.7.1-SNAPSHOT.jar","/home/jbergqvist/.m2/repository/it/unimi/dsi/fastutil/8.1.0/fastutil-8.1.0.jar","/home/jbergqvist/.m2/repository/org/openjdk/jmh/jmh-core/1.19/jmh-core-1.19.jar","/home/jbergqvist/.m2/repository/net/sf/jopt-simple/jopt-simple/4.6/jopt-simple-4.6.jar","/home/jbergqvist/.m2/repository/org/apache/commons/commons-math3/3.2/commons-math3-3.2.jar","/home/jbergqvist/.m2/repository/com/diffblue/cover/cover-annotations/1.9.0/cover-annotations-1.9.0.jar","/home/jbergqvist/.m2/repository/org/openjdk/jmh/jmh-generator-annprocess/1.19/jmh-generator-annprocess-1.19.jar","/home/jbergqvist/.m2/repository/org/junit/jupiter/junit-jupiter-engine/5.13.4/junit-jupiter-engine-5.13.4.jar","/home/jbergqvist/.m2/repository/org/junit/platform/junit-platform-engine/1.13.4/junit-platform-engine-1.13.4.jar","/home/jbergqvist/.m2/repository/org/opentest4j/opentest4j/1.3.0/opentest4j-1.3.0.jar","/home/jbergqvist/.m2/repository/org/junit/platform/junit-platform-commons/1.13.4/junit-platform-commons-1.13.4.jar","/home/jbergqvist/.m2/repository/org/junit/jupiter/junit-jupiter-api/5.13.4/junit-jupiter-api-5.13.4.jar","/home/jbergqvist/.m2/repository/org/apiguardian/apiguardian-api/1.1.2/apiguardian-api-1.1.2.jar","/home/jbergqvist/.m2/repository/org/mockito/mockito-core/4.11.0/mockito-core-4.11.0.jar","/home/jbergqvist/.m2/repository/net/bytebuddy/byte-buddy/1.12.19/byte-buddy-1.12.19.jar","/home/jbergqvist/.m2/repository/net/bytebuddy/byte-buddy-agent/1.12.19/byte-buddy-agent-1.12.19.jar","/home/jbergqvist/.m2/repository/org/objenesis/objenesis/3.3/objenesis-3.3.jar","/home/jbergqvist/.m2/repository/org/mockito/mockito-junit-jupiter/4.11.0/mockito-junit-jupiter-4.11.0.jar"],"complianceLevel":"1.8","productionSources":["/home/jbergqvist/diffblue/paritytrading-parity/tests/book-perf-test/src/main/java"],"testSources":["/home/jbergqvist/diffblue/paritytrading-parity/tests/book-perf-test/src/test/java"],"productionClasses":"/home/jbergqvist/diffblue/paritytrading-parity/tests/book-perf-test/target/classes","testClasses":"/home/jbergqvist/diffblue/paritytrading-parity/tests/book-perf-test/target/test-classes","sourceToBuildPathMap":null,"testSourceToBuildPathMap":null,"buildDirectory":"/home/jbergqvist/diffblue/paritytrading-parity/tests/book-perf-test/target","plugins":[{"__type":"DefaultPlugin","groupId":"org.apache.maven.plugins","artefactId":"maven-enforcer-plugin","version":"1.0","pluginClassName":null},{"__type":"DefaultPlugin","groupId":"org.apache.maven.plugins","artefactId":"maven-checkstyle-plugin","version":"3.1.0","pluginClassName":null},{"__type":"DefaultPlugin","groupId":"org.apache.maven.plugins","artefactId":"maven-compiler-plugin","version":"3.8.0","pluginClassName":null},{"__type":"DefaultPlugin","groupId":"org.apache.maven.plugins","artefactId":"maven-javadoc-plugin","version":"3.0.1","pluginClassName":null},{"__type":"DefaultPlugin","groupId":"org.apache.maven.plugins","artefactId":"maven-release-plugin","version":"2.5.3","pluginClassName":null},{"__type":"DefaultPlugin","groupId":"org.apache.maven.plugins","artefactId":"maven-deploy-plugin","version":"2.8.2","pluginClassName":null},{"__type":"DefaultPlugin","groupId":"org.apache.maven.plugins","artefactId":"maven-shade-plugin","version":"3.2.1","pluginClassName":null},{"__type":"DefaultPlugin","groupId":"org.apache.maven.plugins","artefactId":"maven-clean-plugin","version":"3.2.0","pluginClassName":null},{"__type":"DefaultPlugin","groupId":"org.apache.maven.plugins","artefactId":"maven-resources-plugin","version":"3.3.1","pluginClassName":null},{"__type":"DefaultPlugin","groupId":"org.apache.maven.plugins","artefactId":"maven-jar-plugin","version":"3.4.1","pluginClassName":null},{"__type":"DefaultPlugin","groupId":"org.apache.maven.plugins","artefactId":"maven-surefire-plugin","version":"3.0.0-M5","pluginClassName":null},{"__type":"DefaultPlugin","groupId":"org.apache.maven.plugins","artefactId":"maven-install-plugin","version":"3.1.2","pluginClassName":null},{"__type":"DefaultPlugin","groupId":"org.apache.maven.plugins","artefactId":"maven-site-plugin","version":"3.12.1","pluginClassName":null}],"version":"3.9.12","encoding":"UTF-8","name":"maven","subModules":[],"simpleModuleName":null,"parentModuleName":"com.paritytrading.parity:parity-parent","location":"/home/jbergqvist/diffblue/paritytrading-parity/tests/book-perf-test","fullModuleName":"com.paritytrading.parity:parity-book-perf-test"},{"__type":"DefaultProjectModule","junitReport":["/home/jbergqvist/diffblue/paritytrading-parity/tests/match-perf-test/target/surefire-reports"],"jacocoReport":["/home/jbergqvist/diffblue/paritytrading-parity/tests/match-perf-test/target/site/jacoco/jacoco.xml"],"jacocoDestFile":["/home/jbergqvist/diffblue/paritytrading-parity/tests/match-perf-test/target/jacoco.exec"],"jacocoFormats":["xml"],"jacocoSkipped":false,"classpath":["/home/jbergqvist/diffblue/paritytrading-parity/tests/match-perf-test/target/classes","/home/jbergqvist/.m2/repository/com/paritytrading/parity/parity-match/0.7.1-SNAPSHOT/parity-match-0.7.1-SNAPSHOT.jar","/home/jbergqvist/.m2/repository/it/unimi/dsi/fastutil/8.1.0/fastutil-8.1.0.jar","/home/jbergqvist/.m2/repository/org/openjdk/jmh/jmh-core/1.19/jmh-core-1.19.jar","/home/jbergqvist/.m2/repository/net/sf/jopt-simple/jopt-simple/4.6/jopt-simple-4.6.jar","/home/jbergqvist/.m2/repository/org/apache/commons/commons-math3/3.2/commons-math3-3.2.jar","/home/jbergqvist/.m2/repository/com/diffblue/cover/cover-annotations/1.9.0/cover-annotations-1.9.0.jar","/home/jbergqvist/.m2/repository/org/openjdk/jmh/jmh-generator-annprocess/1.19/jmh-generator-annprocess-1.19.jar","/home/jbergqvist/.m2/repository/org/junit/jupiter/junit-jupiter-engine/5.13.4/junit-jupiter-engine-5.13.4.jar","/home/jbergqvist/.m2/repository/org/junit/platform/junit-platform-engine/1.13.4/junit-platform-engine-1.13.4.jar","/home/jbergqvist/.m2/repository/org/opentest4j/opentest4j/1.3.0/opentest4j-1.3.0.jar","/home/jbergqvist/.m2/repository/org/junit/platform/junit-platform-commons/1.13.4/junit-platform-commons-1.13.4.jar","/home/jbergqvist/.m2/repository/org/junit/jupiter/junit-jupiter-api/5.13.4/junit-jupiter-api-5.13.4.jar","/home/jbergqvist/.m2/repository/org/apiguardian/apiguardian-api/1.1.2/apiguardian-api-1.1.2.jar","/home/jbergqvist/.m2/repository/org/mockito/mockito-core/4.11.0/mockito-core-4.11.0.jar","/home/jbergqvist/.m2/repository/net/bytebuddy/byte-buddy/1.12.19/byte-buddy-1.12.19.jar","/home/jbergqvist/.m2/repository/net/bytebuddy/byte-buddy-agent/1.12.19/byte-buddy-agent-1.12.19.jar","/home/jbergqvist/.m2/repository/org/objenesis/objenesis/3.3/objenesis-3.3.jar","/home/jbergqvist/.m2/repository/org/mockito/mockito-junit-jupiter/4.11.0/mockito-junit-jupiter-4.11.0.jar"],"complianceLevel":"1.8","productionSources":["/home/jbergqvist/diffblue/paritytrading-parity/tests/match-perf-test/src/main/java"],"testSources":["/home/jbergqvist/diffblue/paritytrading-parity/tests/match-perf-test/src/test/java"],"productionClasses":"/home/jbergqvist/diffblue/paritytrading-parity/tests/match-perf-test/target/classes","testClasses":"/home/jbergqvist/diffblue/paritytrading-parity/tests/match-perf-test/target/test-classes","sourceToBuildPathMap":null,"testSourceToBuildPathMap":null,"buildDirectory":"/home/jbergqvist/diffblue/paritytrading-parity/tests/match-perf-test/target","plugins":[{"__type":"DefaultPlugin","groupId":"org.apache.maven.plugins","artefactId":"maven-enforcer-plugin","version":"1.0","pluginClassName":null},{"__type":"DefaultPlugin","groupId":"org.apache.maven.plugins","artefactId":"maven-checkstyle-plugin","version":"3.1.0","pluginClassName":null},{"__type":"DefaultPlugin","groupId":"org.apache.maven.plugins","artefactId":"maven-compiler-plugin","version":"3.8.0","pluginClassName":null},{"__type":"DefaultPlugin","groupId":"org.apache.maven.plugins","artefactId":"maven-javadoc-plugin","version":"3.0.1","pluginClassName":null},{"__type":"DefaultPlugin","groupId":"org.apache.maven.plugins","artefactId":"maven-release-plugin","version":"2.5.3","pluginClassName":null},{"__type":"DefaultPlugin","groupId":"org.apache.maven.plugins","artefactId":"maven-deploy-plugin","version":"2.8.2","pluginClassName":null},{"__type":"DefaultPlugin","groupId":"org.apache.maven.plugins","artefactId":"maven-shade-plugin","version":"3.2.1","pluginClassName":null},{"__type":"DefaultPlugin","groupId":"org.apache.maven.plugins","artefactId":"maven-clean-plugin","version":"3.2.0","pluginClassName":null},{"__type":"DefaultPlugin","groupId":"org.apache.maven.plugins","artefactId":"maven-resources-plugin","version":"3.3.1","pluginClassName":null},{"__type":"DefaultPlugin","groupId":"org.apache.maven.plugins","artefactId":"maven-jar-plugin","version":"3.4.1","pluginClassName":null},{"__type":"DefaultPlugin","groupId":"org.apache.maven.plugins","artefactId":"maven-surefire-plugin","version":"3.0.0-M5","pluginClassName":null},{"__type":"DefaultPlugin","groupId":"org.apache.maven.plugins","artefactId":"maven-install-plugin","version":"3.1.2","pluginClassName":null},{"__type":"DefaultPlugin","groupId":"org.apache.maven.plugins","artefactId":"maven-site-plugin","version":"3.12.1","pluginClassName":null}],"version":"3.9.12","encoding":"UTF-8","name":"maven","subModules":[],"simpleModuleName":null,"parentModuleName":"com.paritytrading.parity:parity-parent","location":"/home/jbergqvist/diffblue/paritytrading-parity/tests/match-perf-test","fullModuleName":"com.paritytrading.parity:parity-match-perf-test"}],"simpleModuleName":null,"parentModuleName":"org.sonatype.oss:oss-parent","location":"/home/jbergqvist/diffblue/paritytrading-parity","fullModuleName":"com.paritytrading.parity:parity-parent"}}
10:44:43.963 [INFO]   [Checking]    deserializing line [DIFFBLUE]{"__type":"com.diffblue.cover.buildsystem.model.ProjectInfoMessage","projectName":"com.paritytrading.parity:parity-parent","productionSources":["/home/jbergqvist/diffblue/paritytrading-parity/src/main/java"],"testSources":["/home/jbergqvist/diffblue/paritytrading-parity/src/test/java"],"location":"/home/jbergqvist/diffblue/paritytrading-parity"}
10:44:43.964 [INFO]   [Checking]    deserializing line [DIFFBLUE]{"__type":"com.diffblue.cover.buildsystem.model.ProjectInfoMessage","projectName":"com.paritytrading.parity:parity-book","productionSources":["/home/jbergqvist/diffblue/paritytrading-parity/libraries/book/src/main/java"],"testSources":["/home/jbergqvist/diffblue/paritytrading-parity/libraries/book/src/test/java"],"location":"/home/jbergqvist/diffblue/paritytrading-parity/libraries/book"}
10:44:43.965 [INFO]   [Checking]    deserializing line [DIFFBLUE]{"__type":"com.diffblue.cover.buildsystem.model.ProjectInfoMessage","projectName":"com.paritytrading.parity:parity-file","productionSources":["/home/jbergqvist/diffblue/paritytrading-parity/libraries/file/src/main/java"],"testSources":["/home/jbergqvist/diffblue/paritytrading-parity/libraries/file/src/test/java"],"location":"/home/jbergqvist/diffblue/paritytrading-parity/libraries/file"}
10:44:43.966 [INFO]   [Checking]    deserializing line [DIFFBLUE]{"__type":"com.diffblue.cover.buildsystem.model.ProjectInfoMessage","projectName":"com.paritytrading.parity:parity-match","productionSources":["/home/jbergqvist/diffblue/paritytrading-parity/libraries/match/src/main/java"],"testSources":["/home/jbergqvist/diffblue/paritytrading-parity/libraries/match/src/test/java"],"location":"/home/jbergqvist/diffblue/paritytrading-parity/libraries/match"}
10:44:43.967 [INFO]   [Checking]    deserializing line [DIFFBLUE]{"__type":"com.diffblue.cover.buildsystem.model.ProjectInfoMessage","projectName":"com.paritytrading.parity:parity-net","productionSources":["/home/jbergqvist/diffblue/paritytrading-parity/libraries/net/src/main/java"],"testSources":["/home/jbergqvist/diffblue/paritytrading-parity/libraries/net/src/test/java"],"location":"/home/jbergqvist/diffblue/paritytrading-parity/libraries/net"}
10:44:43.968 [INFO]   [Checking]    deserializing line [DIFFBLUE]{"__type":"com.diffblue.cover.buildsystem.model.ProjectInfoMessage","projectName":"com.paritytrading.parity:parity-util","productionSources":["/home/jbergqvist/diffblue/paritytrading-parity/libraries/util/src/main/java"],"testSources":["/home/jbergqvist/diffblue/paritytrading-parity/libraries/util/src/test/java"],"location":"/home/jbergqvist/diffblue/paritytrading-parity/libraries/util"}
10:44:43.968 [INFO]   [Checking]    deserializing line [DIFFBLUE]{"__type":"com.diffblue.cover.buildsystem.model.ProjectInfoMessage","projectName":"com.paritytrading.parity:parity-client","productionSources":["/home/jbergqvist/diffblue/paritytrading-parity/applications/client/src/main/java"],"testSources":["/home/jbergqvist/diffblue/paritytrading-parity/applications/client/src/test/java"],"location":"/home/jbergqvist/diffblue/paritytrading-parity/applications/client"}
10:44:43.969 [INFO]   [Checking]    deserializing line [DIFFBLUE]{"__type":"com.diffblue.cover.buildsystem.model.ProjectInfoMessage","projectName":"com.paritytrading.parity:parity-fix","productionSources":["/home/jbergqvist/diffblue/paritytrading-parity/applications/fix/src/main/java"],"testSources":["/home/jbergqvist/diffblue/paritytrading-parity/applications/fix/src/test/java"],"location":"/home/jbergqvist/diffblue/paritytrading-parity/applications/fix"}
10:44:43.969 [INFO]   [Checking]    deserializing line [DIFFBLUE]{"__type":"com.diffblue.cover.buildsystem.model.ProjectInfoMessage","projectName":"com.paritytrading.parity:parity-reporter","productionSources":["/home/jbergqvist/diffblue/paritytrading-parity/applications/reporter/src/main/java"],"testSources":["/home/jbergqvist/diffblue/paritytrading-parity/applications/reporter/src/test/java"],"location":"/home/jbergqvist/diffblue/paritytrading-parity/applications/reporter"}
10:44:43.970 [INFO]   [Checking]    deserializing line [DIFFBLUE]{"__type":"com.diffblue.cover.buildsystem.model.ProjectInfoMessage","projectName":"com.paritytrading.parity:parity-system","productionSources":["/home/jbergqvist/diffblue/paritytrading-parity/applications/system/src/main/java"],"testSources":["/home/jbergqvist/diffblue/paritytrading-parity/applications/system/src/test/java"],"location":"/home/jbergqvist/diffblue/paritytrading-parity/applications/system"}
10:44:43.971 [INFO]   [Checking]    deserializing line [DIFFBLUE]{"__type":"com.diffblue.cover.buildsystem.model.ProjectInfoMessage","projectName":"com.paritytrading.parity:parity-ticker","productionSources":["/home/jbergqvist/diffblue/paritytrading-parity/applications/ticker/src/main/java"],"testSources":["/home/jbergqvist/diffblue/paritytrading-parity/applications/ticker/src/test/java"],"location":"/home/jbergqvist/diffblue/paritytrading-parity/applications/ticker"}
10:44:43.972 [INFO]   [Checking]    deserializing line [DIFFBLUE]{"__type":"com.diffblue.cover.buildsystem.model.ProjectInfoMessage","projectName":"com.paritytrading.parity:parity-book-perf-test","productionSources":["/home/jbergqvist/diffblue/paritytrading-parity/tests/book-perf-test/src/main/java"],"testSources":["/home/jbergqvist/diffblue/paritytrading-parity/tests/book-perf-test/src/test/java"],"location":"/home/jbergqvist/diffblue/paritytrading-parity/tests/book-perf-test"}
10:44:43.972 [INFO]   [Checking]    deserializing line [DIFFBLUE]{"__type":"com.diffblue.cover.buildsystem.model.ProjectInfoMessage","projectName":"com.paritytrading.parity:parity-match-perf-test","productionSources":["/home/jbergqvist/diffblue/paritytrading-parity/tests/match-perf-test/src/main/java"],"testSources":["/home/jbergqvist/diffblue/paritytrading-parity/tests/match-perf-test/src/test/java"],"location":"/home/jbergqvist/diffblue/paritytrading-parity/tests/match-perf-test"}
10:44:43.974 [INFO]   [Checking]    Found 1 ProjectModuleMessages (ignoring buildSrc projects)
10:44:43.974 [INFO]   [Checking]    Found module com.paritytrading.parity:parity-parent in the working directory /home/jbergqvist/diffblue/paritytrading-parity
10:44:43.974 [INFO]   [Checking]    deserialized project module is present? true
10:44:43.991 [INFO]   [Checking]    Operating System: Linux amd64 6.8.0-90-generic
10:44:43.991 [INFO]   [Checking]    Default charset: UTF-8
10:44:43.991 [INFO]   [Checking]    Default locale: en_GB
10:44:43.991 [INFO]   [Checking]    Default time zone: Europe/London
10:44:44.000 [INFO]   [Checking]    Selected modules:
10:44:44.000 [INFO]   [Checking]    - com.paritytrading.parity:parity-file
10:44:44.000 [INFO]   [Checking]    
10:44:44.003 [INFO]   [Checking]    
10:44:44.003 [INFO]   [Checking]    [1/1] Creating tests for module: com.paritytrading.parity:parity-file
10:44:44.004 [INFO]   [Checking]    =====================================================================
10:44:44.004 [INFO]   [Checking]    
10:44:44.004 [INFO]   [Checking]    Detecting environment:
10:44:44.004 [INFO]   [Checking]    ----------------------
10:44:44.068 [INFO]   [Checking]    Detected Java version 1.8.0_472
10:44:44.080 [INFO]   [Checking]    Maven Using ${maven.home} of: /home/jbergqvist/.sdkman/candidates/maven/current.
10:44:44.081 [INFO]   [Checking]    Maven Executing: /bin/sh -c cd /home/jbergqvist/diffblue/paritytrading-parity && /home/jbergqvist/.sdkman/candidates/maven/3.9.12/bin/mvn -B -version
10:44:44.252 [INFO]   [Checking]    Standard output of build tool (Maven)
10:44:44.252 [INFO]   [Checking]    > Apache Maven 3.9.12 (848fbb4bf2d427b72bdb2471c22fced7ebd9a7a1)
10:44:44.252 [INFO]   [Checking]    > Maven home: /home/jbergqvist/.sdkman/candidates/maven/3.9.12
10:44:44.252 [INFO]   [Checking]    > Java version: 1.8.0_472, vendor: Amazon.com Inc., runtime: /home/jbergqvist/.sdkman/candidates/java/8.0.472-amzn/jre
10:44:44.252 [INFO]   [Checking]    > Default locale: en_GB, platform encoding: UTF-8
10:44:44.252 [INFO]   [Checking]    > OS name: "linux", version: "6.8.0-90-generic", arch: "amd64", family: "unix"
10:44:44.252 [INFO]   [Checking]    Detected build system: Maven 3.9.12
10:44:44.258 [INFO]   [Checking]    Operating System: Linux amd64 6.8.0-90-generic
10:44:44.258 [INFO]   [Checking]    Default charset: UTF-8
10:44:44.258 [INFO]   [Checking]    Default locale: en_GB
10:44:44.258 [INFO]   [Checking]    Default time zone: Europe/London
10:44:44.259 [INFO]   [Checking]    Selected build system: Maven
10:44:44.268 [INFO]   [Checking]    Selected classpath from build system maven
10:44:44.269 [INFO]   [Checking]    Expanded classpath: 
/home/jbergqvist/diffblue/paritytrading-parity/libraries/file/target/test-classes (test build path)
/home/jbergqvist/diffblue/paritytrading-parity/libraries/file/target/classes (code under test)
/home/jbergqvist/.m2/repository/org/junit/jupiter/junit-jupiter/5.7.0/junit-jupiter-5.7.0.jar
/home/jbergqvist/.m2/repository/org/junit/jupiter/junit-jupiter-api/5.7.0/junit-jupiter-api-5.7.0.jar
/home/jbergqvist/.m2/repository/org/apiguardian/apiguardian-api/1.1.0/apiguardian-api-1.1.0.jar
/home/jbergqvist/.m2/repository/org/opentest4j/opentest4j/1.2.0/opentest4j-1.2.0.jar
/home/jbergqvist/.m2/repository/org/junit/platform/junit-platform-commons/1.7.0/junit-platform-commons-1.7.0.jar
/home/jbergqvist/.m2/repository/org/junit/jupiter/junit-jupiter-params/5.7.0/junit-jupiter-params-5.7.0.jar
/home/jbergqvist/.m2/repository/org/junit/jupiter/junit-jupiter-engine/5.7.0/junit-jupiter-engine-5.7.0.jar
/home/jbergqvist/.m2/repository/org/junit/platform/junit-platform-engine/1.7.0/junit-platform-engine-1.7.0.jar
/home/jbergqvist/.m2/repository/com/diffblue/cover/cover-annotations/1.9.0/cover-annotations-1.9.0.jar
/home/jbergqvist/.m2/repository/org/mockito/mockito-core/4.11.0/mockito-core-4.11.0.jar
/home/jbergqvist/.m2/repository/net/bytebuddy/byte-buddy/1.12.19/byte-buddy-1.12.19.jar
/home/jbergqvist/.m2/repository/net/bytebuddy/byte-buddy-agent/1.12.19/byte-buddy-agent-1.12.19.jar
/home/jbergqvist/.m2/repository/org/objenesis/objenesis/3.3/objenesis-3.3.jar
/home/jbergqvist/.m2/repository/org/mockito/mockito-junit-jupiter/4.11.0/mockito-junit-jupiter-4.11.0.jar
10:44:44.283 [INFO]   [Checking]    Detected test framework: JUnit Jupiter API 5.7.0
10:44:44.285 [INFO]   [Checking]    Detected JUnit Jupiter Engine version 5.7.0
10:44:44.287 [INFO]   [Checking]    Detected JUnit Jupiter Params version 5.7.0
10:44:44.302 [INFO]   [Checking]    Detected Mockito Core version 4.11.0
10:44:44.396 [INFO]   [Checking]    Indexing...
10:44:44.707 [INFO]   [Checking]    Selected test output directory: /home/jbergqvist/diffblue/paritytrading-parity/libraries/file/src/test/java
10:44:44.720 [INFO]   [Checking]    Using default build rules as no custom rules found in any of [/home/jbergqvist/diffblue/paritytrading-parity/libraries/file, /home/jbergqvist/diffblue/paritytrading-parity]
10:44:44.723 [INFO]   [Checking]    Attempting to invoke mvnw in working directory: /home/jbergqvist/diffblue/paritytrading-parity
10:44:44.723 [INFO]   [Checking]    Attempting to invoke /home/jbergqvist/.sdkman/candidates/maven/current/bin/mvn in working directory: /home/jbergqvist/diffblue/paritytrading-parity
10:44:44.724 [INFO]   [Checking]    Started "/home/jbergqvist/.sdkman/candidates/maven/current/bin/mvn -Dmaven.ext.class.path=/opt/cover/cover-buildsystem-maven-spy-jar-with-dependencies.jar -Dcom.diffblue.cover.skipTests=true -DskipTestOptimizer --batch-mode --projects=com.paritytrading.parity:parity-file --global-settings=/home/jbergqvist/.sdkman/candidates/maven/current/conf/settings.xml -Dcheckstyle.skip=true test -DfailIfNoTests=false -Dsurefire.failIfNoSpecifiedTests=false -Dmaven.test.failure.ignore=True -Dtest=DummyJupiterDiffblueTest"
10:44:45.606 [INFO]   [Checking]    out: [INFO] Scanning for projects...
10:44:45.724 [INFO]   [Checking]    out: [INFO] 
10:44:45.724 [INFO]   [Checking]    out: [INFO] ----------------< com.paritytrading.parity:parity-file >----------------
10:44:45.724 [INFO]   [Checking]    out: [INFO] Building Parity File Formats 0.7.1-SNAPSHOT
10:44:45.724 [INFO]   [Checking]    out: [INFO]   from pom.xml
10:44:45.724 [INFO]   [Checking]    out: [INFO] --------------------------------[ jar ]---------------------------------
10:44:46.008 [INFO]   [Checking]    deserializing line [DIFFBLUE]{"__type":"com.diffblue.cover.buildsystem.model.DefaultEventMessage","project":"com.paritytrading.parity:parity-file","goal":"enforce","cause":null,"state":"STARTED"}
10:44:46.011 [INFO]   [Checking]    out: [INFO] 
10:44:46.012 [INFO]   [Checking]    out: [INFO] --- enforcer:1.0:enforce (enforce-maven) @ parity-file ---
10:44:46.149 [INFO]   [Checking]    deserializing line [DIFFBLUE]{"__type":"com.diffblue.cover.buildsystem.model.DefaultEventMessage","project":"com.paritytrading.parity:parity-file","goal":"enforce","cause":null,"state":"SUCCESS"}
10:44:46.150 [INFO]   [Checking]    deserializing line [DIFFBLUE]{"__type":"com.diffblue.cover.buildsystem.model.DefaultEventMessage","project":"com.paritytrading.parity:parity-file","goal":"resources","cause":null,"state":"STARTED"}
10:44:46.151 [INFO]   [Checking]    out: [INFO] 
10:44:46.151 [INFO]   [Checking]    out: [INFO] --- resources:3.3.1:resources (default-resources) @ parity-file ---
10:44:46.196 [INFO]   [Checking]    out: [INFO] skip non existing resourceDirectory /home/jbergqvist/diffblue/paritytrading-parity/libraries/file/src/main/resources
10:44:46.198 [INFO]   [Checking]    deserializing line [DIFFBLUE]{"__type":"com.diffblue.cover.buildsystem.model.DefaultEventMessage","project":"com.paritytrading.parity:parity-file","goal":"resources","cause":null,"state":"SUCCESS"}
10:44:46.199 [INFO]   [Checking]    deserializing line [DIFFBLUE]{"__type":"com.diffblue.cover.buildsystem.model.DefaultEventMessage","project":"com.paritytrading.parity:parity-file","goal":"compile","cause":null,"state":"STARTED"}
10:44:46.200 [INFO]   [Checking]    out: [INFO] 
10:44:46.200 [INFO]   [Checking]    out: [INFO] --- compiler:3.8.0:compile (default-compile) @ parity-file ---
10:44:46.335 [INFO]   [Checking]    out: [INFO] Changes detected - recompiling the module!
10:44:46.338 [INFO]   [Checking]    out: [INFO] Compiling 4 source files to /home/jbergqvist/diffblue/paritytrading-parity/libraries/file/target/classes
10:44:46.575 [INFO]   [Checking]    deserializing line [DIFFBLUE]{"__type":"com.diffblue.cover.buildsystem.model.DefaultEventMessage","project":"com.paritytrading.parity:parity-file","goal":"compile","cause":null,"state":"SUCCESS"}
10:44:46.576 [INFO]   [Checking]    deserializing line [DIFFBLUE]{"__type":"com.diffblue.cover.buildsystem.model.DefaultEventMessage","project":"com.paritytrading.parity:parity-file","goal":"testResources","cause":null,"state":"STARTED"}
10:44:46.577 [INFO]   [Checking]    out: [INFO] 
10:44:46.577 [INFO]   [Checking]    out: [INFO] --- resources:3.3.1:testResources (default-testResources) @ parity-file ---
10:44:46.578 [INFO]   [Checking]    out: [INFO] skip non existing resourceDirectory /home/jbergqvist/diffblue/paritytrading-parity/libraries/file/src/test/resources
10:44:46.579 [INFO]   [Checking]    deserializing line [DIFFBLUE]{"__type":"com.diffblue.cover.buildsystem.model.DefaultEventMessage","project":"com.paritytrading.parity:parity-file","goal":"testResources","cause":null,"state":"SUCCESS"}
10:44:46.580 [INFO]   [Checking]    deserializing line [DIFFBLUE]{"__type":"com.diffblue.cover.buildsystem.model.DefaultEventMessage","project":"com.paritytrading.parity:parity-file","goal":"testCompile","cause":null,"state":"STARTED"}
10:44:46.580 [INFO]   [Checking]    out: [INFO] 
10:44:46.580 [INFO]   [Checking]    out: [INFO] --- compiler:3.8.0:testCompile (default-testCompile) @ parity-file ---
10:44:46.583 [INFO]   [Checking]    out: [INFO] Changes detected - recompiling the module!
10:44:46.583 [INFO]   [Checking]    out: [INFO] Compiling 6 source files to /home/jbergqvist/diffblue/paritytrading-parity/libraries/file/target/test-classes
10:44:46.685 [INFO]   [Checking]    out: [INFO] /home/jbergqvist/diffblue/paritytrading-parity/libraries/file/src/test/java/com/paritytrading/parity/file/taq/TAQConfigDiffblueTest.java: /home/jbergqvist/diffblue/paritytrading-parity/libraries/file/src/test/java/com/paritytrading/parity/file/taq/TAQConfigDiffblueTest.java uses unchecked or unsafe operations.
10:44:46.685 [INFO]   [Checking]    out: [INFO] /home/jbergqvist/diffblue/paritytrading-parity/libraries/file/src/test/java/com/paritytrading/parity/file/taq/TAQConfigDiffblueTest.java: Recompile with -Xlint:unchecked for details.
10:44:46.686 [INFO]   [Checking]    deserializing line [DIFFBLUE]{"__type":"com.diffblue.cover.buildsystem.model.DefaultEventMessage","project":"com.paritytrading.parity:parity-file","goal":"testCompile","cause":null,"state":"SUCCESS"}
10:44:46.688 [INFO]   [Checking]    deserializing line [DIFFBLUE]{"__type":"com.diffblue.cover.buildsystem.model.DefaultEventMessage","project":"com.paritytrading.parity:parity-file","goal":"test","cause":null,"state":"STARTED"}
10:44:46.689 [INFO]   [Checking]    out: [INFO] 
10:44:46.689 [INFO]   [Checking]    out: [INFO] --- surefire:3.0.0-M5:test (default-test) @ parity-file ---
10:44:46.934 [INFO]   [Checking]    out: [INFO] 
10:44:46.934 [INFO]   [Checking]    out: [INFO] -------------------------------------------------------
10:44:46.934 [INFO]   [Checking]    out: [INFO]  T E S T S
10:44:46.934 [INFO]   [Checking]    out: [INFO] -------------------------------------------------------
10:44:47.269 [INFO]   [Checking]    out: [INFO] Running DummyJupiterDiffblueTest
10:44:47.301 [INFO]   [Checking]    out: [INFO] Tests run: 1, Failures: 0, Errors: 0, Skipped: 0, Time elapsed: 0.029 s - in DummyJupiterDiffblueTest
10:44:47.324 [INFO]   [Checking]    out: [INFO] 
10:44:47.324 [INFO]   [Checking]    out: [INFO] Results:
10:44:47.324 [INFO]   [Checking]    out: [INFO] 
10:44:47.324 [INFO]   [Checking]    out: [INFO] Tests run: 1, Failures: 0, Errors: 0, Skipped: 0
10:44:47.324 [INFO]   [Checking]    out: [INFO] 
10:44:47.330 [INFO]   [Checking]    deserializing line [DIFFBLUE]{"__type":"com.diffblue.cover.buildsystem.model.DefaultEventMessage","project":"com.paritytrading.parity:parity-file","goal":"test","cause":null,"state":"SUCCESS"}
10:44:47.359 [INFO]   [Checking]    deserializing line [DIFFBLUE]{"__type":"com.diffblue.cover.buildsystem.model.DefaultProjectModuleMessage","project":{"__type":"DefaultProjectModule","junitReport":["/home/jbergqvist/diffblue/paritytrading-parity/libraries/file/target/surefire-reports"],"jacocoReport":["/home/jbergqvist/diffblue/paritytrading-parity/libraries/file/target/site/jacoco/jacoco.xml"],"jacocoDestFile":["/home/jbergqvist/diffblue/paritytrading-parity/libraries/file/target/jacoco.exec"],"jacocoFormats":["xml"],"jacocoSkipped":false,"classpath":["/home/jbergqvist/diffblue/paritytrading-parity/libraries/file/target/classes","/home/jbergqvist/.m2/repository/org/junit/jupiter/junit-jupiter/5.7.0/junit-jupiter-5.7.0.jar","/home/jbergqvist/.m2/repository/org/junit/jupiter/junit-jupiter-api/5.7.0/junit-jupiter-api-5.7.0.jar","/home/jbergqvist/.m2/repository/org/apiguardian/apiguardian-api/1.1.0/apiguardian-api-1.1.0.jar","/home/jbergqvist/.m2/repository/org/opentest4j/opentest4j/1.2.0/opentest4j-1.2.0.jar","/home/jbergqvist/.m2/repository/org/junit/platform/junit-platform-commons/1.7.0/junit-platform-commons-1.7.0.jar","/home/jbergqvist/.m2/repository/org/junit/jupiter/junit-jupiter-params/5.7.0/junit-jupiter-params-5.7.0.jar","/home/jbergqvist/.m2/repository/org/junit/jupiter/junit-jupiter-engine/5.7.0/junit-jupiter-engine-5.7.0.jar","/home/jbergqvist/.m2/repository/org/junit/platform/junit-platform-engine/1.7.0/junit-platform-engine-1.7.0.jar","/home/jbergqvist/.m2/repository/com/diffblue/cover/cover-annotations/1.9.0/cover-annotations-1.9.0.jar","/home/jbergqvist/.m2/repository/org/mockito/mockito-core/4.11.0/mockito-core-4.11.0.jar","/home/jbergqvist/.m2/repository/net/bytebuddy/byte-buddy/1.12.19/byte-buddy-1.12.19.jar","/home/jbergqvist/.m2/repository/net/bytebuddy/byte-buddy-agent/1.12.19/byte-buddy-agent-1.12.19.jar","/home/jbergqvist/.m2/repository/org/objenesis/objenesis/3.3/objenesis-3.3.jar","/home/jbergqvist/.m2/repository/org/mockito/mockito-junit-jupiter/4.11.0/mockito-junit-jupiter-4.11.0.jar"],"complianceLevel":"1.8","productionSources":["/home/jbergqvist/diffblue/paritytrading-parity/libraries/file/src/main/java"],"testSources":["/home/jbergqvist/diffblue/paritytrading-parity/libraries/file/src/test/java"],"productionClasses":"/home/jbergqvist/diffblue/paritytrading-parity/libraries/file/target/classes","testClasses":"/home/jbergqvist/diffblue/paritytrading-parity/libraries/file/target/test-classes","sourceToBuildPathMap":null,"testSourceToBuildPathMap":null,"buildDirectory":"/home/jbergqvist/diffblue/paritytrading-parity/libraries/file/target","plugins":[{"__type":"DefaultPlugin","groupId":"org.apache.maven.plugins","artefactId":"maven-enforcer-plugin","version":"1.0","pluginClassName":null},{"__type":"DefaultPlugin","groupId":"org.apache.maven.plugins","artefactId":"maven-checkstyle-plugin","version":"3.1.0","pluginClassName":null},{"__type":"DefaultPlugin","groupId":"org.apache.maven.plugins","artefactId":"maven-compiler-plugin","version":"3.8.0","pluginClassName":null},{"__type":"DefaultPlugin","groupId":"org.apache.maven.plugins","artefactId":"maven-javadoc-plugin","version":"3.0.1","pluginClassName":null},{"__type":"DefaultPlugin","groupId":"org.apache.maven.plugins","artefactId":"maven-release-plugin","version":"2.5.3","pluginClassName":null},{"__type":"DefaultPlugin","groupId":"org.apache.maven.plugins","artefactId":"maven-clean-plugin","version":"3.2.0","pluginClassName":null},{"__type":"DefaultPlugin","groupId":"org.apache.maven.plugins","artefactId":"maven-resources-plugin","version":"3.3.1","pluginClassName":null},{"__type":"DefaultPlugin","groupId":"org.apache.maven.plugins","artefactId":"maven-jar-plugin","version":"3.4.1","pluginClassName":null},{"__type":"DefaultPlugin","groupId":"org.apache.maven.plugins","artefactId":"maven-surefire-plugin","version":"3.0.0-M5","pluginClassName":null},{"__type":"DefaultPlugin","groupId":"org.apache.maven.plugins","artefactId":"maven-install-plugin","version":"3.1.2","pluginClassName":null},{"__type":"DefaultPlugin","groupId":"org.apache.maven.plugins","artefactId":"maven-deploy-plugin","version":"2.8.2","pluginClassName":null},{"__type":"DefaultPlugin","groupId":"org.apache.maven.plugins","artefactId":"maven-site-plugin","version":"3.12.1","pluginClassName":null}],"version":"3.9.12","encoding":"UTF-8","name":"maven","subModules":[],"simpleModuleName":null,"parentModuleName":"com.paritytrading.parity:parity-parent","location":"/home/jbergqvist/diffblue/paritytrading-parity/libraries/file","fullModuleName":"com.paritytrading.parity:parity-file"}}
10:44:47.362 [INFO]   [Checking]    out: [INFO] ------------------------------------------------------------------------
10:44:47.362 [INFO]   [Checking]    out: [INFO] BUILD SUCCESS
10:44:47.362 [INFO]   [Checking]    out: [INFO] ------------------------------------------------------------------------
10:44:47.362 [INFO]   [Checking]    out: [INFO] Total time:  1.772 s
10:44:47.362 [INFO]   [Checking]    out: [INFO] Finished at: 2026-01-20T10:44:47Z
10:44:47.362 [INFO]   [Checking]    out: [INFO] ------------------------------------------------------------------------
10:44:47.362 [INFO]   [Checking]    deserializing line [DIFFBLUE]{"__type":"com.diffblue.cover.buildsystem.model.ProjectInfoMessage","projectName":"com.paritytrading.parity:parity-file","productionSources":["/home/jbergqvist/diffblue/paritytrading-parity/libraries/file/src/main/java","/home/jbergqvist/diffblue/paritytrading-parity/libraries/file/target/generated-sources/annotations"],"testSources":["/home/jbergqvist/diffblue/paritytrading-parity/libraries/file/src/test/java","/home/jbergqvist/diffblue/paritytrading-parity/libraries/file/target/generated-test-sources/test-annotations"],"location":"/home/jbergqvist/diffblue/paritytrading-parity/libraries/file"}
10:44:47.398 [INFO]   [Checking]    maven:err process not stopped, joining thread
10:44:47.398 [INFO]   [Checking]    maven:out process not stopped, joining thread
10:44:47.410 [INFO]   [Checking]    Selected test framework: JUnit Jupiter API
10:44:47.414 [INFO]   [Checking]    Detected Mockito JUnit Jupiter version 4.11.0
10:44:47.428 [INFO]   [Checking]    Using default build rules as no custom rules found in any of [/home/jbergqvist/diffblue/paritytrading-parity/libraries/file, /home/jbergqvist/diffblue/paritytrading-parity]
10:44:47.429 [INFO]   [Checking]    Attempting to invoke mvnw in working directory: /home/jbergqvist/diffblue/paritytrading-parity
10:44:47.429 [INFO]   [Checking]    Attempting to invoke /home/jbergqvist/.sdkman/candidates/maven/current/bin/mvn in working directory: /home/jbergqvist/diffblue/paritytrading-parity
10:44:47.429 [INFO]   [Checking]    Started "/home/jbergqvist/.sdkman/candidates/maven/current/bin/mvn -Dmaven.ext.class.path=/opt/cover/cover-buildsystem-maven-spy-jar-with-dependencies.jar -Dcom.diffblue.cover.skipTests=true -DskipTestOptimizer --batch-mode --projects=com.paritytrading.parity:parity-file --global-settings=/home/jbergqvist/.sdkman/candidates/maven/current/conf/settings.xml -Dcheckstyle.skip=true test -DfailIfNoTests=false -Dsurefire.failIfNoSpecifiedTests=false -Dmaven.test.failure.ignore=True -Dtest=DummyJUnitJupiterLauncherDiffblueTest219787892966909496"
10:44:48.192 [INFO]   [Checking]    out: [INFO] Scanning for projects...
10:44:48.294 [INFO]   [Checking]    out: [INFO] 
10:44:48.294 [INFO]   [Checking]    out: [INFO] ----------------< com.paritytrading.parity:parity-file >----------------
10:44:48.294 [INFO]   [Checking]    out: [INFO] Building Parity File Formats 0.7.1-SNAPSHOT
10:44:48.294 [INFO]   [Checking]    out: [INFO]   from pom.xml
10:44:48.294 [INFO]   [Checking]    out: [INFO] --------------------------------[ jar ]---------------------------------
10:44:48.543 [INFO]   [Checking]    deserializing line [DIFFBLUE]{"__type":"com.diffblue.cover.buildsystem.model.DefaultEventMessage","project":"com.paritytrading.parity:parity-file","goal":"enforce","cause":null,"state":"STARTED"}
10:44:48.544 [INFO]   [Checking]    out: [INFO] 
10:44:48.544 [INFO]   [Checking]    out: [INFO] --- enforcer:1.0:enforce (enforce-maven) @ parity-file ---
10:44:48.654 [INFO]   [Checking]    deserializing line [DIFFBLUE]{"__type":"com.diffblue.cover.buildsystem.model.DefaultEventMessage","project":"com.paritytrading.parity:parity-file","goal":"enforce","cause":null,"state":"SUCCESS"}
10:44:48.655 [INFO]   [Checking]    deserializing line [DIFFBLUE]{"__type":"com.diffblue.cover.buildsystem.model.DefaultEventMessage","project":"com.paritytrading.parity:parity-file","goal":"resources","cause":null,"state":"STARTED"}
10:44:48.656 [INFO]   [Checking]    out: [INFO] 
10:44:48.656 [INFO]   [Checking]    out: [INFO] --- resources:3.3.1:resources (default-resources) @ parity-file ---
10:44:48.700 [INFO]   [Checking]    out: [INFO] skip non existing resourceDirectory /home/jbergqvist/diffblue/paritytrading-parity/libraries/file/src/main/resources
10:44:48.701 [INFO]   [Checking]    deserializing line [DIFFBLUE]{"__type":"com.diffblue.cover.buildsystem.model.DefaultEventMessage","project":"com.paritytrading.parity:parity-file","goal":"resources","cause":null,"state":"SUCCESS"}
10:44:48.702 [INFO]   [Checking]    deserializing line [DIFFBLUE]{"__type":"com.diffblue.cover.buildsystem.model.DefaultEventMessage","project":"com.paritytrading.parity:parity-file","goal":"compile","cause":null,"state":"STARTED"}
10:44:48.703 [INFO]   [Checking]    out: [INFO] 
10:44:48.703 [INFO]   [Checking]    out: [INFO] --- compiler:3.8.0:compile (default-compile) @ parity-file ---
10:44:48.825 [INFO]   [Checking]    out: [INFO] Changes detected - recompiling the module!
10:44:48.829 [INFO]   [Checking]    out: [INFO] Compiling 4 source files to /home/jbergqvist/diffblue/paritytrading-parity/libraries/file/target/classes
10:44:49.079 [INFO]   [Checking]    deserializing line [DIFFBLUE]{"__type":"com.diffblue.cover.buildsystem.model.DefaultEventMessage","project":"com.paritytrading.parity:parity-file","goal":"compile","cause":null,"state":"SUCCESS"}
10:44:49.080 [INFO]   [Checking]    deserializing line [DIFFBLUE]{"__type":"com.diffblue.cover.buildsystem.model.DefaultEventMessage","project":"com.paritytrading.parity:parity-file","goal":"testResources","cause":null,"state":"STARTED"}
10:44:49.081 [INFO]   [Checking]    out: [INFO] 
10:44:49.081 [INFO]   [Checking]    out: [INFO] --- resources:3.3.1:testResources (default-testResources) @ parity-file ---
10:44:49.082 [INFO]   [Checking]    out: [INFO] skip non existing resourceDirectory /home/jbergqvist/diffblue/paritytrading-parity/libraries/file/src/test/resources
10:44:49.083 [INFO]   [Checking]    deserializing line [DIFFBLUE]{"__type":"com.diffblue.cover.buildsystem.model.DefaultEventMessage","project":"com.paritytrading.parity:parity-file","goal":"testResources","cause":null,"state":"SUCCESS"}
10:44:49.084 [INFO]   [Checking]    deserializing line [DIFFBLUE]{"__type":"com.diffblue.cover.buildsystem.model.DefaultEventMessage","project":"com.paritytrading.parity:parity-file","goal":"testCompile","cause":null,"state":"STARTED"}
10:44:49.085 [INFO]   [Checking]    out: [INFO] 
10:44:49.085 [INFO]   [Checking]    out: [INFO] --- compiler:3.8.0:testCompile (default-testCompile) @ parity-file ---
10:44:49.088 [INFO]   [Checking]    out: [INFO] Changes detected - recompiling the module!
10:44:49.088 [INFO]   [Checking]    out: [INFO] Compiling 6 source files to /home/jbergqvist/diffblue/paritytrading-parity/libraries/file/target/test-classes
10:44:49.206 [INFO]   [Checking]    out: [INFO] /home/jbergqvist/diffblue/paritytrading-parity/libraries/file/src/test/java/com/paritytrading/parity/file/taq/TAQConfigDiffblueTest.java: /home/jbergqvist/diffblue/paritytrading-parity/libraries/file/src/test/java/com/paritytrading/parity/file/taq/TAQConfigDiffblueTest.java uses unchecked or unsafe operations.
10:44:49.206 [INFO]   [Checking]    out: [INFO] /home/jbergqvist/diffblue/paritytrading-parity/libraries/file/src/test/java/com/paritytrading/parity/file/taq/TAQConfigDiffblueTest.java: Recompile with -Xlint:unchecked for details.
10:44:49.207 [INFO]   [Checking]    deserializing line [DIFFBLUE]{"__type":"com.diffblue.cover.buildsystem.model.DefaultEventMessage","project":"com.paritytrading.parity:parity-file","goal":"testCompile","cause":null,"state":"SUCCESS"}
10:44:49.209 [INFO]   [Checking]    deserializing line [DIFFBLUE]{"__type":"com.diffblue.cover.buildsystem.model.DefaultEventMessage","project":"com.paritytrading.parity:parity-file","goal":"test","cause":null,"state":"STARTED"}
10:44:49.211 [INFO]   [Checking]    out: [INFO] 
10:44:49.211 [INFO]   [Checking]    out: [INFO] --- surefire:3.0.0-M5:test (default-test) @ parity-file ---
10:44:49.457 [INFO]   [Checking]    out: [INFO] 
10:44:49.457 [INFO]   [Checking]    out: [INFO] -------------------------------------------------------
10:44:49.457 [INFO]   [Checking]    out: [INFO]  T E S T S
10:44:49.457 [INFO]   [Checking]    out: [INFO] -------------------------------------------------------
10:44:49.762 [INFO]   [Checking]    out: [INFO] Running DummyJUnitJupiterLauncherDiffblueTest219787892966909496
10:44:49.799 [INFO]   [Checking]    out: [INFO] Tests run: 1, Failures: 0, Errors: 0, Skipped: 0, Time elapsed: 0.032 s - in DummyJUnitJupiterLauncherDiffblueTest219787892966909496
10:44:49.804 [INFO]   [Checking]    out: [INFO] 
10:44:49.804 [INFO]   [Checking]    out: [INFO] Results:
10:44:49.804 [INFO]   [Checking]    out: [INFO] 
10:44:49.804 [INFO]   [Checking]    out: [INFO] Tests run: 1, Failures: 0, Errors: 0, Skipped: 0
10:44:49.804 [INFO]   [Checking]    out: [INFO] 
10:44:49.808 [INFO]   [Checking]    deserializing line [DIFFBLUE]{"__type":"com.diffblue.cover.buildsystem.model.DefaultEventMessage","project":"com.paritytrading.parity:parity-file","goal":"test","cause":null,"state":"SUCCESS"}
10:44:49.834 [INFO]   [Checking]    deserializing line [DIFFBLUE]{"__type":"com.diffblue.cover.buildsystem.model.DefaultProjectModuleMessage","project":{"__type":"DefaultProjectModule","junitReport":["/home/jbergqvist/diffblue/paritytrading-parity/libraries/file/target/surefire-reports"],"jacocoReport":["/home/jbergqvist/diffblue/paritytrading-parity/libraries/file/target/site/jacoco/jacoco.xml"],"jacocoDestFile":["/home/jbergqvist/diffblue/paritytrading-parity/libraries/file/target/jacoco.exec"],"jacocoFormats":["xml"],"jacocoSkipped":false,"classpath":["/home/jbergqvist/diffblue/paritytrading-parity/libraries/file/target/classes","/home/jbergqvist/.m2/repository/org/junit/jupiter/junit-jupiter/5.7.0/junit-jupiter-5.7.0.jar","/home/jbergqvist/.m2/repository/org/junit/jupiter/junit-jupiter-api/5.7.0/junit-jupiter-api-5.7.0.jar","/home/jbergqvist/.m2/repository/org/apiguardian/apiguardian-api/1.1.0/apiguardian-api-1.1.0.jar","/home/jbergqvist/.m2/repository/org/opentest4j/opentest4j/1.2.0/opentest4j-1.2.0.jar","/home/jbergqvist/.m2/repository/org/junit/platform/junit-platform-commons/1.7.0/junit-platform-commons-1.7.0.jar","/home/jbergqvist/.m2/repository/org/junit/jupiter/junit-jupiter-params/5.7.0/junit-jupiter-params-5.7.0.jar","/home/jbergqvist/.m2/repository/org/junit/jupiter/junit-jupiter-engine/5.7.0/junit-jupiter-engine-5.7.0.jar","/home/jbergqvist/.m2/repository/org/junit/platform/junit-platform-engine/1.7.0/junit-platform-engine-1.7.0.jar","/home/jbergqvist/.m2/repository/com/diffblue/cover/cover-annotations/1.9.0/cover-annotations-1.9.0.jar","/home/jbergqvist/.m2/repository/org/mockito/mockito-core/4.11.0/mockito-core-4.11.0.jar","/home/jbergqvist/.m2/repository/net/bytebuddy/byte-buddy/1.12.19/byte-buddy-1.12.19.jar","/home/jbergqvist/.m2/repository/net/bytebuddy/byte-buddy-agent/1.12.19/byte-buddy-agent-1.12.19.jar","/home/jbergqvist/.m2/repository/org/objenesis/objenesis/3.3/objenesis-3.3.jar","/home/jbergqvist/.m2/repository/org/mockito/mockito-junit-jupiter/4.11.0/mockito-junit-jupiter-4.11.0.jar"],"complianceLevel":"1.8","productionSources":["/home/jbergqvist/diffblue/paritytrading-parity/libraries/file/src/main/java"],"testSources":["/home/jbergqvist/diffblue/paritytrading-parity/libraries/file/src/test/java"],"productionClasses":"/home/jbergqvist/diffblue/paritytrading-parity/libraries/file/target/classes","testClasses":"/home/jbergqvist/diffblue/paritytrading-parity/libraries/file/target/test-classes","sourceToBuildPathMap":null,"testSourceToBuildPathMap":null,"buildDirectory":"/home/jbergqvist/diffblue/paritytrading-parity/libraries/file/target","plugins":[{"__type":"DefaultPlugin","groupId":"org.apache.maven.plugins","artefactId":"maven-enforcer-plugin","version":"1.0","pluginClassName":null},{"__type":"DefaultPlugin","groupId":"org.apache.maven.plugins","artefactId":"maven-checkstyle-plugin","version":"3.1.0","pluginClassName":null},{"__type":"DefaultPlugin","groupId":"org.apache.maven.plugins","artefactId":"maven-compiler-plugin","version":"3.8.0","pluginClassName":null},{"__type":"DefaultPlugin","groupId":"org.apache.maven.plugins","artefactId":"maven-javadoc-plugin","version":"3.0.1","pluginClassName":null},{"__type":"DefaultPlugin","groupId":"org.apache.maven.plugins","artefactId":"maven-release-plugin","version":"2.5.3","pluginClassName":null},{"__type":"DefaultPlugin","groupId":"org.apache.maven.plugins","artefactId":"maven-clean-plugin","version":"3.2.0","pluginClassName":null},{"__type":"DefaultPlugin","groupId":"org.apache.maven.plugins","artefactId":"maven-resources-plugin","version":"3.3.1","pluginClassName":null},{"__type":"DefaultPlugin","groupId":"org.apache.maven.plugins","artefactId":"maven-jar-plugin","version":"3.4.1","pluginClassName":null},{"__type":"DefaultPlugin","groupId":"org.apache.maven.plugins","artefactId":"maven-surefire-plugin","version":"3.0.0-M5","pluginClassName":null},{"__type":"DefaultPlugin","groupId":"org.apache.maven.plugins","artefactId":"maven-install-plugin","version":"3.1.2","pluginClassName":null},{"__type":"DefaultPlugin","groupId":"org.apache.maven.plugins","artefactId":"maven-deploy-plugin","version":"2.8.2","pluginClassName":null},{"__type":"DefaultPlugin","groupId":"org.apache.maven.plugins","artefactId":"maven-site-plugin","version":"3.12.1","pluginClassName":null}],"version":"3.9.12","encoding":"UTF-8","name":"maven","subModules":[],"simpleModuleName":null,"parentModuleName":"com.paritytrading.parity:parity-parent","location":"/home/jbergqvist/diffblue/paritytrading-parity/libraries/file","fullModuleName":"com.paritytrading.parity:parity-file"}}
10:44:49.838 [INFO]   [Checking]    out: [INFO] ------------------------------------------------------------------------
10:44:49.838 [INFO]   [Checking]    out: [INFO] BUILD SUCCESS
10:44:49.838 [INFO]   [Checking]    out: [INFO] ------------------------------------------------------------------------
10:44:49.838 [INFO]   [Checking]    out: [INFO] Total time:  1.659 s
10:44:49.838 [INFO]   [Checking]    out: [INFO] Finished at: 2026-01-20T10:44:49Z
10:44:49.838 [INFO]   [Checking]    out: [INFO] ------------------------------------------------------------------------
10:44:49.839 [INFO]   [Checking]    deserializing line [DIFFBLUE]{"__type":"com.diffblue.cover.buildsystem.model.ProjectInfoMessage","projectName":"com.paritytrading.parity:parity-file","productionSources":["/home/jbergqvist/diffblue/paritytrading-parity/libraries/file/src/main/java","/home/jbergqvist/diffblue/paritytrading-parity/libraries/file/target/generated-sources/annotations"],"testSources":["/home/jbergqvist/diffblue/paritytrading-parity/libraries/file/src/test/java","/home/jbergqvist/diffblue/paritytrading-parity/libraries/file/target/generated-test-sources/test-annotations"],"location":"/home/jbergqvist/diffblue/paritytrading-parity/libraries/file"}
10:44:49.878 [INFO]   [Checking]    maven:err process not stopped, joining thread
10:44:49.878 [INFO]   [Checking]    maven:out process not stopped, joining thread
10:44:49.930 [INFO]   [Checking]    Detected JVM architecture: 64-Bit
10:44:49.947 [INFO]   [Checking]    Detected Cover Annotations version 1.9.0
10:44:50.019 [INFO]   [Checking]    Selected Java language compliance level: 1.8
10:44:50.020 [INFO]   [Checking]    Selected test validation: enabled
10:44:50.381 [INFO]   [Checking]    Prefixes for filtering classes/methods:
10:44:50.388 [INFO]   [Checking]    - com.paritytrading.parity.file.taq
10:44:50.390 [INFO]   [Checking]    Gathering methods to test...
10:44:50.643 [INFO]   [Reporting]   
10:44:50.644 [INFO]   [Reporting]   Environment summary for module: com.paritytrading.parity:parity-file
10:44:50.644 [INFO]   [Reporting]   --------------------------------------------------------------------
10:44:50.644 [INFO]   [Reporting]   Java version                   1.8.0_472                     SUCCESS        
10:44:50.644 [INFO]   [Reporting]   Build system                   Maven                         SUCCESS        
10:44:50.644 [INFO]   [Reporting]   Mocking Framework              Mockito Core 4.11.0           SUCCESS        
10:44:50.644 [INFO]   [Reporting]   Surefire version               3.0.0-M5                      SUCCESS        
10:44:50.644 [INFO]   [Reporting]   Testing framework              JUnit Jupiter                 SUCCESS        
10:44:50.644 [INFO]   [Reporting]   Mockito JUnit Jupiter version  4.11.0                        SUCCESS        
10:44:50.644 [INFO]   [Reporting]   JavaEE version                 Skipped                       -----          
10:44:50.644 [INFO]   [Reporting]   OSGi Annotations               Not Detected                  -----          
10:44:50.644 [INFO]   [Reporting]   Javax WS RS API                Not Detected                  -----          
10:44:50.644 [INFO]   [Reporting]   Jakarta RESTful WS API         Not Detected                  -----          
10:44:50.644 [INFO]   [Reporting]   Jersey Server                  Not Detected                  -----          
10:44:50.644 [INFO]   [Reporting]   Jersey Test Framework          Not Detected                  -----          
10:44:50.644 [INFO]   [Reporting]   Jersey Test Provider InMemory  Not Detected                  -----          
10:44:50.644 [INFO]   [Reporting]   Guice Framework                Not Detected                  -----          
10:44:50.644 [INFO]   [Reporting]   JaCoCo plugin version          0.8.11                        SUCCESS        
10:44:50.644 [INFO]   [Reporting]   Launcher                       JUnit Jupiter                 SUCCESS        
10:44:50.644 [INFO]   [Reporting]   Quarkus                        Not Detected                  -----          
10:44:50.644 [INFO]   [Reporting]   Test validation                Enabled                       SUCCESS        
10:44:50.644 [INFO]   [Reporting]   Hamcrest                       Not Detected                  -----          
10:44:50.644 [INFO]   [Reporting]   Spring Core                    Not Detected                  -----          
10:44:50.644 [INFO]   [Reporting]   Spring Boot                    Skipped                       -----          
10:44:50.644 [INFO]   [Reporting]   Spring Boot Starter Webflux    Skipped                       -----          
10:44:50.644 [INFO]   [Reporting]   Spring Boot Test Autoconfigure Skipped                       -----          
10:44:50.644 [INFO]   [Reporting]   Spring Boot Test               Skipped                       -----          
10:44:50.644 [INFO]   [Reporting]   Spring Web                     Skipped                       -----          
10:44:50.644 [INFO]   [Reporting]   Spring Security Web            Skipped                       -----          
10:44:50.644 [INFO]   [Reporting]   Spring Test                    Skipped                       -----          
10:44:50.644 [INFO]   [Reporting]   
10:44:50.645 [INFO]   [Reporting]   Environment check status: SUCCESS
10:44:50.835 [INFO]   [Creating]    Found 24 callable methods in 5 classes
10:44:50.835 [INFO]   [Creating]    
10:44:50.836 [INFO]   [Creating]    Creating tests:
10:44:50.836 [INFO]   [Creating]    ---------------
10:44:50.839 [INFO]   [Creating]    
================================================================================
= Starting analysis for class 'com.paritytrading.parity.file.taq.TAQ$Quote'
================================================================================
10:44:50.840 [INFO]   [Creating]    Filtering out non-testable methods...
10:44:51.279 [INFO]   [Creating]    Filtering of methods complete. Creating analysis request
10:44:51.279 [INFO]   [Creating]    Attempting to get service client, retry 1.
10:44:51.282 [INFO]   [Creating]    Starting monitoring server.
10:44:51.682 [INFO]   [Creating]    Monitoring server listening on localhost/127.0.0.1:43083
10:44:51.718 [INFO]   [Creating]    Starting analyzer server process...
10:44:51.718 [INFO]   [Creating]    Server command-line: /home/jbergqvist/.sdkman/candidates/java/8.0.472-amzn/jre/bin/java -XX:+IgnoreUnrecognizedVMOptions -Djdk.attach.allowAttachSelf=true -Djdk.jar.maxSignatureFileSize=100000000 -ea -javaagent:/opt/cover/launcher-shared-jar.jar -Dlogback.configurationFile=/tmp/diffblue/config/logback-remote-service.xml -Dcom.diffblue.springIsolationJar=/opt/cover/cover-isolation-layer.jar -Dcover.jar.path=/opt/cover/cover-service-analyzer.jar -Dcom.diffblue.assertionSuggestionJar=/opt/cover/cover-service-analyzer.jar -Dcover.main.class=com.diffblue.cover.service.analyzer.Main -jar /opt/cover/launcher-shared-jar.jar --service-lifespan 120 --monitoring-service-port 43083 --index-service-port 43083 --debug-log
10:44:51.719 [INFO]   [Creating]    Server started. Waiting up to 300 seconds for a connection to be established...
10:44:52.510 [INFO]   [Creating]    Starting new remote monitor client
10:44:52.830 [INFO]   [Creating]    Attempting to start remote server.
10:44:53.031 [INFO]   [Creating]    Server started, listening on localhost/127.0.0.1:33747
10:44:53.035 [INFO]   [Creating]    Expect analyzer service to be listening on port 33747.
10:44:53.226 [INFO]   [Creating]    Started analyzer service and client retrieved.
10:45:00.524 [INFO]   [Creating]         [1/24] com.paritytrading.parity.file.taq.TAQ$Quote.<init>
10:45:00.524 [INFO]   [Creating]         [1/24]   Tests created: 1
10:45:00.527 [INFO]   [Creating]    [1/5] com.paritytrading.parity.file.taq.TAQ$Quote
10:45:00.528 [INFO]   [Creating]    [1/5]   Tests created: 1
10:45:00.529 [INFO]   [Creating]    
================================================================================
= Starting analysis for class 'com.paritytrading.parity.file.taq.TAQ$Trade'
================================================================================
10:45:00.529 [INFO]   [Creating]    Filtering out non-testable methods...
10:45:00.530 [INFO]   [Creating]    Filtering of methods complete. Creating analysis request
10:45:00.530 [INFO]   [Creating]    Attempting to get service client, retry 1.
10:45:00.781 [INFO]   [Creating]         [2/24] com.paritytrading.parity.file.taq.TAQ$Trade.<init>
10:45:00.781 [INFO]   [Creating]         [2/24]   Tests created: 1
10:45:00.783 [INFO]   [Creating]    [2/5] com.paritytrading.parity.file.taq.TAQ$Trade
10:45:00.784 [INFO]   [Creating]    [2/5]   Tests created: 1
10:45:00.785 [INFO]   [Creating]    
================================================================================
= Starting analysis for class 'com.paritytrading.parity.file.taq.TAQConfig'
================================================================================
10:45:00.785 [INFO]   [Creating]    Filtering out non-testable methods...
10:45:00.796 [INFO]   [Creating]    Filtering of methods complete. Creating analysis request
10:45:00.796 [INFO]   [Creating]    Attempting to get service client, retry 1.
10:45:03.013 [INFO]   [Creating]         [3/24] com.paritytrading.parity.file.taq.TAQConfig.getEncoding
10:45:03.013 [INFO]   [Creating]         [3/24]   Tests created: 1
10:45:03.666 [INFO]   [Creating]         [4/24] com.paritytrading.parity.file.taq.TAQConfig.getPriceFormat
10:45:03.666 [INFO]   [Creating]         [4/24]   Tests created: 1
10:45:03.807 [INFO]   [Creating]         [5/24] com.paritytrading.parity.file.taq.TAQConfig.getSizeFormat
10:45:03.807 [INFO]   [Creating]         [5/24]   Tests created: 1
10:45:03.809 [INFO]   [Creating]    [3/5] com.paritytrading.parity.file.taq.TAQConfig
10:45:03.810 [INFO]   [Creating]    [3/5]   Tests created: 3
10:45:03.811 [INFO]   [Creating]    
================================================================================
= Starting analysis for class 'com.paritytrading.parity.file.taq.TAQConfig$Builder'
================================================================================
10:45:03.811 [INFO]   [Creating]    Filtering out non-testable methods...
10:45:03.820 [INFO]   [Creating]    Filtering of methods complete. Creating analysis request
10:45:03.820 [INFO]   [Creating]    Attempting to get service client, retry 1.
10:45:04.395 [INFO]   [Creating]         [6/24] com.paritytrading.parity.file.taq.TAQConfig$Builder.build
10:45:04.395 [INFO]   [Creating]         [7/24] com.paritytrading.parity.file.taq.TAQConfig$Builder.setEncoding
10:45:04.395 [INFO]   [Creating]         [7/24]   Tests created: 1
10:45:04.397 [INFO]   [Creating]         [8/24] com.paritytrading.parity.file.taq.TAQConfig$Builder.<init>
10:45:04.397 [INFO]   [Creating]         [8/24]   R003: Test did not increase coverage
10:45:04.397 [INFO]   [Creating]         [8/24]     Diffblue Cover could not find a test that improves the coverage already
10:45:04.397 [INFO]   [Creating]         [8/24]     provided by existing tests.
10:45:05.505 [INFO]   [Creating]         [9/24] com.paritytrading.parity.file.taq.TAQConfig$Builder.setPriceFractionDigits
10:45:05.505 [INFO]   [Creating]         [9/24]   Tests created: 1
10:45:06.210 [INFO]   [Creating]        [10/24] com.paritytrading.parity.file.taq.TAQConfig$Builder.setPriceFractionDigits
10:45:06.210 [INFO]   [Creating]        [10/24]   Tests created: 2
10:45:06.508 [INFO]   [Creating]        [11/24] com.paritytrading.parity.file.taq.TAQConfig$Builder.setSizeFractionDigits
10:45:06.508 [INFO]   [Creating]        [11/24]   Tests created: 1
10:45:07.006 [INFO]   [Creating]        [12/24] com.paritytrading.parity.file.taq.TAQConfig$Builder.setSizeFractionDigits
10:45:07.006 [INFO]   [Creating]        [12/24]   Tests created: 1
10:45:07.010 [INFO]   [Creating]    [4/5] com.paritytrading.parity.file.taq.TAQConfig$Builder
10:45:07.010 [INFO]   [Creating]    [4/5]   Tests created: 6
10:45:07.012 [INFO]   [Creating]    
================================================================================
= Starting analysis for class 'com.paritytrading.parity.file.taq.TAQWriter'
================================================================================
10:45:07.012 [INFO]   [Creating]    Filtering out non-testable methods...
10:45:07.027 [INFO]   [Creating]    Filtering of methods complete. Creating analysis request
10:45:07.027 [INFO]   [Creating]    Attempting to get service client, retry 1.
10:45:07.196 [INFO]   [Creating]        [13/24] com.paritytrading.parity.file.taq.TAQWriter.getBuffer
10:45:07.196 [INFO]   [Creating]        [14/24] com.paritytrading.parity.file.taq.TAQWriter.getConfig
10:45:07.196 [INFO]   [Creating]        [15/24] com.paritytrading.parity.file.taq.TAQWriter.getPosition
10:45:07.196 [INFO]   [Creating]        [16/24] com.paritytrading.parity.file.taq.TAQWriter.getSink
10:45:07.196 [INFO]   [Creating]        [16/24]   R020: Temporary files were created but not deleted
10:45:07.196 [INFO]   [Creating]        [16/24]     The method under test created the following temporary files without deleting
10:45:07.196 [INFO]   [Creating]        [16/24]     them:
10:45:07.196 [INFO]   [Creating]        [16/24]     - '/tmp/test.txt'
10:45:07.196 [INFO]   [Creating]        [16/24]     Please ensure that temporary files are deleted in the method under test.
10:45:07.196 [INFO]   [Creating]        [16/24]     See https://diff.blue/R020
10:45:08.508 [INFO]   [Creating]        [17/24] com.paritytrading.parity.file.taq.TAQWriter.<init>
10:45:08.508 [INFO]   [Creating]        [17/24]   R020: Temporary files were created but not deleted
10:45:08.508 [INFO]   [Creating]        [17/24]     The method under test created the following temporary files without deleting
10:45:08.508 [INFO]   [Creating]        [17/24]     them:
10:45:08.508 [INFO]   [Creating]        [17/24]     - '/tmp/test.txt'
10:45:08.508 [INFO]   [Creating]        [17/24]     Please ensure that temporary files are deleted in the method under test.
10:45:08.508 [INFO]   [Creating]        [17/24]     See https://diff.blue/R020
10:45:09.088 [INFO]   [Creating]        [18/24] com.paritytrading.parity.file.taq.TAQWriter.<init>
10:45:09.088 [INFO]   [Creating]        [18/24]   R020: Temporary files were created but not deleted
10:45:09.088 [INFO]   [Creating]        [18/24]     The method under test created the following temporary files without deleting
10:45:09.088 [INFO]   [Creating]        [18/24]     them:
10:45:09.088 [INFO]   [Creating]        [18/24]     - '/tmp/test.txt'
10:45:09.088 [INFO]   [Creating]        [18/24]     Please ensure that temporary files are deleted in the method under test.
10:45:09.088 [INFO]   [Creating]        [18/24]     See https://diff.blue/R020
10:45:09.743 [INFO]   [Creating]        [19/24] com.paritytrading.parity.file.taq.TAQWriter.<init>
10:45:09.743 [INFO]   [Creating]        [19/24]   Tests created: 1
10:45:10.037 [INFO]   [Creating]        [20/24] com.paritytrading.parity.file.taq.TAQWriter.<init>
10:45:10.037 [INFO]   [Creating]        [20/24]   Tests created: 1
10:45:10.221 [INFO]   [Creating]        [21/24] com.paritytrading.parity.file.taq.TAQWriter.close
10:45:10.221 [INFO]   [Creating]        [21/24]   Diffblue AI was unable to find a test
10:45:11.398 [INFO]   [Creating]        [22/24] com.paritytrading.parity.file.taq.TAQWriter.flush
10:45:11.398 [INFO]   [Creating]        [22/24]   R020: Temporary files were created but not deleted
10:45:11.398 [INFO]   [Creating]        [22/24]     The method under test created the following temporary files without deleting
10:45:11.398 [INFO]   [Creating]        [22/24]     them:
10:45:11.398 [INFO]   [Creating]        [22/24]     - '/tmp/taq-test-4844152401371366185.txt'
10:45:11.398 [INFO]   [Creating]        [22/24]     Please ensure that temporary files are deleted in the method under test.
10:45:11.398 [INFO]   [Creating]        [22/24]     See https://diff.blue/R020
10:45:12.438 [INFO]   [Creating]        [23/24] com.paritytrading.parity.file.taq.TAQWriter.write
10:45:12.438 [INFO]   [Creating]        [23/24]   Tests created: 3
10:45:12.542 [INFO]   [Creating]        [24/24] com.paritytrading.parity.file.taq.TAQWriter.write
10:45:12.543 [INFO]   [Creating]        [24/24]   Tests created: 2
10:45:12.544 [INFO]   [Creating]    [5/5] com.paritytrading.parity.file.taq.TAQWriter
10:45:12.544 [INFO]   [Creating]    [5/5]   Tests created: 7
10:45:12.553 [INFO]   [Reporting]   
10:45:12.553 [INFO]   [Reporting]   Test creation summary for module: com.paritytrading.parity:parity-file
10:45:12.553 [INFO]   [Reporting]   ----------------------------------------------------------------------
10:45:12.553 [INFO]   [Reporting]   Total:                                              24 methods
10:45:12.553 [INFO]   [Reporting]   18 tests created for:                               15 methods
10:45:12.553 [INFO]   [Reporting]   
10:45:12.553 [INFO]   [Reporting]   No tests created for:                                9 methods
10:45:12.553 [INFO]   [Reporting]       7 R020: Temporary files were created but not deleted
10:45:12.553 [INFO]   [Reporting]       1 R003: Test did not increase coverage
10:45:12.666 [INFO]   [Validating]  
10:45:12.666 [INFO]   [Validating]  Running validation command.
10:45:12.667 [INFO]   [Validating]  Using default build rules as no custom rules found in any of [/home/jbergqvist/diffblue/paritytrading-parity/libraries/file, /home/jbergqvist/diffblue/paritytrading-parity]
10:45:12.667 [INFO]   [Validating]  Attempting to invoke mvnw in working directory: /home/jbergqvist/diffblue/paritytrading-parity
10:45:12.668 [INFO]   [Validating]  Attempting to invoke /home/jbergqvist/.sdkman/candidates/maven/current/bin/mvn in working directory: /home/jbergqvist/diffblue/paritytrading-parity
10:45:12.668 [INFO]   [Validating]  Started "/home/jbergqvist/.sdkman/candidates/maven/current/bin/mvn -Dmaven.ext.class.path=/opt/cover/cover-buildsystem-maven-spy-jar-with-dependencies.jar -Dcom.diffblue.cover.skipTests=true -DskipTestOptimizer --batch-mode --projects=com.paritytrading.parity:parity-file --global-settings=/home/jbergqvist/.sdkman/candidates/maven/current/conf/settings.xml org.apache.maven.plugins:maven-checkstyle-plugin:check -Dcheckstyle.failOnViolation=false validate --also-make"
10:45:13.403 [INFO]   [Validating]  out: [INFO] Scanning for projects...
10:45:13.487 [INFO]   [Validating]  out: [INFO] ------------------------------------------------------------------------
10:45:13.487 [INFO]   [Validating]  out: [INFO] Reactor Build Order:
10:45:13.487 [INFO]   [Validating]  out: [INFO] 
10:45:13.487 [INFO]   [Validating]  out: [INFO] Parity (Parent)                                                    [pom]
10:45:13.487 [INFO]   [Validating]  out: [INFO] Parity File Formats                                                [jar]
10:45:13.519 [INFO]   [Validating]  out: [INFO] 
10:45:13.519 [INFO]   [Validating]  out: [INFO] ---------------< com.paritytrading.parity:parity-parent >---------------
10:45:13.519 [INFO]   [Validating]  out: [INFO] Building Parity (Parent) 0.7.1-SNAPSHOT                            [1/2]
10:45:13.519 [INFO]   [Validating]  out: [INFO]   from pom.xml
10:45:13.519 [INFO]   [Validating]  out: [INFO] --------------------------------[ pom ]---------------------------------
10:45:13.677 [INFO]   [Validating]  deserializing line [DIFFBLUE]{"__type":"com.diffblue.cover.buildsystem.model.DefaultEventMessage","project":"com.paritytrading.parity:parity-parent","goal":"check","cause":null,"state":"STARTED"}
10:45:13.681 [INFO]   [Validating]  out: [INFO] 
10:45:13.681 [INFO]   [Validating]  out: [INFO] --- checkstyle:3.1.0:check (default-cli) @ parity-parent ---
10:45:14.099 [INFO]   [Validating]  deserializing line [DIFFBLUE]{"__type":"com.diffblue.cover.buildsystem.model.DefaultEventMessage","project":"com.paritytrading.parity:parity-parent","goal":"check","cause":null,"state":"SUCCESS"}
10:45:14.100 [INFO]   [Validating]  deserializing line [DIFFBLUE]{"__type":"com.diffblue.cover.buildsystem.model.DefaultEventMessage","project":"com.paritytrading.parity:parity-parent","goal":"enforce","cause":null,"state":"STARTED"}
10:45:14.101 [INFO]   [Validating]  out: [INFO] 
10:45:14.101 [INFO]   [Validating]  out: [INFO] --- enforcer:1.0:enforce (enforce-maven) @ parity-parent ---
10:45:14.162 [INFO]   [Validating]  deserializing line [DIFFBLUE]{"__type":"com.diffblue.cover.buildsystem.model.DefaultEventMessage","project":"com.paritytrading.parity:parity-parent","goal":"enforce","cause":null,"state":"SUCCESS"}
10:45:14.163 [INFO]   [Validating]  out: [INFO] 
10:45:14.163 [INFO]   [Validating]  out: [INFO] ----------------< com.paritytrading.parity:parity-file >----------------
10:45:14.163 [INFO]   [Validating]  out: [INFO] Building Parity File Formats 0.7.1-SNAPSHOT                        [2/2]
10:45:14.163 [INFO]   [Validating]  out: [INFO]   from libraries/file/pom.xml
10:45:14.163 [INFO]   [Validating]  out: [INFO] --------------------------------[ jar ]---------------------------------
10:45:14.178 [INFO]   [Validating]  deserializing line [DIFFBLUE]{"__type":"com.diffblue.cover.buildsystem.model.DefaultEventMessage","project":"com.paritytrading.parity:parity-file","goal":"check","cause":null,"state":"STARTED"}
10:45:14.179 [INFO]   [Validating]  out: [INFO] 
10:45:14.180 [INFO]   [Validating]  out: [INFO] --- checkstyle:3.1.0:check (default-cli) @ parity-file ---
10:45:14.256 [INFO]   [Validating]  deserializing line [DIFFBLUE]{"__type":"com.diffblue.cover.buildsystem.model.DefaultEventMessage","project":"com.paritytrading.parity:parity-file","goal":"check","cause":null,"state":"SUCCESS"}
10:45:14.258 [INFO]   [Validating]  deserializing line [DIFFBLUE]{"__type":"com.diffblue.cover.buildsystem.model.DefaultEventMessage","project":"com.paritytrading.parity:parity-file","goal":"enforce","cause":null,"state":"STARTED"}
10:45:14.259 [INFO]   [Validating]  out: [INFO] 
10:45:14.259 [INFO]   [Validating]  out: [INFO] --- enforcer:1.0:enforce (enforce-maven) @ parity-file ---
10:45:14.260 [INFO]   [Validating]  deserializing line [DIFFBLUE]{"__type":"com.diffblue.cover.buildsystem.model.DefaultEventMessage","project":"com.paritytrading.parity:parity-file","goal":"enforce","cause":null,"state":"SUCCESS"}
10:45:14.289 [INFO]   [Validating]  deserializing line [DIFFBLUE]{"__type":"com.diffblue.cover.buildsystem.model.DefaultProjectModuleMessage","project":{"__type":"DefaultProjectModule","junitReport":["/home/jbergqvist/diffblue/paritytrading-parity/target/surefire-reports"],"jacocoReport":["/home/jbergqvist/diffblue/paritytrading-parity/target/site/jacoco/jacoco.xml"],"jacocoDestFile":["/home/jbergqvist/diffblue/paritytrading-parity/target/jacoco.exec"],"jacocoFormats":["xml"],"jacocoSkipped":false,"classpath":["/home/jbergqvist/diffblue/paritytrading-parity/target/classes"],"complianceLevel":"1.8","productionSources":["/home/jbergqvist/diffblue/paritytrading-parity/src/main/java"],"testSources":["/home/jbergqvist/diffblue/paritytrading-parity/src/test/java"],"productionClasses":"/home/jbergqvist/diffblue/paritytrading-parity/target/classes","testClasses":"/home/jbergqvist/diffblue/paritytrading-parity/target/test-classes","sourceToBuildPathMap":null,"testSourceToBuildPathMap":null,"buildDirectory":"/home/jbergqvist/diffblue/paritytrading-parity/target","plugins":[{"__type":"DefaultPlugin","groupId":"org.apache.maven.plugins","artefactId":"maven-enforcer-plugin","version":"1.0","pluginClassName":null},{"__type":"DefaultPlugin","groupId":"org.apache.maven.plugins","artefactId":"maven-checkstyle-plugin","version":"3.1.0","pluginClassName":null},{"__type":"DefaultPlugin","groupId":"org.apache.maven.plugins","artefactId":"maven-compiler-plugin","version":"3.8.0","pluginClassName":null},{"__type":"DefaultPlugin","groupId":"org.apache.maven.plugins","artefactId":"maven-javadoc-plugin","version":"3.0.1","pluginClassName":null},{"__type":"DefaultPlugin","groupId":"org.apache.maven.plugins","artefactId":"maven-release-plugin","version":"2.5.3","pluginClassName":null},{"__type":"DefaultPlugin","groupId":"org.apache.maven.plugins","artefactId":"maven-clean-plugin","version":"3.2.0","pluginClassName":null},{"__type":"DefaultPlugin","groupId":"org.apache.maven.plugins","artefactId":"maven-install-plugin","version":"3.1.2","pluginClassName":null},{"__type":"DefaultPlugin","groupId":"org.apache.maven.plugins","artefactId":"maven-deploy-plugin","version":"2.8.2","pluginClassName":null},{"__type":"DefaultPlugin","groupId":"org.apache.maven.plugins","artefactId":"maven-site-plugin","version":"3.12.1","pluginClassName":null}],"version":"3.9.12","encoding":"UTF-8","name":"maven","subModules":[{"__type":"DefaultProjectModule","junitReport":["/home/jbergqvist/diffblue/paritytrading-parity/libraries/book/target/surefire-reports"],"jacocoReport":["/home/jbergqvist/diffblue/paritytrading-parity/libraries/book/target/site/jacoco/jacoco.xml"],"jacocoDestFile":["/home/jbergqvist/diffblue/paritytrading-parity/libraries/book/target/jacoco.exec"],"jacocoFormats":["xml"],"jacocoSkipped":false,"classpath":["/home/jbergqvist/diffblue/paritytrading-parity/libraries/book/target/classes"],"complianceLevel":"1.8","productionSources":["/home/jbergqvist/diffblue/paritytrading-parity/libraries/book/src/main/java"],"testSources":["/home/jbergqvist/diffblue/paritytrading-parity/libraries/book/src/test/java"],"productionClasses":"/home/jbergqvist/diffblue/paritytrading-parity/libraries/book/target/classes","testClasses":"/home/jbergqvist/diffblue/paritytrading-parity/libraries/book/target/test-classes","sourceToBuildPathMap":null,"testSourceToBuildPathMap":null,"buildDirectory":"/home/jbergqvist/diffblue/paritytrading-parity/libraries/book/target","plugins":[{"__type":"DefaultPlugin","groupId":"org.apache.maven.plugins","artefactId":"maven-enforcer-plugin","version":"1.0","pluginClassName":null},{"__type":"DefaultPlugin","groupId":"org.apache.maven.plugins","artefactId":"maven-checkstyle-plugin","version":"3.1.0","pluginClassName":null},{"__type":"DefaultPlugin","groupId":"org.apache.maven.plugins","artefactId":"maven-compiler-plugin","version":"3.8.0","pluginClassName":null},{"__type":"DefaultPlugin","groupId":"org.apache.maven.plugins","artefactId":"maven-javadoc-plugin","version":"3.0.1","pluginClassName":null},{"__type":"DefaultPlugin","groupId":"org.apache.maven.plugins","artefactId":"maven-release-plugin","version":"2.5.3","pluginClassName":null},{"__type":"DefaultPlugin","groupId":"org.apache.maven.plugins","artefactId":"maven-clean-plugin","version":"3.2.0","pluginClassName":null},{"__type":"DefaultPlugin","groupId":"org.apache.maven.plugins","artefactId":"maven-resources-plugin","version":"3.3.1","pluginClassName":null},{"__type":"DefaultPlugin","groupId":"org.apache.maven.plugins","artefactId":"maven-jar-plugin","version":"3.4.1","pluginClassName":null},{"__type":"DefaultPlugin","groupId":"org.apache.maven.plugins","artefactId":"maven-surefire-plugin","version":"3.0.0-M5","pluginClassName":null},{"__type":"DefaultPlugin","groupId":"org.apache.maven.plugins","artefactId":"maven-install-plugin","version":"3.1.2","pluginClassName":null},{"__type":"DefaultPlugin","groupId":"org.apache.maven.plugins","artefactId":"maven-deploy-plugin","version":"2.8.2","pluginClassName":null},{"__type":"DefaultPlugin","groupId":"org.apache.maven.plugins","artefactId":"maven-site-plugin","version":"3.12.1","pluginClassName":null}],"version":"3.9.12","encoding":"UTF-8","name":"maven","subModules":[],"simpleModuleName":null,"parentModuleName":"com.paritytrading.parity:parity-parent","location":"/home/jbergqvist/diffblue/paritytrading-parity/libraries/book","fullModuleName":"com.paritytrading.parity:parity-book"},{"__type":"DefaultProjectModule","junitReport":["/home/jbergqvist/diffblue/paritytrading-parity/libraries/file/target/surefire-reports"],"jacocoReport":["/home/jbergqvist/diffblue/paritytrading-parity/libraries/file/target/site/jacoco/jacoco.xml"],"jacocoDestFile":["/home/jbergqvist/diffblue/paritytrading-parity/libraries/file/target/jacoco.exec"],"jacocoFormats":["xml"],"jacocoSkipped":false,"classpath":["/home/jbergqvist/diffblue/paritytrading-parity/libraries/file/target/classes","/home/jbergqvist/.m2/repository/org/junit/jupiter/junit-jupiter/5.7.0/junit-jupiter-5.7.0.jar","/home/jbergqvist/.m2/repository/org/junit/jupiter/junit-jupiter-api/5.7.0/junit-jupiter-api-5.7.0.jar","/home/jbergqvist/.m2/repository/org/apiguardian/apiguardian-api/1.1.0/apiguardian-api-1.1.0.jar","/home/jbergqvist/.m2/repository/org/opentest4j/opentest4j/1.2.0/opentest4j-1.2.0.jar","/home/jbergqvist/.m2/repository/org/junit/platform/junit-platform-commons/1.7.0/junit-platform-commons-1.7.0.jar","/home/jbergqvist/.m2/repository/org/junit/jupiter/junit-jupiter-params/5.7.0/junit-jupiter-params-5.7.0.jar","/home/jbergqvist/.m2/repository/org/junit/jupiter/junit-jupiter-engine/5.7.0/junit-jupiter-engine-5.7.0.jar","/home/jbergqvist/.m2/repository/org/junit/platform/junit-platform-engine/1.7.0/junit-platform-engine-1.7.0.jar","/home/jbergqvist/.m2/repository/com/diffblue/cover/cover-annotations/1.9.0/cover-annotations-1.9.0.jar","/home/jbergqvist/.m2/repository/org/mockito/mockito-core/4.11.0/mockito-core-4.11.0.jar","/home/jbergqvist/.m2/repository/net/bytebuddy/byte-buddy/1.12.19/byte-buddy-1.12.19.jar","/home/jbergqvist/.m2/repository/net/bytebuddy/byte-buddy-agent/1.12.19/byte-buddy-agent-1.12.19.jar","/home/jbergqvist/.m2/repository/org/objenesis/objenesis/3.3/objenesis-3.3.jar","/home/jbergqvist/.m2/repository/org/mockito/mockito-junit-jupiter/4.11.0/mockito-junit-jupiter-4.11.0.jar"],"complianceLevel":"1.8","productionSources":["/home/jbergqvist/diffblue/paritytrading-parity/libraries/file/src/main/java"],"testSources":["/home/jbergqvist/diffblue/paritytrading-parity/libraries/file/src/test/java"],"productionClasses":"/home/jbergqvist/diffblue/paritytrading-parity/libraries/file/target/classes","testClasses":"/home/jbergqvist/diffblue/paritytrading-parity/libraries/file/target/test-classes","sourceToBuildPathMap":null,"testSourceToBuildPathMap":null,"buildDirectory":"/home/jbergqvist/diffblue/paritytrading-parity/libraries/file/target","plugins":[{"__type":"DefaultPlugin","groupId":"org.apache.maven.plugins","artefactId":"maven-enforcer-plugin","version":"1.0","pluginClassName":null},{"__type":"DefaultPlugin","groupId":"org.apache.maven.plugins","artefactId":"maven-checkstyle-plugin","version":"3.1.0","pluginClassName":null},{"__type":"DefaultPlugin","groupId":"org.apache.maven.plugins","artefactId":"maven-compiler-plugin","version":"3.8.0","pluginClassName":null},{"__type":"DefaultPlugin","groupId":"org.apache.maven.plugins","artefactId":"maven-javadoc-plugin","version":"3.0.1","pluginClassName":null},{"__type":"DefaultPlugin","groupId":"org.apache.maven.plugins","artefactId":"maven-release-plugin","version":"2.5.3","pluginClassName":null},{"__type":"DefaultPlugin","groupId":"org.apache.maven.plugins","artefactId":"maven-clean-plugin","version":"3.2.0","pluginClassName":null},{"__type":"DefaultPlugin","groupId":"org.apache.maven.plugins","artefactId":"maven-resources-plugin","version":"3.3.1","pluginClassName":null},{"__type":"DefaultPlugin","groupId":"org.apache.maven.plugins","artefactId":"maven-jar-plugin","version":"3.4.1","pluginClassName":null},{"__type":"DefaultPlugin","groupId":"org.apache.maven.plugins","artefactId":"maven-surefire-plugin","version":"3.0.0-M5","pluginClassName":null},{"__type":"DefaultPlugin","groupId":"org.apache.maven.plugins","artefactId":"maven-install-plugin","version":"3.1.2","pluginClassName":null},{"__type":"DefaultPlugin","groupId":"org.apache.maven.plugins","artefactId":"maven-deploy-plugin","version":"2.8.2","pluginClassName":null},{"__type":"DefaultPlugin","groupId":"org.apache.maven.plugins","artefactId":"maven-site-plugin","version":"3.12.1","pluginClassName":null}],"version":"3.9.12","encoding":"UTF-8","name":"maven","subModules":[],"simpleModuleName":null,"parentModuleName":"com.paritytrading.parity:parity-parent","location":"/home/jbergqvist/diffblue/paritytrading-parity/libraries/file","fullModuleName":"com.paritytrading.parity:parity-file"},{"__type":"DefaultProjectModule","junitReport":["/home/jbergqvist/diffblue/paritytrading-parity/libraries/match/target/surefire-reports"],"jacocoReport":["/home/jbergqvist/diffblue/paritytrading-parity/libraries/match/target/site/jacoco/jacoco.xml"],"jacocoDestFile":["/home/jbergqvist/diffblue/paritytrading-parity/libraries/match/target/jacoco.exec"],"jacocoFormats":["xml"],"jacocoSkipped":false,"classpath":["/home/jbergqvist/diffblue/paritytrading-parity/libraries/match/target/classes"],"complianceLevel":"1.8","productionSources":["/home/jbergqvist/diffblue/paritytrading-parity/libraries/match/src/main/java"],"testSources":["/home/jbergqvist/diffblue/paritytrading-parity/libraries/match/src/test/java"],"productionClasses":"/home/jbergqvist/diffblue/paritytrading-parity/libraries/match/target/classes","testClasses":"/home/jbergqvist/diffblue/paritytrading-parity/libraries/match/target/test-classes","sourceToBuildPathMap":null,"testSourceToBuildPathMap":null,"buildDirectory":"/home/jbergqvist/diffblue/paritytrading-parity/libraries/match/target","plugins":[{"__type":"DefaultPlugin","groupId":"org.apache.maven.plugins","artefactId":"maven-enforcer-plugin","version":"1.0","pluginClassName":null},{"__type":"DefaultPlugin","groupId":"org.apache.maven.plugins","artefactId":"maven-checkstyle-plugin","version":"3.1.0","pluginClassName":null},{"__type":"DefaultPlugin","groupId":"org.apache.maven.plugins","artefactId":"maven-compiler-plugin","version":"3.8.0","pluginClassName":null},{"__type":"DefaultPlugin","groupId":"org.apache.maven.plugins","artefactId":"maven-javadoc-plugin","version":"3.0.1","pluginClassName":null},{"__type":"DefaultPlugin","groupId":"org.apache.maven.plugins","artefactId":"maven-release-plugin","version":"2.5.3","pluginClassName":null},{"__type":"DefaultPlugin","groupId":"org.apache.maven.plugins","artefactId":"maven-clean-plugin","version":"3.2.0","pluginClassName":null},{"__type":"DefaultPlugin","groupId":"org.apache.maven.plugins","artefactId":"maven-resources-plugin","version":"3.3.1","pluginClassName":null},{"__type":"DefaultPlugin","groupId":"org.apache.maven.plugins","artefactId":"maven-jar-plugin","version":"3.4.1","pluginClassName":null},{"__type":"DefaultPlugin","groupId":"org.apache.maven.plugins","artefactId":"maven-surefire-plugin","version":"3.0.0-M5","pluginClassName":null},{"__type":"DefaultPlugin","groupId":"org.apache.maven.plugins","artefactId":"maven-install-plugin","version":"3.1.2","pluginClassName":null},{"__type":"DefaultPlugin","groupId":"org.apache.maven.plugins","artefactId":"maven-deploy-plugin","version":"2.8.2","pluginClassName":null},{"__type":"DefaultPlugin","groupId":"org.apache.maven.plugins","artefactId":"maven-site-plugin","version":"3.12.1","pluginClassName":null}],"version":"3.9.12","encoding":"UTF-8","name":"maven","subModules":[],"simpleModuleName":null,"parentModuleName":"com.paritytrading.parity:parity-parent","location":"/home/jbergqvist/diffblue/paritytrading-parity/libraries/match","fullModuleName":"com.paritytrading.parity:parity-match"},{"__type":"DefaultProjectModule","junitReport":["/home/jbergqvist/diffblue/paritytrading-parity/libraries/net/target/surefire-reports"],"jacocoReport":["/home/jbergqvist/diffblue/paritytrading-parity/libraries/net/target/site/jacoco/jacoco.xml"],"jacocoDestFile":["/home/jbergqvist/diffblue/paritytrading-parity/libraries/net/target/jacoco.exec"],"jacocoFormats":["xml"],"jacocoSkipped":false,"classpath":["/home/jbergqvist/diffblue/paritytrading-parity/libraries/net/target/classes"],"complianceLevel":"1.8","productionSources":["/home/jbergqvist/diffblue/paritytrading-parity/libraries/net/src/main/java"],"testSources":["/home/jbergqvist/diffblue/paritytrading-parity/libraries/net/src/test/java"],"productionClasses":"/home/jbergqvist/diffblue/paritytrading-parity/libraries/net/target/classes","testClasses":"/home/jbergqvist/diffblue/paritytrading-parity/libraries/net/target/test-classes","sourceToBuildPathMap":null,"testSourceToBuildPathMap":null,"buildDirectory":"/home/jbergqvist/diffblue/paritytrading-parity/libraries/net/target","plugins":[{"__type":"DefaultPlugin","groupId":"org.apache.maven.plugins","artefactId":"maven-enforcer-plugin","version":"1.0","pluginClassName":null},{"__type":"DefaultPlugin","groupId":"org.apache.maven.plugins","artefactId":"maven-checkstyle-plugin","version":"3.1.0","pluginClassName":null},{"__type":"DefaultPlugin","groupId":"org.apache.maven.plugins","artefactId":"maven-compiler-plugin","version":"3.8.0","pluginClassName":null},{"__type":"DefaultPlugin","groupId":"org.apache.maven.plugins","artefactId":"maven-javadoc-plugin","version":"3.0.1","pluginClassName":null},{"__type":"DefaultPlugin","groupId":"org.apache.maven.plugins","artefactId":"maven-release-plugin","version":"2.5.3","pluginClassName":null},{"__type":"DefaultPlugin","groupId":"org.apache.maven.plugins","artefactId":"maven-clean-plugin","version":"3.2.0","pluginClassName":null},{"__type":"DefaultPlugin","groupId":"org.apache.maven.plugins","artefactId":"maven-resources-plugin","version":"3.3.1","pluginClassName":null},{"__type":"DefaultPlugin","groupId":"org.apache.maven.plugins","artefactId":"maven-jar-plugin","version":"3.4.1","pluginClassName":null},{"__type":"DefaultPlugin","groupId":"org.apache.maven.plugins","artefactId":"maven-surefire-plugin","version":"3.0.0-M5","pluginClassName":null},{"__type":"DefaultPlugin","groupId":"org.apache.maven.plugins","artefactId":"maven-install-plugin","version":"3.1.2","pluginClassName":null},{"__type":"DefaultPlugin","groupId":"org.apache.maven.plugins","artefactId":"maven-deploy-plugin","version":"2.8.2","pluginClassName":null},{"__type":"DefaultPlugin","groupId":"org.apache.maven.plugins","artefactId":"maven-site-plugin","version":"3.12.1","pluginClassName":null}],"version":"3.9.12","encoding":"UTF-8","name":"maven","subModules":[],"simpleModuleName":null,"parentModuleName":"com.paritytrading.parity:parity-parent","location":"/home/jbergqvist/diffblue/paritytrading-parity/libraries/net","fullModuleName":"com.paritytrading.parity:parity-net"},{"__type":"DefaultProjectModule","junitReport":["/home/jbergqvist/diffblue/paritytrading-parity/libraries/util/target/surefire-reports"],"jacocoReport":["/home/jbergqvist/diffblue/paritytrading-parity/libraries/util/target/site/jacoco/jacoco.xml"],"jacocoDestFile":["/home/jbergqvist/diffblue/paritytrading-parity/libraries/util/target/jacoco.exec"],"jacocoFormats":["xml"],"jacocoSkipped":false,"classpath":["/home/jbergqvist/diffblue/paritytrading-parity/libraries/util/target/classes"],"complianceLevel":"1.8","productionSources":["/home/jbergqvist/diffblue/paritytrading-parity/libraries/util/src/main/java"],"testSources":["/home/jbergqvist/diffblue/paritytrading-parity/libraries/util/src/test/java"],"productionClasses":"/home/jbergqvist/diffblue/paritytrading-parity/libraries/util/target/classes","testClasses":"/home/jbergqvist/diffblue/paritytrading-parity/libraries/util/target/test-classes","sourceToBuildPathMap":null,"testSourceToBuildPathMap":null,"buildDirectory":"/home/jbergqvist/diffblue/paritytrading-parity/libraries/util/target","plugins":[{"__type":"DefaultPlugin","groupId":"org.apache.maven.plugins","artefactId":"maven-enforcer-plugin","version":"1.0","pluginClassName":null},{"__type":"DefaultPlugin","groupId":"org.apache.maven.plugins","artefactId":"maven-checkstyle-plugin","version":"3.1.0","pluginClassName":null},{"__type":"DefaultPlugin","groupId":"org.apache.maven.plugins","artefactId":"maven-compiler-plugin","version":"3.8.0","pluginClassName":null},{"__type":"DefaultPlugin","groupId":"org.apache.maven.plugins","artefactId":"maven-javadoc-plugin","version":"3.0.1","pluginClassName":null},{"__type":"DefaultPlugin","groupId":"org.apache.maven.plugins","artefactId":"maven-release-plugin","version":"2.5.3","pluginClassName":null},{"__type":"DefaultPlugin","groupId":"org.apache.maven.plugins","artefactId":"maven-clean-plugin","version":"3.2.0","pluginClassName":null},{"__type":"DefaultPlugin","groupId":"org.apache.maven.plugins","artefactId":"maven-resources-plugin","version":"3.3.1","pluginClassName":null},{"__type":"DefaultPlugin","groupId":"org.apache.maven.plugins","artefactId":"maven-jar-plugin","version":"3.4.1","pluginClassName":null},{"__type":"DefaultPlugin","groupId":"org.apache.maven.plugins","artefactId":"maven-surefire-plugin","version":"3.0.0-M5","pluginClassName":null},{"__type":"DefaultPlugin","groupId":"org.apache.maven.plugins","artefactId":"maven-install-plugin","version":"3.1.2","pluginClassName":null},{"__type":"DefaultPlugin","groupId":"org.apache.maven.plugins","artefactId":"maven-deploy-plugin","version":"2.8.2","pluginClassName":null},{"__type":"DefaultPlugin","groupId":"org.apache.maven.plugins","artefactId":"maven-site-plugin","version":"3.12.1","pluginClassName":null}],"version":"3.9.12","encoding":"UTF-8","name":"maven","subModules":[],"simpleModuleName":null,"parentModuleName":"com.paritytrading.parity:parity-parent","location":"/home/jbergqvist/diffblue/paritytrading-parity/libraries/util","fullModuleName":"com.paritytrading.parity:parity-util"},{"__type":"DefaultProjectModule","junitReport":["/home/jbergqvist/diffblue/paritytrading-parity/applications/client/target/surefire-reports"],"jacocoReport":["/home/jbergqvist/diffblue/paritytrading-parity/applications/client/target/site/jacoco/jacoco.xml"],"jacocoDestFile":["/home/jbergqvist/diffblue/paritytrading-parity/applications/client/target/jacoco.exec"],"jacocoFormats":["xml"],"jacocoSkipped":false,"classpath":["/home/jbergqvist/diffblue/paritytrading-parity/applications/client/target/classes"],"complianceLevel":"1.8","productionSources":["/home/jbergqvist/diffblue/paritytrading-parity/applications/client/src/main/java"],"testSources":["/home/jbergqvist/diffblue/paritytrading-parity/applications/client/src/test/java"],"productionClasses":"/home/jbergqvist/diffblue/paritytrading-parity/applications/client/target/classes","testClasses":"/home/jbergqvist/diffblue/paritytrading-parity/applications/client/target/test-classes","sourceToBuildPathMap":null,"testSourceToBuildPathMap":null,"buildDirectory":"/home/jbergqvist/diffblue/paritytrading-parity/applications/client/target","plugins":[{"__type":"DefaultPlugin","groupId":"org.apache.maven.plugins","artefactId":"maven-enforcer-plugin","version":"1.0","pluginClassName":null},{"__type":"DefaultPlugin","groupId":"org.apache.maven.plugins","artefactId":"maven-checkstyle-plugin","version":"3.1.0","pluginClassName":null},{"__type":"DefaultPlugin","groupId":"org.apache.maven.plugins","artefactId":"maven-compiler-plugin","version":"3.8.0","pluginClassName":null},{"__type":"DefaultPlugin","groupId":"org.apache.maven.plugins","artefactId":"maven-javadoc-plugin","version":"3.0.1","pluginClassName":null},{"__type":"DefaultPlugin","groupId":"org.apache.maven.plugins","artefactId":"maven-release-plugin","version":"2.5.3","pluginClassName":null},{"__type":"DefaultPlugin","groupId":"org.apache.maven.plugins","artefactId":"maven-deploy-plugin","version":"2.8.2","pluginClassName":null},{"__type":"DefaultPlugin","groupId":"org.apache.maven.plugins","artefactId":"maven-shade-plugin","version":"3.2.1","pluginClassName":null},{"__type":"DefaultPlugin","groupId":"org.apache.maven.plugins","artefactId":"maven-clean-plugin","version":"3.2.0","pluginClassName":null},{"__type":"DefaultPlugin","groupId":"org.apache.maven.plugins","artefactId":"maven-resources-plugin","version":"3.3.1","pluginClassName":null},{"__type":"DefaultPlugin","groupId":"org.apache.maven.plugins","artefactId":"maven-jar-plugin","version":"3.4.1","pluginClassName":null},{"__type":"DefaultPlugin","groupId":"org.apache.maven.plugins","artefactId":"maven-surefire-plugin","version":"3.0.0-M5","pluginClassName":null},{"__type":"DefaultPlugin","groupId":"org.apache.maven.plugins","artefactId":"maven-install-plugin","version":"3.1.2","pluginClassName":null},{"__type":"DefaultPlugin","groupId":"org.apache.maven.plugins","artefactId":"maven-site-plugin","version":"3.12.1","pluginClassName":null}],"version":"3.9.12","encoding":"UTF-8","name":"maven","subModules":[],"simpleModuleName":null,"parentModuleName":"com.paritytrading.parity:parity-parent","location":"/home/jbergqvist/diffblue/paritytrading-parity/applications/client","fullModuleName":"com.paritytrading.parity:parity-client"},{"__type":"DefaultProjectModule","junitReport":["/home/jbergqvist/diffblue/paritytrading-parity/applications/fix/target/surefire-reports"],"jacocoReport":["/home/jbergqvist/diffblue/paritytrading-parity/applications/fix/target/site/jacoco/jacoco.xml"],"jacocoDestFile":["/home/jbergqvist/diffblue/paritytrading-parity/applications/fix/target/jacoco.exec"],"jacocoFormats":["xml"],"jacocoSkipped":false,"classpath":["/home/jbergqvist/diffblue/paritytrading-parity/applications/fix/target/classes"],"complianceLevel":"1.8","productionSources":["/home/jbergqvist/diffblue/paritytrading-parity/applications/fix/src/main/java"],"testSources":["/home/jbergqvist/diffblue/paritytrading-parity/applications/fix/src/test/java"],"productionClasses":"/home/jbergqvist/diffblue/paritytrading-parity/applications/fix/target/classes","testClasses":"/home/jbergqvist/diffblue/paritytrading-parity/applications/fix/target/test-classes","sourceToBuildPathMap":null,"testSourceToBuildPathMap":null,"buildDirectory":"/home/jbergqvist/diffblue/paritytrading-parity/applications/fix/target","plugins":[{"__type":"DefaultPlugin","groupId":"org.apache.maven.plugins","artefactId":"maven-enforcer-plugin","version":"1.0","pluginClassName":null},{"__type":"DefaultPlugin","groupId":"org.apache.maven.plugins","artefactId":"maven-checkstyle-plugin","version":"3.1.0","pluginClassName":null},{"__type":"DefaultPlugin","groupId":"org.apache.maven.plugins","artefactId":"maven-compiler-plugin","version":"3.8.0","pluginClassName":null},{"__type":"DefaultPlugin","groupId":"org.apache.maven.plugins","artefactId":"maven-javadoc-plugin","version":"3.0.1","pluginClassName":null},{"__type":"DefaultPlugin","groupId":"org.apache.maven.plugins","artefactId":"maven-release-plugin","version":"2.5.3","pluginClassName":null},{"__type":"DefaultPlugin","groupId":"org.apache.maven.plugins","artefactId":"maven-deploy-plugin","version":"2.8.2","pluginClassName":null},{"__type":"DefaultPlugin","groupId":"org.apache.maven.plugins","artefactId":"maven-shade-plugin","version":"3.2.1","pluginClassName":null},{"__type":"DefaultPlugin","groupId":"org.apache.maven.plugins","artefactId":"maven-clean-plugin","version":"3.2.0","pluginClassName":null},{"__type":"DefaultPlugin","groupId":"org.apache.maven.plugins","artefactId":"maven-resources-plugin","version":"3.3.1","pluginClassName":null},{"__type":"DefaultPlugin","groupId":"org.apache.maven.plugins","artefactId":"maven-jar-plugin","version":"3.4.1","pluginClassName":null},{"__type":"DefaultPlugin","groupId":"org.apache.maven.plugins","artefactId":"maven-surefire-plugin","version":"3.0.0-M5","pluginClassName":null},{"__type":"DefaultPlugin","groupId":"org.apache.maven.plugins","artefactId":"maven-install-plugin","version":"3.1.2","pluginClassName":null},{"__type":"DefaultPlugin","groupId":"org.apache.maven.plugins","artefactId":"maven-site-plugin","version":"3.12.1","pluginClassName":null}],"version":"3.9.12","encoding":"UTF-8","name":"maven","subModules":[],"simpleModuleName":null,"parentModuleName":"com.paritytrading.parity:parity-parent","location":"/home/jbergqvist/diffblue/paritytrading-parity/applications/fix","fullModuleName":"com.paritytrading.parity:parity-fix"},{"__type":"DefaultProjectModule","junitReport":["/home/jbergqvist/diffblue/paritytrading-parity/applications/reporter/target/surefire-reports"],"jacocoReport":["/home/jbergqvist/diffblue/paritytrading-parity/applications/reporter/target/site/jacoco/jacoco.xml"],"jacocoDestFile":["/home/jbergqvist/diffblue/paritytrading-parity/applications/reporter/target/jacoco.exec"],"jacocoFormats":["xml"],"jacocoSkipped":false,"classpath":["/home/jbergqvist/diffblue/paritytrading-parity/applications/reporter/target/classes"],"complianceLevel":"1.8","productionSources":["/home/jbergqvist/diffblue/paritytrading-parity/applications/reporter/src/main/java"],"testSources":["/home/jbergqvist/diffblue/paritytrading-parity/applications/reporter/src/test/java"],"productionClasses":"/home/jbergqvist/diffblue/paritytrading-parity/applications/reporter/target/classes","testClasses":"/home/jbergqvist/diffblue/paritytrading-parity/applications/reporter/target/test-classes","sourceToBuildPathMap":null,"testSourceToBuildPathMap":null,"buildDirectory":"/home/jbergqvist/diffblue/paritytrading-parity/applications/reporter/target","plugins":[{"__type":"DefaultPlugin","groupId":"org.apache.maven.plugins","artefactId":"maven-enforcer-plugin","version":"1.0","pluginClassName":null},{"__type":"DefaultPlugin","groupId":"org.apache.maven.plugins","artefactId":"maven-checkstyle-plugin","version":"3.1.0","pluginClassName":null},{"__type":"DefaultPlugin","groupId":"org.apache.maven.plugins","artefactId":"maven-compiler-plugin","version":"3.8.0","pluginClassName":null},{"__type":"DefaultPlugin","groupId":"org.apache.maven.plugins","artefactId":"maven-javadoc-plugin","version":"3.0.1","pluginClassName":null},{"__type":"DefaultPlugin","groupId":"org.apache.maven.plugins","artefactId":"maven-release-plugin","version":"2.5.3","pluginClassName":null},{"__type":"DefaultPlugin","groupId":"org.apache.maven.plugins","artefactId":"maven-deploy-plugin","version":"2.8.2","pluginClassName":null},{"__type":"DefaultPlugin","groupId":"org.apache.maven.plugins","artefactId":"maven-shade-plugin","version":"3.2.1","pluginClassName":null},{"__type":"DefaultPlugin","groupId":"org.apache.maven.plugins","artefactId":"maven-clean-plugin","version":"3.2.0","pluginClassName":null},{"__type":"DefaultPlugin","groupId":"org.apache.maven.plugins","artefactId":"maven-resources-plugin","version":"3.3.1","pluginClassName":null},{"__type":"DefaultPlugin","groupId":"org.apache.maven.plugins","artefactId":"maven-jar-plugin","version":"3.4.1","pluginClassName":null},{"__type":"DefaultPlugin","groupId":"org.apache.maven.plugins","artefactId":"maven-surefire-plugin","version":"3.0.0-M5","pluginClassName":null},{"__type":"DefaultPlugin","groupId":"org.apache.maven.plugins","artefactId":"maven-install-plugin","version":"3.1.2","pluginClassName":null},{"__type":"DefaultPlugin","groupId":"org.apache.maven.plugins","artefactId":"maven-site-plugin","version":"3.12.1","pluginClassName":null}],"version":"3.9.12","encoding":"UTF-8","name":"maven","subModules":[],"simpleModuleName":null,"parentModuleName":"com.paritytrading.parity:parity-parent","location":"/home/jbergqvist/diffblue/paritytrading-parity/applications/reporter","fullModuleName":"com.paritytrading.parity:parity-reporter"},{"__type":"DefaultProjectModule","junitReport":["/home/jbergqvist/diffblue/paritytrading-parity/applications/system/target/surefire-reports"],"jacocoReport":["/home/jbergqvist/diffblue/paritytrading-parity/applications/system/target/site/jacoco/jacoco.xml"],"jacocoDestFile":["/home/jbergqvist/diffblue/paritytrading-parity/applications/system/target/jacoco.exec"],"jacocoFormats":["xml"],"jacocoSkipped":false,"classpath":["/home/jbergqvist/diffblue/paritytrading-parity/applications/system/target/classes"],"complianceLevel":"1.8","productionSources":["/home/jbergqvist/diffblue/paritytrading-parity/applications/system/src/main/java"],"testSources":["/home/jbergqvist/diffblue/paritytrading-parity/applications/system/src/test/java"],"productionClasses":"/home/jbergqvist/diffblue/paritytrading-parity/applications/system/target/classes","testClasses":"/home/jbergqvist/diffblue/paritytrading-parity/applications/system/target/test-classes","sourceToBuildPathMap":null,"testSourceToBuildPathMap":null,"buildDirectory":"/home/jbergqvist/diffblue/paritytrading-parity/applications/system/target","plugins":[{"__type":"DefaultPlugin","groupId":"org.apache.maven.plugins","artefactId":"maven-enforcer-plugin","version":"1.0","pluginClassName":null},{"__type":"DefaultPlugin","groupId":"org.apache.maven.plugins","artefactId":"maven-checkstyle-plugin","version":"3.1.0","pluginClassName":null},{"__type":"DefaultPlugin","groupId":"org.apache.maven.plugins","artefactId":"maven-compiler-plugin","version":"3.8.0","pluginClassName":null},{"__type":"DefaultPlugin","groupId":"org.apache.maven.plugins","artefactId":"maven-javadoc-plugin","version":"3.0.1","pluginClassName":null},{"__type":"DefaultPlugin","groupId":"org.apache.maven.plugins","artefactId":"maven-release-plugin","version":"2.5.3","pluginClassName":null},{"__type":"DefaultPlugin","groupId":"org.apache.maven.plugins","artefactId":"maven-deploy-plugin","version":"2.8.2","pluginClassName":null},{"__type":"DefaultPlugin","groupId":"org.apache.maven.plugins","artefactId":"maven-shade-plugin","version":"3.2.1","pluginClassName":null},{"__type":"DefaultPlugin","groupId":"org.apache.maven.plugins","artefactId":"maven-clean-plugin","version":"3.2.0","pluginClassName":null},{"__type":"DefaultPlugin","groupId":"org.apache.maven.plugins","artefactId":"maven-resources-plugin","version":"3.3.1","pluginClassName":null},{"__type":"DefaultPlugin","groupId":"org.apache.maven.plugins","artefactId":"maven-jar-plugin","version":"3.4.1","pluginClassName":null},{"__type":"DefaultPlugin","groupId":"org.apache.maven.plugins","artefactId":"maven-surefire-plugin","version":"3.0.0-M5","pluginClassName":null},{"__type":"DefaultPlugin","groupId":"org.apache.maven.plugins","artefactId":"maven-install-plugin","version":"3.1.2","pluginClassName":null},{"__type":"DefaultPlugin","groupId":"org.apache.maven.plugins","artefactId":"maven-site-plugin","version":"3.12.1","pluginClassName":null}],"version":"3.9.12","encoding":"UTF-8","name":"maven","subModules":[],"simpleModuleName":null,"parentModuleName":"com.paritytrading.parity:parity-parent","location":"/home/jbergqvist/diffblue/paritytrading-parity/applications/system","fullModuleName":"com.paritytrading.parity:parity-system"},{"__type":"DefaultProjectModule","junitReport":["/home/jbergqvist/diffblue/paritytrading-parity/applications/ticker/target/surefire-reports"],"jacocoReport":["/home/jbergqvist/diffblue/paritytrading-parity/applications/ticker/target/site/jacoco/jacoco.xml"],"jacocoDestFile":["/home/jbergqvist/diffblue/paritytrading-parity/applications/ticker/target/jacoco.exec"],"jacocoFormats":["xml"],"jacocoSkipped":false,"classpath":["/home/jbergqvist/diffblue/paritytrading-parity/applications/ticker/target/classes"],"complianceLevel":"1.8","productionSources":["/home/jbergqvist/diffblue/paritytrading-parity/applications/ticker/src/main/java"],"testSources":["/home/jbergqvist/diffblue/paritytrading-parity/applications/ticker/src/test/java"],"productionClasses":"/home/jbergqvist/diffblue/paritytrading-parity/applications/ticker/target/classes","testClasses":"/home/jbergqvist/diffblue/paritytrading-parity/applications/ticker/target/test-classes","sourceToBuildPathMap":null,"testSourceToBuildPathMap":null,"buildDirectory":"/home/jbergqvist/diffblue/paritytrading-parity/applications/ticker/target","plugins":[{"__type":"DefaultPlugin","groupId":"org.apache.maven.plugins","artefactId":"maven-enforcer-plugin","version":"1.0","pluginClassName":null},{"__type":"DefaultPlugin","groupId":"org.apache.maven.plugins","artefactId":"maven-checkstyle-plugin","version":"3.1.0","pluginClassName":null},{"__type":"DefaultPlugin","groupId":"org.apache.maven.plugins","artefactId":"maven-compiler-plugin","version":"3.8.0","pluginClassName":null},{"__type":"DefaultPlugin","groupId":"org.apache.maven.plugins","artefactId":"maven-javadoc-plugin","version":"3.0.1","pluginClassName":null},{"__type":"DefaultPlugin","groupId":"org.apache.maven.plugins","artefactId":"maven-release-plugin","version":"2.5.3","pluginClassName":null},{"__type":"DefaultPlugin","groupId":"org.apache.maven.plugins","artefactId":"maven-deploy-plugin","version":"2.8.2","pluginClassName":null},{"__type":"DefaultPlugin","groupId":"org.apache.maven.plugins","artefactId":"maven-shade-plugin","version":"3.2.1","pluginClassName":null},{"__type":"DefaultPlugin","groupId":"org.apache.maven.plugins","artefactId":"maven-clean-plugin","version":"3.2.0","pluginClassName":null},{"__type":"DefaultPlugin","groupId":"org.apache.maven.plugins","artefactId":"maven-resources-plugin","version":"3.3.1","pluginClassName":null},{"__type":"DefaultPlugin","groupId":"org.apache.maven.plugins","artefactId":"maven-jar-plugin","version":"3.4.1","pluginClassName":null},{"__type":"DefaultPlugin","groupId":"org.apache.maven.plugins","artefactId":"maven-surefire-plugin","version":"3.0.0-M5","pluginClassName":null},{"__type":"DefaultPlugin","groupId":"org.apache.maven.plugins","artefactId":"maven-install-plugin","version":"3.1.2","pluginClassName":null},{"__type":"DefaultPlugin","groupId":"org.apache.maven.plugins","artefactId":"maven-site-plugin","version":"3.12.1","pluginClassName":null}],"version":"3.9.12","encoding":"UTF-8","name":"maven","subModules":[],"simpleModuleName":null,"parentModuleName":"com.paritytrading.parity:parity-parent","location":"/home/jbergqvist/diffblue/paritytrading-parity/applications/ticker","fullModuleName":"com.paritytrading.parity:parity-ticker"},{"__type":"DefaultProjectModule","junitReport":["/home/jbergqvist/diffblue/paritytrading-parity/tests/book-perf-test/target/surefire-reports"],"jacocoReport":["/home/jbergqvist/diffblue/paritytrading-parity/tests/book-perf-test/target/site/jacoco/jacoco.xml"],"jacocoDestFile":["/home/jbergqvist/diffblue/paritytrading-parity/tests/book-perf-test/target/jacoco.exec"],"jacocoFormats":["xml"],"jacocoSkipped":false,"classpath":["/home/jbergqvist/diffblue/paritytrading-parity/tests/book-perf-test/target/classes"],"complianceLevel":"1.8","productionSources":["/home/jbergqvist/diffblue/paritytrading-parity/tests/book-perf-test/src/main/java"],"testSources":["/home/jbergqvist/diffblue/paritytrading-parity/tests/book-perf-test/src/test/java"],"productionClasses":"/home/jbergqvist/diffblue/paritytrading-parity/tests/book-perf-test/target/classes","testClasses":"/home/jbergqvist/diffblue/paritytrading-parity/tests/book-perf-test/target/test-classes","sourceToBuildPathMap":null,"testSourceToBuildPathMap":null,"buildDirectory":"/home/jbergqvist/diffblue/paritytrading-parity/tests/book-perf-test/target","plugins":[{"__type":"DefaultPlugin","groupId":"org.apache.maven.plugins","artefactId":"maven-enforcer-plugin","version":"1.0","pluginClassName":null},{"__type":"DefaultPlugin","groupId":"org.apache.maven.plugins","artefactId":"maven-checkstyle-plugin","version":"3.1.0","pluginClassName":null},{"__type":"DefaultPlugin","groupId":"org.apache.maven.plugins","artefactId":"maven-compiler-plugin","version":"3.8.0","pluginClassName":null},{"__type":"DefaultPlugin","groupId":"org.apache.maven.plugins","artefactId":"maven-javadoc-plugin","version":"3.0.1","pluginClassName":null},{"__type":"DefaultPlugin","groupId":"org.apache.maven.plugins","artefactId":"maven-release-plugin","version":"2.5.3","pluginClassName":null},{"__type":"DefaultPlugin","groupId":"org.apache.maven.plugins","artefactId":"maven-deploy-plugin","version":"2.8.2","pluginClassName":null},{"__type":"DefaultPlugin","groupId":"org.apache.maven.plugins","artefactId":"maven-shade-plugin","version":"3.2.1","pluginClassName":null},{"__type":"DefaultPlugin","groupId":"org.apache.maven.plugins","artefactId":"maven-clean-plugin","version":"3.2.0","pluginClassName":null},{"__type":"DefaultPlugin","groupId":"org.apache.maven.plugins","artefactId":"maven-resources-plugin","version":"3.3.1","pluginClassName":null},{"__type":"DefaultPlugin","groupId":"org.apache.maven.plugins","artefactId":"maven-jar-plugin","version":"3.4.1","pluginClassName":null},{"__type":"DefaultPlugin","groupId":"org.apache.maven.plugins","artefactId":"maven-surefire-plugin","version":"3.0.0-M5","pluginClassName":null},{"__type":"DefaultPlugin","groupId":"org.apache.maven.plugins","artefactId":"maven-install-plugin","version":"3.1.2","pluginClassName":null},{"__type":"DefaultPlugin","groupId":"org.apache.maven.plugins","artefactId":"maven-site-plugin","version":"3.12.1","pluginClassName":null}],"version":"3.9.12","encoding":"UTF-8","name":"maven","subModules":[],"simpleModuleName":null,"parentModuleName":"com.paritytrading.parity:parity-parent","location":"/home/jbergqvist/diffblue/paritytrading-parity/tests/book-perf-test","fullModuleName":"com.paritytrading.parity:parity-book-perf-test"},{"__type":"DefaultProjectModule","junitReport":["/home/jbergqvist/diffblue/paritytrading-parity/tests/match-perf-test/target/surefire-reports"],"jacocoReport":["/home/jbergqvist/diffblue/paritytrading-parity/tests/match-perf-test/target/site/jacoco/jacoco.xml"],"jacocoDestFile":["/home/jbergqvist/diffblue/paritytrading-parity/tests/match-perf-test/target/jacoco.exec"],"jacocoFormats":["xml"],"jacocoSkipped":false,"classpath":["/home/jbergqvist/diffblue/paritytrading-parity/tests/match-perf-test/target/classes"],"complianceLevel":"1.8","productionSources":["/home/jbergqvist/diffblue/paritytrading-parity/tests/match-perf-test/src/main/java"],"testSources":["/home/jbergqvist/diffblue/paritytrading-parity/tests/match-perf-test/src/test/java"],"productionClasses":"/home/jbergqvist/diffblue/paritytrading-parity/tests/match-perf-test/target/classes","testClasses":"/home/jbergqvist/diffblue/paritytrading-parity/tests/match-perf-test/target/test-classes","sourceToBuildPathMap":null,"testSourceToBuildPathMap":null,"buildDirectory":"/home/jbergqvist/diffblue/paritytrading-parity/tests/match-perf-test/target","plugins":[{"__type":"DefaultPlugin","groupId":"org.apache.maven.plugins","artefactId":"maven-enforcer-plugin","version":"1.0","pluginClassName":null},{"__type":"DefaultPlugin","groupId":"org.apache.maven.plugins","artefactId":"maven-checkstyle-plugin","version":"3.1.0","pluginClassName":null},{"__type":"DefaultPlugin","groupId":"org.apache.maven.plugins","artefactId":"maven-compiler-plugin","version":"3.8.0","pluginClassName":null},{"__type":"DefaultPlugin","groupId":"org.apache.maven.plugins","artefactId":"maven-javadoc-plugin","version":"3.0.1","pluginClassName":null},{"__type":"DefaultPlugin","groupId":"org.apache.maven.plugins","artefactId":"maven-release-plugin","version":"2.5.3","pluginClassName":null},{"__type":"DefaultPlugin","groupId":"org.apache.maven.plugins","artefactId":"maven-deploy-plugin","version":"2.8.2","pluginClassName":null},{"__type":"DefaultPlugin","groupId":"org.apache.maven.plugins","artefactId":"maven-shade-plugin","version":"3.2.1","pluginClassName":null},{"__type":"DefaultPlugin","groupId":"org.apache.maven.plugins","artefactId":"maven-clean-plugin","version":"3.2.0","pluginClassName":null},{"__type":"DefaultPlugin","groupId":"org.apache.maven.plugins","artefactId":"maven-resources-plugin","version":"3.3.1","pluginClassName":null},{"__type":"DefaultPlugin","groupId":"org.apache.maven.plugins","artefactId":"maven-jar-plugin","version":"3.4.1","pluginClassName":null},{"__type":"DefaultPlugin","groupId":"org.apache.maven.plugins","artefactId":"maven-surefire-plugin","version":"3.0.0-M5","pluginClassName":null},{"__type":"DefaultPlugin","groupId":"org.apache.maven.plugins","artefactId":"maven-install-plugin","version":"3.1.2","pluginClassName":null},{"__type":"DefaultPlugin","groupId":"org.apache.maven.plugins","artefactId":"maven-site-plugin","version":"3.12.1","pluginClassName":null}],"version":"3.9.12","encoding":"UTF-8","name":"maven","subModules":[],"simpleModuleName":null,"parentModuleName":"com.paritytrading.parity:parity-parent","location":"/home/jbergqvist/diffblue/paritytrading-parity/tests/match-perf-test","fullModuleName":"com.paritytrading.parity:parity-match-perf-test"}],"simpleModuleName":null,"parentModuleName":"org.sonatype.oss:oss-parent","location":"/home/jbergqvist/diffblue/paritytrading-parity","fullModuleName":"com.paritytrading.parity:parity-parent"}}
10:45:14.294 [INFO]   [Validating]  out: [INFO] ------------------------------------------------------------------------
10:45:14.294 [INFO]   [Validating]  out: [INFO] Reactor Summary for Parity (Parent) 0.7.1-SNAPSHOT:
10:45:14.294 [INFO]   [Validating]  out: [INFO] 
10:45:14.294 [INFO]   [Validating]  out: [INFO] Parity (Parent) .................................... SUCCESS [  0.643 s]
10:45:14.294 [INFO]   [Validating]  out: [INFO] Parity File Formats ................................ SUCCESS [  0.098 s]
10:45:14.294 [INFO]   [Validating]  out: [INFO] ------------------------------------------------------------------------
10:45:14.294 [INFO]   [Validating]  out: [INFO] BUILD SUCCESS
10:45:14.294 [INFO]   [Validating]  out: [INFO] ------------------------------------------------------------------------
10:45:14.294 [INFO]   [Validating]  out: [INFO] Total time:  0.902 s
10:45:14.294 [INFO]   [Validating]  out: [INFO] Finished at: 2026-01-20T10:45:14Z
10:45:14.294 [INFO]   [Validating]  out: [INFO] ------------------------------------------------------------------------
10:45:14.294 [INFO]   [Validating]  deserializing line [DIFFBLUE]{"__type":"com.diffblue.cover.buildsystem.model.ProjectInfoMessage","projectName":"com.paritytrading.parity:parity-parent","productionSources":["/home/jbergqvist/diffblue/paritytrading-parity/src/main/java"],"testSources":["/home/jbergqvist/diffblue/paritytrading-parity/src/test/java"],"location":"/home/jbergqvist/diffblue/paritytrading-parity"}
10:45:14.296 [INFO]   [Validating]  deserializing line [DIFFBLUE]{"__type":"com.diffblue.cover.buildsystem.model.ProjectInfoMessage","projectName":"com.paritytrading.parity:parity-book","productionSources":["/home/jbergqvist/diffblue/paritytrading-parity/libraries/book/src/main/java"],"testSources":["/home/jbergqvist/diffblue/paritytrading-parity/libraries/book/src/test/java"],"location":"/home/jbergqvist/diffblue/paritytrading-parity/libraries/book"}
10:45:14.297 [INFO]   [Validating]  deserializing line [DIFFBLUE]{"__type":"com.diffblue.cover.buildsystem.model.ProjectInfoMessage","projectName":"com.paritytrading.parity:parity-file","productionSources":["/home/jbergqvist/diffblue/paritytrading-parity/libraries/file/src/main/java"],"testSources":["/home/jbergqvist/diffblue/paritytrading-parity/libraries/file/src/test/java"],"location":"/home/jbergqvist/diffblue/paritytrading-parity/libraries/file"}
10:45:14.298 [INFO]   [Validating]  deserializing line [DIFFBLUE]{"__type":"com.diffblue.cover.buildsystem.model.ProjectInfoMessage","projectName":"com.paritytrading.parity:parity-match","productionSources":["/home/jbergqvist/diffblue/paritytrading-parity/libraries/match/src/main/java"],"testSources":["/home/jbergqvist/diffblue/paritytrading-parity/libraries/match/src/test/java"],"location":"/home/jbergqvist/diffblue/paritytrading-parity/libraries/match"}
10:45:14.299 [INFO]   [Validating]  deserializing line [DIFFBLUE]{"__type":"com.diffblue.cover.buildsystem.model.ProjectInfoMessage","projectName":"com.paritytrading.parity:parity-net","productionSources":["/home/jbergqvist/diffblue/paritytrading-parity/libraries/net/src/main/java"],"testSources":["/home/jbergqvist/diffblue/paritytrading-parity/libraries/net/src/test/java"],"location":"/home/jbergqvist/diffblue/paritytrading-parity/libraries/net"}
10:45:14.301 [INFO]   [Validating]  deserializing line [DIFFBLUE]{"__type":"com.diffblue.cover.buildsystem.model.ProjectInfoMessage","projectName":"com.paritytrading.parity:parity-util","productionSources":["/home/jbergqvist/diffblue/paritytrading-parity/libraries/util/src/main/java"],"testSources":["/home/jbergqvist/diffblue/paritytrading-parity/libraries/util/src/test/java"],"location":"/home/jbergqvist/diffblue/paritytrading-parity/libraries/util"}
10:45:14.302 [INFO]   [Validating]  deserializing line [DIFFBLUE]{"__type":"com.diffblue.cover.buildsystem.model.ProjectInfoMessage","projectName":"com.paritytrading.parity:parity-client","productionSources":["/home/jbergqvist/diffblue/paritytrading-parity/applications/client/src/main/java"],"testSources":["/home/jbergqvist/diffblue/paritytrading-parity/applications/client/src/test/java"],"location":"/home/jbergqvist/diffblue/paritytrading-parity/applications/client"}
10:45:14.303 [INFO]   [Validating]  deserializing line [DIFFBLUE]{"__type":"com.diffblue.cover.buildsystem.model.ProjectInfoMessage","projectName":"com.paritytrading.parity:parity-fix","productionSources":["/home/jbergqvist/diffblue/paritytrading-parity/applications/fix/src/main/java"],"testSources":["/home/jbergqvist/diffblue/paritytrading-parity/applications/fix/src/test/java"],"location":"/home/jbergqvist/diffblue/paritytrading-parity/applications/fix"}
10:45:14.305 [INFO]   [Validating]  deserializing line [DIFFBLUE]{"__type":"com.diffblue.cover.buildsystem.model.ProjectInfoMessage","projectName":"com.paritytrading.parity:parity-reporter","productionSources":["/home/jbergqvist/diffblue/paritytrading-parity/applications/reporter/src/main/java"],"testSources":["/home/jbergqvist/diffblue/paritytrading-parity/applications/reporter/src/test/java"],"location":"/home/jbergqvist/diffblue/paritytrading-parity/applications/reporter"}
10:45:14.306 [INFO]   [Validating]  deserializing line [DIFFBLUE]{"__type":"com.diffblue.cover.buildsystem.model.ProjectInfoMessage","projectName":"com.paritytrading.parity:parity-system","productionSources":["/home/jbergqvist/diffblue/paritytrading-parity/applications/system/src/main/java"],"testSources":["/home/jbergqvist/diffblue/paritytrading-parity/applications/system/src/test/java"],"location":"/home/jbergqvist/diffblue/paritytrading-parity/applications/system"}
10:45:14.306 [INFO]   [Validating]  deserializing line [DIFFBLUE]{"__type":"com.diffblue.cover.buildsystem.model.ProjectInfoMessage","projectName":"com.paritytrading.parity:parity-ticker","productionSources":["/home/jbergqvist/diffblue/paritytrading-parity/applications/ticker/src/main/java"],"testSources":["/home/jbergqvist/diffblue/paritytrading-parity/applications/ticker/src/test/java"],"location":"/home/jbergqvist/diffblue/paritytrading-parity/applications/ticker"}
10:45:14.307 [INFO]   [Validating]  deserializing line [DIFFBLUE]{"__type":"com.diffblue.cover.buildsystem.model.ProjectInfoMessage","projectName":"com.paritytrading.parity:parity-book-perf-test","productionSources":["/home/jbergqvist/diffblue/paritytrading-parity/tests/book-perf-test/src/main/java"],"testSources":["/home/jbergqvist/diffblue/paritytrading-parity/tests/book-perf-test/src/test/java"],"location":"/home/jbergqvist/diffblue/paritytrading-parity/tests/book-perf-test"}
10:45:14.308 [INFO]   [Validating]  deserializing line [DIFFBLUE]{"__type":"com.diffblue.cover.buildsystem.model.ProjectInfoMessage","projectName":"com.paritytrading.parity:parity-match-perf-test","productionSources":["/home/jbergqvist/diffblue/paritytrading-parity/tests/match-perf-test/src/main/java"],"testSources":["/home/jbergqvist/diffblue/paritytrading-parity/tests/match-perf-test/src/test/java"],"location":"/home/jbergqvist/diffblue/paritytrading-parity/tests/match-perf-test"}
10:45:14.333 [INFO]   [Validating]  maven:err process not stopped, joining thread
10:45:14.333 [INFO]   [Validating]  maven:out process not stopped, joining thread
10:45:14.334 [INFO]   [Validating]  This can take a couple of minutes.
10:45:14.335 [INFO]   [Validating]  Using default build rules as no custom rules found in any of [/home/jbergqvist/diffblue/paritytrading-parity/libraries/file, /home/jbergqvist/diffblue/paritytrading-parity]
10:45:14.335 [INFO]   [Validating]  Attempting to invoke mvnw in working directory: /home/jbergqvist/diffblue/paritytrading-parity
10:45:14.336 [INFO]   [Validating]  Attempting to invoke /home/jbergqvist/.sdkman/candidates/maven/current/bin/mvn in working directory: /home/jbergqvist/diffblue/paritytrading-parity
10:45:14.336 [INFO]   [Validating]  Started "/home/jbergqvist/.sdkman/candidates/maven/current/bin/mvn -Dmaven.ext.class.path=/opt/cover/cover-buildsystem-maven-spy-jar-with-dependencies.jar -Dcom.diffblue.cover.skipTests=true -DskipTestOptimizer --batch-mode --projects=com.paritytrading.parity:parity-file --global-settings=/home/jbergqvist/.sdkman/candidates/maven/current/conf/settings.xml org.apache.maven.plugins:maven-checkstyle-plugin:check -Dcheckstyle.failOnViolation=false clean test"
10:45:15.075 [INFO]   [Validating]  out: [INFO] Scanning for projects...
10:45:15.202 [INFO]   [Validating]  out: [INFO] 
10:45:15.202 [INFO]   [Validating]  out: [INFO] ----------------< com.paritytrading.parity:parity-file >----------------
10:45:15.202 [INFO]   [Validating]  out: [INFO] Building Parity File Formats 0.7.1-SNAPSHOT
10:45:15.202 [INFO]   [Validating]  out: [INFO]   from pom.xml
10:45:15.202 [INFO]   [Validating]  out: [INFO] --------------------------------[ jar ]---------------------------------
10:45:15.446 [INFO]   [Validating]  deserializing line [DIFFBLUE]{"__type":"com.diffblue.cover.buildsystem.model.DefaultEventMessage","project":"com.paritytrading.parity:parity-file","goal":"check","cause":null,"state":"STARTED"}
10:45:15.447 [INFO]   [Validating]  out: [INFO] 
10:45:15.447 [INFO]   [Validating]  out: [INFO] --- checkstyle:3.1.0:check (default-cli) @ parity-file ---
10:45:15.857 [INFO]   [Validating]  deserializing line [DIFFBLUE]{"__type":"com.diffblue.cover.buildsystem.model.DefaultEventMessage","project":"com.paritytrading.parity:parity-file","goal":"check","cause":null,"state":"SUCCESS"}
10:45:15.858 [INFO]   [Validating]  deserializing line [DIFFBLUE]{"__type":"com.diffblue.cover.buildsystem.model.DefaultEventMessage","project":"com.paritytrading.parity:parity-file","goal":"clean","cause":null,"state":"STARTED"}
10:45:15.859 [INFO]   [Validating]  out: [INFO] 
10:45:15.859 [INFO]   [Validating]  out: [INFO] --- clean:3.2.0:clean (default-clean) @ parity-file ---
10:45:15.877 [INFO]   [Validating]  out: [INFO] Deleting /home/jbergqvist/diffblue/paritytrading-parity/libraries/file/target
10:45:15.881 [INFO]   [Validating]  deserializing line [DIFFBLUE]{"__type":"com.diffblue.cover.buildsystem.model.DefaultEventMessage","project":"com.paritytrading.parity:parity-file","goal":"clean","cause":null,"state":"SUCCESS"}
10:45:15.883 [INFO]   [Validating]  deserializing line [DIFFBLUE]{"__type":"com.diffblue.cover.buildsystem.model.DefaultEventMessage","project":"com.paritytrading.parity:parity-file","goal":"enforce","cause":null,"state":"STARTED"}
10:45:15.884 [INFO]   [Validating]  out: [INFO] 
10:45:15.884 [INFO]   [Validating]  out: [INFO] --- enforcer:1.0:enforce (enforce-maven) @ parity-file ---
10:45:15.939 [INFO]   [Validating]  deserializing line [DIFFBLUE]{"__type":"com.diffblue.cover.buildsystem.model.DefaultEventMessage","project":"com.paritytrading.parity:parity-file","goal":"enforce","cause":null,"state":"SUCCESS"}
10:45:15.940 [INFO]   [Validating]  deserializing line [DIFFBLUE]{"__type":"com.diffblue.cover.buildsystem.model.DefaultEventMessage","project":"com.paritytrading.parity:parity-file","goal":"resources","cause":null,"state":"STARTED"}
10:45:15.941 [INFO]   [Validating]  out: [INFO] 
10:45:15.941 [INFO]   [Validating]  out: [INFO] --- resources:3.3.1:resources (default-resources) @ parity-file ---
10:45:15.975 [INFO]   [Validating]  out: [INFO] skip non existing resourceDirectory /home/jbergqvist/diffblue/paritytrading-parity/libraries/file/src/main/resources
10:45:15.977 [INFO]   [Validating]  deserializing line [DIFFBLUE]{"__type":"com.diffblue.cover.buildsystem.model.DefaultEventMessage","project":"com.paritytrading.parity:parity-file","goal":"resources","cause":null,"state":"SUCCESS"}
10:45:15.978 [INFO]   [Validating]  deserializing line [DIFFBLUE]{"__type":"com.diffblue.cover.buildsystem.model.DefaultEventMessage","project":"com.paritytrading.parity:parity-file","goal":"compile","cause":null,"state":"STARTED"}
10:45:15.979 [INFO]   [Validating]  out: [INFO] 
10:45:15.979 [INFO]   [Validating]  out: [INFO] --- compiler:3.8.0:compile (default-compile) @ parity-file ---
10:45:16.053 [INFO]   [Validating]  out: [INFO] Changes detected - recompiling the module!
10:45:16.055 [INFO]   [Validating]  out: [INFO] Compiling 4 source files to /home/jbergqvist/diffblue/paritytrading-parity/libraries/file/target/classes
10:45:16.334 [INFO]   [Validating]  deserializing line [DIFFBLUE]{"__type":"com.diffblue.cover.buildsystem.model.DefaultEventMessage","project":"com.paritytrading.parity:parity-file","goal":"compile","cause":null,"state":"SUCCESS"}
10:45:16.335 [INFO]   [Validating]  deserializing line [DIFFBLUE]{"__type":"com.diffblue.cover.buildsystem.model.DefaultEventMessage","project":"com.paritytrading.parity:parity-file","goal":"testResources","cause":null,"state":"STARTED"}
10:45:16.336 [INFO]   [Validating]  out: [INFO] 
10:45:16.336 [INFO]   [Validating]  out: [INFO] --- resources:3.3.1:testResources (default-testResources) @ parity-file ---
10:45:16.338 [INFO]   [Validating]  out: [INFO] skip non existing resourceDirectory /home/jbergqvist/diffblue/paritytrading-parity/libraries/file/src/test/resources
10:45:16.339 [INFO]   [Validating]  deserializing line [DIFFBLUE]{"__type":"com.diffblue.cover.buildsystem.model.DefaultEventMessage","project":"com.paritytrading.parity:parity-file","goal":"testResources","cause":null,"state":"SUCCESS"}
10:45:16.340 [INFO]   [Validating]  deserializing line [DIFFBLUE]{"__type":"com.diffblue.cover.buildsystem.model.DefaultEventMessage","project":"com.paritytrading.parity:parity-file","goal":"testCompile","cause":null,"state":"STARTED"}
10:45:16.340 [INFO]   [Validating]  out: [INFO] 
10:45:16.340 [INFO]   [Validating]  out: [INFO] --- compiler:3.8.0:testCompile (default-testCompile) @ parity-file ---
10:45:16.343 [INFO]   [Validating]  out: [INFO] Changes detected - recompiling the module!
10:45:16.344 [INFO]   [Validating]  out: [INFO] Compiling 5 source files to /home/jbergqvist/diffblue/paritytrading-parity/libraries/file/target/test-classes
10:45:16.451 [INFO]   [Validating]  out: [INFO] /home/jbergqvist/diffblue/paritytrading-parity/libraries/file/src/test/java/com/paritytrading/parity/file/taq/TAQConfigDiffblueTest.java: /home/jbergqvist/diffblue/paritytrading-parity/libraries/file/src/test/java/com/paritytrading/parity/file/taq/TAQConfigDiffblueTest.java uses unchecked or unsafe operations.
10:45:16.452 [INFO]   [Validating]  out: [INFO] /home/jbergqvist/diffblue/paritytrading-parity/libraries/file/src/test/java/com/paritytrading/parity/file/taq/TAQConfigDiffblueTest.java: Recompile with -Xlint:unchecked for details.
10:45:16.453 [INFO]   [Validating]  deserializing line [DIFFBLUE]{"__type":"com.diffblue.cover.buildsystem.model.DefaultEventMessage","project":"com.paritytrading.parity:parity-file","goal":"testCompile","cause":null,"state":"SUCCESS"}
10:45:16.454 [INFO]   [Validating]  deserializing line [DIFFBLUE]{"__type":"com.diffblue.cover.buildsystem.model.DefaultEventMessage","project":"com.paritytrading.parity:parity-file","goal":"test","cause":null,"state":"STARTED"}
10:45:16.455 [INFO]   [Validating]  out: [INFO] 
10:45:16.455 [INFO]   [Validating]  out: [INFO] --- surefire:3.0.0-M5:test (default-test) @ parity-file ---
10:45:16.638 [INFO]   [Validating]  out: [INFO] 
10:45:16.639 [INFO]   [Validating]  out: [INFO] -------------------------------------------------------
10:45:16.639 [INFO]   [Validating]  out: [INFO]  T E S T S
10:45:16.639 [INFO]   [Validating]  out: [INFO] -------------------------------------------------------
10:45:16.976 [INFO]   [Validating]  out: [INFO] Running com.paritytrading.parity.file.taq.TAQConfigDiffblueTest
10:45:17.260 [INFO]   [Validating]  out: [INFO] Tests run: 9, Failures: 0, Errors: 0, Skipped: 0, Time elapsed: 0.283 s - in com.paritytrading.parity.file.taq.TAQConfigDiffblueTest
10:45:17.261 [INFO]   [Validating]  out: [INFO] Running com.paritytrading.parity.file.taq.TAQWriterTest
10:45:17.264 [INFO]   [Validating]  out: [INFO] Tests run: 2, Failures: 0, Errors: 0, Skipped: 0, Time elapsed: 0.008 s - in com.paritytrading.parity.file.taq.TAQWriterTest
10:45:17.264 [INFO]   [Validating]  out: [INFO] Running com.paritytrading.parity.file.taq.TAQDiffblueTest
10:45:17.266 [INFO]   [Validating]  out: [INFO] Tests run: 2, Failures: 0, Errors: 0, Skipped: 0, Time elapsed: 0.002 s - in com.paritytrading.parity.file.taq.TAQDiffblueTest
10:45:17.266 [INFO]   [Validating]  out: [INFO] Running com.paritytrading.parity.file.taq.TAQWriterDiffblueTest
10:45:17.272 [INFO]   [Validating]  out: [INFO] Tests run: 7, Failures: 0, Errors: 0, Skipped: 0, Time elapsed: 0.005 s - in com.paritytrading.parity.file.taq.TAQWriterDiffblueTest
10:45:17.290 [INFO]   [Validating]  out: [INFO] 
10:45:17.290 [INFO]   [Validating]  out: [INFO] Results:
10:45:17.290 [INFO]   [Validating]  out: [INFO] 
10:45:17.290 [INFO]   [Validating]  out: [INFO] Tests run: 20, Failures: 0, Errors: 0, Skipped: 0
10:45:17.290 [INFO]   [Validating]  out: [INFO] 
10:45:17.294 [INFO]   [Validating]  deserializing line [DIFFBLUE]{"__type":"com.diffblue.cover.buildsystem.model.DefaultEventMessage","project":"com.paritytrading.parity:parity-file","goal":"test","cause":null,"state":"SUCCESS"}
10:45:17.319 [INFO]   [Validating]  deserializing line [DIFFBLUE]{"__type":"com.diffblue.cover.buildsystem.model.DefaultProjectModuleMessage","project":{"__type":"DefaultProjectModule","junitReport":["/home/jbergqvist/diffblue/paritytrading-parity/libraries/file/target/surefire-reports"],"jacocoReport":["/home/jbergqvist/diffblue/paritytrading-parity/libraries/file/target/site/jacoco/jacoco.xml"],"jacocoDestFile":["/home/jbergqvist/diffblue/paritytrading-parity/libraries/file/target/jacoco.exec"],"jacocoFormats":["xml"],"jacocoSkipped":false,"classpath":["/home/jbergqvist/diffblue/paritytrading-parity/libraries/file/target/classes","/home/jbergqvist/.m2/repository/org/junit/jupiter/junit-jupiter/5.7.0/junit-jupiter-5.7.0.jar","/home/jbergqvist/.m2/repository/org/junit/jupiter/junit-jupiter-api/5.7.0/junit-jupiter-api-5.7.0.jar","/home/jbergqvist/.m2/repository/org/apiguardian/apiguardian-api/1.1.0/apiguardian-api-1.1.0.jar","/home/jbergqvist/.m2/repository/org/opentest4j/opentest4j/1.2.0/opentest4j-1.2.0.jar","/home/jbergqvist/.m2/repository/org/junit/platform/junit-platform-commons/1.7.0/junit-platform-commons-1.7.0.jar","/home/jbergqvist/.m2/repository/org/junit/jupiter/junit-jupiter-params/5.7.0/junit-jupiter-params-5.7.0.jar","/home/jbergqvist/.m2/repository/org/junit/jupiter/junit-jupiter-engine/5.7.0/junit-jupiter-engine-5.7.0.jar","/home/jbergqvist/.m2/repository/org/junit/platform/junit-platform-engine/1.7.0/junit-platform-engine-1.7.0.jar","/home/jbergqvist/.m2/repository/com/diffblue/cover/cover-annotations/1.9.0/cover-annotations-1.9.0.jar","/home/jbergqvist/.m2/repository/org/mockito/mockito-core/4.11.0/mockito-core-4.11.0.jar","/home/jbergqvist/.m2/repository/net/bytebuddy/byte-buddy/1.12.19/byte-buddy-1.12.19.jar","/home/jbergqvist/.m2/repository/net/bytebuddy/byte-buddy-agent/1.12.19/byte-buddy-agent-1.12.19.jar","/home/jbergqvist/.m2/repository/org/objenesis/objenesis/3.3/objenesis-3.3.jar","/home/jbergqvist/.m2/repository/org/mockito/mockito-junit-jupiter/4.11.0/mockito-junit-jupiter-4.11.0.jar"],"complianceLevel":"1.8","productionSources":["/home/jbergqvist/diffblue/paritytrading-parity/libraries/file/src/main/java"],"testSources":["/home/jbergqvist/diffblue/paritytrading-parity/libraries/file/src/test/java"],"productionClasses":"/home/jbergqvist/diffblue/paritytrading-parity/libraries/file/target/classes","testClasses":"/home/jbergqvist/diffblue/paritytrading-parity/libraries/file/target/test-classes","sourceToBuildPathMap":null,"testSourceToBuildPathMap":null,"buildDirectory":"/home/jbergqvist/diffblue/paritytrading-parity/libraries/file/target","plugins":[{"__type":"DefaultPlugin","groupId":"org.apache.maven.plugins","artefactId":"maven-enforcer-plugin","version":"1.0","pluginClassName":null},{"__type":"DefaultPlugin","groupId":"org.apache.maven.plugins","artefactId":"maven-checkstyle-plugin","version":"3.1.0","pluginClassName":null},{"__type":"DefaultPlugin","groupId":"org.apache.maven.plugins","artefactId":"maven-compiler-plugin","version":"3.8.0","pluginClassName":null},{"__type":"DefaultPlugin","groupId":"org.apache.maven.plugins","artefactId":"maven-javadoc-plugin","version":"3.0.1","pluginClassName":null},{"__type":"DefaultPlugin","groupId":"org.apache.maven.plugins","artefactId":"maven-release-plugin","version":"2.5.3","pluginClassName":null},{"__type":"DefaultPlugin","groupId":"org.apache.maven.plugins","artefactId":"maven-clean-plugin","version":"3.2.0","pluginClassName":null},{"__type":"DefaultPlugin","groupId":"org.apache.maven.plugins","artefactId":"maven-resources-plugin","version":"3.3.1","pluginClassName":null},{"__type":"DefaultPlugin","groupId":"org.apache.maven.plugins","artefactId":"maven-jar-plugin","version":"3.4.1","pluginClassName":null},{"__type":"DefaultPlugin","groupId":"org.apache.maven.plugins","artefactId":"maven-surefire-plugin","version":"3.0.0-M5","pluginClassName":null},{"__type":"DefaultPlugin","groupId":"org.apache.maven.plugins","artefactId":"maven-install-plugin","version":"3.1.2","pluginClassName":null},{"__type":"DefaultPlugin","groupId":"org.apache.maven.plugins","artefactId":"maven-deploy-plugin","version":"2.8.2","pluginClassName":null},{"__type":"DefaultPlugin","groupId":"org.apache.maven.plugins","artefactId":"maven-site-plugin","version":"3.12.1","pluginClassName":null}],"version":"3.9.12","encoding":"UTF-8","name":"maven","subModules":[],"simpleModuleName":null,"parentModuleName":"com.paritytrading.parity:parity-parent","location":"/home/jbergqvist/diffblue/paritytrading-parity/libraries/file","fullModuleName":"com.paritytrading.parity:parity-file"}}
10:45:17.321 [INFO]   [Validating]  out: [INFO] ------------------------------------------------------------------------
10:45:17.321 [INFO]   [Validating]  out: [INFO] BUILD SUCCESS
10:45:17.321 [INFO]   [Validating]  out: [INFO] ------------------------------------------------------------------------
10:45:17.321 [INFO]   [Validating]  out: [INFO] Total time:  2.260 s
10:45:17.321 [INFO]   [Validating]  out: [INFO] Finished at: 2026-01-20T10:45:17Z
10:45:17.321 [INFO]   [Validating]  out: [INFO] ------------------------------------------------------------------------
10:45:17.324 [INFO]   [Validating]  deserializing line [DIFFBLUE]{"__type":"com.diffblue.cover.buildsystem.model.ProjectInfoMessage","projectName":"com.paritytrading.parity:parity-file","productionSources":["/home/jbergqvist/diffblue/paritytrading-parity/libraries/file/src/main/java","/home/jbergqvist/diffblue/paritytrading-parity/libraries/file/target/generated-sources/annotations"],"testSources":["/home/jbergqvist/diffblue/paritytrading-parity/libraries/file/src/test/java","/home/jbergqvist/diffblue/paritytrading-parity/libraries/file/target/generated-test-sources/test-annotations"],"location":"/home/jbergqvist/diffblue/paritytrading-parity/libraries/file"}
10:45:17.363 [INFO]   [Validating]  maven:err process not stopped, joining thread
10:45:17.364 [INFO]   [Validating]  maven:out process not stopped, joining thread
10:45:17.410 [INFO]   [Validating]  All 18 created tests were successfully validated.
10:45:17.424 [INFO]   [Measuring]   Calculating coverage from Diffblue tests.
10:45:17.426 [INFO]   [Measuring]   Using default build rules as no custom rules found in any of [/home/jbergqvist/diffblue/paritytrading-parity/libraries/file, /home/jbergqvist/diffblue/paritytrading-parity]
10:45:17.426 [INFO]   [Measuring]   Using default build rules as no custom rules found in any of [/home/jbergqvist/diffblue/paritytrading-parity/libraries/file, /home/jbergqvist/diffblue/paritytrading-parity]
10:45:17.427 [INFO]   [Measuring]   Attempting to invoke mvnw in working directory: /home/jbergqvist/diffblue/paritytrading-parity
10:45:17.427 [INFO]   [Measuring]   Attempting to invoke /home/jbergqvist/.sdkman/candidates/maven/current/bin/mvn in working directory: /home/jbergqvist/diffblue/paritytrading-parity
10:45:17.428 [INFO]   [Measuring]   Started "/home/jbergqvist/.sdkman/candidates/maven/current/bin/mvn -Dmaven.ext.class.path=/opt/cover/cover-buildsystem-maven-spy-jar-with-dependencies.jar -Dcom.diffblue.cover.skipTests=true -DskipTestOptimizer --batch-mode --projects=com.paritytrading.parity:parity-file --global-settings=/home/jbergqvist/.sdkman/candidates/maven/current/conf/settings.xml org.apache.maven.plugins:maven-checkstyle-plugin:check -Dcheckstyle.failOnViolation=false org.jacoco:jacoco-maven-plugin:0.8.11:prepare-agent -Djacoco.skip=false test -DfailIfNoTests=false -Dsurefire.failIfNoSpecifiedTests=false -Dmaven.test.failure.ignore=True -Dtest=*DiffblueTest org.jacoco:jacoco-maven-plugin:0.8.11:report -Djacoco.skip=false"
10:45:18.162 [INFO]   [Measuring]   out: [INFO] Scanning for projects...
10:45:18.307 [INFO]   [Measuring]   out: [INFO] 
10:45:18.307 [INFO]   [Measuring]   out: [INFO] ----------------< com.paritytrading.parity:parity-file >----------------
10:45:18.307 [INFO]   [Measuring]   out: [INFO] Building Parity File Formats 0.7.1-SNAPSHOT
10:45:18.307 [INFO]   [Measuring]   out: [INFO]   from pom.xml
10:45:18.307 [INFO]   [Measuring]   out: [INFO] --------------------------------[ jar ]---------------------------------
10:45:18.533 [INFO]   [Measuring]   deserializing line [DIFFBLUE]{"__type":"com.diffblue.cover.buildsystem.model.DefaultEventMessage","project":"com.paritytrading.parity:parity-file","goal":"check","cause":null,"state":"STARTED"}
10:45:18.535 [INFO]   [Measuring]   out: [INFO] 
10:45:18.535 [INFO]   [Measuring]   out: [INFO] --- checkstyle:3.1.0:check (default-cli) @ parity-file ---
10:45:19.017 [INFO]   [Measuring]   deserializing line [DIFFBLUE]{"__type":"com.diffblue.cover.buildsystem.model.DefaultEventMessage","project":"com.paritytrading.parity:parity-file","goal":"check","cause":null,"state":"SUCCESS"}
10:45:19.019 [INFO]   [Measuring]   deserializing line [DIFFBLUE]{"__type":"com.diffblue.cover.buildsystem.model.DefaultEventMessage","project":"com.paritytrading.parity:parity-file","goal":"prepare-agent","cause":null,"state":"STARTED"}
10:45:19.019 [INFO]   [Measuring]   out: [INFO] 
10:45:19.019 [INFO]   [Measuring]   out: [INFO] --- jacoco:0.8.11:prepare-agent (default-cli) @ parity-file ---
10:45:19.060 [INFO]   [Measuring]   out: [INFO] argLine set to -javaagent:/home/jbergqvist/.m2/repository/org/jacoco/org.jacoco.agent/0.8.11/org.jacoco.agent-0.8.11-runtime.jar=destfile=/home/jbergqvist/diffblue/paritytrading-parity/libraries/file/target/jacoco.exec
10:45:19.061 [INFO]   [Measuring]   deserializing line [DIFFBLUE]{"__type":"com.diffblue.cover.buildsystem.model.DefaultEventMessage","project":"com.paritytrading.parity:parity-file","goal":"prepare-agent","cause":null,"state":"SUCCESS"}
10:45:19.062 [INFO]   [Measuring]   deserializing line [DIFFBLUE]{"__type":"com.diffblue.cover.buildsystem.model.DefaultEventMessage","project":"com.paritytrading.parity:parity-file","goal":"enforce","cause":null,"state":"STARTED"}
10:45:19.063 [INFO]   [Measuring]   out: [INFO] 
10:45:19.063 [INFO]   [Measuring]   out: [INFO] --- enforcer:1.0:enforce (enforce-maven) @ parity-file ---
10:45:19.113 [INFO]   [Measuring]   deserializing line [DIFFBLUE]{"__type":"com.diffblue.cover.buildsystem.model.DefaultEventMessage","project":"com.paritytrading.parity:parity-file","goal":"enforce","cause":null,"state":"SUCCESS"}
10:45:19.114 [INFO]   [Measuring]   deserializing line [DIFFBLUE]{"__type":"com.diffblue.cover.buildsystem.model.DefaultEventMessage","project":"com.paritytrading.parity:parity-file","goal":"resources","cause":null,"state":"STARTED"}
10:45:19.115 [INFO]   [Measuring]   out: [INFO] 
10:45:19.115 [INFO]   [Measuring]   out: [INFO] --- resources:3.3.1:resources (default-resources) @ parity-file ---
10:45:19.145 [INFO]   [Measuring]   out: [INFO] skip non existing resourceDirectory /home/jbergqvist/diffblue/paritytrading-parity/libraries/file/src/main/resources
10:45:19.146 [INFO]   [Measuring]   deserializing line [DIFFBLUE]{"__type":"com.diffblue.cover.buildsystem.model.DefaultEventMessage","project":"com.paritytrading.parity:parity-file","goal":"resources","cause":null,"state":"SUCCESS"}
10:45:19.147 [INFO]   [Measuring]   deserializing line [DIFFBLUE]{"__type":"com.diffblue.cover.buildsystem.model.DefaultEventMessage","project":"com.paritytrading.parity:parity-file","goal":"compile","cause":null,"state":"STARTED"}
10:45:19.148 [INFO]   [Measuring]   out: [INFO] 
10:45:19.148 [INFO]   [Measuring]   out: [INFO] --- compiler:3.8.0:compile (default-compile) @ parity-file ---
10:45:19.226 [INFO]   [Measuring]   out: [INFO] Changes detected - recompiling the module!
10:45:19.229 [INFO]   [Measuring]   out: [INFO] Compiling 4 source files to /home/jbergqvist/diffblue/paritytrading-parity/libraries/file/target/classes
10:45:19.519 [INFO]   [Measuring]   deserializing line [DIFFBLUE]{"__type":"com.diffblue.cover.buildsystem.model.DefaultEventMessage","project":"com.paritytrading.parity:parity-file","goal":"compile","cause":null,"state":"SUCCESS"}
10:45:19.520 [INFO]   [Measuring]   deserializing line [DIFFBLUE]{"__type":"com.diffblue.cover.buildsystem.model.DefaultEventMessage","project":"com.paritytrading.parity:parity-file","goal":"testResources","cause":null,"state":"STARTED"}
10:45:19.521 [INFO]   [Measuring]   out: [INFO] 
10:45:19.521 [INFO]   [Measuring]   out: [INFO] --- resources:3.3.1:testResources (default-testResources) @ parity-file ---
10:45:19.524 [INFO]   [Measuring]   out: [INFO] skip non existing resourceDirectory /home/jbergqvist/diffblue/paritytrading-parity/libraries/file/src/test/resources
10:45:19.525 [INFO]   [Measuring]   deserializing line [DIFFBLUE]{"__type":"com.diffblue.cover.buildsystem.model.DefaultEventMessage","project":"com.paritytrading.parity:parity-file","goal":"testResources","cause":null,"state":"SUCCESS"}
10:45:19.527 [INFO]   [Measuring]   deserializing line [DIFFBLUE]{"__type":"com.diffblue.cover.buildsystem.model.DefaultEventMessage","project":"com.paritytrading.parity:parity-file","goal":"testCompile","cause":null,"state":"STARTED"}
10:45:19.528 [INFO]   [Measuring]   out: [INFO] 
10:45:19.528 [INFO]   [Measuring]   out: [INFO] --- compiler:3.8.0:testCompile (default-testCompile) @ parity-file ---
10:45:19.533 [INFO]   [Measuring]   out: [INFO] Nothing to compile - all classes are up to date
10:45:19.535 [INFO]   [Measuring]   deserializing line [DIFFBLUE]{"__type":"com.diffblue.cover.buildsystem.model.DefaultEventMessage","project":"com.paritytrading.parity:parity-file","goal":"testCompile","cause":null,"state":"SUCCESS"}
10:45:19.536 [INFO]   [Measuring]   deserializing line [DIFFBLUE]{"__type":"com.diffblue.cover.buildsystem.model.DefaultEventMessage","project":"com.paritytrading.parity:parity-file","goal":"test","cause":null,"state":"STARTED"}
10:45:19.536 [INFO]   [Measuring]   out: [INFO] 
10:45:19.537 [INFO]   [Measuring]   out: [INFO] --- surefire:3.0.0-M5:test (default-test) @ parity-file ---
10:45:19.716 [INFO]   [Measuring]   out: [INFO] 
10:45:19.716 [INFO]   [Measuring]   out: [INFO] -------------------------------------------------------
10:45:19.716 [INFO]   [Measuring]   out: [INFO]  T E S T S
10:45:19.716 [INFO]   [Measuring]   out: [INFO] -------------------------------------------------------
10:45:20.307 [INFO]   [Measuring]   out: [INFO] Running com.paritytrading.parity.file.taq.TAQConfigDiffblueTest
10:45:20.789 [INFO]   [Measuring]   out: [INFO] Tests run: 9, Failures: 0, Errors: 0, Skipped: 0, Time elapsed: 0.48 s - in com.paritytrading.parity.file.taq.TAQConfigDiffblueTest
10:45:20.789 [INFO]   [Measuring]   out: [INFO] Running com.paritytrading.parity.file.taq.TAQDiffblueTest
10:45:20.791 [INFO]   [Measuring]   out: [INFO] Tests run: 2, Failures: 0, Errors: 0, Skipped: 0, Time elapsed: 0.002 s - in com.paritytrading.parity.file.taq.TAQDiffblueTest
10:45:20.791 [INFO]   [Measuring]   out: [INFO] Running com.paritytrading.parity.file.taq.TAQWriterDiffblueTest
10:45:20.802 [INFO]   [Measuring]   out: [INFO] Tests run: 7, Failures: 0, Errors: 0, Skipped: 0, Time elapsed: 0.015 s - in com.paritytrading.parity.file.taq.TAQWriterDiffblueTest
10:45:20.842 [INFO]   [Measuring]   out: [INFO] 
10:45:20.842 [INFO]   [Measuring]   out: [INFO] Results:
10:45:20.842 [INFO]   [Measuring]   out: [INFO] 
10:45:20.842 [INFO]   [Measuring]   out: [INFO] Tests run: 18, Failures: 0, Errors: 0, Skipped: 0
10:45:20.842 [INFO]   [Measuring]   out: [INFO] 
10:45:20.846 [INFO]   [Measuring]   deserializing line [DIFFBLUE]{"__type":"com.diffblue.cover.buildsystem.model.DefaultEventMessage","project":"com.paritytrading.parity:parity-file","goal":"test","cause":null,"state":"SUCCESS"}
10:45:20.847 [INFO]   [Measuring]   deserializing line [DIFFBLUE]{"__type":"com.diffblue.cover.buildsystem.model.DefaultEventMessage","project":"com.paritytrading.parity:parity-file","goal":"report","cause":null,"state":"STARTED"}
10:45:20.848 [INFO]   [Measuring]   out: [INFO] 
10:45:20.848 [INFO]   [Measuring]   out: [INFO] --- jacoco:0.8.11:report (default-cli) @ parity-file ---
10:45:20.852 [INFO]   [Measuring]   out: [INFO] Loading execution data file /home/jbergqvist/diffblue/paritytrading-parity/libraries/file/target/jacoco.exec
10:45:20.896 [INFO]   [Measuring]   out: [INFO] Analyzed bundle 'Parity File Formats' with 5 classes
10:45:20.928 [INFO]   [Measuring]   deserializing line [DIFFBLUE]{"__type":"com.diffblue.cover.buildsystem.model.DefaultEventMessage","project":"com.paritytrading.parity:parity-file","goal":"report","cause":null,"state":"SUCCESS"}
10:45:20.952 [INFO]   [Measuring]   deserializing line [DIFFBLUE]{"__type":"com.diffblue.cover.buildsystem.model.DefaultProjectModuleMessage","project":{"__type":"DefaultProjectModule","junitReport":["/home/jbergqvist/diffblue/paritytrading-parity/libraries/file/target/surefire-reports"],"jacocoReport":["/home/jbergqvist/diffblue/paritytrading-parity/libraries/file/target/site/jacoco/jacoco.xml"],"jacocoDestFile":["/home/jbergqvist/diffblue/paritytrading-parity/libraries/file/target/jacoco.exec"],"jacocoFormats":["xml"],"jacocoSkipped":false,"classpath":["/home/jbergqvist/diffblue/paritytrading-parity/libraries/file/target/classes","/home/jbergqvist/.m2/repository/org/junit/jupiter/junit-jupiter/5.7.0/junit-jupiter-5.7.0.jar","/home/jbergqvist/.m2/repository/org/junit/jupiter/junit-jupiter-api/5.7.0/junit-jupiter-api-5.7.0.jar","/home/jbergqvist/.m2/repository/org/apiguardian/apiguardian-api/1.1.0/apiguardian-api-1.1.0.jar","/home/jbergqvist/.m2/repository/org/opentest4j/opentest4j/1.2.0/opentest4j-1.2.0.jar","/home/jbergqvist/.m2/repository/org/junit/platform/junit-platform-commons/1.7.0/junit-platform-commons-1.7.0.jar","/home/jbergqvist/.m2/repository/org/junit/jupiter/junit-jupiter-params/5.7.0/junit-jupiter-params-5.7.0.jar","/home/jbergqvist/.m2/repository/org/junit/jupiter/junit-jupiter-engine/5.7.0/junit-jupiter-engine-5.7.0.jar","/home/jbergqvist/.m2/repository/org/junit/platform/junit-platform-engine/1.7.0/junit-platform-engine-1.7.0.jar","/home/jbergqvist/.m2/repository/com/diffblue/cover/cover-annotations/1.9.0/cover-annotations-1.9.0.jar","/home/jbergqvist/.m2/repository/org/mockito/mockito-core/4.11.0/mockito-core-4.11.0.jar","/home/jbergqvist/.m2/repository/net/bytebuddy/byte-buddy/1.12.19/byte-buddy-1.12.19.jar","/home/jbergqvist/.m2/repository/net/bytebuddy/byte-buddy-agent/1.12.19/byte-buddy-agent-1.12.19.jar","/home/jbergqvist/.m2/repository/org/objenesis/objenesis/3.3/objenesis-3.3.jar","/home/jbergqvist/.m2/repository/org/mockito/mockito-junit-jupiter/4.11.0/mockito-junit-jupiter-4.11.0.jar"],"complianceLevel":"1.8","productionSources":["/home/jbergqvist/diffblue/paritytrading-parity/libraries/file/src/main/java"],"testSources":["/home/jbergqvist/diffblue/paritytrading-parity/libraries/file/src/test/java"],"productionClasses":"/home/jbergqvist/diffblue/paritytrading-parity/libraries/file/target/classes","testClasses":"/home/jbergqvist/diffblue/paritytrading-parity/libraries/file/target/test-classes","sourceToBuildPathMap":null,"testSourceToBuildPathMap":null,"buildDirectory":"/home/jbergqvist/diffblue/paritytrading-parity/libraries/file/target","plugins":[{"__type":"DefaultPlugin","groupId":"org.apache.maven.plugins","artefactId":"maven-enforcer-plugin","version":"1.0","pluginClassName":null},{"__type":"DefaultPlugin","groupId":"org.apache.maven.plugins","artefactId":"maven-checkstyle-plugin","version":"3.1.0","pluginClassName":null},{"__type":"DefaultPlugin","groupId":"org.apache.maven.plugins","artefactId":"maven-compiler-plugin","version":"3.8.0","pluginClassName":null},{"__type":"DefaultPlugin","groupId":"org.apache.maven.plugins","artefactId":"maven-javadoc-plugin","version":"3.0.1","pluginClassName":null},{"__type":"DefaultPlugin","groupId":"org.apache.maven.plugins","artefactId":"maven-release-plugin","version":"2.5.3","pluginClassName":null},{"__type":"DefaultPlugin","groupId":"org.apache.maven.plugins","artefactId":"maven-clean-plugin","version":"3.2.0","pluginClassName":null},{"__type":"DefaultPlugin","groupId":"org.apache.maven.plugins","artefactId":"maven-resources-plugin","version":"3.3.1","pluginClassName":null},{"__type":"DefaultPlugin","groupId":"org.apache.maven.plugins","artefactId":"maven-jar-plugin","version":"3.4.1","pluginClassName":null},{"__type":"DefaultPlugin","groupId":"org.apache.maven.plugins","artefactId":"maven-surefire-plugin","version":"3.0.0-M5","pluginClassName":null},{"__type":"DefaultPlugin","groupId":"org.apache.maven.plugins","artefactId":"maven-install-plugin","version":"3.1.2","pluginClassName":null},{"__type":"DefaultPlugin","groupId":"org.apache.maven.plugins","artefactId":"maven-deploy-plugin","version":"2.8.2","pluginClassName":null},{"__type":"DefaultPlugin","groupId":"org.apache.maven.plugins","artefactId":"maven-site-plugin","version":"3.12.1","pluginClassName":null}],"version":"3.9.12","encoding":"UTF-8","name":"maven","subModules":[],"simpleModuleName":null,"parentModuleName":"com.paritytrading.parity:parity-parent","location":"/home/jbergqvist/diffblue/paritytrading-parity/libraries/file","fullModuleName":"com.paritytrading.parity:parity-file"}}
10:45:20.955 [INFO]   [Measuring]   out: [INFO] ------------------------------------------------------------------------
10:45:20.955 [INFO]   [Measuring]   out: [INFO] BUILD SUCCESS
10:45:20.955 [INFO]   [Measuring]   out: [INFO] ------------------------------------------------------------------------
10:45:20.955 [INFO]   [Measuring]   out: [INFO] Total time:  2.806 s
10:45:20.955 [INFO]   [Measuring]   out: [INFO] Finished at: 2026-01-20T10:45:20Z
10:45:20.955 [INFO]   [Measuring]   out: [INFO] ------------------------------------------------------------------------
10:45:20.956 [INFO]   [Measuring]   deserializing line [DIFFBLUE]{"__type":"com.diffblue.cover.buildsystem.model.ProjectInfoMessage","projectName":"com.paritytrading.parity:parity-file","productionSources":["/home/jbergqvist/diffblue/paritytrading-parity/libraries/file/src/main/java","/home/jbergqvist/diffblue/paritytrading-parity/libraries/file/target/generated-sources/annotations"],"testSources":["/home/jbergqvist/diffblue/paritytrading-parity/libraries/file/src/test/java","/home/jbergqvist/diffblue/paritytrading-parity/libraries/file/target/generated-test-sources/test-annotations"],"location":"/home/jbergqvist/diffblue/paritytrading-parity/libraries/file"}
10:45:20.990 [INFO]   [Measuring]   maven:err process not stopped, joining thread
10:45:20.991 [INFO]   [Measuring]   maven:out process not stopped, joining thread
10:45:20.991 [INFO]   [Measuring]   Attempting to invoke mvnw in working directory: /home/jbergqvist/diffblue/paritytrading-parity
10:45:20.992 [INFO]   [Measuring]   Attempting to invoke /home/jbergqvist/.sdkman/candidates/maven/current/bin/mvn in working directory: /home/jbergqvist/diffblue/paritytrading-parity
10:45:20.992 [INFO]   [Measuring]   Started "/home/jbergqvist/.sdkman/candidates/maven/current/bin/mvn -Dmaven.ext.class.path=/opt/cover/cover-buildsystem-maven-spy-jar-with-dependencies.jar -Dcom.diffblue.cover.skipTests=true -DskipTestOptimizer --batch-mode --projects=com.paritytrading.parity:parity-file --global-settings=/home/jbergqvist/.sdkman/candidates/maven/current/conf/settings.xml org.apache.maven.plugins:maven-checkstyle-plugin:check -Dcheckstyle.failOnViolation=false org.jacoco:jacoco-maven-plugin:0.8.11:prepare-agent -Djacoco.skip=false test -DfailIfNoTests=false -Dsurefire.failIfNoSpecifiedTests=false -Dmaven.test.failure.ignore=True -Dtest=!*DiffblueTest,**/Test*.java,**/*Test.java,**/*Tests.java,**/*TestCase.java -Dgroups=MaintainedByDiffblue,ContributionFromDiffblue org.jacoco:jacoco-maven-plugin:0.8.11:report -Djacoco.skip=false"
10:45:21.726 [INFO]   [Measuring]   out: [INFO] Scanning for projects...
10:45:21.872 [INFO]   [Measuring]   out: [INFO] 
10:45:21.872 [INFO]   [Measuring]   out: [INFO] ----------------< com.paritytrading.parity:parity-file >----------------
10:45:21.872 [INFO]   [Measuring]   out: [INFO] Building Parity File Formats 0.7.1-SNAPSHOT
10:45:21.872 [INFO]   [Measuring]   out: [INFO]   from pom.xml
10:45:21.872 [INFO]   [Measuring]   out: [INFO] --------------------------------[ jar ]---------------------------------
10:45:22.133 [INFO]   [Measuring]   deserializing line [DIFFBLUE]{"__type":"com.diffblue.cover.buildsystem.model.DefaultEventMessage","project":"com.paritytrading.parity:parity-file","goal":"check","cause":null,"state":"STARTED"}
10:45:22.134 [INFO]   [Measuring]   out: [INFO] 
10:45:22.134 [INFO]   [Measuring]   out: [INFO] --- checkstyle:3.1.0:check (default-cli) @ parity-file ---
10:45:22.519 [INFO]   [Measuring]   deserializing line [DIFFBLUE]{"__type":"com.diffblue.cover.buildsystem.model.DefaultEventMessage","project":"com.paritytrading.parity:parity-file","goal":"check","cause":null,"state":"SUCCESS"}
10:45:22.520 [INFO]   [Measuring]   deserializing line [DIFFBLUE]{"__type":"com.diffblue.cover.buildsystem.model.DefaultEventMessage","project":"com.paritytrading.parity:parity-file","goal":"prepare-agent","cause":null,"state":"STARTED"}
10:45:22.521 [INFO]   [Measuring]   out: [INFO] 
10:45:22.521 [INFO]   [Measuring]   out: [INFO] --- jacoco:0.8.11:prepare-agent (default-cli) @ parity-file ---
10:45:22.559 [INFO]   [Measuring]   out: [INFO] argLine set to -javaagent:/home/jbergqvist/.m2/repository/org/jacoco/org.jacoco.agent/0.8.11/org.jacoco.agent-0.8.11-runtime.jar=destfile=/home/jbergqvist/diffblue/paritytrading-parity/libraries/file/target/jacoco.exec
10:45:22.560 [INFO]   [Measuring]   deserializing line [DIFFBLUE]{"__type":"com.diffblue.cover.buildsystem.model.DefaultEventMessage","project":"com.paritytrading.parity:parity-file","goal":"prepare-agent","cause":null,"state":"SUCCESS"}
10:45:22.561 [INFO]   [Measuring]   deserializing line [DIFFBLUE]{"__type":"com.diffblue.cover.buildsystem.model.DefaultEventMessage","project":"com.paritytrading.parity:parity-file","goal":"enforce","cause":null,"state":"STARTED"}
10:45:22.562 [INFO]   [Measuring]   out: [INFO] 
10:45:22.562 [INFO]   [Measuring]   out: [INFO] --- enforcer:1.0:enforce (enforce-maven) @ parity-file ---
10:45:22.613 [INFO]   [Measuring]   deserializing line [DIFFBLUE]{"__type":"com.diffblue.cover.buildsystem.model.DefaultEventMessage","project":"com.paritytrading.parity:parity-file","goal":"enforce","cause":null,"state":"SUCCESS"}
10:45:22.614 [INFO]   [Measuring]   deserializing line [DIFFBLUE]{"__type":"com.diffblue.cover.buildsystem.model.DefaultEventMessage","project":"com.paritytrading.parity:parity-file","goal":"resources","cause":null,"state":"STARTED"}
10:45:22.614 [INFO]   [Measuring]   out: [INFO] 
10:45:22.614 [INFO]   [Measuring]   out: [INFO] --- resources:3.3.1:resources (default-resources) @ parity-file ---
10:45:22.645 [INFO]   [Measuring]   out: [INFO] skip non existing resourceDirectory /home/jbergqvist/diffblue/paritytrading-parity/libraries/file/src/main/resources
10:45:22.646 [INFO]   [Measuring]   deserializing line [DIFFBLUE]{"__type":"com.diffblue.cover.buildsystem.model.DefaultEventMessage","project":"com.paritytrading.parity:parity-file","goal":"resources","cause":null,"state":"SUCCESS"}
10:45:22.647 [INFO]   [Measuring]   deserializing line [DIFFBLUE]{"__type":"com.diffblue.cover.buildsystem.model.DefaultEventMessage","project":"com.paritytrading.parity:parity-file","goal":"compile","cause":null,"state":"STARTED"}
10:45:22.648 [INFO]   [Measuring]   out: [INFO] 
10:45:22.648 [INFO]   [Measuring]   out: [INFO] --- compiler:3.8.0:compile (default-compile) @ parity-file ---
10:45:22.727 [INFO]   [Measuring]   out: [INFO] Changes detected - recompiling the module!
10:45:22.730 [INFO]   [Measuring]   out: [INFO] Compiling 4 source files to /home/jbergqvist/diffblue/paritytrading-parity/libraries/file/target/classes
10:45:23.000 [INFO]   [Measuring]   deserializing line [DIFFBLUE]{"__type":"com.diffblue.cover.buildsystem.model.DefaultEventMessage","project":"com.paritytrading.parity:parity-file","goal":"compile","cause":null,"state":"SUCCESS"}
10:45:23.002 [INFO]   [Measuring]   deserializing line [DIFFBLUE]{"__type":"com.diffblue.cover.buildsystem.model.DefaultEventMessage","project":"com.paritytrading.parity:parity-file","goal":"testResources","cause":null,"state":"STARTED"}
10:45:23.002 [INFO]   [Measuring]   out: [INFO] 
10:45:23.003 [INFO]   [Measuring]   out: [INFO] --- resources:3.3.1:testResources (default-testResources) @ parity-file ---
10:45:23.004 [INFO]   [Measuring]   out: [INFO] skip non existing resourceDirectory /home/jbergqvist/diffblue/paritytrading-parity/libraries/file/src/test/resources
10:45:23.005 [INFO]   [Measuring]   deserializing line [DIFFBLUE]{"__type":"com.diffblue.cover.buildsystem.model.DefaultEventMessage","project":"com.paritytrading.parity:parity-file","goal":"testResources","cause":null,"state":"SUCCESS"}
10:45:23.006 [INFO]   [Measuring]   deserializing line [DIFFBLUE]{"__type":"com.diffblue.cover.buildsystem.model.DefaultEventMessage","project":"com.paritytrading.parity:parity-file","goal":"testCompile","cause":null,"state":"STARTED"}
10:45:23.007 [INFO]   [Measuring]   out: [INFO] 
10:45:23.007 [INFO]   [Measuring]   out: [INFO] --- compiler:3.8.0:testCompile (default-testCompile) @ parity-file ---
10:45:23.011 [INFO]   [Measuring]   out: [INFO] Nothing to compile - all classes are up to date
10:45:23.012 [INFO]   [Measuring]   deserializing line [DIFFBLUE]{"__type":"com.diffblue.cover.buildsystem.model.DefaultEventMessage","project":"com.paritytrading.parity:parity-file","goal":"testCompile","cause":null,"state":"SUCCESS"}
10:45:23.013 [INFO]   [Measuring]   deserializing line [DIFFBLUE]{"__type":"com.diffblue.cover.buildsystem.model.DefaultEventMessage","project":"com.paritytrading.parity:parity-file","goal":"test","cause":null,"state":"STARTED"}
10:45:23.013 [INFO]   [Measuring]   out: [INFO] 
10:45:23.013 [INFO]   [Measuring]   out: [INFO] --- surefire:3.0.0-M5:test (default-test) @ parity-file ---
10:45:23.159 [INFO]   [Measuring]   out: [INFO] 
10:45:23.159 [INFO]   [Measuring]   out: [INFO] -------------------------------------------------------
10:45:23.159 [INFO]   [Measuring]   out: [INFO]  T E S T S
10:45:23.159 [INFO]   [Measuring]   out: [INFO] -------------------------------------------------------
10:45:23.679 [INFO]   [Measuring]   out: [INFO] 
10:45:23.679 [INFO]   [Measuring]   out: [INFO] Results:
10:45:23.679 [INFO]   [Measuring]   out: [INFO] 
10:45:23.680 [INFO]   [Measuring]   out: [INFO] Tests run: 0, Failures: 0, Errors: 0, Skipped: 0
10:45:23.680 [INFO]   [Measuring]   out: [INFO] 
10:45:23.684 [INFO]   [Measuring]   deserializing line [DIFFBLUE]{"__type":"com.diffblue.cover.buildsystem.model.DefaultEventMessage","project":"com.paritytrading.parity:parity-file","goal":"test","cause":null,"state":"SUCCESS"}
10:45:23.685 [INFO]   [Measuring]   deserializing line [DIFFBLUE]{"__type":"com.diffblue.cover.buildsystem.model.DefaultEventMessage","project":"com.paritytrading.parity:parity-file","goal":"report","cause":null,"state":"STARTED"}
10:45:23.686 [INFO]   [Measuring]   out: [INFO] 
10:45:23.686 [INFO]   [Measuring]   out: [INFO] --- jacoco:0.8.11:report (default-cli) @ parity-file ---
10:45:23.688 [INFO]   [Measuring]   out: [INFO] Loading execution data file /home/jbergqvist/diffblue/paritytrading-parity/libraries/file/target/jacoco.exec
10:45:23.736 [INFO]   [Measuring]   out: [INFO] Analyzed bundle 'Parity File Formats' with 5 classes
10:45:23.770 [INFO]   [Measuring]   deserializing line [DIFFBLUE]{"__type":"com.diffblue.cover.buildsystem.model.DefaultEventMessage","project":"com.paritytrading.parity:parity-file","goal":"report","cause":null,"state":"SUCCESS"}
10:45:23.806 [INFO]   [Measuring]   deserializing line [DIFFBLUE]{"__type":"com.diffblue.cover.buildsystem.model.DefaultProjectModuleMessage","project":{"__type":"DefaultProjectModule","junitReport":["/home/jbergqvist/diffblue/paritytrading-parity/libraries/file/target/surefire-reports"],"jacocoReport":["/home/jbergqvist/diffblue/paritytrading-parity/libraries/file/target/site/jacoco/jacoco.xml"],"jacocoDestFile":["/home/jbergqvist/diffblue/paritytrading-parity/libraries/file/target/jacoco.exec"],"jacocoFormats":["xml"],"jacocoSkipped":false,"classpath":["/home/jbergqvist/diffblue/paritytrading-parity/libraries/file/target/classes","/home/jbergqvist/.m2/repository/org/junit/jupiter/junit-jupiter/5.7.0/junit-jupiter-5.7.0.jar","/home/jbergqvist/.m2/repository/org/junit/jupiter/junit-jupiter-api/5.7.0/junit-jupiter-api-5.7.0.jar","/home/jbergqvist/.m2/repository/org/apiguardian/apiguardian-api/1.1.0/apiguardian-api-1.1.0.jar","/home/jbergqvist/.m2/repository/org/opentest4j/opentest4j/1.2.0/opentest4j-1.2.0.jar","/home/jbergqvist/.m2/repository/org/junit/platform/junit-platform-commons/1.7.0/junit-platform-commons-1.7.0.jar","/home/jbergqvist/.m2/repository/org/junit/jupiter/junit-jupiter-params/5.7.0/junit-jupiter-params-5.7.0.jar","/home/jbergqvist/.m2/repository/org/junit/jupiter/junit-jupiter-engine/5.7.0/junit-jupiter-engine-5.7.0.jar","/home/jbergqvist/.m2/repository/org/junit/platform/junit-platform-engine/1.7.0/junit-platform-engine-1.7.0.jar","/home/jbergqvist/.m2/repository/com/diffblue/cover/cover-annotations/1.9.0/cover-annotations-1.9.0.jar","/home/jbergqvist/.m2/repository/org/mockito/mockito-core/4.11.0/mockito-core-4.11.0.jar","/home/jbergqvist/.m2/repository/net/bytebuddy/byte-buddy/1.12.19/byte-buddy-1.12.19.jar","/home/jbergqvist/.m2/repository/net/bytebuddy/byte-buddy-agent/1.12.19/byte-buddy-agent-1.12.19.jar","/home/jbergqvist/.m2/repository/org/objenesis/objenesis/3.3/objenesis-3.3.jar","/home/jbergqvist/.m2/repository/org/mockito/mockito-junit-jupiter/4.11.0/mockito-junit-jupiter-4.11.0.jar"],"complianceLevel":"1.8","productionSources":["/home/jbergqvist/diffblue/paritytrading-parity/libraries/file/src/main/java"],"testSources":["/home/jbergqvist/diffblue/paritytrading-parity/libraries/file/src/test/java"],"productionClasses":"/home/jbergqvist/diffblue/paritytrading-parity/libraries/file/target/classes","testClasses":"/home/jbergqvist/diffblue/paritytrading-parity/libraries/file/target/test-classes","sourceToBuildPathMap":null,"testSourceToBuildPathMap":null,"buildDirectory":"/home/jbergqvist/diffblue/paritytrading-parity/libraries/file/target","plugins":[{"__type":"DefaultPlugin","groupId":"org.apache.maven.plugins","artefactId":"maven-enforcer-plugin","version":"1.0","pluginClassName":null},{"__type":"DefaultPlugin","groupId":"org.apache.maven.plugins","artefactId":"maven-checkstyle-plugin","version":"3.1.0","pluginClassName":null},{"__type":"DefaultPlugin","groupId":"org.apache.maven.plugins","artefactId":"maven-compiler-plugin","version":"3.8.0","pluginClassName":null},{"__type":"DefaultPlugin","groupId":"org.apache.maven.plugins","artefactId":"maven-javadoc-plugin","version":"3.0.1","pluginClassName":null},{"__type":"DefaultPlugin","groupId":"org.apache.maven.plugins","artefactId":"maven-release-plugin","version":"2.5.3","pluginClassName":null},{"__type":"DefaultPlugin","groupId":"org.apache.maven.plugins","artefactId":"maven-clean-plugin","version":"3.2.0","pluginClassName":null},{"__type":"DefaultPlugin","groupId":"org.apache.maven.plugins","artefactId":"maven-resources-plugin","version":"3.3.1","pluginClassName":null},{"__type":"DefaultPlugin","groupId":"org.apache.maven.plugins","artefactId":"maven-jar-plugin","version":"3.4.1","pluginClassName":null},{"__type":"DefaultPlugin","groupId":"org.apache.maven.plugins","artefactId":"maven-surefire-plugin","version":"3.0.0-M5","pluginClassName":null},{"__type":"DefaultPlugin","groupId":"org.apache.maven.plugins","artefactId":"maven-install-plugin","version":"3.1.2","pluginClassName":null},{"__type":"DefaultPlugin","groupId":"org.apache.maven.plugins","artefactId":"maven-deploy-plugin","version":"2.8.2","pluginClassName":null},{"__type":"DefaultPlugin","groupId":"org.apache.maven.plugins","artefactId":"maven-site-plugin","version":"3.12.1","pluginClassName":null}],"version":"3.9.12","encoding":"UTF-8","name":"maven","subModules":[],"simpleModuleName":null,"parentModuleName":"com.paritytrading.parity:parity-parent","location":"/home/jbergqvist/diffblue/paritytrading-parity/libraries/file","fullModuleName":"com.paritytrading.parity:parity-file"}}
10:45:23.808 [INFO]   [Measuring]   out: [INFO] ------------------------------------------------------------------------
10:45:23.808 [INFO]   [Measuring]   out: [INFO] BUILD SUCCESS
10:45:23.808 [INFO]   [Measuring]   out: [INFO] ------------------------------------------------------------------------
10:45:23.809 [INFO]   [Measuring]   out: [INFO] Total time:  2.097 s
10:45:23.809 [INFO]   [Measuring]   out: [INFO] Finished at: 2026-01-20T10:45:23Z
10:45:23.809 [INFO]   [Measuring]   out: [INFO] ------------------------------------------------------------------------
10:45:23.810 [INFO]   [Measuring]   deserializing line [DIFFBLUE]{"__type":"com.diffblue.cover.buildsystem.model.ProjectInfoMessage","projectName":"com.paritytrading.parity:parity-file","productionSources":["/home/jbergqvist/diffblue/paritytrading-parity/libraries/file/src/main/java","/home/jbergqvist/diffblue/paritytrading-parity/libraries/file/target/generated-sources/annotations"],"testSources":["/home/jbergqvist/diffblue/paritytrading-parity/libraries/file/src/test/java","/home/jbergqvist/diffblue/paritytrading-parity/libraries/file/target/generated-test-sources/test-annotations"],"location":"/home/jbergqvist/diffblue/paritytrading-parity/libraries/file"}
10:45:23.842 [INFO]   [Measuring]   maven:err process not stopped, joining thread
10:45:23.843 [INFO]   [Measuring]   maven:out process not stopped, joining thread
10:45:23.852 [INFO]   [Measuring]   JaCoCo report file created in /home/jbergqvist/diffblue/paritytrading-parity/libraries/file/.diffblue/reports/diffblue-tests-jacoco-report.xml
10:45:23.868 [INFO]   [Measuring]   Calculating coverage from manual tests.
10:45:23.869 [INFO]   [Measuring]   Using default build rules as no custom rules found in any of [/home/jbergqvist/diffblue/paritytrading-parity/libraries/file, /home/jbergqvist/diffblue/paritytrading-parity]
10:45:23.869 [INFO]   [Measuring]   Attempting to invoke mvnw in working directory: /home/jbergqvist/diffblue/paritytrading-parity
10:45:23.869 [INFO]   [Measuring]   Attempting to invoke /home/jbergqvist/.sdkman/candidates/maven/current/bin/mvn in working directory: /home/jbergqvist/diffblue/paritytrading-parity
10:45:23.870 [INFO]   [Measuring]   Started "/home/jbergqvist/.sdkman/candidates/maven/current/bin/mvn -Dmaven.ext.class.path=/opt/cover/cover-buildsystem-maven-spy-jar-with-dependencies.jar -Dcom.diffblue.cover.skipTests=true -DskipTestOptimizer --batch-mode --projects=com.paritytrading.parity:parity-file --global-settings=/home/jbergqvist/.sdkman/candidates/maven/current/conf/settings.xml org.apache.maven.plugins:maven-checkstyle-plugin:check -Dcheckstyle.failOnViolation=false org.jacoco:jacoco-maven-plugin:0.8.11:prepare-agent -Djacoco.skip=false test -DfailIfNoTests=false -Dsurefire.failIfNoSpecifiedTests=false -Dmaven.test.failure.ignore=True -Dtest=!*DiffblueTest,**/Test*.java,**/*Test.java,**/*Tests.java,**/*TestCase.java -DexcludedGroups=MaintainedByDiffblue,ContributionFromDiffblue org.jacoco:jacoco-maven-plugin:0.8.11:report -Djacoco.skip=false"
10:45:24.596 [INFO]   [Measuring]   out: [INFO] Scanning for projects...
10:45:24.735 [INFO]   [Measuring]   out: [INFO] 
10:45:24.736 [INFO]   [Measuring]   out: [INFO] ----------------< com.paritytrading.parity:parity-file >----------------
10:45:24.736 [INFO]   [Measuring]   out: [INFO] Building Parity File Formats 0.7.1-SNAPSHOT
10:45:24.736 [INFO]   [Measuring]   out: [INFO]   from pom.xml
10:45:24.736 [INFO]   [Measuring]   out: [INFO] --------------------------------[ jar ]---------------------------------
10:45:24.968 [INFO]   [Measuring]   deserializing line [DIFFBLUE]{"__type":"com.diffblue.cover.buildsystem.model.DefaultEventMessage","project":"com.paritytrading.parity:parity-file","goal":"check","cause":null,"state":"STARTED"}
10:45:24.969 [INFO]   [Measuring]   out: [INFO] 
10:45:24.969 [INFO]   [Measuring]   out: [INFO] --- checkstyle:3.1.0:check (default-cli) @ parity-file ---
10:45:25.372 [INFO]   [Measuring]   deserializing line [DIFFBLUE]{"__type":"com.diffblue.cover.buildsystem.model.DefaultEventMessage","project":"com.paritytrading.parity:parity-file","goal":"check","cause":null,"state":"SUCCESS"}
10:45:25.373 [INFO]   [Measuring]   deserializing line [DIFFBLUE]{"__type":"com.diffblue.cover.buildsystem.model.DefaultEventMessage","project":"com.paritytrading.parity:parity-file","goal":"prepare-agent","cause":null,"state":"STARTED"}
10:45:25.374 [INFO]   [Measuring]   out: [INFO] 
10:45:25.374 [INFO]   [Measuring]   out: [INFO] --- jacoco:0.8.11:prepare-agent (default-cli) @ parity-file ---
10:45:25.414 [INFO]   [Measuring]   out: [INFO] argLine set to -javaagent:/home/jbergqvist/.m2/repository/org/jacoco/org.jacoco.agent/0.8.11/org.jacoco.agent-0.8.11-runtime.jar=destfile=/home/jbergqvist/diffblue/paritytrading-parity/libraries/file/target/jacoco.exec
10:45:25.416 [INFO]   [Measuring]   deserializing line [DIFFBLUE]{"__type":"com.diffblue.cover.buildsystem.model.DefaultEventMessage","project":"com.paritytrading.parity:parity-file","goal":"prepare-agent","cause":null,"state":"SUCCESS"}
10:45:25.417 [INFO]   [Measuring]   deserializing line [DIFFBLUE]{"__type":"com.diffblue.cover.buildsystem.model.DefaultEventMessage","project":"com.paritytrading.parity:parity-file","goal":"enforce","cause":null,"state":"STARTED"}
10:45:25.418 [INFO]   [Measuring]   out: [INFO] 
10:45:25.418 [INFO]   [Measuring]   out: [INFO] --- enforcer:1.0:enforce (enforce-maven) @ parity-file ---
10:45:25.469 [INFO]   [Measuring]   deserializing line [DIFFBLUE]{"__type":"com.diffblue.cover.buildsystem.model.DefaultEventMessage","project":"com.paritytrading.parity:parity-file","goal":"enforce","cause":null,"state":"SUCCESS"}
10:45:25.470 [INFO]   [Measuring]   deserializing line [DIFFBLUE]{"__type":"com.diffblue.cover.buildsystem.model.DefaultEventMessage","project":"com.paritytrading.parity:parity-file","goal":"resources","cause":null,"state":"STARTED"}
10:45:25.470 [INFO]   [Measuring]   out: [INFO] 
10:45:25.470 [INFO]   [Measuring]   out: [INFO] --- resources:3.3.1:resources (default-resources) @ parity-file ---
10:45:25.499 [INFO]   [Measuring]   out: [INFO] skip non existing resourceDirectory /home/jbergqvist/diffblue/paritytrading-parity/libraries/file/src/main/resources
10:45:25.500 [INFO]   [Measuring]   deserializing line [DIFFBLUE]{"__type":"com.diffblue.cover.buildsystem.model.DefaultEventMessage","project":"com.paritytrading.parity:parity-file","goal":"resources","cause":null,"state":"SUCCESS"}
10:45:25.501 [INFO]   [Measuring]   deserializing line [DIFFBLUE]{"__type":"com.diffblue.cover.buildsystem.model.DefaultEventMessage","project":"com.paritytrading.parity:parity-file","goal":"compile","cause":null,"state":"STARTED"}
10:45:25.502 [INFO]   [Measuring]   out: [INFO] 
10:45:25.502 [INFO]   [Measuring]   out: [INFO] --- compiler:3.8.0:compile (default-compile) @ parity-file ---
10:45:25.578 [INFO]   [Measuring]   out: [INFO] Changes detected - recompiling the module!
10:45:25.582 [INFO]   [Measuring]   out: [INFO] Compiling 4 source files to /home/jbergqvist/diffblue/paritytrading-parity/libraries/file/target/classes
10:45:25.856 [INFO]   [Measuring]   deserializing line [DIFFBLUE]{"__type":"com.diffblue.cover.buildsystem.model.DefaultEventMessage","project":"com.paritytrading.parity:parity-file","goal":"compile","cause":null,"state":"SUCCESS"}
10:45:25.857 [INFO]   [Measuring]   deserializing line [DIFFBLUE]{"__type":"com.diffblue.cover.buildsystem.model.DefaultEventMessage","project":"com.paritytrading.parity:parity-file","goal":"testResources","cause":null,"state":"STARTED"}
10:45:25.857 [INFO]   [Measuring]   out: [INFO] 
10:45:25.857 [INFO]   [Measuring]   out: [INFO] --- resources:3.3.1:testResources (default-testResources) @ parity-file ---
10:45:25.859 [INFO]   [Measuring]   out: [INFO] skip non existing resourceDirectory /home/jbergqvist/diffblue/paritytrading-parity/libraries/file/src/test/resources
10:45:25.860 [INFO]   [Measuring]   deserializing line [DIFFBLUE]{"__type":"com.diffblue.cover.buildsystem.model.DefaultEventMessage","project":"com.paritytrading.parity:parity-file","goal":"testResources","cause":null,"state":"SUCCESS"}
10:45:25.861 [INFO]   [Measuring]   deserializing line [DIFFBLUE]{"__type":"com.diffblue.cover.buildsystem.model.DefaultEventMessage","project":"com.paritytrading.parity:parity-file","goal":"testCompile","cause":null,"state":"STARTED"}
10:45:25.862 [INFO]   [Measuring]   out: [INFO] 
10:45:25.862 [INFO]   [Measuring]   out: [INFO] --- compiler:3.8.0:testCompile (default-testCompile) @ parity-file ---
10:45:25.865 [INFO]   [Measuring]   out: [INFO] Nothing to compile - all classes are up to date
10:45:25.866 [INFO]   [Measuring]   deserializing line [DIFFBLUE]{"__type":"com.diffblue.cover.buildsystem.model.DefaultEventMessage","project":"com.paritytrading.parity:parity-file","goal":"testCompile","cause":null,"state":"SUCCESS"}
10:45:25.867 [INFO]   [Measuring]   deserializing line [DIFFBLUE]{"__type":"com.diffblue.cover.buildsystem.model.DefaultEventMessage","project":"com.paritytrading.parity:parity-file","goal":"test","cause":null,"state":"STARTED"}
10:45:25.868 [INFO]   [Measuring]   out: [INFO] 
10:45:25.868 [INFO]   [Measuring]   out: [INFO] --- surefire:3.0.0-M5:test (default-test) @ parity-file ---
10:45:26.018 [INFO]   [Measuring]   out: [INFO] 
10:45:26.018 [INFO]   [Measuring]   out: [INFO] -------------------------------------------------------
10:45:26.018 [INFO]   [Measuring]   out: [INFO]  T E S T S
10:45:26.018 [INFO]   [Measuring]   out: [INFO] -------------------------------------------------------
10:45:26.537 [INFO]   [Measuring]   out: [INFO] Running com.paritytrading.parity.file.taq.TAQWriterTest
10:45:26.591 [INFO]   [Measuring]   out: [INFO] Tests run: 2, Failures: 0, Errors: 0, Skipped: 0, Time elapsed: 0.051 s - in com.paritytrading.parity.file.taq.TAQWriterTest
10:45:26.617 [INFO]   [Measuring]   out: [INFO] 
10:45:26.617 [INFO]   [Measuring]   out: [INFO] Results:
10:45:26.617 [INFO]   [Measuring]   out: [INFO] 
10:45:26.617 [INFO]   [Measuring]   out: [INFO] Tests run: 2, Failures: 0, Errors: 0, Skipped: 0
10:45:26.617 [INFO]   [Measuring]   out: [INFO] 
10:45:26.622 [INFO]   [Measuring]   deserializing line [DIFFBLUE]{"__type":"com.diffblue.cover.buildsystem.model.DefaultEventMessage","project":"com.paritytrading.parity:parity-file","goal":"test","cause":null,"state":"SUCCESS"}
10:45:26.622 [INFO]   [Measuring]   deserializing line [DIFFBLUE]{"__type":"com.diffblue.cover.buildsystem.model.DefaultEventMessage","project":"com.paritytrading.parity:parity-file","goal":"report","cause":null,"state":"STARTED"}
10:45:26.623 [INFO]   [Measuring]   out: [INFO] 
10:45:26.623 [INFO]   [Measuring]   out: [INFO] --- jacoco:0.8.11:report (default-cli) @ parity-file ---
10:45:26.626 [INFO]   [Measuring]   out: [INFO] Loading execution data file /home/jbergqvist/diffblue/paritytrading-parity/libraries/file/target/jacoco.exec
10:45:26.667 [INFO]   [Measuring]   out: [INFO] Analyzed bundle 'Parity File Formats' with 5 classes
10:45:26.690 [INFO]   [Measuring]   deserializing line [DIFFBLUE]{"__type":"com.diffblue.cover.buildsystem.model.DefaultEventMessage","project":"com.paritytrading.parity:parity-file","goal":"report","cause":null,"state":"SUCCESS"}
10:45:26.716 [INFO]   [Measuring]   deserializing line [DIFFBLUE]{"__type":"com.diffblue.cover.buildsystem.model.DefaultProjectModuleMessage","project":{"__type":"DefaultProjectModule","junitReport":["/home/jbergqvist/diffblue/paritytrading-parity/libraries/file/target/surefire-reports"],"jacocoReport":["/home/jbergqvist/diffblue/paritytrading-parity/libraries/file/target/site/jacoco/jacoco.xml"],"jacocoDestFile":["/home/jbergqvist/diffblue/paritytrading-parity/libraries/file/target/jacoco.exec"],"jacocoFormats":["xml"],"jacocoSkipped":false,"classpath":["/home/jbergqvist/diffblue/paritytrading-parity/libraries/file/target/classes","/home/jbergqvist/.m2/repository/org/junit/jupiter/junit-jupiter/5.7.0/junit-jupiter-5.7.0.jar","/home/jbergqvist/.m2/repository/org/junit/jupiter/junit-jupiter-api/5.7.0/junit-jupiter-api-5.7.0.jar","/home/jbergqvist/.m2/repository/org/apiguardian/apiguardian-api/1.1.0/apiguardian-api-1.1.0.jar","/home/jbergqvist/.m2/repository/org/opentest4j/opentest4j/1.2.0/opentest4j-1.2.0.jar","/home/jbergqvist/.m2/repository/org/junit/platform/junit-platform-commons/1.7.0/junit-platform-commons-1.7.0.jar","/home/jbergqvist/.m2/repository/org/junit/jupiter/junit-jupiter-params/5.7.0/junit-jupiter-params-5.7.0.jar","/home/jbergqvist/.m2/repository/org/junit/jupiter/junit-jupiter-engine/5.7.0/junit-jupiter-engine-5.7.0.jar","/home/jbergqvist/.m2/repository/org/junit/platform/junit-platform-engine/1.7.0/junit-platform-engine-1.7.0.jar","/home/jbergqvist/.m2/repository/com/diffblue/cover/cover-annotations/1.9.0/cover-annotations-1.9.0.jar","/home/jbergqvist/.m2/repository/org/mockito/mockito-core/4.11.0/mockito-core-4.11.0.jar","/home/jbergqvist/.m2/repository/net/bytebuddy/byte-buddy/1.12.19/byte-buddy-1.12.19.jar","/home/jbergqvist/.m2/repository/net/bytebuddy/byte-buddy-agent/1.12.19/byte-buddy-agent-1.12.19.jar","/home/jbergqvist/.m2/repository/org/objenesis/objenesis/3.3/objenesis-3.3.jar","/home/jbergqvist/.m2/repository/org/mockito/mockito-junit-jupiter/4.11.0/mockito-junit-jupiter-4.11.0.jar"],"complianceLevel":"1.8","productionSources":["/home/jbergqvist/diffblue/paritytrading-parity/libraries/file/src/main/java"],"testSources":["/home/jbergqvist/diffblue/paritytrading-parity/libraries/file/src/test/java"],"productionClasses":"/home/jbergqvist/diffblue/paritytrading-parity/libraries/file/target/classes","testClasses":"/home/jbergqvist/diffblue/paritytrading-parity/libraries/file/target/test-classes","sourceToBuildPathMap":null,"testSourceToBuildPathMap":null,"buildDirectory":"/home/jbergqvist/diffblue/paritytrading-parity/libraries/file/target","plugins":[{"__type":"DefaultPlugin","groupId":"org.apache.maven.plugins","artefactId":"maven-enforcer-plugin","version":"1.0","pluginClassName":null},{"__type":"DefaultPlugin","groupId":"org.apache.maven.plugins","artefactId":"maven-checkstyle-plugin","version":"3.1.0","pluginClassName":null},{"__type":"DefaultPlugin","groupId":"org.apache.maven.plugins","artefactId":"maven-compiler-plugin","version":"3.8.0","pluginClassName":null},{"__type":"DefaultPlugin","groupId":"org.apache.maven.plugins","artefactId":"maven-javadoc-plugin","version":"3.0.1","pluginClassName":null},{"__type":"DefaultPlugin","groupId":"org.apache.maven.plugins","artefactId":"maven-release-plugin","version":"2.5.3","pluginClassName":null},{"__type":"DefaultPlugin","groupId":"org.apache.maven.plugins","artefactId":"maven-clean-plugin","version":"3.2.0","pluginClassName":null},{"__type":"DefaultPlugin","groupId":"org.apache.maven.plugins","artefactId":"maven-resources-plugin","version":"3.3.1","pluginClassName":null},{"__type":"DefaultPlugin","groupId":"org.apache.maven.plugins","artefactId":"maven-jar-plugin","version":"3.4.1","pluginClassName":null},{"__type":"DefaultPlugin","groupId":"org.apache.maven.plugins","artefactId":"maven-surefire-plugin","version":"3.0.0-M5","pluginClassName":null},{"__type":"DefaultPlugin","groupId":"org.apache.maven.plugins","artefactId":"maven-install-plugin","version":"3.1.2","pluginClassName":null},{"__type":"DefaultPlugin","groupId":"org.apache.maven.plugins","artefactId":"maven-deploy-plugin","version":"2.8.2","pluginClassName":null},{"__type":"DefaultPlugin","groupId":"org.apache.maven.plugins","artefactId":"maven-site-plugin","version":"3.12.1","pluginClassName":null}],"version":"3.9.12","encoding":"UTF-8","name":"maven","subModules":[],"simpleModuleName":null,"parentModuleName":"com.paritytrading.parity:parity-parent","location":"/home/jbergqvist/diffblue/paritytrading-parity/libraries/file","fullModuleName":"com.paritytrading.parity:parity-file"}}
10:45:26.719 [INFO]   [Measuring]   out: [INFO] ------------------------------------------------------------------------
10:45:26.719 [INFO]   [Measuring]   out: [INFO] BUILD SUCCESS
10:45:26.719 [INFO]   [Measuring]   out: [INFO] ------------------------------------------------------------------------
10:45:26.719 [INFO]   [Measuring]   out: [INFO] Total time:  2.136 s
10:45:26.719 [INFO]   [Measuring]   out: [INFO] Finished at: 2026-01-20T10:45:26Z
10:45:26.719 [INFO]   [Measuring]   out: [INFO] ------------------------------------------------------------------------
10:45:26.720 [INFO]   [Measuring]   deserializing line [DIFFBLUE]{"__type":"com.diffblue.cover.buildsystem.model.ProjectInfoMessage","projectName":"com.paritytrading.parity:parity-file","productionSources":["/home/jbergqvist/diffblue/paritytrading-parity/libraries/file/src/main/java","/home/jbergqvist/diffblue/paritytrading-parity/libraries/file/target/generated-sources/annotations"],"testSources":["/home/jbergqvist/diffblue/paritytrading-parity/libraries/file/src/test/java","/home/jbergqvist/diffblue/paritytrading-parity/libraries/file/target/generated-test-sources/test-annotations"],"location":"/home/jbergqvist/diffblue/paritytrading-parity/libraries/file"}
10:45:26.750 [INFO]   [Measuring]   maven:err process not stopped, joining thread
10:45:26.750 [INFO]   [Measuring]   maven:out process not stopped, joining thread
10:45:26.753 [INFO]   [Measuring]   JaCoCo report file created in /home/jbergqvist/diffblue/paritytrading-parity/libraries/file/.diffblue/reports/manual-tests-jacoco-report.xml
10:45:26.759 [INFO]   [Measuring]   
10:45:26.769 [INFO]   [Measuring]   Diffblue tests cover 108 of 117 lines to cover (92.3%)
10:45:26.773 [INFO]   [Measuring]   Manual tests cover 103 of 117 lines to cover (88.0%)
10:45:26.886 [INFO]   [Reporting]   Writing JSON report to /home/jbergqvist/diffblue/paritytrading-parity/libraries/file/.diffblue/reports/report.json
10:45:27.003 [INFO]   [Reporting]   
10:45:27.003 [INFO]   [Reporting]   Log file: /home/jbergqvist/diffblue/paritytrading-parity/.diffblue/log/user-20260120T104436.log
10:45:27.003 [INFO]   [Reporting]   Finished in 42s
