10:21:05.952 [DEBUG]  [Preparing]   [main]              [com.diffblue.cover.commons.configuration.e] Loading properties from resources
10:21:05.953 [DEBUG]  [Preparing]   [main]              [com.diffblue.cover.commons.configuration.e] Loading properties from installation directory
10:21:05.953 [DEBUG]  [Preparing]   [main]              [com.diffblue.cover.commons.configuration.e] /opt/cover/cover.properties doesn't exist
10:21:05.954 [DEBUG]  [Preparing]   [main]              [com.diffblue.cover.commons.configuration.e] Loading properties from user home directory
10:21:05.954 [DEBUG]  [Preparing]   [main]              [com.diffblue.cover.commons.configuration.e] /home/jbergqvist/.diffblue/cover.properties doesn't exist
10:21:05.954 [DEBUG]  [Preparing]   [main]              [com.diffblue.cover.commons.configuration.e] Loaded properties
10:21:05.955 [DEBUG]  [Preparing]   [main]              [com.diffblue.cover.commons.configuration.e] Property cover.disableEnvironmentCache has not been set, using default value false
10:21:05.978 [DEBUG]  [Preparing]   [main]              [com.diffblue.cover.commons.configuration.e] Property cover.licence.environment has not been set, using default value PRODUCTION
10:21:06.483 [DEBUG]  [Preparing]   [main]              [com.diffblue.cover.commons.configuration.e] Loading properties from resources
10:21:06.483 [DEBUG]  [Preparing]   [main]              [com.diffblue.cover.commons.configuration.e] Loading properties from installation directory
10:21:06.483 [DEBUG]  [Preparing]   [main]              [com.diffblue.cover.commons.configuration.e]  - telemetry.collect.username: false
10:21:06.483 [DEBUG]  [Preparing]   [main]              [com.diffblue.cover.commons.configuration.e]  - telemetry.external.environment: production
10:21:06.483 [DEBUG]  [Preparing]   [main]              [com.diffblue.cover.commons.configuration.e]  - telemetry.collect.username: false
10:21:06.483 [DEBUG]  [Preparing]   [main]              [com.diffblue.cover.commons.configuration.e]  - telemetry.external.environment: production
10:21:06.483 [DEBUG]  [Preparing]   [main]              [com.diffblue.cover.commons.configuration.e] Loading properties from user home directory
10:21:06.484 [DEBUG]  [Preparing]   [main]              [com.diffblue.cover.commons.configuration.e]  - telemetry.external.environment: production
10:21:06.484 [DEBUG]  [Preparing]   [main]              [com.diffblue.cover.commons.configuration.e]  - telemetry.id: f11a2ef0-98f3-4977-8276-e71972899881
10:21:06.484 [DEBUG]  [Preparing]   [main]              [com.diffblue.cover.commons.configuration.e] Loaded properties
10:21:06.484 [DEBUG]  [Preparing]   [main]              [com.diffblue.cover.commons.configuration.e]  - telemetry.collect.username: false
10:21:06.484 [DEBUG]  [Preparing]   [main]              [com.diffblue.cover.commons.configuration.e]  - telemetry.external.environment: production
10:21:06.484 [DEBUG]  [Preparing]   [main]              [com.diffblue.cover.commons.configuration.e]  - telemetry.id: f11a2ef0-98f3-4977-8276-e71972899881
10:21:06.484 [DEBUG]  [Preparing]   [main]              [com.diffblue.cover.commons.configuration.e] Property telemetry.collect.username set in properties file to value false
10:21:06.485 [DEBUG]  [Preparing]   [main]              [com.diffblue.cover.commons.configuration.e] Property telemetry.external.environment set in properties file to value production
10:21:06.485 [DEBUG]  [Preparing]   [main]              [com.diffblue.cover.commons.configuration.e] Property telemetry.id set in properties file to value f11a2ef0-98f3-4977-8276-e71972899881
10:21:06.493 [DEBUG]  [Preparing]   [main]              [com.diffblue.cover.commons.configuration.e] Property telemetry.external.enabled has not been set, using default value true
10:21:06.493 [DEBUG]  [Preparing]   [main]              [com.diffblue.cover.commons.configuration.e] Property telemetry.reports.scheme has not been set, using default value http
10:21:06.493 [DEBUG]  [Preparing]   [main]              [com.diffblue.cover.commons.configuration.e] Property telemetry.reports.hostname has not been set, using default value localhost
10:21:06.493 [DEBUG]  [Preparing]   [main]              [com.diffblue.cover.commons.configuration.e] Property telemetry.reports.port has not been set, using default value 8080
10:21:06.494 [DEBUG]  [Preparing]   [main]              [com.diffblue.cover.commons.configuration.e] Property telemetry.reports.enabled has not been set, using default value false
10:21:06.495 [DEBUG]  [Preparing]   [main]              [com.diffblue.cover.d.a] Checking connectivity of telemetry (mixpanel) to uri: https://api-eu.mixpanel.com
10:21:06.715 [DEBUG]  [Preparing]   [main]              [com.diffblue.cover.d.a] Unable to connect to telemetry (mixpanel) with error: 
java.net.ConnectException: Connection refused (Connection refused)
	at java.net.PlainSocketImpl.socketConnect(Native Method)
	at java.net.AbstractPlainSocketImpl.doConnect(AbstractPlainSocketImpl.java:350)
	at java.net.AbstractPlainSocketImpl.connectToAddress(AbstractPlainSocketImpl.java:206)
	at java.net.AbstractPlainSocketImpl.connect(AbstractPlainSocketImpl.java:188)
	at java.net.SocksSocketImpl.connect(SocksSocketImpl.java:392)
	at java.net.Socket.connect(Socket.java:607)
	at sun.security.ssl.SSLSocketImpl.connect(SSLSocketImpl.java:293)
	at sun.net.NetworkClient.doConnect(NetworkClient.java:175)
	at sun.net.www.http.HttpClient.openServer(HttpClient.java:465)
	at sun.net.www.http.HttpClient.openServer(HttpClient.java:560)
	at sun.net.www.protocol.https.HttpsClient.<init>(HttpsClient.java:264)
	at sun.net.www.protocol.https.HttpsClient.New(HttpsClient.java:367)
	at sun.net.www.protocol.https.AbstractDelegateHttpsURLConnection.getNewHttpClient(AbstractDelegateHttpsURLConnection.java:203)
	at sun.net.www.protocol.http.HttpURLConnection.plainConnect0(HttpURLConnection.java:1179)
	at sun.net.www.protocol.http.HttpURLConnection.plainConnect(HttpURLConnection.java:1073)
	at sun.net.www.protocol.https.AbstractDelegateHttpsURLConnection.connect(AbstractDelegateHttpsURLConnection.java:189)
	at sun.net.www.protocol.http.HttpURLConnection.getInputStream0(HttpURLConnection.java:1589)
	at sun.net.www.protocol.http.HttpURLConnection.getInputStream(HttpURLConnection.java:1517)
	at java.net.HttpURLConnection.getResponseCode(HttpURLConnection.java:480)
	at sun.net.www.protocol.https.HttpsURLConnectionImpl.getResponseCode(HttpsURLConnectionImpl.java:352)
	at com.diffblue.cover.d.a.a(SourceFile:150)
	at com.diffblue.cover.analytics.c.b.a(SourceFile:54)
	at com.diffblue.cover.analytics.a.c.d(SourceFile:338)
	at com.diffblue.cover.analytics.b.a.d(SourceFile:56)
	at com.diffblue.cover.analytics.a.h.d(SourceFile:57)
	at java.util.ArrayList.forEach(ArrayList.java:1259)
	at com.diffblue.cover.analytics.a.m.d(SourceFile:72)
	at com.diffblue.cover.ui.controller.ak.a(SourceFile:190)
	at com.diffblue.cover.ui.Main.main(SourceFile:63)
	at sun.reflect.NativeMethodAccessorImpl.invoke0(Native Method)
	at sun.reflect.NativeMethodAccessorImpl.invoke(NativeMethodAccessorImpl.java:62)
	at sun.reflect.DelegatingMethodAccessorImpl.invoke(DelegatingMethodAccessorImpl.java:43)
	at java.lang.reflect.Method.invoke(Method.java:498)
	at com.diffblue.cover.launcher.Launcher.invokeMainMethod(Launcher.java:118)
	at com.diffblue.cover.launcher.Launcher.main(Launcher.java:74)
10:21:07.024 [DEBUG]  [Preparing]   [main]              [com.diffblue.cover.ui.controller.ak] Client heap size: 14235 MB
10:21:07.035 [INFO]   [Preparing]   [main]              [com.diffblue.cover.ui.controller.s] Diffblue Cover 2025.12.02-74144f0-licensed
10:21:07.036 [INFO]   [Preparing]   [main]              [com.diffblue.cover.ui.controller.s] Running: dcover create -B --include-modules com.paritytrading.parity:parity-file --coverage-reports
10:21:07.036 [INFO]   [Preparing]   [main]              [com.diffblue.cover.ui.controller.am] 
10:21:07.036 [INFO]   [Preparing]   [main]              [com.diffblue.cover.ui.controller.am] Command: create
10:21:07.037 [INFO]   [Preparing]   [main]              [com.diffblue.cover.ui.controller.am] Create tests for the specified package/class/method.
10:21:07.037 [INFO]   [Preparing]   [main]              [com.diffblue.cover.ui.controller.am] 
10:21:07.193 [DEBUG]  [Preparing]   [main]              [com.diffblue.cover.commons.configuration.e] Property cover.extraLogging has not been set, and no default value provided
10:21:07.195 [DEBUG]  [Preparing]   [main]              [com.diffblue.cover.commons.configuration.e] Checking Cover Property extraLogging under alias extra.logging
10:21:07.196 [DEBUG]  [Preparing]   [main]              [com.diffblue.cover.commons.configuration.e] Property extra.logging has not been set, and no default value provided
10:21:09.863 [DEBUG]  [Checking]    [main]              [com.diffblue.cover.r.b.h] initializeManager for Offline
10:21:10.039 [DEBUG]  [Checking]    [main]              [com.diffblue.cover.r.b.d] Checking license edition
10:21:10.120 [DEBUG]  [Checking]    [main]              [com.diffblue.cover.r.b.c] Licence label to match: Enterprise Edition
10:21:10.121 [DEBUG]  [Checking]    [main]              [com.diffblue.cover.r.b.h] checkLicense for Offline
10:21:10.735 [DEBUG]  [Checking]    [main]              [com.diffblue.cover.configuration.b] Using JSON detector cache at /home/jbergqvist/diffblue/paritytrading-parity/.diffblue/cache/env.json
10:21:10.932 [DEBUG]  [Checking]    [main]              [com.diffblue.cover.configuration.a.g] checking if /home/jbergqvist/diffblue/paritytrading-parity/DiffblueBuild.yaml exists...
10:21:10.932 [DEBUG]  [Checking]    [main]              [com.diffblue.cover.configuration.a.g] checking if /home/jbergqvist/diffblue/paritytrading-parity/DiffblueBuild.yml exists...
10:21:11.023 [DEBUG]  [Checking]    [main]              [com.diffblue.cover.configuration.a.e] DetectorCache miss DETECTED_BUILD_SYSTEM_GRADLE
10:21:11.023 [DEBUG]  [Checking]    [main]              [com.diffblue.cover.configuration.cache.a] Writing cache to /home/jbergqvist/diffblue/paritytrading-parity/.diffblue/cache/env.json containing 3 items
10:21:11.174 [DEBUG]  [Checking]    [main]              [com.diffblue.cover.configuration.a.d] Maven home found: /home/jbergqvist/.sdkman/candidates/maven/current
10:21:11.177 [INFO]   [Checking]    [main]              [com.diffblue.cover.configuration.a.d] Maven Using ${maven.home} of: /home/jbergqvist/.sdkman/candidates/maven/current.
10:21:11.179 [INFO]   [Checking]    [main]              [com.diffblue.cover.configuration.a.d] Maven Executing: /bin/sh -c cd /home/jbergqvist/diffblue/paritytrading-parity && /home/jbergqvist/.sdkman/candidates/maven/3.9.12/bin/mvn -B -version
10:21:11.415 [INFO]   [Checking]    [main]              [com.diffblue.cover.buildsystem.internal.c.a] Standard output of build tool (Maven)
10:21:11.416 [INFO]   [Checking]    [main]              [com.diffblue.cover.buildsystem.internal.c.a] > Apache Maven 3.9.12 (848fbb4bf2d427b72bdb2471c22fced7ebd9a7a1)
10:21:11.416 [INFO]   [Checking]    [main]              [com.diffblue.cover.buildsystem.internal.c.a] > Maven home: /home/jbergqvist/.sdkman/candidates/maven/3.9.12
10:21:11.416 [INFO]   [Checking]    [main]              [com.diffblue.cover.buildsystem.internal.c.a] > Java version: 1.8.0_472, vendor: Amazon.com Inc., runtime: /home/jbergqvist/.sdkman/candidates/java/8.0.472-amzn/jre
10:21:11.416 [INFO]   [Checking]    [main]              [com.diffblue.cover.buildsystem.internal.c.a] > Default locale: en_GB, platform encoding: UTF-8
10:21:11.416 [INFO]   [Checking]    [main]              [com.diffblue.cover.buildsystem.internal.c.a] > OS name: "linux", version: "6.8.0-90-generic", arch: "amd64", family: "unix"
10:21:11.418 [DEBUG]  [Checking]    [main]              [com.diffblue.cover.buildsystem.config.registry.Registry] checking if /home/jbergqvist/diffblue/paritytrading-parity/DiffblueBuild.yaml exists...
10:21:11.419 [DEBUG]  [Checking]    [main]              [com.diffblue.cover.buildsystem.config.registry.Registry] checking if /home/jbergqvist/diffblue/paritytrading-parity/DiffblueBuild.yml exists...
10:21:11.419 [INFO]   [Checking]    [main]              [com.diffblue.cover.buildsystem.config.registry.Registry] Using default build rules as no custom rules found in any of [/home/jbergqvist/diffblue/paritytrading-parity]
10:21:11.422 [DEBUG]  [Checking]    [main]              [com.diffblue.cover.buildsystem.config.registry.Registry] Build execution request for Classpath Phase
10:21:11.424 [INFO]   [Checking]    [main]              [com.diffblue.cover.buildsystem.config.a.a] Attempting to invoke mvnw in working directory: /home/jbergqvist/diffblue/paritytrading-parity
10:21:11.425 [INFO]   [Checking]    [main]              [com.diffblue.cover.buildsystem.config.a.a] Attempting to invoke /home/jbergqvist/.sdkman/candidates/maven/current/bin/mvn in working directory: /home/jbergqvist/diffblue/paritytrading-parity
10:21:11.425 [INFO]   [Checking]    [main]              [com.diffblue.cover.buildsystem.config.a.a] Started "/home/jbergqvist/.sdkman/candidates/maven/current/bin/mvn -Dmaven.ext.class.path=/opt/cover/cover-buildsystem-maven-spy-jar-with-dependencies.jar -Dcom.diffblue.cover.skipTests=true -DskipTestOptimizer --batch-mode --global-settings=/home/jbergqvist/.sdkman/candidates/maven/current/conf/settings.xml dependency:build-classpath"
10:21:12.192 [INFO]   [Checking]    [maven:out]         [com.diffblue.cover.buildsystem.config.a.a] out: [INFO] Scanning for projects...
10:21:12.282 [INFO]   [Checking]    [maven:out]         [com.diffblue.cover.buildsystem.config.a.a] out: [INFO] ------------------------------------------------------------------------
10:21:12.282 [INFO]   [Checking]    [maven:out]         [com.diffblue.cover.buildsystem.config.a.a] out: [INFO] Reactor Build Order:
10:21:12.282 [INFO]   [Checking]    [maven:out]         [com.diffblue.cover.buildsystem.config.a.a] out: [INFO] 
10:21:12.282 [INFO]   [Checking]    [maven:out]         [com.diffblue.cover.buildsystem.config.a.a] out: [INFO] Parity (Parent)                                                    [pom]
10:21:12.283 [INFO]   [Checking]    [maven:out]         [com.diffblue.cover.buildsystem.config.a.a] out: [INFO] Parity Order Book                                                  [jar]
10:21:12.283 [INFO]   [Checking]    [maven:out]         [com.diffblue.cover.buildsystem.config.a.a] out: [INFO] Parity File Formats                                                [jar]
10:21:12.283 [INFO]   [Checking]    [maven:out]         [com.diffblue.cover.buildsystem.config.a.a] out: [INFO] Parity Matching Algorithm                                          [jar]
10:21:12.283 [INFO]   [Checking]    [maven:out]         [com.diffblue.cover.buildsystem.config.a.a] out: [INFO] Parity Network Protocols                                           [jar]
10:21:12.283 [INFO]   [Checking]    [maven:out]         [com.diffblue.cover.buildsystem.config.a.a] out: [INFO] Parity Utilities                                                   [jar]
10:21:12.283 [INFO]   [Checking]    [maven:out]         [com.diffblue.cover.buildsystem.config.a.a] out: [INFO] Parity Terminal Client                                             [jar]
10:21:12.283 [INFO]   [Checking]    [maven:out]         [com.diffblue.cover.buildsystem.config.a.a] out: [INFO] Parity FIX Gateway                                                 [jar]
10:21:12.283 [INFO]   [Checking]    [maven:out]         [com.diffblue.cover.buildsystem.config.a.a] out: [INFO] Parity Trade Reporter                                              [jar]
10:21:12.283 [INFO]   [Checking]    [maven:out]         [com.diffblue.cover.buildsystem.config.a.a] out: [INFO] Parity Trading System                                              [jar]
10:21:12.283 [INFO]   [Checking]    [maven:out]         [com.diffblue.cover.buildsystem.config.a.a] out: [INFO] Parity Stock Ticker                                                [jar]
10:21:12.284 [INFO]   [Checking]    [maven:out]         [com.diffblue.cover.buildsystem.config.a.a] out: [INFO] Parity Order Book Performance Test                                 [jar]
10:21:12.284 [INFO]   [Checking]    [maven:out]         [com.diffblue.cover.buildsystem.config.a.a] out: [INFO] Parity Matching Algorithm Performance Test                         [jar]
10:21:12.337 [INFO]   [Checking]    [maven:out]         [com.diffblue.cover.buildsystem.config.a.a] out: [INFO] 
10:21:12.337 [INFO]   [Checking]    [maven:out]         [com.diffblue.cover.buildsystem.config.a.a] out: [INFO] ---------------< com.paritytrading.parity:parity-parent >---------------
10:21:12.337 [INFO]   [Checking]    [maven:out]         [com.diffblue.cover.buildsystem.config.a.a] out: [INFO] Building Parity (Parent) 0.7.1-SNAPSHOT                           [1/13]
10:21:12.337 [INFO]   [Checking]    [maven:out]         [com.diffblue.cover.buildsystem.config.a.a] out: [INFO]   from pom.xml
10:21:12.337 [INFO]   [Checking]    [maven:out]         [com.diffblue.cover.buildsystem.config.a.a] out: [INFO] --------------------------------[ pom ]---------------------------------
10:21:12.497 [INFO]   [Checking]    [maven:out]         [com.diffblue.cover.buildsystem.internal.f.f] deserializing line [DIFFBLUE]{"__type":"com.diffblue.cover.buildsystem.model.DefaultEventMessage","project":"com.paritytrading.parity:parity-parent","goal":"build-classpath","cause":null,"state":"STARTED"}
10:21:12.548 [INFO]   [Checking]    [maven:out]         [com.diffblue.cover.buildsystem.config.a.a] out: [INFO] 
10:21:12.548 [INFO]   [Checking]    [maven:out]         [com.diffblue.cover.buildsystem.config.a.a] out: [INFO] --- dependency:3.1.1:build-classpath (default-cli) @ parity-parent ---
10:21:12.916 [INFO]   [Checking]    [maven:out]         [com.diffblue.cover.buildsystem.config.a.a] out: [INFO] No dependencies found.
10:21:12.917 [INFO]   [Checking]    [maven:out]         [com.diffblue.cover.buildsystem.config.a.a] out: [INFO] Dependencies classpath:
10:21:12.917 [INFO]   [Checking]    [maven:out]         [com.diffblue.cover.buildsystem.config.a.a] out: 
10:21:12.919 [INFO]   [Checking]    [maven:out]         [com.diffblue.cover.buildsystem.internal.f.f] deserializing line [DIFFBLUE]{"__type":"com.diffblue.cover.buildsystem.model.DefaultEventMessage","project":"com.paritytrading.parity:parity-parent","goal":"build-classpath","cause":null,"state":"SUCCESS"}
10:21:12.922 [INFO]   [Checking]    [maven:out]         [com.diffblue.cover.buildsystem.config.a.a] out: [INFO] 
10:21:12.922 [INFO]   [Checking]    [maven:out]         [com.diffblue.cover.buildsystem.config.a.a] out: [INFO] ----------------< com.paritytrading.parity:parity-book >----------------
10:21:12.922 [INFO]   [Checking]    [maven:out]         [com.diffblue.cover.buildsystem.config.a.a] out: [INFO] Building Parity Order Book 0.7.1-SNAPSHOT                         [2/13]
10:21:12.922 [INFO]   [Checking]    [maven:out]         [com.diffblue.cover.buildsystem.config.a.a] out: [INFO]   from libraries/book/pom.xml
10:21:12.922 [INFO]   [Checking]    [maven:out]         [com.diffblue.cover.buildsystem.config.a.a] out: [INFO] --------------------------------[ jar ]---------------------------------
10:21:12.956 [INFO]   [Checking]    [maven:out]         [com.diffblue.cover.buildsystem.internal.f.f] deserializing line [DIFFBLUE]{"__type":"com.diffblue.cover.buildsystem.model.DefaultEventMessage","project":"com.paritytrading.parity:parity-book","goal":"build-classpath","cause":null,"state":"STARTED"}
10:21:12.960 [INFO]   [Checking]    [maven:out]         [com.diffblue.cover.buildsystem.config.a.a] out: [INFO] 
10:21:12.960 [INFO]   [Checking]    [maven:out]         [com.diffblue.cover.buildsystem.config.a.a] out: [INFO] --- dependency:3.1.1:build-classpath (default-cli) @ parity-book ---
10:21:12.960 [INFO]   [Checking]    [maven:out]         [com.diffblue.cover.buildsystem.config.a.a] out: [INFO] Dependencies classpath:
10:21:12.961 [INFO]   [Checking]    [maven:out]         [com.diffblue.cover.buildsystem.config.a.a] out: /home/jbergqvist/.m2/repository/it/unimi/dsi/fastutil/8.1.0/fastutil-8.1.0.jar:/home/jbergqvist/.m2/repository/org/apache/commons/commons-lang3/3.12.0/commons-lang3-3.12.0.jar:/home/jbergqvist/.m2/repository/org/junit/jupiter/junit-jupiter/5.7.0/junit-jupiter-5.7.0.jar:/home/jbergqvist/.m2/repository/org/junit/jupiter/junit-jupiter-api/5.7.0/junit-jupiter-api-5.7.0.jar:/home/jbergqvist/.m2/repository/org/apiguardian/apiguardian-api/1.1.0/apiguardian-api-1.1.0.jar:/home/jbergqvist/.m2/repository/org/opentest4j/opentest4j/1.2.0/opentest4j-1.2.0.jar:/home/jbergqvist/.m2/repository/org/junit/platform/junit-platform-commons/1.7.0/junit-platform-commons-1.7.0.jar:/home/jbergqvist/.m2/repository/org/junit/jupiter/junit-jupiter-params/5.7.0/junit-jupiter-params-5.7.0.jar:/home/jbergqvist/.m2/repository/org/junit/jupiter/junit-jupiter-engine/5.7.0/junit-jupiter-engine-5.7.0.jar:/home/jbergqvist/.m2/repository/org/junit/platform/junit-platform-engine/1.7.0/junit-platform-engine-1.7.0.jar:/home/jbergqvist/.m2/repository/com/diffblue/cover/cover-annotations/1.9.0/cover-annotations-1.9.0.jar:/home/jbergqvist/.m2/repository/org/mockito/mockito-core/4.11.0/mockito-core-4.11.0.jar:/home/jbergqvist/.m2/repository/net/bytebuddy/byte-buddy/1.12.19/byte-buddy-1.12.19.jar:/home/jbergqvist/.m2/repository/net/bytebuddy/byte-buddy-agent/1.12.19/byte-buddy-agent-1.12.19.jar:/home/jbergqvist/.m2/repository/org/objenesis/objenesis/3.3/objenesis-3.3.jar:/home/jbergqvist/.m2/repository/org/mockito/mockito-junit-jupiter/4.11.0/mockito-junit-jupiter-4.11.0.jar
10:21:12.961 [INFO]   [Checking]    [maven:out]         [com.diffblue.cover.buildsystem.internal.f.f] deserializing line [DIFFBLUE]{"__type":"com.diffblue.cover.buildsystem.model.DefaultEventMessage","project":"com.paritytrading.parity:parity-book","goal":"build-classpath","cause":null,"state":"SUCCESS"}
10:21:12.964 [INFO]   [Checking]    [maven:out]         [com.diffblue.cover.buildsystem.config.a.a] out: [INFO] 
10:21:12.964 [INFO]   [Checking]    [maven:out]         [com.diffblue.cover.buildsystem.config.a.a] out: [INFO] ----------------< com.paritytrading.parity:parity-file >----------------
10:21:12.964 [INFO]   [Checking]    [maven:out]         [com.diffblue.cover.buildsystem.config.a.a] out: [INFO] Building Parity File Formats 0.7.1-SNAPSHOT                       [3/13]
10:21:12.964 [INFO]   [Checking]    [maven:out]         [com.diffblue.cover.buildsystem.config.a.a] out: [INFO]   from libraries/file/pom.xml
10:21:12.964 [INFO]   [Checking]    [maven:out]         [com.diffblue.cover.buildsystem.config.a.a] out: [INFO] --------------------------------[ jar ]---------------------------------
10:21:12.967 [INFO]   [Checking]    [maven:out]         [com.diffblue.cover.buildsystem.internal.f.f] deserializing line [DIFFBLUE]{"__type":"com.diffblue.cover.buildsystem.model.DefaultEventMessage","project":"com.paritytrading.parity:parity-file","goal":"build-classpath","cause":null,"state":"STARTED"}
10:21:12.971 [INFO]   [Checking]    [maven:out]         [com.diffblue.cover.buildsystem.config.a.a] out: [INFO] 
10:21:12.971 [INFO]   [Checking]    [maven:out]         [com.diffblue.cover.buildsystem.config.a.a] out: [INFO] --- dependency:3.1.1:build-classpath (default-cli) @ parity-file ---
10:21:12.972 [INFO]   [Checking]    [maven:out]         [com.diffblue.cover.buildsystem.config.a.a] out: [INFO] Dependencies classpath:
10:21:12.972 [INFO]   [Checking]    [maven:out]         [com.diffblue.cover.buildsystem.config.a.a] out: /home/jbergqvist/.m2/repository/org/junit/jupiter/junit-jupiter/5.7.0/junit-jupiter-5.7.0.jar:/home/jbergqvist/.m2/repository/org/junit/jupiter/junit-jupiter-api/5.7.0/junit-jupiter-api-5.7.0.jar:/home/jbergqvist/.m2/repository/org/apiguardian/apiguardian-api/1.1.0/apiguardian-api-1.1.0.jar:/home/jbergqvist/.m2/repository/org/opentest4j/opentest4j/1.2.0/opentest4j-1.2.0.jar:/home/jbergqvist/.m2/repository/org/junit/platform/junit-platform-commons/1.7.0/junit-platform-commons-1.7.0.jar:/home/jbergqvist/.m2/repository/org/junit/jupiter/junit-jupiter-params/5.7.0/junit-jupiter-params-5.7.0.jar:/home/jbergqvist/.m2/repository/org/junit/jupiter/junit-jupiter-engine/5.7.0/junit-jupiter-engine-5.7.0.jar:/home/jbergqvist/.m2/repository/org/junit/platform/junit-platform-engine/1.7.0/junit-platform-engine-1.7.0.jar:/home/jbergqvist/.m2/repository/com/diffblue/cover/cover-annotations/1.9.0/cover-annotations-1.9.0.jar:/home/jbergqvist/.m2/repository/org/mockito/mockito-core/4.11.0/mockito-core-4.11.0.jar:/home/jbergqvist/.m2/repository/net/bytebuddy/byte-buddy/1.12.19/byte-buddy-1.12.19.jar:/home/jbergqvist/.m2/repository/net/bytebuddy/byte-buddy-agent/1.12.19/byte-buddy-agent-1.12.19.jar:/home/jbergqvist/.m2/repository/org/objenesis/objenesis/3.3/objenesis-3.3.jar:/home/jbergqvist/.m2/repository/org/mockito/mockito-junit-jupiter/4.11.0/mockito-junit-jupiter-4.11.0.jar
10:21:12.972 [INFO]   [Checking]    [maven:out]         [com.diffblue.cover.buildsystem.internal.f.f] deserializing line [DIFFBLUE]{"__type":"com.diffblue.cover.buildsystem.model.DefaultEventMessage","project":"com.paritytrading.parity:parity-file","goal":"build-classpath","cause":null,"state":"SUCCESS"}
10:21:12.976 [INFO]   [Checking]    [maven:out]         [com.diffblue.cover.buildsystem.config.a.a] out: [INFO] 
10:21:12.977 [INFO]   [Checking]    [maven:out]         [com.diffblue.cover.buildsystem.config.a.a] out: [INFO] ---------------< com.paritytrading.parity:parity-match >----------------
10:21:12.977 [INFO]   [Checking]    [maven:out]         [com.diffblue.cover.buildsystem.config.a.a] out: [INFO] Building Parity Matching Algorithm 0.7.1-SNAPSHOT                 [4/13]
10:21:12.977 [INFO]   [Checking]    [maven:out]         [com.diffblue.cover.buildsystem.config.a.a] out: [INFO]   from libraries/match/pom.xml
10:21:12.977 [INFO]   [Checking]    [maven:out]         [com.diffblue.cover.buildsystem.config.a.a] out: [INFO] --------------------------------[ jar ]---------------------------------
10:21:12.979 [INFO]   [Checking]    [maven:out]         [com.diffblue.cover.buildsystem.internal.f.f] deserializing line [DIFFBLUE]{"__type":"com.diffblue.cover.buildsystem.model.DefaultEventMessage","project":"com.paritytrading.parity:parity-match","goal":"build-classpath","cause":null,"state":"STARTED"}
10:21:12.982 [INFO]   [Checking]    [maven:out]         [com.diffblue.cover.buildsystem.config.a.a] out: [INFO] 
10:21:12.983 [INFO]   [Checking]    [maven:out]         [com.diffblue.cover.buildsystem.config.a.a] out: [INFO] --- dependency:3.1.1:build-classpath (default-cli) @ parity-match ---
10:21:12.983 [INFO]   [Checking]    [maven:out]         [com.diffblue.cover.buildsystem.config.a.a] out: [INFO] Dependencies classpath:
10:21:12.983 [INFO]   [Checking]    [maven:out]         [com.diffblue.cover.buildsystem.config.a.a] out: /home/jbergqvist/.m2/repository/it/unimi/dsi/fastutil/8.1.0/fastutil-8.1.0.jar:/home/jbergqvist/.m2/repository/org/apache/commons/commons-lang3/3.12.0/commons-lang3-3.12.0.jar:/home/jbergqvist/.m2/repository/org/junit/jupiter/junit-jupiter/5.7.0/junit-jupiter-5.7.0.jar:/home/jbergqvist/.m2/repository/org/junit/jupiter/junit-jupiter-api/5.7.0/junit-jupiter-api-5.7.0.jar:/home/jbergqvist/.m2/repository/org/apiguardian/apiguardian-api/1.1.0/apiguardian-api-1.1.0.jar:/home/jbergqvist/.m2/repository/org/opentest4j/opentest4j/1.2.0/opentest4j-1.2.0.jar:/home/jbergqvist/.m2/repository/org/junit/platform/junit-platform-commons/1.7.0/junit-platform-commons-1.7.0.jar:/home/jbergqvist/.m2/repository/org/junit/jupiter/junit-jupiter-params/5.7.0/junit-jupiter-params-5.7.0.jar:/home/jbergqvist/.m2/repository/org/junit/jupiter/junit-jupiter-engine/5.7.0/junit-jupiter-engine-5.7.0.jar:/home/jbergqvist/.m2/repository/org/junit/platform/junit-platform-engine/1.7.0/junit-platform-engine-1.7.0.jar:/home/jbergqvist/.m2/repository/com/diffblue/cover/cover-annotations/1.9.0/cover-annotations-1.9.0.jar:/home/jbergqvist/.m2/repository/org/mockito/mockito-core/4.11.0/mockito-core-4.11.0.jar:/home/jbergqvist/.m2/repository/net/bytebuddy/byte-buddy/1.12.19/byte-buddy-1.12.19.jar:/home/jbergqvist/.m2/repository/net/bytebuddy/byte-buddy-agent/1.12.19/byte-buddy-agent-1.12.19.jar:/home/jbergqvist/.m2/repository/org/objenesis/objenesis/3.3/objenesis-3.3.jar:/home/jbergqvist/.m2/repository/org/mockito/mockito-junit-jupiter/4.11.0/mockito-junit-jupiter-4.11.0.jar
10:21:12.983 [INFO]   [Checking]    [maven:out]         [com.diffblue.cover.buildsystem.internal.f.f] deserializing line [DIFFBLUE]{"__type":"com.diffblue.cover.buildsystem.model.DefaultEventMessage","project":"com.paritytrading.parity:parity-match","goal":"build-classpath","cause":null,"state":"SUCCESS"}
10:21:12.986 [INFO]   [Checking]    [maven:out]         [com.diffblue.cover.buildsystem.config.a.a] out: [INFO] 
10:21:12.986 [INFO]   [Checking]    [maven:out]         [com.diffblue.cover.buildsystem.config.a.a] out: [INFO] ----------------< com.paritytrading.parity:parity-net >-----------------
10:21:12.986 [INFO]   [Checking]    [maven:out]         [com.diffblue.cover.buildsystem.config.a.a] out: [INFO] Building Parity Network Protocols 0.7.1-SNAPSHOT                  [5/13]
10:21:12.986 [INFO]   [Checking]    [maven:out]         [com.diffblue.cover.buildsystem.config.a.a] out: [INFO]   from libraries/net/pom.xml
10:21:12.986 [INFO]   [Checking]    [maven:out]         [com.diffblue.cover.buildsystem.config.a.a] out: [INFO] --------------------------------[ jar ]---------------------------------
10:21:12.993 [INFO]   [Checking]    [maven:out]         [com.diffblue.cover.buildsystem.internal.f.f] deserializing line [DIFFBLUE]{"__type":"com.diffblue.cover.buildsystem.model.DefaultEventMessage","project":"com.paritytrading.parity:parity-net","goal":"build-classpath","cause":null,"state":"STARTED"}
10:21:12.996 [INFO]   [Checking]    [maven:out]         [com.diffblue.cover.buildsystem.config.a.a] out: [INFO] 
10:21:12.997 [INFO]   [Checking]    [maven:out]         [com.diffblue.cover.buildsystem.config.a.a] out: [INFO] --- dependency:3.1.1:build-classpath (default-cli) @ parity-net ---
10:21:12.997 [INFO]   [Checking]    [maven:out]         [com.diffblue.cover.buildsystem.config.a.a] out: [INFO] Dependencies classpath:
10:21:12.997 [INFO]   [Checking]    [maven:out]         [com.diffblue.cover.buildsystem.config.a.a] out: /home/jbergqvist/.m2/repository/com/paritytrading/nassau/nassau-core/0.13.0/nassau-core-0.13.0.jar:/home/jbergqvist/.m2/repository/com/paritytrading/foundation/foundation/0.3.0/foundation-0.3.0.jar:/home/jbergqvist/.m2/repository/com/diffblue/cover/cover-annotations/1.9.0/cover-annotations-1.9.0.jar:/home/jbergqvist/.m2/repository/org/junit/jupiter/junit-jupiter-engine/5.13.4/junit-jupiter-engine-5.13.4.jar:/home/jbergqvist/.m2/repository/org/junit/platform/junit-platform-engine/1.13.4/junit-platform-engine-1.13.4.jar:/home/jbergqvist/.m2/repository/org/opentest4j/opentest4j/1.3.0/opentest4j-1.3.0.jar:/home/jbergqvist/.m2/repository/org/junit/platform/junit-platform-commons/1.13.4/junit-platform-commons-1.13.4.jar:/home/jbergqvist/.m2/repository/org/junit/jupiter/junit-jupiter-api/5.13.4/junit-jupiter-api-5.13.4.jar:/home/jbergqvist/.m2/repository/org/apiguardian/apiguardian-api/1.1.2/apiguardian-api-1.1.2.jar:/home/jbergqvist/.m2/repository/org/mockito/mockito-core/4.11.0/mockito-core-4.11.0.jar:/home/jbergqvist/.m2/repository/net/bytebuddy/byte-buddy/1.12.19/byte-buddy-1.12.19.jar:/home/jbergqvist/.m2/repository/net/bytebuddy/byte-buddy-agent/1.12.19/byte-buddy-agent-1.12.19.jar:/home/jbergqvist/.m2/repository/org/objenesis/objenesis/3.3/objenesis-3.3.jar:/home/jbergqvist/.m2/repository/org/mockito/mockito-junit-jupiter/4.11.0/mockito-junit-jupiter-4.11.0.jar
10:21:12.997 [INFO]   [Checking]    [maven:out]         [com.diffblue.cover.buildsystem.internal.f.f] deserializing line [DIFFBLUE]{"__type":"com.diffblue.cover.buildsystem.model.DefaultEventMessage","project":"com.paritytrading.parity:parity-net","goal":"build-classpath","cause":null,"state":"SUCCESS"}
10:21:12.999 [INFO]   [Checking]    [maven:out]         [com.diffblue.cover.buildsystem.config.a.a] out: [INFO] 
10:21:12.999 [INFO]   [Checking]    [maven:out]         [com.diffblue.cover.buildsystem.config.a.a] out: [INFO] ----------------< com.paritytrading.parity:parity-util >----------------
10:21:12.999 [INFO]   [Checking]    [maven:out]         [com.diffblue.cover.buildsystem.config.a.a] out: [INFO] Building Parity Utilities 0.7.1-SNAPSHOT                          [6/13]
10:21:13.000 [INFO]   [Checking]    [maven:out]         [com.diffblue.cover.buildsystem.config.a.a] out: [INFO]   from libraries/util/pom.xml
10:21:13.000 [INFO]   [Checking]    [maven:out]         [com.diffblue.cover.buildsystem.config.a.a] out: [INFO] --------------------------------[ jar ]---------------------------------
10:21:13.001 [INFO]   [Checking]    [maven:out]         [com.diffblue.cover.buildsystem.internal.f.f] deserializing line [DIFFBLUE]{"__type":"com.diffblue.cover.buildsystem.model.DefaultEventMessage","project":"com.paritytrading.parity:parity-util","goal":"build-classpath","cause":null,"state":"STARTED"}
10:21:13.003 [INFO]   [Checking]    [maven:out]         [com.diffblue.cover.buildsystem.config.a.a] out: [INFO] 
10:21:13.003 [INFO]   [Checking]    [maven:out]         [com.diffblue.cover.buildsystem.config.a.a] out: [INFO] --- dependency:3.1.1:build-classpath (default-cli) @ parity-util ---
10:21:13.003 [INFO]   [Checking]    [maven:out]         [com.diffblue.cover.buildsystem.config.a.a] out: [INFO] Dependencies classpath:
10:21:13.003 [INFO]   [Checking]    [maven:out]         [com.diffblue.cover.buildsystem.config.a.a] out: /home/jbergqvist/.m2/repository/com/paritytrading/foundation/foundation/0.3.0/foundation-0.3.0.jar:/home/jbergqvist/.m2/repository/com/typesafe/config/1.3.1/config-1.3.1.jar:/home/jbergqvist/.m2/repository/org/junit/jupiter/junit-jupiter/5.7.0/junit-jupiter-5.7.0.jar:/home/jbergqvist/.m2/repository/org/junit/jupiter/junit-jupiter-api/5.7.0/junit-jupiter-api-5.7.0.jar:/home/jbergqvist/.m2/repository/org/apiguardian/apiguardian-api/1.1.0/apiguardian-api-1.1.0.jar:/home/jbergqvist/.m2/repository/org/opentest4j/opentest4j/1.2.0/opentest4j-1.2.0.jar:/home/jbergqvist/.m2/repository/org/junit/platform/junit-platform-commons/1.7.0/junit-platform-commons-1.7.0.jar:/home/jbergqvist/.m2/repository/org/junit/jupiter/junit-jupiter-params/5.7.0/junit-jupiter-params-5.7.0.jar:/home/jbergqvist/.m2/repository/org/junit/jupiter/junit-jupiter-engine/5.7.0/junit-jupiter-engine-5.7.0.jar:/home/jbergqvist/.m2/repository/org/junit/platform/junit-platform-engine/1.7.0/junit-platform-engine-1.7.0.jar:/home/jbergqvist/.m2/repository/com/diffblue/cover/cover-annotations/1.9.0/cover-annotations-1.9.0.jar:/home/jbergqvist/.m2/repository/org/mockito/mockito-core/4.11.0/mockito-core-4.11.0.jar:/home/jbergqvist/.m2/repository/net/bytebuddy/byte-buddy/1.12.19/byte-buddy-1.12.19.jar:/home/jbergqvist/.m2/repository/net/bytebuddy/byte-buddy-agent/1.12.19/byte-buddy-agent-1.12.19.jar:/home/jbergqvist/.m2/repository/org/objenesis/objenesis/3.3/objenesis-3.3.jar:/home/jbergqvist/.m2/repository/org/mockito/mockito-junit-jupiter/4.11.0/mockito-junit-jupiter-4.11.0.jar
10:21:13.003 [INFO]   [Checking]    [maven:out]         [com.diffblue.cover.buildsystem.internal.f.f] deserializing line [DIFFBLUE]{"__type":"com.diffblue.cover.buildsystem.model.DefaultEventMessage","project":"com.paritytrading.parity:parity-util","goal":"build-classpath","cause":null,"state":"SUCCESS"}
10:21:13.005 [INFO]   [Checking]    [maven:out]         [com.diffblue.cover.buildsystem.config.a.a] out: [INFO] 
10:21:13.006 [INFO]   [Checking]    [maven:out]         [com.diffblue.cover.buildsystem.config.a.a] out: [INFO] ---------------< com.paritytrading.parity:parity-client >---------------
10:21:13.006 [INFO]   [Checking]    [maven:out]         [com.diffblue.cover.buildsystem.config.a.a] out: [INFO] Building Parity Terminal Client 0.7.1-SNAPSHOT                    [7/13]
10:21:13.006 [INFO]   [Checking]    [maven:out]         [com.diffblue.cover.buildsystem.config.a.a] out: [INFO]   from applications/client/pom.xml
10:21:13.006 [INFO]   [Checking]    [maven:out]         [com.diffblue.cover.buildsystem.config.a.a] out: [INFO] --------------------------------[ jar ]---------------------------------
10:21:13.015 [INFO]   [Checking]    [maven:out]         [com.diffblue.cover.buildsystem.internal.f.f] deserializing line [DIFFBLUE]{"__type":"com.diffblue.cover.buildsystem.model.DefaultEventMessage","project":"com.paritytrading.parity:parity-client","goal":"build-classpath","cause":null,"state":"STARTED"}
10:21:13.018 [INFO]   [Checking]    [maven:out]         [com.diffblue.cover.buildsystem.config.a.a] out: [INFO] 
10:21:13.018 [INFO]   [Checking]    [maven:out]         [com.diffblue.cover.buildsystem.config.a.a] out: [INFO] --- dependency:3.1.1:build-classpath (default-cli) @ parity-client ---
10:21:13.018 [INFO]   [Checking]    [maven:out]         [com.diffblue.cover.buildsystem.config.a.a] out: [INFO] Dependencies classpath:
10:21:13.018 [INFO]   [Checking]    [maven:out]         [com.diffblue.cover.buildsystem.config.a.a] out: /home/jbergqvist/.m2/repository/com/paritytrading/parity/parity-net/0.7.1-SNAPSHOT/parity-net-0.7.1-SNAPSHOT.jar:/home/jbergqvist/.m2/repository/com/paritytrading/parity/parity-util/0.7.1-SNAPSHOT/parity-util-0.7.1-SNAPSHOT.jar:/home/jbergqvist/.m2/repository/com/paritytrading/foundation/foundation/0.3.0/foundation-0.3.0.jar:/home/jbergqvist/.m2/repository/com/paritytrading/nassau/nassau-core/0.13.0/nassau-core-0.13.0.jar:/home/jbergqvist/.m2/repository/com/typesafe/config/1.3.1/config-1.3.1.jar:/home/jbergqvist/.m2/repository/org/jline/jline-reader/3.8.0/jline-reader-3.8.0.jar:/home/jbergqvist/.m2/repository/org/jline/jline-terminal/3.8.0/jline-terminal-3.8.0.jar:/home/jbergqvist/.m2/repository/org/jvirtanen/config/config-extras/0.2.0/config-extras-0.2.0.jar:/home/jbergqvist/.m2/repository/org/jvirtanen/util/util-extras/0.2.0/util-extras-0.2.0.jar:/home/jbergqvist/.m2/repository/com/diffblue/cover/cover-annotations/1.9.0/cover-annotations-1.9.0.jar:/home/jbergqvist/.m2/repository/org/junit/jupiter/junit-jupiter-engine/5.13.4/junit-jupiter-engine-5.13.4.jar:/home/jbergqvist/.m2/repository/org/junit/platform/junit-platform-engine/1.13.4/junit-platform-engine-1.13.4.jar:/home/jbergqvist/.m2/repository/org/opentest4j/opentest4j/1.3.0/opentest4j-1.3.0.jar:/home/jbergqvist/.m2/repository/org/junit/platform/junit-platform-commons/1.13.4/junit-platform-commons-1.13.4.jar:/home/jbergqvist/.m2/repository/org/junit/jupiter/junit-jupiter-api/5.13.4/junit-jupiter-api-5.13.4.jar:/home/jbergqvist/.m2/repository/org/apiguardian/apiguardian-api/1.1.2/apiguardian-api-1.1.2.jar:/home/jbergqvist/.m2/repository/org/mockito/mockito-core/4.11.0/mockito-core-4.11.0.jar:/home/jbergqvist/.m2/repository/net/bytebuddy/byte-buddy/1.12.19/byte-buddy-1.12.19.jar:/home/jbergqvist/.m2/repository/net/bytebuddy/byte-buddy-agent/1.12.19/byte-buddy-agent-1.12.19.jar:/home/jbergqvist/.m2/repository/org/objenesis/objenesis/3.3/objenesis-3.3.jar:/home/jbergqvist/.m2/repository/org/mockito/mockito-junit-jupiter/4.11.0/mockito-junit-jupiter-4.11.0.jar
10:21:13.018 [INFO]   [Checking]    [maven:out]         [com.diffblue.cover.buildsystem.internal.f.f] deserializing line [DIFFBLUE]{"__type":"com.diffblue.cover.buildsystem.model.DefaultEventMessage","project":"com.paritytrading.parity:parity-client","goal":"build-classpath","cause":null,"state":"SUCCESS"}
10:21:13.020 [INFO]   [Checking]    [maven:out]         [com.diffblue.cover.buildsystem.config.a.a] out: [INFO] 
10:21:13.020 [INFO]   [Checking]    [maven:out]         [com.diffblue.cover.buildsystem.config.a.a] out: [INFO] ----------------< com.paritytrading.parity:parity-fix >-----------------
10:21:13.020 [INFO]   [Checking]    [maven:out]         [com.diffblue.cover.buildsystem.config.a.a] out: [INFO] Building Parity FIX Gateway 0.7.1-SNAPSHOT                        [8/13]
10:21:13.020 [INFO]   [Checking]    [maven:out]         [com.diffblue.cover.buildsystem.config.a.a] out: [INFO]   from applications/fix/pom.xml
10:21:13.020 [INFO]   [Checking]    [maven:out]         [com.diffblue.cover.buildsystem.config.a.a] out: [INFO] --------------------------------[ jar ]---------------------------------
10:21:13.025 [INFO]   [Checking]    [maven:out]         [com.diffblue.cover.buildsystem.internal.f.f] deserializing line [DIFFBLUE]{"__type":"com.diffblue.cover.buildsystem.model.DefaultEventMessage","project":"com.paritytrading.parity:parity-fix","goal":"build-classpath","cause":null,"state":"STARTED"}
10:21:13.027 [INFO]   [Checking]    [maven:out]         [com.diffblue.cover.buildsystem.config.a.a] out: [INFO] 
10:21:13.027 [INFO]   [Checking]    [maven:out]         [com.diffblue.cover.buildsystem.config.a.a] out: [INFO] --- dependency:3.1.1:build-classpath (default-cli) @ parity-fix ---
10:21:13.027 [INFO]   [Checking]    [maven:out]         [com.diffblue.cover.buildsystem.config.a.a] out: [INFO] Dependencies classpath:
10:21:13.027 [INFO]   [Checking]    [maven:out]         [com.diffblue.cover.buildsystem.config.a.a] out: /home/jbergqvist/.m2/repository/com/paritytrading/parity/parity-net/0.7.1-SNAPSHOT/parity-net-0.7.1-SNAPSHOT.jar:/home/jbergqvist/.m2/repository/com/paritytrading/parity/parity-util/0.7.1-SNAPSHOT/parity-util-0.7.1-SNAPSHOT.jar:/home/jbergqvist/.m2/repository/com/paritytrading/foundation/foundation/0.3.0/foundation-0.3.0.jar:/home/jbergqvist/.m2/repository/com/paritytrading/nassau/nassau-core/0.13.0/nassau-core-0.13.0.jar:/home/jbergqvist/.m2/repository/com/paritytrading/philadelphia/philadelphia-core/1.2.0/philadelphia-core-1.2.0.jar:/home/jbergqvist/.m2/repository/com/paritytrading/philadelphia/philadelphia-fix44/1.2.0/philadelphia-fix44-1.2.0.jar:/home/jbergqvist/.m2/repository/com/typesafe/config/1.3.1/config-1.3.1.jar:/home/jbergqvist/.m2/repository/joda-time/joda-time/2.10.6/joda-time-2.10.6.jar:/home/jbergqvist/.m2/repository/org/jvirtanen/config/config-extras/0.2.0/config-extras-0.2.0.jar:/home/jbergqvist/.m2/repository/org/jvirtanen/util/util-extras/0.2.0/util-extras-0.2.0.jar:/home/jbergqvist/.m2/repository/com/diffblue/cover/cover-annotations/1.9.0/cover-annotations-1.9.0.jar:/home/jbergqvist/.m2/repository/org/junit/jupiter/junit-jupiter-engine/5.13.4/junit-jupiter-engine-5.13.4.jar:/home/jbergqvist/.m2/repository/org/junit/platform/junit-platform-engine/1.13.4/junit-platform-engine-1.13.4.jar:/home/jbergqvist/.m2/repository/org/opentest4j/opentest4j/1.3.0/opentest4j-1.3.0.jar:/home/jbergqvist/.m2/repository/org/junit/platform/junit-platform-commons/1.13.4/junit-platform-commons-1.13.4.jar:/home/jbergqvist/.m2/repository/org/junit/jupiter/junit-jupiter-api/5.13.4/junit-jupiter-api-5.13.4.jar:/home/jbergqvist/.m2/repository/org/apiguardian/apiguardian-api/1.1.2/apiguardian-api-1.1.2.jar:/home/jbergqvist/.m2/repository/org/mockito/mockito-core/4.11.0/mockito-core-4.11.0.jar:/home/jbergqvist/.m2/repository/net/bytebuddy/byte-buddy/1.12.19/byte-buddy-1.12.19.jar:/home/jbergqvist/.m2/repository/net/bytebuddy/byte-buddy-agent/1.12.19/byte-buddy-agent-1.12.19.jar:/home/jbergqvist/.m2/repository/org/objenesis/objenesis/3.3/objenesis-3.3.jar:/home/jbergqvist/.m2/repository/org/mockito/mockito-junit-jupiter/4.11.0/mockito-junit-jupiter-4.11.0.jar
10:21:13.027 [INFO]   [Checking]    [maven:out]         [com.diffblue.cover.buildsystem.internal.f.f] deserializing line [DIFFBLUE]{"__type":"com.diffblue.cover.buildsystem.model.DefaultEventMessage","project":"com.paritytrading.parity:parity-fix","goal":"build-classpath","cause":null,"state":"SUCCESS"}
10:21:13.029 [INFO]   [Checking]    [maven:out]         [com.diffblue.cover.buildsystem.config.a.a] out: [INFO] 
10:21:13.029 [INFO]   [Checking]    [maven:out]         [com.diffblue.cover.buildsystem.config.a.a] out: [INFO] --------------< com.paritytrading.parity:parity-reporter >--------------
10:21:13.029 [INFO]   [Checking]    [maven:out]         [com.diffblue.cover.buildsystem.config.a.a] out: [INFO] Building Parity Trade Reporter 0.7.1-SNAPSHOT                     [9/13]
10:21:13.030 [INFO]   [Checking]    [maven:out]         [com.diffblue.cover.buildsystem.config.a.a] out: [INFO]   from applications/reporter/pom.xml
10:21:13.030 [INFO]   [Checking]    [maven:out]         [com.diffblue.cover.buildsystem.config.a.a] out: [INFO] --------------------------------[ jar ]---------------------------------
10:21:13.033 [INFO]   [Checking]    [maven:out]         [com.diffblue.cover.buildsystem.internal.f.f] deserializing line [DIFFBLUE]{"__type":"com.diffblue.cover.buildsystem.model.DefaultEventMessage","project":"com.paritytrading.parity:parity-reporter","goal":"build-classpath","cause":null,"state":"STARTED"}
10:21:13.034 [INFO]   [Checking]    [maven:out]         [com.diffblue.cover.buildsystem.config.a.a] out: [INFO] 
10:21:13.035 [INFO]   [Checking]    [maven:out]         [com.diffblue.cover.buildsystem.config.a.a] out: [INFO] --- dependency:3.1.1:build-classpath (default-cli) @ parity-reporter ---
10:21:13.035 [INFO]   [Checking]    [maven:out]         [com.diffblue.cover.buildsystem.config.a.a] out: [INFO] Dependencies classpath:
10:21:13.035 [INFO]   [Checking]    [maven:out]         [com.diffblue.cover.buildsystem.config.a.a] out: /home/jbergqvist/.m2/repository/com/paritytrading/parity/parity-net/0.7.1-SNAPSHOT/parity-net-0.7.1-SNAPSHOT.jar:/home/jbergqvist/.m2/repository/com/paritytrading/parity/parity-util/0.7.1-SNAPSHOT/parity-util-0.7.1-SNAPSHOT.jar:/home/jbergqvist/.m2/repository/com/paritytrading/foundation/foundation/0.3.0/foundation-0.3.0.jar:/home/jbergqvist/.m2/repository/com/paritytrading/nassau/nassau-core/0.13.0/nassau-core-0.13.0.jar:/home/jbergqvist/.m2/repository/com/paritytrading/nassau/nassau-util/0.13.0/nassau-util-0.13.0.jar:/home/jbergqvist/.m2/repository/com/typesafe/config/1.3.1/config-1.3.1.jar:/home/jbergqvist/.m2/repository/org/jvirtanen/config/config-extras/0.2.0/config-extras-0.2.0.jar:/home/jbergqvist/.m2/repository/org/jvirtanen/util/util-extras/0.2.0/util-extras-0.2.0.jar:/home/jbergqvist/.m2/repository/com/diffblue/cover/cover-annotations/1.9.0/cover-annotations-1.9.0.jar:/home/jbergqvist/.m2/repository/org/junit/jupiter/junit-jupiter-engine/5.13.4/junit-jupiter-engine-5.13.4.jar:/home/jbergqvist/.m2/repository/org/junit/platform/junit-platform-engine/1.13.4/junit-platform-engine-1.13.4.jar:/home/jbergqvist/.m2/repository/org/opentest4j/opentest4j/1.3.0/opentest4j-1.3.0.jar:/home/jbergqvist/.m2/repository/org/junit/platform/junit-platform-commons/1.13.4/junit-platform-commons-1.13.4.jar:/home/jbergqvist/.m2/repository/org/junit/jupiter/junit-jupiter-api/5.13.4/junit-jupiter-api-5.13.4.jar:/home/jbergqvist/.m2/repository/org/apiguardian/apiguardian-api/1.1.2/apiguardian-api-1.1.2.jar:/home/jbergqvist/.m2/repository/org/mockito/mockito-core/4.11.0/mockito-core-4.11.0.jar:/home/jbergqvist/.m2/repository/net/bytebuddy/byte-buddy/1.12.19/byte-buddy-1.12.19.jar:/home/jbergqvist/.m2/repository/net/bytebuddy/byte-buddy-agent/1.12.19/byte-buddy-agent-1.12.19.jar:/home/jbergqvist/.m2/repository/org/objenesis/objenesis/3.3/objenesis-3.3.jar:/home/jbergqvist/.m2/repository/org/mockito/mockito-junit-jupiter/4.11.0/mockito-junit-jupiter-4.11.0.jar
10:21:13.035 [INFO]   [Checking]    [maven:out]         [com.diffblue.cover.buildsystem.internal.f.f] deserializing line [DIFFBLUE]{"__type":"com.diffblue.cover.buildsystem.model.DefaultEventMessage","project":"com.paritytrading.parity:parity-reporter","goal":"build-classpath","cause":null,"state":"SUCCESS"}
10:21:13.037 [INFO]   [Checking]    [maven:out]         [com.diffblue.cover.buildsystem.config.a.a] out: [INFO] 
10:21:13.037 [INFO]   [Checking]    [maven:out]         [com.diffblue.cover.buildsystem.config.a.a] out: [INFO] ---------------< com.paritytrading.parity:parity-system >---------------
10:21:13.037 [INFO]   [Checking]    [maven:out]         [com.diffblue.cover.buildsystem.config.a.a] out: [INFO] Building Parity Trading System 0.7.1-SNAPSHOT                    [10/13]
10:21:13.037 [INFO]   [Checking]    [maven:out]         [com.diffblue.cover.buildsystem.config.a.a] out: [INFO]   from applications/system/pom.xml
10:21:13.037 [INFO]   [Checking]    [maven:out]         [com.diffblue.cover.buildsystem.config.a.a] out: [INFO] --------------------------------[ jar ]---------------------------------
10:21:13.040 [INFO]   [Checking]    [maven:out]         [com.diffblue.cover.buildsystem.internal.f.f] deserializing line [DIFFBLUE]{"__type":"com.diffblue.cover.buildsystem.model.DefaultEventMessage","project":"com.paritytrading.parity:parity-system","goal":"build-classpath","cause":null,"state":"STARTED"}
10:21:13.043 [INFO]   [Checking]    [maven:out]         [com.diffblue.cover.buildsystem.config.a.a] out: [INFO] 
10:21:13.043 [INFO]   [Checking]    [maven:out]         [com.diffblue.cover.buildsystem.config.a.a] out: [INFO] --- dependency:3.1.1:build-classpath (default-cli) @ parity-system ---
10:21:13.043 [INFO]   [Checking]    [maven:out]         [com.diffblue.cover.buildsystem.config.a.a] out: [INFO] Dependencies classpath:
10:21:13.043 [INFO]   [Checking]    [maven:out]         [com.diffblue.cover.buildsystem.config.a.a] out: /home/jbergqvist/.m2/repository/com/paritytrading/parity/parity-match/0.7.1-SNAPSHOT/parity-match-0.7.1-SNAPSHOT.jar:/home/jbergqvist/.m2/repository/com/paritytrading/parity/parity-net/0.7.1-SNAPSHOT/parity-net-0.7.1-SNAPSHOT.jar:/home/jbergqvist/.m2/repository/com/paritytrading/foundation/foundation/0.3.0/foundation-0.3.0.jar:/home/jbergqvist/.m2/repository/com/paritytrading/nassau/nassau-core/0.13.0/nassau-core-0.13.0.jar:/home/jbergqvist/.m2/repository/com/typesafe/config/1.3.1/config-1.3.1.jar:/home/jbergqvist/.m2/repository/it/unimi/dsi/fastutil/8.1.0/fastutil-8.1.0.jar:/home/jbergqvist/.m2/repository/org/jvirtanen/config/config-extras/0.2.0/config-extras-0.2.0.jar:/home/jbergqvist/.m2/repository/org/jvirtanen/util/util-extras/0.2.0/util-extras-0.2.0.jar:/home/jbergqvist/.m2/repository/com/diffblue/cover/cover-annotations/1.9.0/cover-annotations-1.9.0.jar:/home/jbergqvist/.m2/repository/org/junit/jupiter/junit-jupiter-engine/5.13.4/junit-jupiter-engine-5.13.4.jar:/home/jbergqvist/.m2/repository/org/junit/platform/junit-platform-engine/1.13.4/junit-platform-engine-1.13.4.jar:/home/jbergqvist/.m2/repository/org/opentest4j/opentest4j/1.3.0/opentest4j-1.3.0.jar:/home/jbergqvist/.m2/repository/org/junit/platform/junit-platform-commons/1.13.4/junit-platform-commons-1.13.4.jar:/home/jbergqvist/.m2/repository/org/junit/jupiter/junit-jupiter-api/5.13.4/junit-jupiter-api-5.13.4.jar:/home/jbergqvist/.m2/repository/org/apiguardian/apiguardian-api/1.1.2/apiguardian-api-1.1.2.jar:/home/jbergqvist/.m2/repository/org/mockito/mockito-core/4.11.0/mockito-core-4.11.0.jar:/home/jbergqvist/.m2/repository/net/bytebuddy/byte-buddy/1.12.19/byte-buddy-1.12.19.jar:/home/jbergqvist/.m2/repository/net/bytebuddy/byte-buddy-agent/1.12.19/byte-buddy-agent-1.12.19.jar:/home/jbergqvist/.m2/repository/org/objenesis/objenesis/3.3/objenesis-3.3.jar:/home/jbergqvist/.m2/repository/org/mockito/mockito-junit-jupiter/4.11.0/mockito-junit-jupiter-4.11.0.jar
10:21:13.044 [INFO]   [Checking]    [maven:out]         [com.diffblue.cover.buildsystem.internal.f.f] deserializing line [DIFFBLUE]{"__type":"com.diffblue.cover.buildsystem.model.DefaultEventMessage","project":"com.paritytrading.parity:parity-system","goal":"build-classpath","cause":null,"state":"SUCCESS"}
10:21:13.045 [INFO]   [Checking]    [maven:out]         [com.diffblue.cover.buildsystem.config.a.a] out: [INFO] 
10:21:13.045 [INFO]   [Checking]    [maven:out]         [com.diffblue.cover.buildsystem.config.a.a] out: [INFO] ---------------< com.paritytrading.parity:parity-ticker >---------------
10:21:13.045 [INFO]   [Checking]    [maven:out]         [com.diffblue.cover.buildsystem.config.a.a] out: [INFO] Building Parity Stock Ticker 0.7.1-SNAPSHOT                      [11/13]
10:21:13.046 [INFO]   [Checking]    [maven:out]         [com.diffblue.cover.buildsystem.config.a.a] out: [INFO]   from applications/ticker/pom.xml
10:21:13.046 [INFO]   [Checking]    [maven:out]         [com.diffblue.cover.buildsystem.config.a.a] out: [INFO] --------------------------------[ jar ]---------------------------------
10:21:13.051 [INFO]   [Checking]    [maven:out]         [com.diffblue.cover.buildsystem.internal.f.f] deserializing line [DIFFBLUE]{"__type":"com.diffblue.cover.buildsystem.model.DefaultEventMessage","project":"com.paritytrading.parity:parity-ticker","goal":"build-classpath","cause":null,"state":"STARTED"}
10:21:13.053 [INFO]   [Checking]    [maven:out]         [com.diffblue.cover.buildsystem.config.a.a] out: [INFO] 
10:21:13.053 [INFO]   [Checking]    [maven:out]         [com.diffblue.cover.buildsystem.config.a.a] out: [INFO] --- dependency:3.1.1:build-classpath (default-cli) @ parity-ticker ---
10:21:13.053 [INFO]   [Checking]    [maven:out]         [com.diffblue.cover.buildsystem.config.a.a] out: [INFO] Dependencies classpath:
10:21:13.053 [INFO]   [Checking]    [maven:out]         [com.diffblue.cover.buildsystem.config.a.a] out: /home/jbergqvist/.m2/repository/com/paritytrading/parity/parity-book/0.7.1-SNAPSHOT/parity-book-0.7.1-SNAPSHOT.jar:/home/jbergqvist/.m2/repository/it/unimi/dsi/fastutil/8.1.0/fastutil-8.1.0.jar:/home/jbergqvist/.m2/repository/com/paritytrading/parity/parity-file/0.7.1-SNAPSHOT/parity-file-0.7.1-SNAPSHOT.jar:/home/jbergqvist/.m2/repository/com/paritytrading/parity/parity-net/0.7.1-SNAPSHOT/parity-net-0.7.1-SNAPSHOT.jar:/home/jbergqvist/.m2/repository/com/paritytrading/parity/parity-util/0.7.1-SNAPSHOT/parity-util-0.7.1-SNAPSHOT.jar:/home/jbergqvist/.m2/repository/com/paritytrading/foundation/foundation/0.3.0/foundation-0.3.0.jar:/home/jbergqvist/.m2/repository/com/paritytrading/nassau/nassau-core/0.13.0/nassau-core-0.13.0.jar:/home/jbergqvist/.m2/repository/com/paritytrading/nassau/nassau-util/0.13.0/nassau-util-0.13.0.jar:/home/jbergqvist/.m2/repository/com/typesafe/config/1.3.1/config-1.3.1.jar:/home/jbergqvist/.m2/repository/org/jvirtanen/config/config-extras/0.2.0/config-extras-0.2.0.jar:/home/jbergqvist/.m2/repository/org/jvirtanen/util/util-extras/0.2.0/util-extras-0.2.0.jar:/home/jbergqvist/.m2/repository/com/diffblue/cover/cover-annotations/1.9.0/cover-annotations-1.9.0.jar:/home/jbergqvist/.m2/repository/org/junit/jupiter/junit-jupiter-engine/5.13.4/junit-jupiter-engine-5.13.4.jar:/home/jbergqvist/.m2/repository/org/junit/platform/junit-platform-engine/1.13.4/junit-platform-engine-1.13.4.jar:/home/jbergqvist/.m2/repository/org/opentest4j/opentest4j/1.3.0/opentest4j-1.3.0.jar:/home/jbergqvist/.m2/repository/org/junit/platform/junit-platform-commons/1.13.4/junit-platform-commons-1.13.4.jar:/home/jbergqvist/.m2/repository/org/junit/jupiter/junit-jupiter-api/5.13.4/junit-jupiter-api-5.13.4.jar:/home/jbergqvist/.m2/repository/org/apiguardian/apiguardian-api/1.1.2/apiguardian-api-1.1.2.jar:/home/jbergqvist/.m2/repository/org/mockito/mockito-core/4.11.0/mockito-core-4.11.0.jar:/home/jbergqvist/.m2/repository/net/bytebuddy/byte-buddy/1.12.19/byte-buddy-1.12.19.jar:/home/jbergqvist/.m2/repository/net/bytebuddy/byte-buddy-agent/1.12.19/byte-buddy-agent-1.12.19.jar:/home/jbergqvist/.m2/repository/org/objenesis/objenesis/3.3/objenesis-3.3.jar:/home/jbergqvist/.m2/repository/org/mockito/mockito-junit-jupiter/4.11.0/mockito-junit-jupiter-4.11.0.jar
10:21:13.053 [INFO]   [Checking]    [maven:out]         [com.diffblue.cover.buildsystem.internal.f.f] deserializing line [DIFFBLUE]{"__type":"com.diffblue.cover.buildsystem.model.DefaultEventMessage","project":"com.paritytrading.parity:parity-ticker","goal":"build-classpath","cause":null,"state":"SUCCESS"}
10:21:13.055 [INFO]   [Checking]    [maven:out]         [com.diffblue.cover.buildsystem.config.a.a] out: [INFO] 
10:21:13.055 [INFO]   [Checking]    [maven:out]         [com.diffblue.cover.buildsystem.config.a.a] out: [INFO] -----------< com.paritytrading.parity:parity-book-perf-test >-----------
10:21:13.055 [INFO]   [Checking]    [maven:out]         [com.diffblue.cover.buildsystem.config.a.a] out: [INFO] Building Parity Order Book Performance Test 0.7.1-SNAPSHOT       [12/13]
10:21:13.055 [INFO]   [Checking]    [maven:out]         [com.diffblue.cover.buildsystem.config.a.a] out: [INFO]   from tests/book-perf-test/pom.xml
10:21:13.055 [INFO]   [Checking]    [maven:out]         [com.diffblue.cover.buildsystem.config.a.a] out: [INFO] --------------------------------[ jar ]---------------------------------
10:21:13.063 [INFO]   [Checking]    [maven:out]         [com.diffblue.cover.buildsystem.internal.f.f] deserializing line [DIFFBLUE]{"__type":"com.diffblue.cover.buildsystem.model.DefaultEventMessage","project":"com.paritytrading.parity:parity-book-perf-test","goal":"build-classpath","cause":null,"state":"STARTED"}
10:21:13.065 [INFO]   [Checking]    [maven:out]         [com.diffblue.cover.buildsystem.config.a.a] out: [INFO] 
10:21:13.065 [INFO]   [Checking]    [maven:out]         [com.diffblue.cover.buildsystem.config.a.a] out: [INFO] --- dependency:3.1.1:build-classpath (default-cli) @ parity-book-perf-test ---
10:21:13.065 [INFO]   [Checking]    [maven:out]         [com.diffblue.cover.buildsystem.config.a.a] out: [INFO] Dependencies classpath:
10:21:13.065 [INFO]   [Checking]    [maven:out]         [com.diffblue.cover.buildsystem.config.a.a] out: /home/jbergqvist/.m2/repository/com/paritytrading/parity/parity-book/0.7.1-SNAPSHOT/parity-book-0.7.1-SNAPSHOT.jar:/home/jbergqvist/.m2/repository/it/unimi/dsi/fastutil/8.1.0/fastutil-8.1.0.jar:/home/jbergqvist/.m2/repository/org/openjdk/jmh/jmh-core/1.19/jmh-core-1.19.jar:/home/jbergqvist/.m2/repository/net/sf/jopt-simple/jopt-simple/4.6/jopt-simple-4.6.jar:/home/jbergqvist/.m2/repository/org/apache/commons/commons-math3/3.2/commons-math3-3.2.jar:/home/jbergqvist/.m2/repository/com/diffblue/cover/cover-annotations/1.9.0/cover-annotations-1.9.0.jar:/home/jbergqvist/.m2/repository/org/openjdk/jmh/jmh-generator-annprocess/1.19/jmh-generator-annprocess-1.19.jar:/home/jbergqvist/.m2/repository/org/junit/jupiter/junit-jupiter-engine/5.13.4/junit-jupiter-engine-5.13.4.jar:/home/jbergqvist/.m2/repository/org/junit/platform/junit-platform-engine/1.13.4/junit-platform-engine-1.13.4.jar:/home/jbergqvist/.m2/repository/org/opentest4j/opentest4j/1.3.0/opentest4j-1.3.0.jar:/home/jbergqvist/.m2/repository/org/junit/platform/junit-platform-commons/1.13.4/junit-platform-commons-1.13.4.jar:/home/jbergqvist/.m2/repository/org/junit/jupiter/junit-jupiter-api/5.13.4/junit-jupiter-api-5.13.4.jar:/home/jbergqvist/.m2/repository/org/apiguardian/apiguardian-api/1.1.2/apiguardian-api-1.1.2.jar:/home/jbergqvist/.m2/repository/org/mockito/mockito-core/4.11.0/mockito-core-4.11.0.jar:/home/jbergqvist/.m2/repository/net/bytebuddy/byte-buddy/1.12.19/byte-buddy-1.12.19.jar:/home/jbergqvist/.m2/repository/net/bytebuddy/byte-buddy-agent/1.12.19/byte-buddy-agent-1.12.19.jar:/home/jbergqvist/.m2/repository/org/objenesis/objenesis/3.3/objenesis-3.3.jar:/home/jbergqvist/.m2/repository/org/mockito/mockito-junit-jupiter/4.11.0/mockito-junit-jupiter-4.11.0.jar
10:21:13.065 [INFO]   [Checking]    [maven:out]         [com.diffblue.cover.buildsystem.internal.f.f] deserializing line [DIFFBLUE]{"__type":"com.diffblue.cover.buildsystem.model.DefaultEventMessage","project":"com.paritytrading.parity:parity-book-perf-test","goal":"build-classpath","cause":null,"state":"SUCCESS"}
10:21:13.067 [INFO]   [Checking]    [maven:out]         [com.diffblue.cover.buildsystem.config.a.a] out: [INFO] 
10:21:13.067 [INFO]   [Checking]    [maven:out]         [com.diffblue.cover.buildsystem.config.a.a] out: [INFO] ----------< com.paritytrading.parity:parity-match-perf-test >-----------
10:21:13.067 [INFO]   [Checking]    [maven:out]         [com.diffblue.cover.buildsystem.config.a.a] out: [INFO] Building Parity Matching Algorithm Performance Test 0.7.1-SNAPSHOT [13/13]
10:21:13.067 [INFO]   [Checking]    [maven:out]         [com.diffblue.cover.buildsystem.config.a.a] out: [INFO]   from tests/match-perf-test/pom.xml
10:21:13.067 [INFO]   [Checking]    [maven:out]         [com.diffblue.cover.buildsystem.config.a.a] out: [INFO] --------------------------------[ jar ]---------------------------------
10:21:13.071 [INFO]   [Checking]    [maven:out]         [com.diffblue.cover.buildsystem.internal.f.f] deserializing line [DIFFBLUE]{"__type":"com.diffblue.cover.buildsystem.model.DefaultEventMessage","project":"com.paritytrading.parity:parity-match-perf-test","goal":"build-classpath","cause":null,"state":"STARTED"}
10:21:13.073 [INFO]   [Checking]    [maven:out]         [com.diffblue.cover.buildsystem.config.a.a] out: [INFO] 
10:21:13.074 [INFO]   [Checking]    [maven:out]         [com.diffblue.cover.buildsystem.config.a.a] out: [INFO] --- dependency:3.1.1:build-classpath (default-cli) @ parity-match-perf-test ---
10:21:13.074 [INFO]   [Checking]    [maven:out]         [com.diffblue.cover.buildsystem.config.a.a] out: [INFO] Dependencies classpath:
10:21:13.074 [INFO]   [Checking]    [maven:out]         [com.diffblue.cover.buildsystem.config.a.a] out: /home/jbergqvist/.m2/repository/com/paritytrading/parity/parity-match/0.7.1-SNAPSHOT/parity-match-0.7.1-SNAPSHOT.jar:/home/jbergqvist/.m2/repository/it/unimi/dsi/fastutil/8.1.0/fastutil-8.1.0.jar:/home/jbergqvist/.m2/repository/org/openjdk/jmh/jmh-core/1.19/jmh-core-1.19.jar:/home/jbergqvist/.m2/repository/net/sf/jopt-simple/jopt-simple/4.6/jopt-simple-4.6.jar:/home/jbergqvist/.m2/repository/org/apache/commons/commons-math3/3.2/commons-math3-3.2.jar:/home/jbergqvist/.m2/repository/com/diffblue/cover/cover-annotations/1.9.0/cover-annotations-1.9.0.jar:/home/jbergqvist/.m2/repository/org/openjdk/jmh/jmh-generator-annprocess/1.19/jmh-generator-annprocess-1.19.jar:/home/jbergqvist/.m2/repository/org/junit/jupiter/junit-jupiter-engine/5.13.4/junit-jupiter-engine-5.13.4.jar:/home/jbergqvist/.m2/repository/org/junit/platform/junit-platform-engine/1.13.4/junit-platform-engine-1.13.4.jar:/home/jbergqvist/.m2/repository/org/opentest4j/opentest4j/1.3.0/opentest4j-1.3.0.jar:/home/jbergqvist/.m2/repository/org/junit/platform/junit-platform-commons/1.13.4/junit-platform-commons-1.13.4.jar:/home/jbergqvist/.m2/repository/org/junit/jupiter/junit-jupiter-api/5.13.4/junit-jupiter-api-5.13.4.jar:/home/jbergqvist/.m2/repository/org/apiguardian/apiguardian-api/1.1.2/apiguardian-api-1.1.2.jar:/home/jbergqvist/.m2/repository/org/mockito/mockito-core/4.11.0/mockito-core-4.11.0.jar:/home/jbergqvist/.m2/repository/net/bytebuddy/byte-buddy/1.12.19/byte-buddy-1.12.19.jar:/home/jbergqvist/.m2/repository/net/bytebuddy/byte-buddy-agent/1.12.19/byte-buddy-agent-1.12.19.jar:/home/jbergqvist/.m2/repository/org/objenesis/objenesis/3.3/objenesis-3.3.jar:/home/jbergqvist/.m2/repository/org/mockito/mockito-junit-jupiter/4.11.0/mockito-junit-jupiter-4.11.0.jar
10:21:13.074 [INFO]   [Checking]    [maven:out]         [com.diffblue.cover.buildsystem.internal.f.f] deserializing line [DIFFBLUE]{"__type":"com.diffblue.cover.buildsystem.model.DefaultEventMessage","project":"com.paritytrading.parity:parity-match-perf-test","goal":"build-classpath","cause":null,"state":"SUCCESS"}
10:21:13.104 [INFO]   [Checking]    [maven:out]         [com.diffblue.cover.buildsystem.internal.f.f] deserializing line [DIFFBLUE]{"__type":"com.diffblue.cover.buildsystem.model.DefaultProjectModuleMessage","project":{"__type":"DefaultProjectModule","junitReport":["/home/jbergqvist/diffblue/paritytrading-parity/target/surefire-reports"],"jacocoReport":["/home/jbergqvist/diffblue/paritytrading-parity/target/site/jacoco/jacoco.xml"],"jacocoDestFile":["/home/jbergqvist/diffblue/paritytrading-parity/target/jacoco.exec"],"jacocoFormats":["xml"],"jacocoSkipped":false,"classpath":["/home/jbergqvist/diffblue/paritytrading-parity/target/classes"],"complianceLevel":"1.8","productionSources":["/home/jbergqvist/diffblue/paritytrading-parity/src/main/java"],"testSources":["/home/jbergqvist/diffblue/paritytrading-parity/src/test/java"],"productionClasses":"/home/jbergqvist/diffblue/paritytrading-parity/target/classes","testClasses":"/home/jbergqvist/diffblue/paritytrading-parity/target/test-classes","sourceToBuildPathMap":null,"testSourceToBuildPathMap":null,"buildDirectory":"/home/jbergqvist/diffblue/paritytrading-parity/target","plugins":[{"__type":"DefaultPlugin","groupId":"org.apache.maven.plugins","artefactId":"maven-enforcer-plugin","version":"1.0","pluginClassName":null},{"__type":"DefaultPlugin","groupId":"org.apache.maven.plugins","artefactId":"maven-checkstyle-plugin","version":"3.1.0","pluginClassName":null},{"__type":"DefaultPlugin","groupId":"org.apache.maven.plugins","artefactId":"maven-compiler-plugin","version":"3.8.0","pluginClassName":null},{"__type":"DefaultPlugin","groupId":"org.apache.maven.plugins","artefactId":"maven-javadoc-plugin","version":"3.0.1","pluginClassName":null},{"__type":"DefaultPlugin","groupId":"org.apache.maven.plugins","artefactId":"maven-release-plugin","version":"2.5.3","pluginClassName":null},{"__type":"DefaultPlugin","groupId":"org.apache.maven.plugins","artefactId":"maven-clean-plugin","version":"3.2.0","pluginClassName":null},{"__type":"DefaultPlugin","groupId":"org.apache.maven.plugins","artefactId":"maven-install-plugin","version":"3.1.2","pluginClassName":null},{"__type":"DefaultPlugin","groupId":"org.apache.maven.plugins","artefactId":"maven-deploy-plugin","version":"2.8.2","pluginClassName":null},{"__type":"DefaultPlugin","groupId":"org.apache.maven.plugins","artefactId":"maven-site-plugin","version":"3.12.1","pluginClassName":null}],"version":"3.9.12","encoding":"UTF-8","name":"maven","subModules":[{"__type":"DefaultProjectModule","junitReport":["/home/jbergqvist/diffblue/paritytrading-parity/libraries/book/target/surefire-reports"],"jacocoReport":["/home/jbergqvist/diffblue/paritytrading-parity/libraries/book/target/site/jacoco/jacoco.xml"],"jacocoDestFile":["/home/jbergqvist/diffblue/paritytrading-parity/libraries/book/target/jacoco.exec"],"jacocoFormats":["xml"],"jacocoSkipped":false,"classpath":["/home/jbergqvist/diffblue/paritytrading-parity/libraries/book/target/classes","/home/jbergqvist/.m2/repository/it/unimi/dsi/fastutil/8.1.0/fastutil-8.1.0.jar","/home/jbergqvist/.m2/repository/org/apache/commons/commons-lang3/3.12.0/commons-lang3-3.12.0.jar","/home/jbergqvist/.m2/repository/org/junit/jupiter/junit-jupiter/5.7.0/junit-jupiter-5.7.0.jar","/home/jbergqvist/.m2/repository/org/junit/jupiter/junit-jupiter-api/5.7.0/junit-jupiter-api-5.7.0.jar","/home/jbergqvist/.m2/repository/org/apiguardian/apiguardian-api/1.1.0/apiguardian-api-1.1.0.jar","/home/jbergqvist/.m2/repository/org/opentest4j/opentest4j/1.2.0/opentest4j-1.2.0.jar","/home/jbergqvist/.m2/repository/org/junit/platform/junit-platform-commons/1.7.0/junit-platform-commons-1.7.0.jar","/home/jbergqvist/.m2/repository/org/junit/jupiter/junit-jupiter-params/5.7.0/junit-jupiter-params-5.7.0.jar","/home/jbergqvist/.m2/repository/org/junit/jupiter/junit-jupiter-engine/5.7.0/junit-jupiter-engine-5.7.0.jar","/home/jbergqvist/.m2/repository/org/junit/platform/junit-platform-engine/1.7.0/junit-platform-engine-1.7.0.jar","/home/jbergqvist/.m2/repository/com/diffblue/cover/cover-annotations/1.9.0/cover-annotations-1.9.0.jar","/home/jbergqvist/.m2/repository/org/mockito/mockito-core/4.11.0/mockito-core-4.11.0.jar","/home/jbergqvist/.m2/repository/net/bytebuddy/byte-buddy/1.12.19/byte-buddy-1.12.19.jar","/home/jbergqvist/.m2/repository/net/bytebuddy/byte-buddy-agent/1.12.19/byte-buddy-agent-1.12.19.jar","/home/jbergqvist/.m2/repository/org/objenesis/objenesis/3.3/objenesis-3.3.jar","/home/jbergqvist/.m2/repository/org/mockito/mockito-junit-jupiter/4.11.0/mockito-junit-jupiter-4.11.0.jar"],"complianceLevel":"1.8","productionSources":["/home/jbergqvist/diffblue/paritytrading-parity/libraries/book/src/main/java"],"testSources":["/home/jbergqvist/diffblue/paritytrading-parity/libraries/book/src/test/java"],"productionClasses":"/home/jbergqvist/diffblue/paritytrading-parity/libraries/book/target/classes","testClasses":"/home/jbergqvist/diffblue/paritytrading-parity/libraries/book/target/test-classes","sourceToBuildPathMap":null,"testSourceToBuildPathMap":null,"buildDirectory":"/home/jbergqvist/diffblue/paritytrading-parity/libraries/book/target","plugins":[{"__type":"DefaultPlugin","groupId":"org.apache.maven.plugins","artefactId":"maven-enforcer-plugin","version":"1.0","pluginClassName":null},{"__type":"DefaultPlugin","groupId":"org.apache.maven.plugins","artefactId":"maven-checkstyle-plugin","version":"3.1.0","pluginClassName":null},{"__type":"DefaultPlugin","groupId":"org.apache.maven.plugins","artefactId":"maven-compiler-plugin","version":"3.8.0","pluginClassName":null},{"__type":"DefaultPlugin","groupId":"org.apache.maven.plugins","artefactId":"maven-javadoc-plugin","version":"3.0.1","pluginClassName":null},{"__type":"DefaultPlugin","groupId":"org.apache.maven.plugins","artefactId":"maven-release-plugin","version":"2.5.3","pluginClassName":null},{"__type":"DefaultPlugin","groupId":"org.apache.maven.plugins","artefactId":"maven-clean-plugin","version":"3.2.0","pluginClassName":null},{"__type":"DefaultPlugin","groupId":"org.apache.maven.plugins","artefactId":"maven-resources-plugin","version":"3.3.1","pluginClassName":null},{"__type":"DefaultPlugin","groupId":"org.apache.maven.plugins","artefactId":"maven-jar-plugin","version":"3.4.1","pluginClassName":null},{"__type":"DefaultPlugin","groupId":"org.apache.maven.plugins","artefactId":"maven-surefire-plugin","version":"3.0.0-M5","pluginClassName":null},{"__type":"DefaultPlugin","groupId":"org.apache.maven.plugins","artefactId":"maven-install-plugin","version":"3.1.2","pluginClassName":null},{"__type":"DefaultPlugin","groupId":"org.apache.maven.plugins","artefactId":"maven-deploy-plugin","version":"2.8.2","pluginClassName":null},{"__type":"DefaultPlugin","groupId":"org.apache.maven.plugins","artefactId":"maven-site-plugin","version":"3.12.1","pluginClassName":null}],"version":"3.9.12","encoding":"UTF-8","name":"maven","subModules":[],"simpleModuleName":null,"parentModuleName":"com.paritytrading.parity:parity-parent","location":"/home/jbergqvist/diffblue/paritytrading-parity/libraries/book","fullModuleName":"com.paritytrading.parity:parity-book"},{"__type":"DefaultProjectModule","junitReport":["/home/jbergqvist/diffblue/paritytrading-parity/libraries/file/target/surefire-reports"],"jacocoReport":["/home/jbergqvist/diffblue/paritytrading-parity/libraries/file/target/site/jacoco/jacoco.xml"],"jacocoDestFile":["/home/jbergqvist/diffblue/paritytrading-parity/libraries/file/target/jacoco.exec"],"jacocoFormats":["xml"],"jacocoSkipped":false,"classpath":["/home/jbergqvist/diffblue/paritytrading-parity/libraries/file/target/classes","/home/jbergqvist/.m2/repository/org/junit/jupiter/junit-jupiter/5.7.0/junit-jupiter-5.7.0.jar","/home/jbergqvist/.m2/repository/org/junit/jupiter/junit-jupiter-api/5.7.0/junit-jupiter-api-5.7.0.jar","/home/jbergqvist/.m2/repository/org/apiguardian/apiguardian-api/1.1.0/apiguardian-api-1.1.0.jar","/home/jbergqvist/.m2/repository/org/opentest4j/opentest4j/1.2.0/opentest4j-1.2.0.jar","/home/jbergqvist/.m2/repository/org/junit/platform/junit-platform-commons/1.7.0/junit-platform-commons-1.7.0.jar","/home/jbergqvist/.m2/repository/org/junit/jupiter/junit-jupiter-params/5.7.0/junit-jupiter-params-5.7.0.jar","/home/jbergqvist/.m2/repository/org/junit/jupiter/junit-jupiter-engine/5.7.0/junit-jupiter-engine-5.7.0.jar","/home/jbergqvist/.m2/repository/org/junit/platform/junit-platform-engine/1.7.0/junit-platform-engine-1.7.0.jar","/home/jbergqvist/.m2/repository/com/diffblue/cover/cover-annotations/1.9.0/cover-annotations-1.9.0.jar","/home/jbergqvist/.m2/repository/org/mockito/mockito-core/4.11.0/mockito-core-4.11.0.jar","/home/jbergqvist/.m2/repository/net/bytebuddy/byte-buddy/1.12.19/byte-buddy-1.12.19.jar","/home/jbergqvist/.m2/repository/net/bytebuddy/byte-buddy-agent/1.12.19/byte-buddy-agent-1.12.19.jar","/home/jbergqvist/.m2/repository/org/objenesis/objenesis/3.3/objenesis-3.3.jar","/home/jbergqvist/.m2/repository/org/mockito/mockito-junit-jupiter/4.11.0/mockito-junit-jupiter-4.11.0.jar"],"complianceLevel":"1.8","productionSources":["/home/jbergqvist/diffblue/paritytrading-parity/libraries/file/src/main/java"],"testSources":["/home/jbergqvist/diffblue/paritytrading-parity/libraries/file/src/test/java"],"productionClasses":"/home/jbergqvist/diffblue/paritytrading-parity/libraries/file/target/classes","testClasses":"/home/jbergqvist/diffblue/paritytrading-parity/libraries/file/target/test-classes","sourceToBuildPathMap":null,"testSourceToBuildPathMap":null,"buildDirectory":"/home/jbergqvist/diffblue/paritytrading-parity/libraries/file/target","plugins":[{"__type":"DefaultPlugin","groupId":"org.apache.maven.plugins","artefactId":"maven-enforcer-plugin","version":"1.0","pluginClassName":null},{"__type":"DefaultPlugin","groupId":"org.apache.maven.plugins","artefactId":"maven-checkstyle-plugin","version":"3.1.0","pluginClassName":null},{"__type":"DefaultPlugin","groupId":"org.apache.maven.plugins","artefactId":"maven-compiler-plugin","version":"3.8.0","pluginClassName":null},{"__type":"DefaultPlugin","groupId":"org.apache.maven.plugins","artefactId":"maven-javadoc-plugin","version":"3.0.1","pluginClassName":null},{"__type":"DefaultPlugin","groupId":"org.apache.maven.plugins","artefactId":"maven-release-plugin","version":"2.5.3","pluginClassName":null},{"__type":"DefaultPlugin","groupId":"org.apache.maven.plugins","artefactId":"maven-clean-plugin","version":"3.2.0","pluginClassName":null},{"__type":"DefaultPlugin","groupId":"org.apache.maven.plugins","artefactId":"maven-resources-plugin","version":"3.3.1","pluginClassName":null},{"__type":"DefaultPlugin","groupId":"org.apache.maven.plugins","artefactId":"maven-jar-plugin","version":"3.4.1","pluginClassName":null},{"__type":"DefaultPlugin","groupId":"org.apache.maven.plugins","artefactId":"maven-surefire-plugin","version":"3.0.0-M5","pluginClassName":null},{"__type":"DefaultPlugin","groupId":"org.apache.maven.plugins","artefactId":"maven-install-plugin","version":"3.1.2","pluginClassName":null},{"__type":"DefaultPlugin","groupId":"org.apache.maven.plugins","artefactId":"maven-deploy-plugin","version":"2.8.2","pluginClassName":null},{"__type":"DefaultPlugin","groupId":"org.apache.maven.plugins","artefactId":"maven-site-plugin","version":"3.12.1","pluginClassName":null}],"version":"3.9.12","encoding":"UTF-8","name":"maven","subModules":[],"simpleModuleName":null,"parentModuleName":"com.paritytrading.parity:parity-parent","location":"/home/jbergqvist/diffblue/paritytrading-parity/libraries/file","fullModuleName":"com.paritytrading.parity:parity-file"},{"__type":"DefaultProjectModule","junitReport":["/home/jbergqvist/diffblue/paritytrading-parity/libraries/match/target/surefire-reports"],"jacocoReport":["/home/jbergqvist/diffblue/paritytrading-parity/libraries/match/target/site/jacoco/jacoco.xml"],"jacocoDestFile":["/home/jbergqvist/diffblue/paritytrading-parity/libraries/match/target/jacoco.exec"],"jacocoFormats":["xml"],"jacocoSkipped":false,"classpath":["/home/jbergqvist/diffblue/paritytrading-parity/libraries/match/target/classes","/home/jbergqvist/.m2/repository/it/unimi/dsi/fastutil/8.1.0/fastutil-8.1.0.jar","/home/jbergqvist/.m2/repository/org/apache/commons/commons-lang3/3.12.0/commons-lang3-3.12.0.jar","/home/jbergqvist/.m2/repository/org/junit/jupiter/junit-jupiter/5.7.0/junit-jupiter-5.7.0.jar","/home/jbergqvist/.m2/repository/org/junit/jupiter/junit-jupiter-api/5.7.0/junit-jupiter-api-5.7.0.jar","/home/jbergqvist/.m2/repository/org/apiguardian/apiguardian-api/1.1.0/apiguardian-api-1.1.0.jar","/home/jbergqvist/.m2/repository/org/opentest4j/opentest4j/1.2.0/opentest4j-1.2.0.jar","/home/jbergqvist/.m2/repository/org/junit/platform/junit-platform-commons/1.7.0/junit-platform-commons-1.7.0.jar","/home/jbergqvist/.m2/repository/org/junit/jupiter/junit-jupiter-params/5.7.0/junit-jupiter-params-5.7.0.jar","/home/jbergqvist/.m2/repository/org/junit/jupiter/junit-jupiter-engine/5.7.0/junit-jupiter-engine-5.7.0.jar","/home/jbergqvist/.m2/repository/org/junit/platform/junit-platform-engine/1.7.0/junit-platform-engine-1.7.0.jar","/home/jbergqvist/.m2/repository/com/diffblue/cover/cover-annotations/1.9.0/cover-annotations-1.9.0.jar","/home/jbergqvist/.m2/repository/org/mockito/mockito-core/4.11.0/mockito-core-4.11.0.jar","/home/jbergqvist/.m2/repository/net/bytebuddy/byte-buddy/1.12.19/byte-buddy-1.12.19.jar","/home/jbergqvist/.m2/repository/net/bytebuddy/byte-buddy-agent/1.12.19/byte-buddy-agent-1.12.19.jar","/home/jbergqvist/.m2/repository/org/objenesis/objenesis/3.3/objenesis-3.3.jar","/home/jbergqvist/.m2/repository/org/mockito/mockito-junit-jupiter/4.11.0/mockito-junit-jupiter-4.11.0.jar"],"complianceLevel":"1.8","productionSources":["/home/jbergqvist/diffblue/paritytrading-parity/libraries/match/src/main/java"],"testSources":["/home/jbergqvist/diffblue/paritytrading-parity/libraries/match/src/test/java"],"productionClasses":"/home/jbergqvist/diffblue/paritytrading-parity/libraries/match/target/classes","testClasses":"/home/jbergqvist/diffblue/paritytrading-parity/libraries/match/target/test-classes","sourceToBuildPathMap":null,"testSourceToBuildPathMap":null,"buildDirectory":"/home/jbergqvist/diffblue/paritytrading-parity/libraries/match/target","plugins":[{"__type":"DefaultPlugin","groupId":"org.apache.maven.plugins","artefactId":"maven-enforcer-plugin","version":"1.0","pluginClassName":null},{"__type":"DefaultPlugin","groupId":"org.apache.maven.plugins","artefactId":"maven-checkstyle-plugin","version":"3.1.0","pluginClassName":null},{"__type":"DefaultPlugin","groupId":"org.apache.maven.plugins","artefactId":"maven-compiler-plugin","version":"3.8.0","pluginClassName":null},{"__type":"DefaultPlugin","groupId":"org.apache.maven.plugins","artefactId":"maven-javadoc-plugin","version":"3.0.1","pluginClassName":null},{"__type":"DefaultPlugin","groupId":"org.apache.maven.plugins","artefactId":"maven-release-plugin","version":"2.5.3","pluginClassName":null},{"__type":"DefaultPlugin","groupId":"org.apache.maven.plugins","artefactId":"maven-clean-plugin","version":"3.2.0","pluginClassName":null},{"__type":"DefaultPlugin","groupId":"org.apache.maven.plugins","artefactId":"maven-resources-plugin","version":"3.3.1","pluginClassName":null},{"__type":"DefaultPlugin","groupId":"org.apache.maven.plugins","artefactId":"maven-jar-plugin","version":"3.4.1","pluginClassName":null},{"__type":"DefaultPlugin","groupId":"org.apache.maven.plugins","artefactId":"maven-surefire-plugin","version":"3.0.0-M5","pluginClassName":null},{"__type":"DefaultPlugin","groupId":"org.apache.maven.plugins","artefactId":"maven-install-plugin","version":"3.1.2","pluginClassName":null},{"__type":"DefaultPlugin","groupId":"org.apache.maven.plugins","artefactId":"maven-deploy-plugin","version":"2.8.2","pluginClassName":null},{"__type":"DefaultPlugin","groupId":"org.apache.maven.plugins","artefactId":"maven-site-plugin","version":"3.12.1","pluginClassName":null}],"version":"3.9.12","encoding":"UTF-8","name":"maven","subModules":[],"simpleModuleName":null,"parentModuleName":"com.paritytrading.parity:parity-parent","location":"/home/jbergqvist/diffblue/paritytrading-parity/libraries/match","fullModuleName":"com.paritytrading.parity:parity-match"},{"__type":"DefaultProjectModule","junitReport":["/home/jbergqvist/diffblue/paritytrading-parity/libraries/net/target/surefire-reports"],"jacocoReport":["/home/jbergqvist/diffblue/paritytrading-parity/libraries/net/target/site/jacoco/jacoco.xml"],"jacocoDestFile":["/home/jbergqvist/diffblue/paritytrading-parity/libraries/net/target/jacoco.exec"],"jacocoFormats":["xml"],"jacocoSkipped":false,"classpath":["/home/jbergqvist/diffblue/paritytrading-parity/libraries/net/target/classes","/home/jbergqvist/.m2/repository/com/paritytrading/nassau/nassau-core/0.13.0/nassau-core-0.13.0.jar","/home/jbergqvist/.m2/repository/com/paritytrading/foundation/foundation/0.3.0/foundation-0.3.0.jar","/home/jbergqvist/.m2/repository/com/diffblue/cover/cover-annotations/1.9.0/cover-annotations-1.9.0.jar","/home/jbergqvist/.m2/repository/org/junit/jupiter/junit-jupiter-engine/5.13.4/junit-jupiter-engine-5.13.4.jar","/home/jbergqvist/.m2/repository/org/junit/platform/junit-platform-engine/1.13.4/junit-platform-engine-1.13.4.jar","/home/jbergqvist/.m2/repository/org/opentest4j/opentest4j/1.3.0/opentest4j-1.3.0.jar","/home/jbergqvist/.m2/repository/org/junit/platform/junit-platform-commons/1.13.4/junit-platform-commons-1.13.4.jar","/home/jbergqvist/.m2/repository/org/junit/jupiter/junit-jupiter-api/5.13.4/junit-jupiter-api-5.13.4.jar","/home/jbergqvist/.m2/repository/org/apiguardian/apiguardian-api/1.1.2/apiguardian-api-1.1.2.jar","/home/jbergqvist/.m2/repository/org/mockito/mockito-core/4.11.0/mockito-core-4.11.0.jar","/home/jbergqvist/.m2/repository/net/bytebuddy/byte-buddy/1.12.19/byte-buddy-1.12.19.jar","/home/jbergqvist/.m2/repository/net/bytebuddy/byte-buddy-agent/1.12.19/byte-buddy-agent-1.12.19.jar","/home/jbergqvist/.m2/repository/org/objenesis/objenesis/3.3/objenesis-3.3.jar","/home/jbergqvist/.m2/repository/org/mockito/mockito-junit-jupiter/4.11.0/mockito-junit-jupiter-4.11.0.jar"],"complianceLevel":"1.8","productionSources":["/home/jbergqvist/diffblue/paritytrading-parity/libraries/net/src/main/java"],"testSources":["/home/jbergqvist/diffblue/paritytrading-parity/libraries/net/src/test/java"],"productionClasses":"/home/jbergqvist/diffblue/paritytrading-parity/libraries/net/target/classes","testClasses":"/home/jbergqvist/diffblue/paritytrading-parity/libraries/net/target/test-classes","sourceToBuildPathMap":null,"testSourceToBuildPathMap":null,"buildDirectory":"/home/jbergqvist/diffblue/paritytrading-parity/libraries/net/target","plugins":[{"__type":"DefaultPlugin","groupId":"org.apache.maven.plugins","artefactId":"maven-enforcer-plugin","version":"1.0","pluginClassName":null},{"__type":"DefaultPlugin","groupId":"org.apache.maven.plugins","artefactId":"maven-checkstyle-plugin","version":"3.1.0","pluginClassName":null},{"__type":"DefaultPlugin","groupId":"org.apache.maven.plugins","artefactId":"maven-compiler-plugin","version":"3.8.0","pluginClassName":null},{"__type":"DefaultPlugin","groupId":"org.apache.maven.plugins","artefactId":"maven-javadoc-plugin","version":"3.0.1","pluginClassName":null},{"__type":"DefaultPlugin","groupId":"org.apache.maven.plugins","artefactId":"maven-release-plugin","version":"2.5.3","pluginClassName":null},{"__type":"DefaultPlugin","groupId":"org.apache.maven.plugins","artefactId":"maven-clean-plugin","version":"3.2.0","pluginClassName":null},{"__type":"DefaultPlugin","groupId":"org.apache.maven.plugins","artefactId":"maven-resources-plugin","version":"3.3.1","pluginClassName":null},{"__type":"DefaultPlugin","groupId":"org.apache.maven.plugins","artefactId":"maven-jar-plugin","version":"3.4.1","pluginClassName":null},{"__type":"DefaultPlugin","groupId":"org.apache.maven.plugins","artefactId":"maven-surefire-plugin","version":"3.0.0-M5","pluginClassName":null},{"__type":"DefaultPlugin","groupId":"org.apache.maven.plugins","artefactId":"maven-install-plugin","version":"3.1.2","pluginClassName":null},{"__type":"DefaultPlugin","groupId":"org.apache.maven.plugins","artefactId":"maven-deploy-plugin","version":"2.8.2","pluginClassName":null},{"__type":"DefaultPlugin","groupId":"org.apache.maven.plugins","artefactId":"maven-site-plugin","version":"3.12.1","pluginClassName":null}],"version":"3.9.12","encoding":"UTF-8","name":"maven","subModules":[],"simpleModuleName":null,"parentModuleName":"com.paritytrading.parity:parity-parent","location":"/home/jbergqvist/diffblue/paritytrading-parity/libraries/net","fullModuleName":"com.paritytrading.parity:parity-net"},{"__type":"DefaultProjectModule","junitReport":["/home/jbergqvist/diffblue/paritytrading-parity/libraries/util/target/surefire-reports"],"jacocoReport":["/home/jbergqvist/diffblue/paritytrading-parity/libraries/util/target/site/jacoco/jacoco.xml"],"jacocoDestFile":["/home/jbergqvist/diffblue/paritytrading-parity/libraries/util/target/jacoco.exec"],"jacocoFormats":["xml"],"jacocoSkipped":false,"classpath":["/home/jbergqvist/diffblue/paritytrading-parity/libraries/util/target/classes","/home/jbergqvist/.m2/repository/com/paritytrading/foundation/foundation/0.3.0/foundation-0.3.0.jar","/home/jbergqvist/.m2/repository/com/typesafe/config/1.3.1/config-1.3.1.jar","/home/jbergqvist/.m2/repository/org/junit/jupiter/junit-jupiter/5.7.0/junit-jupiter-5.7.0.jar","/home/jbergqvist/.m2/repository/org/junit/jupiter/junit-jupiter-api/5.7.0/junit-jupiter-api-5.7.0.jar","/home/jbergqvist/.m2/repository/org/apiguardian/apiguardian-api/1.1.0/apiguardian-api-1.1.0.jar","/home/jbergqvist/.m2/repository/org/opentest4j/opentest4j/1.2.0/opentest4j-1.2.0.jar","/home/jbergqvist/.m2/repository/org/junit/platform/junit-platform-commons/1.7.0/junit-platform-commons-1.7.0.jar","/home/jbergqvist/.m2/repository/org/junit/jupiter/junit-jupiter-params/5.7.0/junit-jupiter-params-5.7.0.jar","/home/jbergqvist/.m2/repository/org/junit/jupiter/junit-jupiter-engine/5.7.0/junit-jupiter-engine-5.7.0.jar","/home/jbergqvist/.m2/repository/org/junit/platform/junit-platform-engine/1.7.0/junit-platform-engine-1.7.0.jar","/home/jbergqvist/.m2/repository/com/diffblue/cover/cover-annotations/1.9.0/cover-annotations-1.9.0.jar","/home/jbergqvist/.m2/repository/org/mockito/mockito-core/4.11.0/mockito-core-4.11.0.jar","/home/jbergqvist/.m2/repository/net/bytebuddy/byte-buddy/1.12.19/byte-buddy-1.12.19.jar","/home/jbergqvist/.m2/repository/net/bytebuddy/byte-buddy-agent/1.12.19/byte-buddy-agent-1.12.19.jar","/home/jbergqvist/.m2/repository/org/objenesis/objenesis/3.3/objenesis-3.3.jar","/home/jbergqvist/.m2/repository/org/mockito/mockito-junit-jupiter/4.11.0/mockito-junit-jupiter-4.11.0.jar"],"complianceLevel":"1.8","productionSources":["/home/jbergqvist/diffblue/paritytrading-parity/libraries/util/src/main/java"],"testSources":["/home/jbergqvist/diffblue/paritytrading-parity/libraries/util/src/test/java"],"productionClasses":"/home/jbergqvist/diffblue/paritytrading-parity/libraries/util/target/classes","testClasses":"/home/jbergqvist/diffblue/paritytrading-parity/libraries/util/target/test-classes","sourceToBuildPathMap":null,"testSourceToBuildPathMap":null,"buildDirectory":"/home/jbergqvist/diffblue/paritytrading-parity/libraries/util/target","plugins":[{"__type":"DefaultPlugin","groupId":"org.apache.maven.plugins","artefactId":"maven-enforcer-plugin","version":"1.0","pluginClassName":null},{"__type":"DefaultPlugin","groupId":"org.apache.maven.plugins","artefactId":"maven-checkstyle-plugin","version":"3.1.0","pluginClassName":null},{"__type":"DefaultPlugin","groupId":"org.apache.maven.plugins","artefactId":"maven-compiler-plugin","version":"3.8.0","pluginClassName":null},{"__type":"DefaultPlugin","groupId":"org.apache.maven.plugins","artefactId":"maven-javadoc-plugin","version":"3.0.1","pluginClassName":null},{"__type":"DefaultPlugin","groupId":"org.apache.maven.plugins","artefactId":"maven-release-plugin","version":"2.5.3","pluginClassName":null},{"__type":"DefaultPlugin","groupId":"org.apache.maven.plugins","artefactId":"maven-clean-plugin","version":"3.2.0","pluginClassName":null},{"__type":"DefaultPlugin","groupId":"org.apache.maven.plugins","artefactId":"maven-resources-plugin","version":"3.3.1","pluginClassName":null},{"__type":"DefaultPlugin","groupId":"org.apache.maven.plugins","artefactId":"maven-jar-plugin","version":"3.4.1","pluginClassName":null},{"__type":"DefaultPlugin","groupId":"org.apache.maven.plugins","artefactId":"maven-surefire-plugin","version":"3.0.0-M5","pluginClassName":null},{"__type":"DefaultPlugin","groupId":"org.apache.maven.plugins","artefactId":"maven-install-plugin","version":"3.1.2","pluginClassName":null},{"__type":"DefaultPlugin","groupId":"org.apache.maven.plugins","artefactId":"maven-deploy-plugin","version":"2.8.2","pluginClassName":null},{"__type":"DefaultPlugin","groupId":"org.apache.maven.plugins","artefactId":"maven-site-plugin","version":"3.12.1","pluginClassName":null}],"version":"3.9.12","encoding":"UTF-8","name":"maven","subModules":[],"simpleModuleName":null,"parentModuleName":"com.paritytrading.parity:parity-parent","location":"/home/jbergqvist/diffblue/paritytrading-parity/libraries/util","fullModuleName":"com.paritytrading.parity:parity-util"},{"__type":"DefaultProjectModule","junitReport":["/home/jbergqvist/diffblue/paritytrading-parity/applications/client/target/surefire-reports"],"jacocoReport":["/home/jbergqvist/diffblue/paritytrading-parity/applications/client/target/site/jacoco/jacoco.xml"],"jacocoDestFile":["/home/jbergqvist/diffblue/paritytrading-parity/applications/client/target/jacoco.exec"],"jacocoFormats":["xml"],"jacocoSkipped":false,"classpath":["/home/jbergqvist/diffblue/paritytrading-parity/applications/client/target/classes","/home/jbergqvist/.m2/repository/com/paritytrading/parity/parity-net/0.7.1-SNAPSHOT/parity-net-0.7.1-SNAPSHOT.jar","/home/jbergqvist/.m2/repository/com/paritytrading/parity/parity-util/0.7.1-SNAPSHOT/parity-util-0.7.1-SNAPSHOT.jar","/home/jbergqvist/.m2/repository/com/paritytrading/foundation/foundation/0.3.0/foundation-0.3.0.jar","/home/jbergqvist/.m2/repository/com/paritytrading/nassau/nassau-core/0.13.0/nassau-core-0.13.0.jar","/home/jbergqvist/.m2/repository/com/typesafe/config/1.3.1/config-1.3.1.jar","/home/jbergqvist/.m2/repository/org/jline/jline-reader/3.8.0/jline-reader-3.8.0.jar","/home/jbergqvist/.m2/repository/org/jline/jline-terminal/3.8.0/jline-terminal-3.8.0.jar","/home/jbergqvist/.m2/repository/org/jvirtanen/config/config-extras/0.2.0/config-extras-0.2.0.jar","/home/jbergqvist/.m2/repository/org/jvirtanen/util/util-extras/0.2.0/util-extras-0.2.0.jar","/home/jbergqvist/.m2/repository/com/diffblue/cover/cover-annotations/1.9.0/cover-annotations-1.9.0.jar","/home/jbergqvist/.m2/repository/org/junit/jupiter/junit-jupiter-engine/5.13.4/junit-jupiter-engine-5.13.4.jar","/home/jbergqvist/.m2/repository/org/junit/platform/junit-platform-engine/1.13.4/junit-platform-engine-1.13.4.jar","/home/jbergqvist/.m2/repository/org/opentest4j/opentest4j/1.3.0/opentest4j-1.3.0.jar","/home/jbergqvist/.m2/repository/org/junit/platform/junit-platform-commons/1.13.4/junit-platform-commons-1.13.4.jar","/home/jbergqvist/.m2/repository/org/junit/jupiter/junit-jupiter-api/5.13.4/junit-jupiter-api-5.13.4.jar","/home/jbergqvist/.m2/repository/org/apiguardian/apiguardian-api/1.1.2/apiguardian-api-1.1.2.jar","/home/jbergqvist/.m2/repository/org/mockito/mockito-core/4.11.0/mockito-core-4.11.0.jar","/home/jbergqvist/.m2/repository/net/bytebuddy/byte-buddy/1.12.19/byte-buddy-1.12.19.jar","/home/jbergqvist/.m2/repository/net/bytebuddy/byte-buddy-agent/1.12.19/byte-buddy-agent-1.12.19.jar","/home/jbergqvist/.m2/repository/org/objenesis/objenesis/3.3/objenesis-3.3.jar","/home/jbergqvist/.m2/repository/org/mockito/mockito-junit-jupiter/4.11.0/mockito-junit-jupiter-4.11.0.jar"],"complianceLevel":"1.8","productionSources":["/home/jbergqvist/diffblue/paritytrading-parity/applications/client/src/main/java"],"testSources":["/home/jbergqvist/diffblue/paritytrading-parity/applications/client/src/test/java"],"productionClasses":"/home/jbergqvist/diffblue/paritytrading-parity/applications/client/target/classes","testClasses":"/home/jbergqvist/diffblue/paritytrading-parity/applications/client/target/test-classes","sourceToBuildPathMap":null,"testSourceToBuildPathMap":null,"buildDirectory":"/home/jbergqvist/diffblue/paritytrading-parity/applications/client/target","plugins":[{"__type":"DefaultPlugin","groupId":"org.apache.maven.plugins","artefactId":"maven-enforcer-plugin","version":"1.0","pluginClassName":null},{"__type":"DefaultPlugin","groupId":"org.apache.maven.plugins","artefactId":"maven-checkstyle-plugin","version":"3.1.0","pluginClassName":null},{"__type":"DefaultPlugin","groupId":"org.apache.maven.plugins","artefactId":"maven-compiler-plugin","version":"3.8.0","pluginClassName":null},{"__type":"DefaultPlugin","groupId":"org.apache.maven.plugins","artefactId":"maven-javadoc-plugin","version":"3.0.1","pluginClassName":null},{"__type":"DefaultPlugin","groupId":"org.apache.maven.plugins","artefactId":"maven-release-plugin","version":"2.5.3","pluginClassName":null},{"__type":"DefaultPlugin","groupId":"org.apache.maven.plugins","artefactId":"maven-deploy-plugin","version":"2.8.2","pluginClassName":null},{"__type":"DefaultPlugin","groupId":"org.apache.maven.plugins","artefactId":"maven-shade-plugin","version":"3.2.1","pluginClassName":null},{"__type":"DefaultPlugin","groupId":"org.apache.maven.plugins","artefactId":"maven-clean-plugin","version":"3.2.0","pluginClassName":null},{"__type":"DefaultPlugin","groupId":"org.apache.maven.plugins","artefactId":"maven-resources-plugin","version":"3.3.1","pluginClassName":null},{"__type":"DefaultPlugin","groupId":"org.apache.maven.plugins","artefactId":"maven-jar-plugin","version":"3.4.1","pluginClassName":null},{"__type":"DefaultPlugin","groupId":"org.apache.maven.plugins","artefactId":"maven-surefire-plugin","version":"3.0.0-M5","pluginClassName":null},{"__type":"DefaultPlugin","groupId":"org.apache.maven.plugins","artefactId":"maven-install-plugin","version":"3.1.2","pluginClassName":null},{"__type":"DefaultPlugin","groupId":"org.apache.maven.plugins","artefactId":"maven-site-plugin","version":"3.12.1","pluginClassName":null}],"version":"3.9.12","encoding":"UTF-8","name":"maven","subModules":[],"simpleModuleName":null,"parentModuleName":"com.paritytrading.parity:parity-parent","location":"/home/jbergqvist/diffblue/paritytrading-parity/applications/client","fullModuleName":"com.paritytrading.parity:parity-client"},{"__type":"DefaultProjectModule","junitReport":["/home/jbergqvist/diffblue/paritytrading-parity/applications/fix/target/surefire-reports"],"jacocoReport":["/home/jbergqvist/diffblue/paritytrading-parity/applications/fix/target/site/jacoco/jacoco.xml"],"jacocoDestFile":["/home/jbergqvist/diffblue/paritytrading-parity/applications/fix/target/jacoco.exec"],"jacocoFormats":["xml"],"jacocoSkipped":false,"classpath":["/home/jbergqvist/diffblue/paritytrading-parity/applications/fix/target/classes","/home/jbergqvist/.m2/repository/com/paritytrading/parity/parity-net/0.7.1-SNAPSHOT/parity-net-0.7.1-SNAPSHOT.jar","/home/jbergqvist/.m2/repository/com/paritytrading/parity/parity-util/0.7.1-SNAPSHOT/parity-util-0.7.1-SNAPSHOT.jar","/home/jbergqvist/.m2/repository/com/paritytrading/foundation/foundation/0.3.0/foundation-0.3.0.jar","/home/jbergqvist/.m2/repository/com/paritytrading/nassau/nassau-core/0.13.0/nassau-core-0.13.0.jar","/home/jbergqvist/.m2/repository/com/paritytrading/philadelphia/philadelphia-core/1.2.0/philadelphia-core-1.2.0.jar","/home/jbergqvist/.m2/repository/com/paritytrading/philadelphia/philadelphia-fix44/1.2.0/philadelphia-fix44-1.2.0.jar","/home/jbergqvist/.m2/repository/com/typesafe/config/1.3.1/config-1.3.1.jar","/home/jbergqvist/.m2/repository/joda-time/joda-time/2.10.6/joda-time-2.10.6.jar","/home/jbergqvist/.m2/repository/org/jvirtanen/config/config-extras/0.2.0/config-extras-0.2.0.jar","/home/jbergqvist/.m2/repository/org/jvirtanen/util/util-extras/0.2.0/util-extras-0.2.0.jar","/home/jbergqvist/.m2/repository/com/diffblue/cover/cover-annotations/1.9.0/cover-annotations-1.9.0.jar","/home/jbergqvist/.m2/repository/org/junit/jupiter/junit-jupiter-engine/5.13.4/junit-jupiter-engine-5.13.4.jar","/home/jbergqvist/.m2/repository/org/junit/platform/junit-platform-engine/1.13.4/junit-platform-engine-1.13.4.jar","/home/jbergqvist/.m2/repository/org/opentest4j/opentest4j/1.3.0/opentest4j-1.3.0.jar","/home/jbergqvist/.m2/repository/org/junit/platform/junit-platform-commons/1.13.4/junit-platform-commons-1.13.4.jar","/home/jbergqvist/.m2/repository/org/junit/jupiter/junit-jupiter-api/5.13.4/junit-jupiter-api-5.13.4.jar","/home/jbergqvist/.m2/repository/org/apiguardian/apiguardian-api/1.1.2/apiguardian-api-1.1.2.jar","/home/jbergqvist/.m2/repository/org/mockito/mockito-core/4.11.0/mockito-core-4.11.0.jar","/home/jbergqvist/.m2/repository/net/bytebuddy/byte-buddy/1.12.19/byte-buddy-1.12.19.jar","/home/jbergqvist/.m2/repository/net/bytebuddy/byte-buddy-agent/1.12.19/byte-buddy-agent-1.12.19.jar","/home/jbergqvist/.m2/repository/org/objenesis/objenesis/3.3/objenesis-3.3.jar","/home/jbergqvist/.m2/repository/org/mockito/mockito-junit-jupiter/4.11.0/mockito-junit-jupiter-4.11.0.jar"],"complianceLevel":"1.8","productionSources":["/home/jbergqvist/diffblue/paritytrading-parity/applications/fix/src/main/java"],"testSources":["/home/jbergqvist/diffblue/paritytrading-parity/applications/fix/src/test/java"],"productionClasses":"/home/jbergqvist/diffblue/paritytrading-parity/applications/fix/target/classes","testClasses":"/home/jbergqvist/diffblue/paritytrading-parity/applications/fix/target/test-classes","sourceToBuildPathMap":null,"testSourceToBuildPathMap":null,"buildDirectory":"/home/jbergqvist/diffblue/paritytrading-parity/applications/fix/target","plugins":[{"__type":"DefaultPlugin","groupId":"org.apache.maven.plugins","artefactId":"maven-enforcer-plugin","version":"1.0","pluginClassName":null},{"__type":"DefaultPlugin","groupId":"org.apache.maven.plugins","artefactId":"maven-checkstyle-plugin","version":"3.1.0","pluginClassName":null},{"__type":"DefaultPlugin","groupId":"org.apache.maven.plugins","artefactId":"maven-compiler-plugin","version":"3.8.0","pluginClassName":null},{"__type":"DefaultPlugin","groupId":"org.apache.maven.plugins","artefactId":"maven-javadoc-plugin","version":"3.0.1","pluginClassName":null},{"__type":"DefaultPlugin","groupId":"org.apache.maven.plugins","artefactId":"maven-release-plugin","version":"2.5.3","pluginClassName":null},{"__type":"DefaultPlugin","groupId":"org.apache.maven.plugins","artefactId":"maven-deploy-plugin","version":"2.8.2","pluginClassName":null},{"__type":"DefaultPlugin","groupId":"org.apache.maven.plugins","artefactId":"maven-shade-plugin","version":"3.2.1","pluginClassName":null},{"__type":"DefaultPlugin","groupId":"org.apache.maven.plugins","artefactId":"maven-clean-plugin","version":"3.2.0","pluginClassName":null},{"__type":"DefaultPlugin","groupId":"org.apache.maven.plugins","artefactId":"maven-resources-plugin","version":"3.3.1","pluginClassName":null},{"__type":"DefaultPlugin","groupId":"org.apache.maven.plugins","artefactId":"maven-jar-plugin","version":"3.4.1","pluginClassName":null},{"__type":"DefaultPlugin","groupId":"org.apache.maven.plugins","artefactId":"maven-surefire-plugin","version":"3.0.0-M5","pluginClassName":null},{"__type":"DefaultPlugin","groupId":"org.apache.maven.plugins","artefactId":"maven-install-plugin","version":"3.1.2","pluginClassName":null},{"__type":"DefaultPlugin","groupId":"org.apache.maven.plugins","artefactId":"maven-site-plugin","version":"3.12.1","pluginClassName":null}],"version":"3.9.12","encoding":"UTF-8","name":"maven","subModules":[],"simpleModuleName":null,"parentModuleName":"com.paritytrading.parity:parity-parent","location":"/home/jbergqvist/diffblue/paritytrading-parity/applications/fix","fullModuleName":"com.paritytrading.parity:parity-fix"},{"__type":"DefaultProjectModule","junitReport":["/home/jbergqvist/diffblue/paritytrading-parity/applications/reporter/target/surefire-reports"],"jacocoReport":["/home/jbergqvist/diffblue/paritytrading-parity/applications/reporter/target/site/jacoco/jacoco.xml"],"jacocoDestFile":["/home/jbergqvist/diffblue/paritytrading-parity/applications/reporter/target/jacoco.exec"],"jacocoFormats":["xml"],"jacocoSkipped":false,"classpath":["/home/jbergqvist/diffblue/paritytrading-parity/applications/reporter/target/classes","/home/jbergqvist/.m2/repository/com/paritytrading/parity/parity-net/0.7.1-SNAPSHOT/parity-net-0.7.1-SNAPSHOT.jar","/home/jbergqvist/.m2/repository/com/paritytrading/parity/parity-util/0.7.1-SNAPSHOT/parity-util-0.7.1-SNAPSHOT.jar","/home/jbergqvist/.m2/repository/com/paritytrading/foundation/foundation/0.3.0/foundation-0.3.0.jar","/home/jbergqvist/.m2/repository/com/paritytrading/nassau/nassau-core/0.13.0/nassau-core-0.13.0.jar","/home/jbergqvist/.m2/repository/com/paritytrading/nassau/nassau-util/0.13.0/nassau-util-0.13.0.jar","/home/jbergqvist/.m2/repository/com/typesafe/config/1.3.1/config-1.3.1.jar","/home/jbergqvist/.m2/repository/org/jvirtanen/config/config-extras/0.2.0/config-extras-0.2.0.jar","/home/jbergqvist/.m2/repository/org/jvirtanen/util/util-extras/0.2.0/util-extras-0.2.0.jar","/home/jbergqvist/.m2/repository/com/diffblue/cover/cover-annotations/1.9.0/cover-annotations-1.9.0.jar","/home/jbergqvist/.m2/repository/org/junit/jupiter/junit-jupiter-engine/5.13.4/junit-jupiter-engine-5.13.4.jar","/home/jbergqvist/.m2/repository/org/junit/platform/junit-platform-engine/1.13.4/junit-platform-engine-1.13.4.jar","/home/jbergqvist/.m2/repository/org/opentest4j/opentest4j/1.3.0/opentest4j-1.3.0.jar","/home/jbergqvist/.m2/repository/org/junit/platform/junit-platform-commons/1.13.4/junit-platform-commons-1.13.4.jar","/home/jbergqvist/.m2/repository/org/junit/jupiter/junit-jupiter-api/5.13.4/junit-jupiter-api-5.13.4.jar","/home/jbergqvist/.m2/repository/org/apiguardian/apiguardian-api/1.1.2/apiguardian-api-1.1.2.jar","/home/jbergqvist/.m2/repository/org/mockito/mockito-core/4.11.0/mockito-core-4.11.0.jar","/home/jbergqvist/.m2/repository/net/bytebuddy/byte-buddy/1.12.19/byte-buddy-1.12.19.jar","/home/jbergqvist/.m2/repository/net/bytebuddy/byte-buddy-agent/1.12.19/byte-buddy-agent-1.12.19.jar","/home/jbergqvist/.m2/repository/org/objenesis/objenesis/3.3/objenesis-3.3.jar","/home/jbergqvist/.m2/repository/org/mockito/mockito-junit-jupiter/4.11.0/mockito-junit-jupiter-4.11.0.jar"],"complianceLevel":"1.8","productionSources":["/home/jbergqvist/diffblue/paritytrading-parity/applications/reporter/src/main/java"],"testSources":["/home/jbergqvist/diffblue/paritytrading-parity/applications/reporter/src/test/java"],"productionClasses":"/home/jbergqvist/diffblue/paritytrading-parity/applications/reporter/target/classes","testClasses":"/home/jbergqvist/diffblue/paritytrading-parity/applications/reporter/target/test-classes","sourceToBuildPathMap":null,"testSourceToBuildPathMap":null,"buildDirectory":"/home/jbergqvist/diffblue/paritytrading-parity/applications/reporter/target","plugins":[{"__type":"DefaultPlugin","groupId":"org.apache.maven.plugins","artefactId":"maven-enforcer-plugin","version":"1.0","pluginClassName":null},{"__type":"DefaultPlugin","groupId":"org.apache.maven.plugins","artefactId":"maven-checkstyle-plugin","version":"3.1.0","pluginClassName":null},{"__type":"DefaultPlugin","groupId":"org.apache.maven.plugins","artefactId":"maven-compiler-plugin","version":"3.8.0","pluginClassName":null},{"__type":"DefaultPlugin","groupId":"org.apache.maven.plugins","artefactId":"maven-javadoc-plugin","version":"3.0.1","pluginClassName":null},{"__type":"DefaultPlugin","groupId":"org.apache.maven.plugins","artefactId":"maven-release-plugin","version":"2.5.3","pluginClassName":null},{"__type":"DefaultPlugin","groupId":"org.apache.maven.plugins","artefactId":"maven-deploy-plugin","version":"2.8.2","pluginClassName":null},{"__type":"DefaultPlugin","groupId":"org.apache.maven.plugins","artefactId":"maven-shade-plugin","version":"3.2.1","pluginClassName":null},{"__type":"DefaultPlugin","groupId":"org.apache.maven.plugins","artefactId":"maven-clean-plugin","version":"3.2.0","pluginClassName":null},{"__type":"DefaultPlugin","groupId":"org.apache.maven.plugins","artefactId":"maven-resources-plugin","version":"3.3.1","pluginClassName":null},{"__type":"DefaultPlugin","groupId":"org.apache.maven.plugins","artefactId":"maven-jar-plugin","version":"3.4.1","pluginClassName":null},{"__type":"DefaultPlugin","groupId":"org.apache.maven.plugins","artefactId":"maven-surefire-plugin","version":"3.0.0-M5","pluginClassName":null},{"__type":"DefaultPlugin","groupId":"org.apache.maven.plugins","artefactId":"maven-install-plugin","version":"3.1.2","pluginClassName":null},{"__type":"DefaultPlugin","groupId":"org.apache.maven.plugins","artefactId":"maven-site-plugin","version":"3.12.1","pluginClassName":null}],"version":"3.9.12","encoding":"UTF-8","name":"maven","subModules":[],"simpleModuleName":null,"parentModuleName":"com.paritytrading.parity:parity-parent","location":"/home/jbergqvist/diffblue/paritytrading-parity/applications/reporter","fullModuleName":"com.paritytrading.parity:parity-reporter"},{"__type":"DefaultProjectModule","junitReport":["/home/jbergqvist/diffblue/paritytrading-parity/applications/system/target/surefire-reports"],"jacocoReport":["/home/jbergqvist/diffblue/paritytrading-parity/applications/system/target/site/jacoco/jacoco.xml"],"jacocoDestFile":["/home/jbergqvist/diffblue/paritytrading-parity/applications/system/target/jacoco.exec"],"jacocoFormats":["xml"],"jacocoSkipped":false,"classpath":["/home/jbergqvist/diffblue/paritytrading-parity/applications/system/target/classes","/home/jbergqvist/.m2/repository/com/paritytrading/parity/parity-match/0.7.1-SNAPSHOT/parity-match-0.7.1-SNAPSHOT.jar","/home/jbergqvist/.m2/repository/com/paritytrading/parity/parity-net/0.7.1-SNAPSHOT/parity-net-0.7.1-SNAPSHOT.jar","/home/jbergqvist/.m2/repository/com/paritytrading/foundation/foundation/0.3.0/foundation-0.3.0.jar","/home/jbergqvist/.m2/repository/com/paritytrading/nassau/nassau-core/0.13.0/nassau-core-0.13.0.jar","/home/jbergqvist/.m2/repository/com/typesafe/config/1.3.1/config-1.3.1.jar","/home/jbergqvist/.m2/repository/it/unimi/dsi/fastutil/8.1.0/fastutil-8.1.0.jar","/home/jbergqvist/.m2/repository/org/jvirtanen/config/config-extras/0.2.0/config-extras-0.2.0.jar","/home/jbergqvist/.m2/repository/org/jvirtanen/util/util-extras/0.2.0/util-extras-0.2.0.jar","/home/jbergqvist/.m2/repository/com/diffblue/cover/cover-annotations/1.9.0/cover-annotations-1.9.0.jar","/home/jbergqvist/.m2/repository/org/junit/jupiter/junit-jupiter-engine/5.13.4/junit-jupiter-engine-5.13.4.jar","/home/jbergqvist/.m2/repository/org/junit/platform/junit-platform-engine/1.13.4/junit-platform-engine-1.13.4.jar","/home/jbergqvist/.m2/repository/org/opentest4j/opentest4j/1.3.0/opentest4j-1.3.0.jar","/home/jbergqvist/.m2/repository/org/junit/platform/junit-platform-commons/1.13.4/junit-platform-commons-1.13.4.jar","/home/jbergqvist/.m2/repository/org/junit/jupiter/junit-jupiter-api/5.13.4/junit-jupiter-api-5.13.4.jar","/home/jbergqvist/.m2/repository/org/apiguardian/apiguardian-api/1.1.2/apiguardian-api-1.1.2.jar","/home/jbergqvist/.m2/repository/org/mockito/mockito-core/4.11.0/mockito-core-4.11.0.jar","/home/jbergqvist/.m2/repository/net/bytebuddy/byte-buddy/1.12.19/byte-buddy-1.12.19.jar","/home/jbergqvist/.m2/repository/net/bytebuddy/byte-buddy-agent/1.12.19/byte-buddy-agent-1.12.19.jar","/home/jbergqvist/.m2/repository/org/objenesis/objenesis/3.3/objenesis-3.3.jar","/home/jbergqvist/.m2/repository/org/mockito/mockito-junit-jupiter/4.11.0/mockito-junit-jupiter-4.11.0.jar"],"complianceLevel":"1.8","productionSources":["/home/jbergqvist/diffblue/paritytrading-parity/applications/system/src/main/java"],"testSources":["/home/jbergqvist/diffblue/paritytrading-parity/applications/system/src/test/java"],"productionClasses":"/home/jbergqvist/diffblue/paritytrading-parity/applications/system/target/classes","testClasses":"/home/jbergqvist/diffblue/paritytrading-parity/applications/system/target/test-classes","sourceToBuildPathMap":null,"testSourceToBuildPathMap":null,"buildDirectory":"/home/jbergqvist/diffblue/paritytrading-parity/applications/system/target","plugins":[{"__type":"DefaultPlugin","groupId":"org.apache.maven.plugins","artefactId":"maven-enforcer-plugin","version":"1.0","pluginClassName":null},{"__type":"DefaultPlugin","groupId":"org.apache.maven.plugins","artefactId":"maven-checkstyle-plugin","version":"3.1.0","pluginClassName":null},{"__type":"DefaultPlugin","groupId":"org.apache.maven.plugins","artefactId":"maven-compiler-plugin","version":"3.8.0","pluginClassName":null},{"__type":"DefaultPlugin","groupId":"org.apache.maven.plugins","artefactId":"maven-javadoc-plugin","version":"3.0.1","pluginClassName":null},{"__type":"DefaultPlugin","groupId":"org.apache.maven.plugins","artefactId":"maven-release-plugin","version":"2.5.3","pluginClassName":null},{"__type":"DefaultPlugin","groupId":"org.apache.maven.plugins","artefactId":"maven-deploy-plugin","version":"2.8.2","pluginClassName":null},{"__type":"DefaultPlugin","groupId":"org.apache.maven.plugins","artefactId":"maven-shade-plugin","version":"3.2.1","pluginClassName":null},{"__type":"DefaultPlugin","groupId":"org.apache.maven.plugins","artefactId":"maven-clean-plugin","version":"3.2.0","pluginClassName":null},{"__type":"DefaultPlugin","groupId":"org.apache.maven.plugins","artefactId":"maven-resources-plugin","version":"3.3.1","pluginClassName":null},{"__type":"DefaultPlugin","groupId":"org.apache.maven.plugins","artefactId":"maven-jar-plugin","version":"3.4.1","pluginClassName":null},{"__type":"DefaultPlugin","groupId":"org.apache.maven.plugins","artefactId":"maven-surefire-plugin","version":"3.0.0-M5","pluginClassName":null},{"__type":"DefaultPlugin","groupId":"org.apache.maven.plugins","artefactId":"maven-install-plugin","version":"3.1.2","pluginClassName":null},{"__type":"DefaultPlugin","groupId":"org.apache.maven.plugins","artefactId":"maven-site-plugin","version":"3.12.1","pluginClassName":null}],"version":"3.9.12","encoding":"UTF-8","name":"maven","subModules":[],"simpleModuleName":null,"parentModuleName":"com.paritytrading.parity:parity-parent","location":"/home/jbergqvist/diffblue/paritytrading-parity/applications/system","fullModuleName":"com.paritytrading.parity:parity-system"},{"__type":"DefaultProjectModule","junitReport":["/home/jbergqvist/diffblue/paritytrading-parity/applications/ticker/target/surefire-reports"],"jacocoReport":["/home/jbergqvist/diffblue/paritytrading-parity/applications/ticker/target/site/jacoco/jacoco.xml"],"jacocoDestFile":["/home/jbergqvist/diffblue/paritytrading-parity/applications/ticker/target/jacoco.exec"],"jacocoFormats":["xml"],"jacocoSkipped":false,"classpath":["/home/jbergqvist/diffblue/paritytrading-parity/applications/ticker/target/classes","/home/jbergqvist/.m2/repository/com/paritytrading/parity/parity-book/0.7.1-SNAPSHOT/parity-book-0.7.1-SNAPSHOT.jar","/home/jbergqvist/.m2/repository/it/unimi/dsi/fastutil/8.1.0/fastutil-8.1.0.jar","/home/jbergqvist/.m2/repository/com/paritytrading/parity/parity-file/0.7.1-SNAPSHOT/parity-file-0.7.1-SNAPSHOT.jar","/home/jbergqvist/.m2/repository/com/paritytrading/parity/parity-net/0.7.1-SNAPSHOT/parity-net-0.7.1-SNAPSHOT.jar","/home/jbergqvist/.m2/repository/com/paritytrading/parity/parity-util/0.7.1-SNAPSHOT/parity-util-0.7.1-SNAPSHOT.jar","/home/jbergqvist/.m2/repository/com/paritytrading/foundation/foundation/0.3.0/foundation-0.3.0.jar","/home/jbergqvist/.m2/repository/com/paritytrading/nassau/nassau-core/0.13.0/nassau-core-0.13.0.jar","/home/jbergqvist/.m2/repository/com/paritytrading/nassau/nassau-util/0.13.0/nassau-util-0.13.0.jar","/home/jbergqvist/.m2/repository/com/typesafe/config/1.3.1/config-1.3.1.jar","/home/jbergqvist/.m2/repository/org/jvirtanen/config/config-extras/0.2.0/config-extras-0.2.0.jar","/home/jbergqvist/.m2/repository/org/jvirtanen/util/util-extras/0.2.0/util-extras-0.2.0.jar","/home/jbergqvist/.m2/repository/com/diffblue/cover/cover-annotations/1.9.0/cover-annotations-1.9.0.jar","/home/jbergqvist/.m2/repository/org/junit/jupiter/junit-jupiter-engine/5.13.4/junit-jupiter-engine-5.13.4.jar","/home/jbergqvist/.m2/repository/org/junit/platform/junit-platform-engine/1.13.4/junit-platform-engine-1.13.4.jar","/home/jbergqvist/.m2/repository/org/opentest4j/opentest4j/1.3.0/opentest4j-1.3.0.jar","/home/jbergqvist/.m2/repository/org/junit/platform/junit-platform-commons/1.13.4/junit-platform-commons-1.13.4.jar","/home/jbergqvist/.m2/repository/org/junit/jupiter/junit-jupiter-api/5.13.4/junit-jupiter-api-5.13.4.jar","/home/jbergqvist/.m2/repository/org/apiguardian/apiguardian-api/1.1.2/apiguardian-api-1.1.2.jar","/home/jbergqvist/.m2/repository/org/mockito/mockito-core/4.11.0/mockito-core-4.11.0.jar","/home/jbergqvist/.m2/repository/net/bytebuddy/byte-buddy/1.12.19/byte-buddy-1.12.19.jar","/home/jbergqvist/.m2/repository/net/bytebuddy/byte-buddy-agent/1.12.19/byte-buddy-agent-1.12.19.jar","/home/jbergqvist/.m2/repository/org/objenesis/objenesis/3.3/objenesis-3.3.jar","/home/jbergqvist/.m2/repository/org/mockito/mockito-junit-jupiter/4.11.0/mockito-junit-jupiter-4.11.0.jar"],"complianceLevel":"1.8","productionSources":["/home/jbergqvist/diffblue/paritytrading-parity/applications/ticker/src/main/java"],"testSources":["/home/jbergqvist/diffblue/paritytrading-parity/applications/ticker/src/test/java"],"productionClasses":"/home/jbergqvist/diffblue/paritytrading-parity/applications/ticker/target/classes","testClasses":"/home/jbergqvist/diffblue/paritytrading-parity/applications/ticker/target/test-classes","sourceToBuildPathMap":null,"testSourceToBuildPathMap":null,"buildDirectory":"/home/jbergqvist/diffblue/paritytrading-parity/applications/ticker/target","plugins":[{"__type":"DefaultPlugin","groupId":"org.apache.maven.plugins","artefactId":"maven-enforcer-plugin","version":"1.0","pluginClassName":null},{"__type":"DefaultPlugin","groupId":"org.apache.maven.plugins","artefactId":"maven-checkstyle-plugin","version":"3.1.0","pluginClassName":null},{"__type":"DefaultPlugin","groupId":"org.apache.maven.plugins","artefactId":"maven-compiler-plugin","version":"3.8.0","pluginClassName":null},{"__type":"DefaultPlugin","groupId":"org.apache.maven.plugins","artefactId":"maven-javadoc-plugin","version":"3.0.1","pluginClassName":null},{"__type":"DefaultPlugin","groupId":"org.apache.maven.plugins","artefactId":"maven-release-plugin","version":"2.5.3","pluginClassName":null},{"__type":"DefaultPlugin","groupId":"org.apache.maven.plugins","artefactId":"maven-deploy-plugin","version":"2.8.2","pluginClassName":null},{"__type":"DefaultPlugin","groupId":"org.apache.maven.plugins","artefactId":"maven-shade-plugin","version":"3.2.1","pluginClassName":null},{"__type":"DefaultPlugin","groupId":"org.apache.maven.plugins","artefactId":"maven-clean-plugin","version":"3.2.0","pluginClassName":null},{"__type":"DefaultPlugin","groupId":"org.apache.maven.plugins","artefactId":"maven-resources-plugin","version":"3.3.1","pluginClassName":null},{"__type":"DefaultPlugin","groupId":"org.apache.maven.plugins","artefactId":"maven-jar-plugin","version":"3.4.1","pluginClassName":null},{"__type":"DefaultPlugin","groupId":"org.apache.maven.plugins","artefactId":"maven-surefire-plugin","version":"3.0.0-M5","pluginClassName":null},{"__type":"DefaultPlugin","groupId":"org.apache.maven.plugins","artefactId":"maven-install-plugin","version":"3.1.2","pluginClassName":null},{"__type":"DefaultPlugin","groupId":"org.apache.maven.plugins","artefactId":"maven-site-plugin","version":"3.12.1","pluginClassName":null}],"version":"3.9.12","encoding":"UTF-8","name":"maven","subModules":[],"simpleModuleName":null,"parentModuleName":"com.paritytrading.parity:parity-parent","location":"/home/jbergqvist/diffblue/paritytrading-parity/applications/ticker","fullModuleName":"com.paritytrading.parity:parity-ticker"},{"__type":"DefaultProjectModule","junitReport":["/home/jbergqvist/diffblue/paritytrading-parity/tests/book-perf-test/target/surefire-reports"],"jacocoReport":["/home/jbergqvist/diffblue/paritytrading-parity/tests/book-perf-test/target/site/jacoco/jacoco.xml"],"jacocoDestFile":["/home/jbergqvist/diffblue/paritytrading-parity/tests/book-perf-test/target/jacoco.exec"],"jacocoFormats":["xml"],"jacocoSkipped":false,"classpath":["/home/jbergqvist/diffblue/paritytrading-parity/tests/book-perf-test/target/classes","/home/jbergqvist/.m2/repository/com/paritytrading/parity/parity-book/0.7.1-SNAPSHOT/parity-book-0.7.1-SNAPSHOT.jar","/home/jbergqvist/.m2/repository/it/unimi/dsi/fastutil/8.1.0/fastutil-8.1.0.jar","/home/jbergqvist/.m2/repository/org/openjdk/jmh/jmh-core/1.19/jmh-core-1.19.jar","/home/jbergqvist/.m2/repository/net/sf/jopt-simple/jopt-simple/4.6/jopt-simple-4.6.jar","/home/jbergqvist/.m2/repository/org/apache/commons/commons-math3/3.2/commons-math3-3.2.jar","/home/jbergqvist/.m2/repository/com/diffblue/cover/cover-annotations/1.9.0/cover-annotations-1.9.0.jar","/home/jbergqvist/.m2/repository/org/openjdk/jmh/jmh-generator-annprocess/1.19/jmh-generator-annprocess-1.19.jar","/home/jbergqvist/.m2/repository/org/junit/jupiter/junit-jupiter-engine/5.13.4/junit-jupiter-engine-5.13.4.jar","/home/jbergqvist/.m2/repository/org/junit/platform/junit-platform-engine/1.13.4/junit-platform-engine-1.13.4.jar","/home/jbergqvist/.m2/repository/org/opentest4j/opentest4j/1.3.0/opentest4j-1.3.0.jar","/home/jbergqvist/.m2/repository/org/junit/platform/junit-platform-commons/1.13.4/junit-platform-commons-1.13.4.jar","/home/jbergqvist/.m2/repository/org/junit/jupiter/junit-jupiter-api/5.13.4/junit-jupiter-api-5.13.4.jar","/home/jbergqvist/.m2/repository/org/apiguardian/apiguardian-api/1.1.2/apiguardian-api-1.1.2.jar","/home/jbergqvist/.m2/repository/org/mockito/mockito-core/4.11.0/mockito-core-4.11.0.jar","/home/jbergqvist/.m2/repository/net/bytebuddy/byte-buddy/1.12.19/byte-buddy-1.12.19.jar","/home/jbergqvist/.m2/repository/net/bytebuddy/byte-buddy-agent/1.12.19/byte-buddy-agent-1.12.19.jar","/home/jbergqvist/.m2/repository/org/objenesis/objenesis/3.3/objenesis-3.3.jar","/home/jbergqvist/.m2/repository/org/mockito/mockito-junit-jupiter/4.11.0/mockito-junit-jupiter-4.11.0.jar"],"complianceLevel":"1.8","productionSources":["/home/jbergqvist/diffblue/paritytrading-parity/tests/book-perf-test/src/main/java"],"testSources":["/home/jbergqvist/diffblue/paritytrading-parity/tests/book-perf-test/src/test/java"],"productionClasses":"/home/jbergqvist/diffblue/paritytrading-parity/tests/book-perf-test/target/classes","testClasses":"/home/jbergqvist/diffblue/paritytrading-parity/tests/book-perf-test/target/test-classes","sourceToBuildPathMap":null,"testSourceToBuildPathMap":null,"buildDirectory":"/home/jbergqvist/diffblue/paritytrading-parity/tests/book-perf-test/target","plugins":[{"__type":"DefaultPlugin","groupId":"org.apache.maven.plugins","artefactId":"maven-enforcer-plugin","version":"1.0","pluginClassName":null},{"__type":"DefaultPlugin","groupId":"org.apache.maven.plugins","artefactId":"maven-checkstyle-plugin","version":"3.1.0","pluginClassName":null},{"__type":"DefaultPlugin","groupId":"org.apache.maven.plugins","artefactId":"maven-compiler-plugin","version":"3.8.0","pluginClassName":null},{"__type":"DefaultPlugin","groupId":"org.apache.maven.plugins","artefactId":"maven-javadoc-plugin","version":"3.0.1","pluginClassName":null},{"__type":"DefaultPlugin","groupId":"org.apache.maven.plugins","artefactId":"maven-release-plugin","version":"2.5.3","pluginClassName":null},{"__type":"DefaultPlugin","groupId":"org.apache.maven.plugins","artefactId":"maven-deploy-plugin","version":"2.8.2","pluginClassName":null},{"__type":"DefaultPlugin","groupId":"org.apache.maven.plugins","artefactId":"maven-shade-plugin","version":"3.2.1","pluginClassName":null},{"__type":"DefaultPlugin","groupId":"org.apache.maven.plugins","artefactId":"maven-clean-plugin","version":"3.2.0","pluginClassName":null},{"__type":"DefaultPlugin","groupId":"org.apache.maven.plugins","artefactId":"maven-resources-plugin","version":"3.3.1","pluginClassName":null},{"__type":"DefaultPlugin","groupId":"org.apache.maven.plugins","artefactId":"maven-jar-plugin","version":"3.4.1","pluginClassName":null},{"__type":"DefaultPlugin","groupId":"org.apache.maven.plugins","artefactId":"maven-surefire-plugin","version":"3.0.0-M5","pluginClassName":null},{"__type":"DefaultPlugin","groupId":"org.apache.maven.plugins","artefactId":"maven-install-plugin","version":"3.1.2","pluginClassName":null},{"__type":"DefaultPlugin","groupId":"org.apache.maven.plugins","artefactId":"maven-site-plugin","version":"3.12.1","pluginClassName":null}],"version":"3.9.12","encoding":"UTF-8","name":"maven","subModules":[],"simpleModuleName":null,"parentModuleName":"com.paritytrading.parity:parity-parent","location":"/home/jbergqvist/diffblue/paritytrading-parity/tests/book-perf-test","fullModuleName":"com.paritytrading.parity:parity-book-perf-test"},{"__type":"DefaultProjectModule","junitReport":["/home/jbergqvist/diffblue/paritytrading-parity/tests/match-perf-test/target/surefire-reports"],"jacocoReport":["/home/jbergqvist/diffblue/paritytrading-parity/tests/match-perf-test/target/site/jacoco/jacoco.xml"],"jacocoDestFile":["/home/jbergqvist/diffblue/paritytrading-parity/tests/match-perf-test/target/jacoco.exec"],"jacocoFormats":["xml"],"jacocoSkipped":false,"classpath":["/home/jbergqvist/diffblue/paritytrading-parity/tests/match-perf-test/target/classes","/home/jbergqvist/.m2/repository/com/paritytrading/parity/parity-match/0.7.1-SNAPSHOT/parity-match-0.7.1-SNAPSHOT.jar","/home/jbergqvist/.m2/repository/it/unimi/dsi/fastutil/8.1.0/fastutil-8.1.0.jar","/home/jbergqvist/.m2/repository/org/openjdk/jmh/jmh-core/1.19/jmh-core-1.19.jar","/home/jbergqvist/.m2/repository/net/sf/jopt-simple/jopt-simple/4.6/jopt-simple-4.6.jar","/home/jbergqvist/.m2/repository/org/apache/commons/commons-math3/3.2/commons-math3-3.2.jar","/home/jbergqvist/.m2/repository/com/diffblue/cover/cover-annotations/1.9.0/cover-annotations-1.9.0.jar","/home/jbergqvist/.m2/repository/org/openjdk/jmh/jmh-generator-annprocess/1.19/jmh-generator-annprocess-1.19.jar","/home/jbergqvist/.m2/repository/org/junit/jupiter/junit-jupiter-engine/5.13.4/junit-jupiter-engine-5.13.4.jar","/home/jbergqvist/.m2/repository/org/junit/platform/junit-platform-engine/1.13.4/junit-platform-engine-1.13.4.jar","/home/jbergqvist/.m2/repository/org/opentest4j/opentest4j/1.3.0/opentest4j-1.3.0.jar","/home/jbergqvist/.m2/repository/org/junit/platform/junit-platform-commons/1.13.4/junit-platform-commons-1.13.4.jar","/home/jbergqvist/.m2/repository/org/junit/jupiter/junit-jupiter-api/5.13.4/junit-jupiter-api-5.13.4.jar","/home/jbergqvist/.m2/repository/org/apiguardian/apiguardian-api/1.1.2/apiguardian-api-1.1.2.jar","/home/jbergqvist/.m2/repository/org/mockito/mockito-core/4.11.0/mockito-core-4.11.0.jar","/home/jbergqvist/.m2/repository/net/bytebuddy/byte-buddy/1.12.19/byte-buddy-1.12.19.jar","/home/jbergqvist/.m2/repository/net/bytebuddy/byte-buddy-agent/1.12.19/byte-buddy-agent-1.12.19.jar","/home/jbergqvist/.m2/repository/org/objenesis/objenesis/3.3/objenesis-3.3.jar","/home/jbergqvist/.m2/repository/org/mockito/mockito-junit-jupiter/4.11.0/mockito-junit-jupiter-4.11.0.jar"],"complianceLevel":"1.8","productionSources":["/home/jbergqvist/diffblue/paritytrading-parity/tests/match-perf-test/src/main/java"],"testSources":["/home/jbergqvist/diffblue/paritytrading-parity/tests/match-perf-test/src/test/java"],"productionClasses":"/home/jbergqvist/diffblue/paritytrading-parity/tests/match-perf-test/target/classes","testClasses":"/home/jbergqvist/diffblue/paritytrading-parity/tests/match-perf-test/target/test-classes","sourceToBuildPathMap":null,"testSourceToBuildPathMap":null,"buildDirectory":"/home/jbergqvist/diffblue/paritytrading-parity/tests/match-perf-test/target","plugins":[{"__type":"DefaultPlugin","groupId":"org.apache.maven.plugins","artefactId":"maven-enforcer-plugin","version":"1.0","pluginClassName":null},{"__type":"DefaultPlugin","groupId":"org.apache.maven.plugins","artefactId":"maven-checkstyle-plugin","version":"3.1.0","pluginClassName":null},{"__type":"DefaultPlugin","groupId":"org.apache.maven.plugins","artefactId":"maven-compiler-plugin","version":"3.8.0","pluginClassName":null},{"__type":"DefaultPlugin","groupId":"org.apache.maven.plugins","artefactId":"maven-javadoc-plugin","version":"3.0.1","pluginClassName":null},{"__type":"DefaultPlugin","groupId":"org.apache.maven.plugins","artefactId":"maven-release-plugin","version":"2.5.3","pluginClassName":null},{"__type":"DefaultPlugin","groupId":"org.apache.maven.plugins","artefactId":"maven-deploy-plugin","version":"2.8.2","pluginClassName":null},{"__type":"DefaultPlugin","groupId":"org.apache.maven.plugins","artefactId":"maven-shade-plugin","version":"3.2.1","pluginClassName":null},{"__type":"DefaultPlugin","groupId":"org.apache.maven.plugins","artefactId":"maven-clean-plugin","version":"3.2.0","pluginClassName":null},{"__type":"DefaultPlugin","groupId":"org.apache.maven.plugins","artefactId":"maven-resources-plugin","version":"3.3.1","pluginClassName":null},{"__type":"DefaultPlugin","groupId":"org.apache.maven.plugins","artefactId":"maven-jar-plugin","version":"3.4.1","pluginClassName":null},{"__type":"DefaultPlugin","groupId":"org.apache.maven.plugins","artefactId":"maven-surefire-plugin","version":"3.0.0-M5","pluginClassName":null},{"__type":"DefaultPlugin","groupId":"org.apache.maven.plugins","artefactId":"maven-install-plugin","version":"3.1.2","pluginClassName":null},{"__type":"DefaultPlugin","groupId":"org.apache.maven.plugins","artefactId":"maven-site-plugin","version":"3.12.1","pluginClassName":null}],"version":"3.9.12","encoding":"UTF-8","name":"maven","subModules":[],"simpleModuleName":null,"parentModuleName":"com.paritytrading.parity:parity-parent","location":"/home/jbergqvist/diffblue/paritytrading-parity/tests/match-perf-test","fullModuleName":"com.paritytrading.parity:parity-match-perf-test"}],"simpleModuleName":null,"parentModuleName":"org.sonatype.oss:oss-parent","location":"/home/jbergqvist/diffblue/paritytrading-parity","fullModuleName":"com.paritytrading.parity:parity-parent"}}
10:21:13.123 [INFO]   [Checking]    [maven:out]         [com.diffblue.cover.buildsystem.config.a.a] out: [INFO] ------------------------------------------------------------------------
10:21:13.124 [INFO]   [Checking]    [maven:out]         [com.diffblue.cover.buildsystem.config.a.a] out: [INFO] Reactor Summary for Parity (Parent) 0.7.1-SNAPSHOT:
10:21:13.124 [INFO]   [Checking]    [maven:out]         [com.diffblue.cover.buildsystem.config.a.a] out: [INFO] 
10:21:13.124 [INFO]   [Checking]    [maven:out]         [com.diffblue.cover.buildsystem.config.a.a] out: [INFO] Parity (Parent) .................................... SUCCESS [  0.583 s]
10:21:13.124 [INFO]   [Checking]    [maven:out]         [com.diffblue.cover.buildsystem.config.a.a] out: [INFO] Parity Order Book .................................. SUCCESS [  0.041 s]
10:21:13.124 [INFO]   [Checking]    [maven:out]         [com.diffblue.cover.buildsystem.config.a.a] out: [INFO] Parity File Formats ................................ SUCCESS [  0.011 s]
10:21:13.124 [INFO]   [Checking]    [maven:out]         [com.diffblue.cover.buildsystem.config.a.a] out: [INFO] Parity Matching Algorithm .......................... SUCCESS [  0.012 s]
10:21:13.124 [INFO]   [Checking]    [maven:out]         [com.diffblue.cover.buildsystem.config.a.a] out: [INFO] Parity Network Protocols ........................... SUCCESS [  0.013 s]
10:21:13.124 [INFO]   [Checking]    [maven:out]         [com.diffblue.cover.buildsystem.config.a.a] out: [INFO] Parity Utilities ................................... SUCCESS [  0.007 s]
10:21:13.124 [INFO]   [Checking]    [maven:out]         [com.diffblue.cover.buildsystem.config.a.a] out: [INFO] Parity Terminal Client ............................. SUCCESS [  0.014 s]
10:21:13.124 [INFO]   [Checking]    [maven:out]         [com.diffblue.cover.buildsystem.config.a.a] out: [INFO] Parity FIX Gateway ................................. SUCCESS [  0.010 s]
10:21:13.124 [INFO]   [Checking]    [maven:out]         [com.diffblue.cover.buildsystem.config.a.a] out: [INFO] Parity Trade Reporter .............................. SUCCESS [  0.007 s]
10:21:13.124 [INFO]   [Checking]    [maven:out]         [com.diffblue.cover.buildsystem.config.a.a] out: [INFO] Parity Trading System .............................. SUCCESS [  0.010 s]
10:21:13.124 [INFO]   [Checking]    [maven:out]         [com.diffblue.cover.buildsystem.config.a.a] out: [INFO] Parity Stock Ticker ................................ SUCCESS [  0.009 s]
10:21:13.124 [INFO]   [Checking]    [maven:out]         [com.diffblue.cover.buildsystem.config.a.a] out: [INFO] Parity Order Book Performance Test ................. SUCCESS [  0.012 s]
10:21:13.124 [INFO]   [Checking]    [maven:out]         [com.diffblue.cover.buildsystem.config.a.a] out: [INFO] Parity Matching Algorithm Performance Test ......... SUCCESS [  0.009 s]
10:21:13.124 [INFO]   [Checking]    [maven:out]         [com.diffblue.cover.buildsystem.config.a.a] out: [INFO] ------------------------------------------------------------------------
10:21:13.124 [INFO]   [Checking]    [maven:out]         [com.diffblue.cover.buildsystem.config.a.a] out: [INFO] BUILD SUCCESS
10:21:13.125 [INFO]   [Checking]    [maven:out]         [com.diffblue.cover.buildsystem.config.a.a] out: [INFO] ------------------------------------------------------------------------
10:21:13.125 [INFO]   [Checking]    [maven:out]         [com.diffblue.cover.buildsystem.config.a.a] out: [INFO] Total time:  0.931 s
10:21:13.125 [INFO]   [Checking]    [maven:out]         [com.diffblue.cover.buildsystem.config.a.a] out: [INFO] Finished at: 2026-01-20T10:21:13Z
10:21:13.125 [INFO]   [Checking]    [maven:out]         [com.diffblue.cover.buildsystem.config.a.a] out: [INFO] ------------------------------------------------------------------------
10:21:13.125 [INFO]   [Checking]    [maven:out]         [com.diffblue.cover.buildsystem.internal.f.f] deserializing line [DIFFBLUE]{"__type":"com.diffblue.cover.buildsystem.model.ProjectInfoMessage","projectName":"com.paritytrading.parity:parity-parent","productionSources":["/home/jbergqvist/diffblue/paritytrading-parity/src/main/java"],"testSources":["/home/jbergqvist/diffblue/paritytrading-parity/src/test/java"],"location":"/home/jbergqvist/diffblue/paritytrading-parity"}
10:21:13.126 [INFO]   [Checking]    [maven:out]         [com.diffblue.cover.buildsystem.internal.f.f] deserializing line [DIFFBLUE]{"__type":"com.diffblue.cover.buildsystem.model.ProjectInfoMessage","projectName":"com.paritytrading.parity:parity-book","productionSources":["/home/jbergqvist/diffblue/paritytrading-parity/libraries/book/src/main/java"],"testSources":["/home/jbergqvist/diffblue/paritytrading-parity/libraries/book/src/test/java"],"location":"/home/jbergqvist/diffblue/paritytrading-parity/libraries/book"}
10:21:13.127 [INFO]   [Checking]    [maven:out]         [com.diffblue.cover.buildsystem.internal.f.f] deserializing line [DIFFBLUE]{"__type":"com.diffblue.cover.buildsystem.model.ProjectInfoMessage","projectName":"com.paritytrading.parity:parity-file","productionSources":["/home/jbergqvist/diffblue/paritytrading-parity/libraries/file/src/main/java"],"testSources":["/home/jbergqvist/diffblue/paritytrading-parity/libraries/file/src/test/java"],"location":"/home/jbergqvist/diffblue/paritytrading-parity/libraries/file"}
10:21:13.127 [INFO]   [Checking]    [maven:out]         [com.diffblue.cover.buildsystem.internal.f.f] deserializing line [DIFFBLUE]{"__type":"com.diffblue.cover.buildsystem.model.ProjectInfoMessage","projectName":"com.paritytrading.parity:parity-match","productionSources":["/home/jbergqvist/diffblue/paritytrading-parity/libraries/match/src/main/java"],"testSources":["/home/jbergqvist/diffblue/paritytrading-parity/libraries/match/src/test/java"],"location":"/home/jbergqvist/diffblue/paritytrading-parity/libraries/match"}
10:21:13.128 [INFO]   [Checking]    [maven:out]         [com.diffblue.cover.buildsystem.internal.f.f] deserializing line [DIFFBLUE]{"__type":"com.diffblue.cover.buildsystem.model.ProjectInfoMessage","projectName":"com.paritytrading.parity:parity-net","productionSources":["/home/jbergqvist/diffblue/paritytrading-parity/libraries/net/src/main/java"],"testSources":["/home/jbergqvist/diffblue/paritytrading-parity/libraries/net/src/test/java"],"location":"/home/jbergqvist/diffblue/paritytrading-parity/libraries/net"}
10:21:13.129 [INFO]   [Checking]    [maven:out]         [com.diffblue.cover.buildsystem.internal.f.f] deserializing line [DIFFBLUE]{"__type":"com.diffblue.cover.buildsystem.model.ProjectInfoMessage","projectName":"com.paritytrading.parity:parity-util","productionSources":["/home/jbergqvist/diffblue/paritytrading-parity/libraries/util/src/main/java"],"testSources":["/home/jbergqvist/diffblue/paritytrading-parity/libraries/util/src/test/java"],"location":"/home/jbergqvist/diffblue/paritytrading-parity/libraries/util"}
10:21:13.130 [INFO]   [Checking]    [maven:out]         [com.diffblue.cover.buildsystem.internal.f.f] deserializing line [DIFFBLUE]{"__type":"com.diffblue.cover.buildsystem.model.ProjectInfoMessage","projectName":"com.paritytrading.parity:parity-client","productionSources":["/home/jbergqvist/diffblue/paritytrading-parity/applications/client/src/main/java"],"testSources":["/home/jbergqvist/diffblue/paritytrading-parity/applications/client/src/test/java"],"location":"/home/jbergqvist/diffblue/paritytrading-parity/applications/client"}
10:21:13.130 [INFO]   [Checking]    [maven:out]         [com.diffblue.cover.buildsystem.internal.f.f] deserializing line [DIFFBLUE]{"__type":"com.diffblue.cover.buildsystem.model.ProjectInfoMessage","projectName":"com.paritytrading.parity:parity-fix","productionSources":["/home/jbergqvist/diffblue/paritytrading-parity/applications/fix/src/main/java"],"testSources":["/home/jbergqvist/diffblue/paritytrading-parity/applications/fix/src/test/java"],"location":"/home/jbergqvist/diffblue/paritytrading-parity/applications/fix"}
10:21:13.131 [INFO]   [Checking]    [maven:out]         [com.diffblue.cover.buildsystem.internal.f.f] deserializing line [DIFFBLUE]{"__type":"com.diffblue.cover.buildsystem.model.ProjectInfoMessage","projectName":"com.paritytrading.parity:parity-reporter","productionSources":["/home/jbergqvist/diffblue/paritytrading-parity/applications/reporter/src/main/java"],"testSources":["/home/jbergqvist/diffblue/paritytrading-parity/applications/reporter/src/test/java"],"location":"/home/jbergqvist/diffblue/paritytrading-parity/applications/reporter"}
10:21:13.132 [INFO]   [Checking]    [maven:out]         [com.diffblue.cover.buildsystem.internal.f.f] deserializing line [DIFFBLUE]{"__type":"com.diffblue.cover.buildsystem.model.ProjectInfoMessage","projectName":"com.paritytrading.parity:parity-system","productionSources":["/home/jbergqvist/diffblue/paritytrading-parity/applications/system/src/main/java"],"testSources":["/home/jbergqvist/diffblue/paritytrading-parity/applications/system/src/test/java"],"location":"/home/jbergqvist/diffblue/paritytrading-parity/applications/system"}
10:21:13.133 [INFO]   [Checking]    [maven:out]         [com.diffblue.cover.buildsystem.internal.f.f] deserializing line [DIFFBLUE]{"__type":"com.diffblue.cover.buildsystem.model.ProjectInfoMessage","projectName":"com.paritytrading.parity:parity-ticker","productionSources":["/home/jbergqvist/diffblue/paritytrading-parity/applications/ticker/src/main/java"],"testSources":["/home/jbergqvist/diffblue/paritytrading-parity/applications/ticker/src/test/java"],"location":"/home/jbergqvist/diffblue/paritytrading-parity/applications/ticker"}
10:21:13.133 [INFO]   [Checking]    [maven:out]         [com.diffblue.cover.buildsystem.internal.f.f] deserializing line [DIFFBLUE]{"__type":"com.diffblue.cover.buildsystem.model.ProjectInfoMessage","projectName":"com.paritytrading.parity:parity-book-perf-test","productionSources":["/home/jbergqvist/diffblue/paritytrading-parity/tests/book-perf-test/src/main/java"],"testSources":["/home/jbergqvist/diffblue/paritytrading-parity/tests/book-perf-test/src/test/java"],"location":"/home/jbergqvist/diffblue/paritytrading-parity/tests/book-perf-test"}
10:21:13.134 [INFO]   [Checking]    [maven:out]         [com.diffblue.cover.buildsystem.internal.f.f] deserializing line [DIFFBLUE]{"__type":"com.diffblue.cover.buildsystem.model.ProjectInfoMessage","projectName":"com.paritytrading.parity:parity-match-perf-test","productionSources":["/home/jbergqvist/diffblue/paritytrading-parity/tests/match-perf-test/src/main/java"],"testSources":["/home/jbergqvist/diffblue/paritytrading-parity/tests/match-perf-test/src/test/java"],"location":"/home/jbergqvist/diffblue/paritytrading-parity/tests/match-perf-test"}
10:21:13.159 [INFO]   [Checking]    [main]              [com.diffblue.cover.buildsystem.internal.f.d] maven:err process not stopped, joining thread
10:21:13.159 [INFO]   [Checking]    [main]              [com.diffblue.cover.buildsystem.internal.f.d] maven:out process not stopped, joining thread
10:21:13.160 [DEBUG]  [Checking]    [main]              [com.diffblue.cover.buildsystem.config.a.a] Executor spent 1s on command "/home/jbergqvist/.sdkman/candidates/maven/current/bin/mvn -Dmaven.ext.class.path=/opt/cover/cover-buildsystem-maven-spy-jar-with-dependencies.jar -Dcom.diffblue.cover.skipTests=true -DskipTestOptimizer --batch-mode --global-settings=/home/jbergqvist/.sdkman/candidates/maven/current/conf/settings.xml dependency:build-classpath"
10:21:13.160 [INFO]   [Checking]    [main]              [com.diffblue.cover.buildsystem.internal.f.f] Deserializing project module message
10:21:13.160 [INFO]   [Checking]    [main]              [com.diffblue.cover.buildsystem.internal.f.f] deserializing line [DIFFBLUE]{"__type":"com.diffblue.cover.buildsystem.model.DefaultEventMessage","project":"com.paritytrading.parity:parity-parent","goal":"build-classpath","cause":null,"state":"STARTED"}
10:21:13.162 [INFO]   [Checking]    [main]              [com.diffblue.cover.buildsystem.internal.f.f] deserializing line [DIFFBLUE]{"__type":"com.diffblue.cover.buildsystem.model.DefaultEventMessage","project":"com.paritytrading.parity:parity-parent","goal":"build-classpath","cause":null,"state":"SUCCESS"}
10:21:13.163 [INFO]   [Checking]    [main]              [com.diffblue.cover.buildsystem.internal.f.f] deserializing line [DIFFBLUE]{"__type":"com.diffblue.cover.buildsystem.model.DefaultEventMessage","project":"com.paritytrading.parity:parity-book","goal":"build-classpath","cause":null,"state":"STARTED"}
10:21:13.164 [INFO]   [Checking]    [main]              [com.diffblue.cover.buildsystem.internal.f.f] deserializing line [DIFFBLUE]{"__type":"com.diffblue.cover.buildsystem.model.DefaultEventMessage","project":"com.paritytrading.parity:parity-book","goal":"build-classpath","cause":null,"state":"SUCCESS"}
10:21:13.166 [INFO]   [Checking]    [main]              [com.diffblue.cover.buildsystem.internal.f.f] deserializing line [DIFFBLUE]{"__type":"com.diffblue.cover.buildsystem.model.DefaultEventMessage","project":"com.paritytrading.parity:parity-file","goal":"build-classpath","cause":null,"state":"STARTED"}
10:21:13.167 [INFO]   [Checking]    [main]              [com.diffblue.cover.buildsystem.internal.f.f] deserializing line [DIFFBLUE]{"__type":"com.diffblue.cover.buildsystem.model.DefaultEventMessage","project":"com.paritytrading.parity:parity-file","goal":"build-classpath","cause":null,"state":"SUCCESS"}
10:21:13.169 [INFO]   [Checking]    [main]              [com.diffblue.cover.buildsystem.internal.f.f] deserializing line [DIFFBLUE]{"__type":"com.diffblue.cover.buildsystem.model.DefaultEventMessage","project":"com.paritytrading.parity:parity-match","goal":"build-classpath","cause":null,"state":"STARTED"}
10:21:13.170 [INFO]   [Checking]    [main]              [com.diffblue.cover.buildsystem.internal.f.f] deserializing line [DIFFBLUE]{"__type":"com.diffblue.cover.buildsystem.model.DefaultEventMessage","project":"com.paritytrading.parity:parity-match","goal":"build-classpath","cause":null,"state":"SUCCESS"}
10:21:13.172 [INFO]   [Checking]    [main]              [com.diffblue.cover.buildsystem.internal.f.f] deserializing line [DIFFBLUE]{"__type":"com.diffblue.cover.buildsystem.model.DefaultEventMessage","project":"com.paritytrading.parity:parity-net","goal":"build-classpath","cause":null,"state":"STARTED"}
10:21:13.173 [INFO]   [Checking]    [main]              [com.diffblue.cover.buildsystem.internal.f.f] deserializing line [DIFFBLUE]{"__type":"com.diffblue.cover.buildsystem.model.DefaultEventMessage","project":"com.paritytrading.parity:parity-net","goal":"build-classpath","cause":null,"state":"SUCCESS"}
10:21:13.174 [INFO]   [Checking]    [main]              [com.diffblue.cover.buildsystem.internal.f.f] deserializing line [DIFFBLUE]{"__type":"com.diffblue.cover.buildsystem.model.DefaultEventMessage","project":"com.paritytrading.parity:parity-util","goal":"build-classpath","cause":null,"state":"STARTED"}
10:21:13.176 [INFO]   [Checking]    [main]              [com.diffblue.cover.buildsystem.internal.f.f] deserializing line [DIFFBLUE]{"__type":"com.diffblue.cover.buildsystem.model.DefaultEventMessage","project":"com.paritytrading.parity:parity-util","goal":"build-classpath","cause":null,"state":"SUCCESS"}
10:21:13.178 [INFO]   [Checking]    [main]              [com.diffblue.cover.buildsystem.internal.f.f] deserializing line [DIFFBLUE]{"__type":"com.diffblue.cover.buildsystem.model.DefaultEventMessage","project":"com.paritytrading.parity:parity-client","goal":"build-classpath","cause":null,"state":"STARTED"}
10:21:13.179 [INFO]   [Checking]    [main]              [com.diffblue.cover.buildsystem.internal.f.f] deserializing line [DIFFBLUE]{"__type":"com.diffblue.cover.buildsystem.model.DefaultEventMessage","project":"com.paritytrading.parity:parity-client","goal":"build-classpath","cause":null,"state":"SUCCESS"}
10:21:13.181 [INFO]   [Checking]    [main]              [com.diffblue.cover.buildsystem.internal.f.f] deserializing line [DIFFBLUE]{"__type":"com.diffblue.cover.buildsystem.model.DefaultEventMessage","project":"com.paritytrading.parity:parity-fix","goal":"build-classpath","cause":null,"state":"STARTED"}
10:21:13.182 [INFO]   [Checking]    [main]              [com.diffblue.cover.buildsystem.internal.f.f] deserializing line [DIFFBLUE]{"__type":"com.diffblue.cover.buildsystem.model.DefaultEventMessage","project":"com.paritytrading.parity:parity-fix","goal":"build-classpath","cause":null,"state":"SUCCESS"}
10:21:13.183 [INFO]   [Checking]    [main]              [com.diffblue.cover.buildsystem.internal.f.f] deserializing line [DIFFBLUE]{"__type":"com.diffblue.cover.buildsystem.model.DefaultEventMessage","project":"com.paritytrading.parity:parity-reporter","goal":"build-classpath","cause":null,"state":"STARTED"}
10:21:13.185 [INFO]   [Checking]    [main]              [com.diffblue.cover.buildsystem.internal.f.f] deserializing line [DIFFBLUE]{"__type":"com.diffblue.cover.buildsystem.model.DefaultEventMessage","project":"com.paritytrading.parity:parity-reporter","goal":"build-classpath","cause":null,"state":"SUCCESS"}
10:21:13.187 [INFO]   [Checking]    [main]              [com.diffblue.cover.buildsystem.internal.f.f] deserializing line [DIFFBLUE]{"__type":"com.diffblue.cover.buildsystem.model.DefaultEventMessage","project":"com.paritytrading.parity:parity-system","goal":"build-classpath","cause":null,"state":"STARTED"}
10:21:13.188 [INFO]   [Checking]    [main]              [com.diffblue.cover.buildsystem.internal.f.f] deserializing line [DIFFBLUE]{"__type":"com.diffblue.cover.buildsystem.model.DefaultEventMessage","project":"com.paritytrading.parity:parity-system","goal":"build-classpath","cause":null,"state":"SUCCESS"}
10:21:13.189 [INFO]   [Checking]    [main]              [com.diffblue.cover.buildsystem.internal.f.f] deserializing line [DIFFBLUE]{"__type":"com.diffblue.cover.buildsystem.model.DefaultEventMessage","project":"com.paritytrading.parity:parity-ticker","goal":"build-classpath","cause":null,"state":"STARTED"}
10:21:13.190 [INFO]   [Checking]    [main]              [com.diffblue.cover.buildsystem.internal.f.f] deserializing line [DIFFBLUE]{"__type":"com.diffblue.cover.buildsystem.model.DefaultEventMessage","project":"com.paritytrading.parity:parity-ticker","goal":"build-classpath","cause":null,"state":"SUCCESS"}
10:21:13.191 [INFO]   [Checking]    [main]              [com.diffblue.cover.buildsystem.internal.f.f] deserializing line [DIFFBLUE]{"__type":"com.diffblue.cover.buildsystem.model.DefaultEventMessage","project":"com.paritytrading.parity:parity-book-perf-test","goal":"build-classpath","cause":null,"state":"STARTED"}
10:21:13.192 [INFO]   [Checking]    [main]              [com.diffblue.cover.buildsystem.internal.f.f] deserializing line [DIFFBLUE]{"__type":"com.diffblue.cover.buildsystem.model.DefaultEventMessage","project":"com.paritytrading.parity:parity-book-perf-test","goal":"build-classpath","cause":null,"state":"SUCCESS"}
10:21:13.193 [INFO]   [Checking]    [main]              [com.diffblue.cover.buildsystem.internal.f.f] deserializing line [DIFFBLUE]{"__type":"com.diffblue.cover.buildsystem.model.DefaultEventMessage","project":"com.paritytrading.parity:parity-match-perf-test","goal":"build-classpath","cause":null,"state":"STARTED"}
10:21:13.194 [INFO]   [Checking]    [main]              [com.diffblue.cover.buildsystem.internal.f.f] deserializing line [DIFFBLUE]{"__type":"com.diffblue.cover.buildsystem.model.DefaultEventMessage","project":"com.paritytrading.parity:parity-match-perf-test","goal":"build-classpath","cause":null,"state":"SUCCESS"}
10:21:13.195 [INFO]   [Checking]    [main]              [com.diffblue.cover.buildsystem.internal.f.f] deserializing line [DIFFBLUE]{"__type":"com.diffblue.cover.buildsystem.model.DefaultProjectModuleMessage","project":{"__type":"DefaultProjectModule","junitReport":["/home/jbergqvist/diffblue/paritytrading-parity/target/surefire-reports"],"jacocoReport":["/home/jbergqvist/diffblue/paritytrading-parity/target/site/jacoco/jacoco.xml"],"jacocoDestFile":["/home/jbergqvist/diffblue/paritytrading-parity/target/jacoco.exec"],"jacocoFormats":["xml"],"jacocoSkipped":false,"classpath":["/home/jbergqvist/diffblue/paritytrading-parity/target/classes"],"complianceLevel":"1.8","productionSources":["/home/jbergqvist/diffblue/paritytrading-parity/src/main/java"],"testSources":["/home/jbergqvist/diffblue/paritytrading-parity/src/test/java"],"productionClasses":"/home/jbergqvist/diffblue/paritytrading-parity/target/classes","testClasses":"/home/jbergqvist/diffblue/paritytrading-parity/target/test-classes","sourceToBuildPathMap":null,"testSourceToBuildPathMap":null,"buildDirectory":"/home/jbergqvist/diffblue/paritytrading-parity/target","plugins":[{"__type":"DefaultPlugin","groupId":"org.apache.maven.plugins","artefactId":"maven-enforcer-plugin","version":"1.0","pluginClassName":null},{"__type":"DefaultPlugin","groupId":"org.apache.maven.plugins","artefactId":"maven-checkstyle-plugin","version":"3.1.0","pluginClassName":null},{"__type":"DefaultPlugin","groupId":"org.apache.maven.plugins","artefactId":"maven-compiler-plugin","version":"3.8.0","pluginClassName":null},{"__type":"DefaultPlugin","groupId":"org.apache.maven.plugins","artefactId":"maven-javadoc-plugin","version":"3.0.1","pluginClassName":null},{"__type":"DefaultPlugin","groupId":"org.apache.maven.plugins","artefactId":"maven-release-plugin","version":"2.5.3","pluginClassName":null},{"__type":"DefaultPlugin","groupId":"org.apache.maven.plugins","artefactId":"maven-clean-plugin","version":"3.2.0","pluginClassName":null},{"__type":"DefaultPlugin","groupId":"org.apache.maven.plugins","artefactId":"maven-install-plugin","version":"3.1.2","pluginClassName":null},{"__type":"DefaultPlugin","groupId":"org.apache.maven.plugins","artefactId":"maven-deploy-plugin","version":"2.8.2","pluginClassName":null},{"__type":"DefaultPlugin","groupId":"org.apache.maven.plugins","artefactId":"maven-site-plugin","version":"3.12.1","pluginClassName":null}],"version":"3.9.12","encoding":"UTF-8","name":"maven","subModules":[{"__type":"DefaultProjectModule","junitReport":["/home/jbergqvist/diffblue/paritytrading-parity/libraries/book/target/surefire-reports"],"jacocoReport":["/home/jbergqvist/diffblue/paritytrading-parity/libraries/book/target/site/jacoco/jacoco.xml"],"jacocoDestFile":["/home/jbergqvist/diffblue/paritytrading-parity/libraries/book/target/jacoco.exec"],"jacocoFormats":["xml"],"jacocoSkipped":false,"classpath":["/home/jbergqvist/diffblue/paritytrading-parity/libraries/book/target/classes","/home/jbergqvist/.m2/repository/it/unimi/dsi/fastutil/8.1.0/fastutil-8.1.0.jar","/home/jbergqvist/.m2/repository/org/apache/commons/commons-lang3/3.12.0/commons-lang3-3.12.0.jar","/home/jbergqvist/.m2/repository/org/junit/jupiter/junit-jupiter/5.7.0/junit-jupiter-5.7.0.jar","/home/jbergqvist/.m2/repository/org/junit/jupiter/junit-jupiter-api/5.7.0/junit-jupiter-api-5.7.0.jar","/home/jbergqvist/.m2/repository/org/apiguardian/apiguardian-api/1.1.0/apiguardian-api-1.1.0.jar","/home/jbergqvist/.m2/repository/org/opentest4j/opentest4j/1.2.0/opentest4j-1.2.0.jar","/home/jbergqvist/.m2/repository/org/junit/platform/junit-platform-commons/1.7.0/junit-platform-commons-1.7.0.jar","/home/jbergqvist/.m2/repository/org/junit/jupiter/junit-jupiter-params/5.7.0/junit-jupiter-params-5.7.0.jar","/home/jbergqvist/.m2/repository/org/junit/jupiter/junit-jupiter-engine/5.7.0/junit-jupiter-engine-5.7.0.jar","/home/jbergqvist/.m2/repository/org/junit/platform/junit-platform-engine/1.7.0/junit-platform-engine-1.7.0.jar","/home/jbergqvist/.m2/repository/com/diffblue/cover/cover-annotations/1.9.0/cover-annotations-1.9.0.jar","/home/jbergqvist/.m2/repository/org/mockito/mockito-core/4.11.0/mockito-core-4.11.0.jar","/home/jbergqvist/.m2/repository/net/bytebuddy/byte-buddy/1.12.19/byte-buddy-1.12.19.jar","/home/jbergqvist/.m2/repository/net/bytebuddy/byte-buddy-agent/1.12.19/byte-buddy-agent-1.12.19.jar","/home/jbergqvist/.m2/repository/org/objenesis/objenesis/3.3/objenesis-3.3.jar","/home/jbergqvist/.m2/repository/org/mockito/mockito-junit-jupiter/4.11.0/mockito-junit-jupiter-4.11.0.jar"],"complianceLevel":"1.8","productionSources":["/home/jbergqvist/diffblue/paritytrading-parity/libraries/book/src/main/java"],"testSources":["/home/jbergqvist/diffblue/paritytrading-parity/libraries/book/src/test/java"],"productionClasses":"/home/jbergqvist/diffblue/paritytrading-parity/libraries/book/target/classes","testClasses":"/home/jbergqvist/diffblue/paritytrading-parity/libraries/book/target/test-classes","sourceToBuildPathMap":null,"testSourceToBuildPathMap":null,"buildDirectory":"/home/jbergqvist/diffblue/paritytrading-parity/libraries/book/target","plugins":[{"__type":"DefaultPlugin","groupId":"org.apache.maven.plugins","artefactId":"maven-enforcer-plugin","version":"1.0","pluginClassName":null},{"__type":"DefaultPlugin","groupId":"org.apache.maven.plugins","artefactId":"maven-checkstyle-plugin","version":"3.1.0","pluginClassName":null},{"__type":"DefaultPlugin","groupId":"org.apache.maven.plugins","artefactId":"maven-compiler-plugin","version":"3.8.0","pluginClassName":null},{"__type":"DefaultPlugin","groupId":"org.apache.maven.plugins","artefactId":"maven-javadoc-plugin","version":"3.0.1","pluginClassName":null},{"__type":"DefaultPlugin","groupId":"org.apache.maven.plugins","artefactId":"maven-release-plugin","version":"2.5.3","pluginClassName":null},{"__type":"DefaultPlugin","groupId":"org.apache.maven.plugins","artefactId":"maven-clean-plugin","version":"3.2.0","pluginClassName":null},{"__type":"DefaultPlugin","groupId":"org.apache.maven.plugins","artefactId":"maven-resources-plugin","version":"3.3.1","pluginClassName":null},{"__type":"DefaultPlugin","groupId":"org.apache.maven.plugins","artefactId":"maven-jar-plugin","version":"3.4.1","pluginClassName":null},{"__type":"DefaultPlugin","groupId":"org.apache.maven.plugins","artefactId":"maven-surefire-plugin","version":"3.0.0-M5","pluginClassName":null},{"__type":"DefaultPlugin","groupId":"org.apache.maven.plugins","artefactId":"maven-install-plugin","version":"3.1.2","pluginClassName":null},{"__type":"DefaultPlugin","groupId":"org.apache.maven.plugins","artefactId":"maven-deploy-plugin","version":"2.8.2","pluginClassName":null},{"__type":"DefaultPlugin","groupId":"org.apache.maven.plugins","artefactId":"maven-site-plugin","version":"3.12.1","pluginClassName":null}],"version":"3.9.12","encoding":"UTF-8","name":"maven","subModules":[],"simpleModuleName":null,"parentModuleName":"com.paritytrading.parity:parity-parent","location":"/home/jbergqvist/diffblue/paritytrading-parity/libraries/book","fullModuleName":"com.paritytrading.parity:parity-book"},{"__type":"DefaultProjectModule","junitReport":["/home/jbergqvist/diffblue/paritytrading-parity/libraries/file/target/surefire-reports"],"jacocoReport":["/home/jbergqvist/diffblue/paritytrading-parity/libraries/file/target/site/jacoco/jacoco.xml"],"jacocoDestFile":["/home/jbergqvist/diffblue/paritytrading-parity/libraries/file/target/jacoco.exec"],"jacocoFormats":["xml"],"jacocoSkipped":false,"classpath":["/home/jbergqvist/diffblue/paritytrading-parity/libraries/file/target/classes","/home/jbergqvist/.m2/repository/org/junit/jupiter/junit-jupiter/5.7.0/junit-jupiter-5.7.0.jar","/home/jbergqvist/.m2/repository/org/junit/jupiter/junit-jupiter-api/5.7.0/junit-jupiter-api-5.7.0.jar","/home/jbergqvist/.m2/repository/org/apiguardian/apiguardian-api/1.1.0/apiguardian-api-1.1.0.jar","/home/jbergqvist/.m2/repository/org/opentest4j/opentest4j/1.2.0/opentest4j-1.2.0.jar","/home/jbergqvist/.m2/repository/org/junit/platform/junit-platform-commons/1.7.0/junit-platform-commons-1.7.0.jar","/home/jbergqvist/.m2/repository/org/junit/jupiter/junit-jupiter-params/5.7.0/junit-jupiter-params-5.7.0.jar","/home/jbergqvist/.m2/repository/org/junit/jupiter/junit-jupiter-engine/5.7.0/junit-jupiter-engine-5.7.0.jar","/home/jbergqvist/.m2/repository/org/junit/platform/junit-platform-engine/1.7.0/junit-platform-engine-1.7.0.jar","/home/jbergqvist/.m2/repository/com/diffblue/cover/cover-annotations/1.9.0/cover-annotations-1.9.0.jar","/home/jbergqvist/.m2/repository/org/mockito/mockito-core/4.11.0/mockito-core-4.11.0.jar","/home/jbergqvist/.m2/repository/net/bytebuddy/byte-buddy/1.12.19/byte-buddy-1.12.19.jar","/home/jbergqvist/.m2/repository/net/bytebuddy/byte-buddy-agent/1.12.19/byte-buddy-agent-1.12.19.jar","/home/jbergqvist/.m2/repository/org/objenesis/objenesis/3.3/objenesis-3.3.jar","/home/jbergqvist/.m2/repository/org/mockito/mockito-junit-jupiter/4.11.0/mockito-junit-jupiter-4.11.0.jar"],"complianceLevel":"1.8","productionSources":["/home/jbergqvist/diffblue/paritytrading-parity/libraries/file/src/main/java"],"testSources":["/home/jbergqvist/diffblue/paritytrading-parity/libraries/file/src/test/java"],"productionClasses":"/home/jbergqvist/diffblue/paritytrading-parity/libraries/file/target/classes","testClasses":"/home/jbergqvist/diffblue/paritytrading-parity/libraries/file/target/test-classes","sourceToBuildPathMap":null,"testSourceToBuildPathMap":null,"buildDirectory":"/home/jbergqvist/diffblue/paritytrading-parity/libraries/file/target","plugins":[{"__type":"DefaultPlugin","groupId":"org.apache.maven.plugins","artefactId":"maven-enforcer-plugin","version":"1.0","pluginClassName":null},{"__type":"DefaultPlugin","groupId":"org.apache.maven.plugins","artefactId":"maven-checkstyle-plugin","version":"3.1.0","pluginClassName":null},{"__type":"DefaultPlugin","groupId":"org.apache.maven.plugins","artefactId":"maven-compiler-plugin","version":"3.8.0","pluginClassName":null},{"__type":"DefaultPlugin","groupId":"org.apache.maven.plugins","artefactId":"maven-javadoc-plugin","version":"3.0.1","pluginClassName":null},{"__type":"DefaultPlugin","groupId":"org.apache.maven.plugins","artefactId":"maven-release-plugin","version":"2.5.3","pluginClassName":null},{"__type":"DefaultPlugin","groupId":"org.apache.maven.plugins","artefactId":"maven-clean-plugin","version":"3.2.0","pluginClassName":null},{"__type":"DefaultPlugin","groupId":"org.apache.maven.plugins","artefactId":"maven-resources-plugin","version":"3.3.1","pluginClassName":null},{"__type":"DefaultPlugin","groupId":"org.apache.maven.plugins","artefactId":"maven-jar-plugin","version":"3.4.1","pluginClassName":null},{"__type":"DefaultPlugin","groupId":"org.apache.maven.plugins","artefactId":"maven-surefire-plugin","version":"3.0.0-M5","pluginClassName":null},{"__type":"DefaultPlugin","groupId":"org.apache.maven.plugins","artefactId":"maven-install-plugin","version":"3.1.2","pluginClassName":null},{"__type":"DefaultPlugin","groupId":"org.apache.maven.plugins","artefactId":"maven-deploy-plugin","version":"2.8.2","pluginClassName":null},{"__type":"DefaultPlugin","groupId":"org.apache.maven.plugins","artefactId":"maven-site-plugin","version":"3.12.1","pluginClassName":null}],"version":"3.9.12","encoding":"UTF-8","name":"maven","subModules":[],"simpleModuleName":null,"parentModuleName":"com.paritytrading.parity:parity-parent","location":"/home/jbergqvist/diffblue/paritytrading-parity/libraries/file","fullModuleName":"com.paritytrading.parity:parity-file"},{"__type":"DefaultProjectModule","junitReport":["/home/jbergqvist/diffblue/paritytrading-parity/libraries/match/target/surefire-reports"],"jacocoReport":["/home/jbergqvist/diffblue/paritytrading-parity/libraries/match/target/site/jacoco/jacoco.xml"],"jacocoDestFile":["/home/jbergqvist/diffblue/paritytrading-parity/libraries/match/target/jacoco.exec"],"jacocoFormats":["xml"],"jacocoSkipped":false,"classpath":["/home/jbergqvist/diffblue/paritytrading-parity/libraries/match/target/classes","/home/jbergqvist/.m2/repository/it/unimi/dsi/fastutil/8.1.0/fastutil-8.1.0.jar","/home/jbergqvist/.m2/repository/org/apache/commons/commons-lang3/3.12.0/commons-lang3-3.12.0.jar","/home/jbergqvist/.m2/repository/org/junit/jupiter/junit-jupiter/5.7.0/junit-jupiter-5.7.0.jar","/home/jbergqvist/.m2/repository/org/junit/jupiter/junit-jupiter-api/5.7.0/junit-jupiter-api-5.7.0.jar","/home/jbergqvist/.m2/repository/org/apiguardian/apiguardian-api/1.1.0/apiguardian-api-1.1.0.jar","/home/jbergqvist/.m2/repository/org/opentest4j/opentest4j/1.2.0/opentest4j-1.2.0.jar","/home/jbergqvist/.m2/repository/org/junit/platform/junit-platform-commons/1.7.0/junit-platform-commons-1.7.0.jar","/home/jbergqvist/.m2/repository/org/junit/jupiter/junit-jupiter-params/5.7.0/junit-jupiter-params-5.7.0.jar","/home/jbergqvist/.m2/repository/org/junit/jupiter/junit-jupiter-engine/5.7.0/junit-jupiter-engine-5.7.0.jar","/home/jbergqvist/.m2/repository/org/junit/platform/junit-platform-engine/1.7.0/junit-platform-engine-1.7.0.jar","/home/jbergqvist/.m2/repository/com/diffblue/cover/cover-annotations/1.9.0/cover-annotations-1.9.0.jar","/home/jbergqvist/.m2/repository/org/mockito/mockito-core/4.11.0/mockito-core-4.11.0.jar","/home/jbergqvist/.m2/repository/net/bytebuddy/byte-buddy/1.12.19/byte-buddy-1.12.19.jar","/home/jbergqvist/.m2/repository/net/bytebuddy/byte-buddy-agent/1.12.19/byte-buddy-agent-1.12.19.jar","/home/jbergqvist/.m2/repository/org/objenesis/objenesis/3.3/objenesis-3.3.jar","/home/jbergqvist/.m2/repository/org/mockito/mockito-junit-jupiter/4.11.0/mockito-junit-jupiter-4.11.0.jar"],"complianceLevel":"1.8","productionSources":["/home/jbergqvist/diffblue/paritytrading-parity/libraries/match/src/main/java"],"testSources":["/home/jbergqvist/diffblue/paritytrading-parity/libraries/match/src/test/java"],"productionClasses":"/home/jbergqvist/diffblue/paritytrading-parity/libraries/match/target/classes","testClasses":"/home/jbergqvist/diffblue/paritytrading-parity/libraries/match/target/test-classes","sourceToBuildPathMap":null,"testSourceToBuildPathMap":null,"buildDirectory":"/home/jbergqvist/diffblue/paritytrading-parity/libraries/match/target","plugins":[{"__type":"DefaultPlugin","groupId":"org.apache.maven.plugins","artefactId":"maven-enforcer-plugin","version":"1.0","pluginClassName":null},{"__type":"DefaultPlugin","groupId":"org.apache.maven.plugins","artefactId":"maven-checkstyle-plugin","version":"3.1.0","pluginClassName":null},{"__type":"DefaultPlugin","groupId":"org.apache.maven.plugins","artefactId":"maven-compiler-plugin","version":"3.8.0","pluginClassName":null},{"__type":"DefaultPlugin","groupId":"org.apache.maven.plugins","artefactId":"maven-javadoc-plugin","version":"3.0.1","pluginClassName":null},{"__type":"DefaultPlugin","groupId":"org.apache.maven.plugins","artefactId":"maven-release-plugin","version":"2.5.3","pluginClassName":null},{"__type":"DefaultPlugin","groupId":"org.apache.maven.plugins","artefactId":"maven-clean-plugin","version":"3.2.0","pluginClassName":null},{"__type":"DefaultPlugin","groupId":"org.apache.maven.plugins","artefactId":"maven-resources-plugin","version":"3.3.1","pluginClassName":null},{"__type":"DefaultPlugin","groupId":"org.apache.maven.plugins","artefactId":"maven-jar-plugin","version":"3.4.1","pluginClassName":null},{"__type":"DefaultPlugin","groupId":"org.apache.maven.plugins","artefactId":"maven-surefire-plugin","version":"3.0.0-M5","pluginClassName":null},{"__type":"DefaultPlugin","groupId":"org.apache.maven.plugins","artefactId":"maven-install-plugin","version":"3.1.2","pluginClassName":null},{"__type":"DefaultPlugin","groupId":"org.apache.maven.plugins","artefactId":"maven-deploy-plugin","version":"2.8.2","pluginClassName":null},{"__type":"DefaultPlugin","groupId":"org.apache.maven.plugins","artefactId":"maven-site-plugin","version":"3.12.1","pluginClassName":null}],"version":"3.9.12","encoding":"UTF-8","name":"maven","subModules":[],"simpleModuleName":null,"parentModuleName":"com.paritytrading.parity:parity-parent","location":"/home/jbergqvist/diffblue/paritytrading-parity/libraries/match","fullModuleName":"com.paritytrading.parity:parity-match"},{"__type":"DefaultProjectModule","junitReport":["/home/jbergqvist/diffblue/paritytrading-parity/libraries/net/target/surefire-reports"],"jacocoReport":["/home/jbergqvist/diffblue/paritytrading-parity/libraries/net/target/site/jacoco/jacoco.xml"],"jacocoDestFile":["/home/jbergqvist/diffblue/paritytrading-parity/libraries/net/target/jacoco.exec"],"jacocoFormats":["xml"],"jacocoSkipped":false,"classpath":["/home/jbergqvist/diffblue/paritytrading-parity/libraries/net/target/classes","/home/jbergqvist/.m2/repository/com/paritytrading/nassau/nassau-core/0.13.0/nassau-core-0.13.0.jar","/home/jbergqvist/.m2/repository/com/paritytrading/foundation/foundation/0.3.0/foundation-0.3.0.jar","/home/jbergqvist/.m2/repository/com/diffblue/cover/cover-annotations/1.9.0/cover-annotations-1.9.0.jar","/home/jbergqvist/.m2/repository/org/junit/jupiter/junit-jupiter-engine/5.13.4/junit-jupiter-engine-5.13.4.jar","/home/jbergqvist/.m2/repository/org/junit/platform/junit-platform-engine/1.13.4/junit-platform-engine-1.13.4.jar","/home/jbergqvist/.m2/repository/org/opentest4j/opentest4j/1.3.0/opentest4j-1.3.0.jar","/home/jbergqvist/.m2/repository/org/junit/platform/junit-platform-commons/1.13.4/junit-platform-commons-1.13.4.jar","/home/jbergqvist/.m2/repository/org/junit/jupiter/junit-jupiter-api/5.13.4/junit-jupiter-api-5.13.4.jar","/home/jbergqvist/.m2/repository/org/apiguardian/apiguardian-api/1.1.2/apiguardian-api-1.1.2.jar","/home/jbergqvist/.m2/repository/org/mockito/mockito-core/4.11.0/mockito-core-4.11.0.jar","/home/jbergqvist/.m2/repository/net/bytebuddy/byte-buddy/1.12.19/byte-buddy-1.12.19.jar","/home/jbergqvist/.m2/repository/net/bytebuddy/byte-buddy-agent/1.12.19/byte-buddy-agent-1.12.19.jar","/home/jbergqvist/.m2/repository/org/objenesis/objenesis/3.3/objenesis-3.3.jar","/home/jbergqvist/.m2/repository/org/mockito/mockito-junit-jupiter/4.11.0/mockito-junit-jupiter-4.11.0.jar"],"complianceLevel":"1.8","productionSources":["/home/jbergqvist/diffblue/paritytrading-parity/libraries/net/src/main/java"],"testSources":["/home/jbergqvist/diffblue/paritytrading-parity/libraries/net/src/test/java"],"productionClasses":"/home/jbergqvist/diffblue/paritytrading-parity/libraries/net/target/classes","testClasses":"/home/jbergqvist/diffblue/paritytrading-parity/libraries/net/target/test-classes","sourceToBuildPathMap":null,"testSourceToBuildPathMap":null,"buildDirectory":"/home/jbergqvist/diffblue/paritytrading-parity/libraries/net/target","plugins":[{"__type":"DefaultPlugin","groupId":"org.apache.maven.plugins","artefactId":"maven-enforcer-plugin","version":"1.0","pluginClassName":null},{"__type":"DefaultPlugin","groupId":"org.apache.maven.plugins","artefactId":"maven-checkstyle-plugin","version":"3.1.0","pluginClassName":null},{"__type":"DefaultPlugin","groupId":"org.apache.maven.plugins","artefactId":"maven-compiler-plugin","version":"3.8.0","pluginClassName":null},{"__type":"DefaultPlugin","groupId":"org.apache.maven.plugins","artefactId":"maven-javadoc-plugin","version":"3.0.1","pluginClassName":null},{"__type":"DefaultPlugin","groupId":"org.apache.maven.plugins","artefactId":"maven-release-plugin","version":"2.5.3","pluginClassName":null},{"__type":"DefaultPlugin","groupId":"org.apache.maven.plugins","artefactId":"maven-clean-plugin","version":"3.2.0","pluginClassName":null},{"__type":"DefaultPlugin","groupId":"org.apache.maven.plugins","artefactId":"maven-resources-plugin","version":"3.3.1","pluginClassName":null},{"__type":"DefaultPlugin","groupId":"org.apache.maven.plugins","artefactId":"maven-jar-plugin","version":"3.4.1","pluginClassName":null},{"__type":"DefaultPlugin","groupId":"org.apache.maven.plugins","artefactId":"maven-surefire-plugin","version":"3.0.0-M5","pluginClassName":null},{"__type":"DefaultPlugin","groupId":"org.apache.maven.plugins","artefactId":"maven-install-plugin","version":"3.1.2","pluginClassName":null},{"__type":"DefaultPlugin","groupId":"org.apache.maven.plugins","artefactId":"maven-deploy-plugin","version":"2.8.2","pluginClassName":null},{"__type":"DefaultPlugin","groupId":"org.apache.maven.plugins","artefactId":"maven-site-plugin","version":"3.12.1","pluginClassName":null}],"version":"3.9.12","encoding":"UTF-8","name":"maven","subModules":[],"simpleModuleName":null,"parentModuleName":"com.paritytrading.parity:parity-parent","location":"/home/jbergqvist/diffblue/paritytrading-parity/libraries/net","fullModuleName":"com.paritytrading.parity:parity-net"},{"__type":"DefaultProjectModule","junitReport":["/home/jbergqvist/diffblue/paritytrading-parity/libraries/util/target/surefire-reports"],"jacocoReport":["/home/jbergqvist/diffblue/paritytrading-parity/libraries/util/target/site/jacoco/jacoco.xml"],"jacocoDestFile":["/home/jbergqvist/diffblue/paritytrading-parity/libraries/util/target/jacoco.exec"],"jacocoFormats":["xml"],"jacocoSkipped":false,"classpath":["/home/jbergqvist/diffblue/paritytrading-parity/libraries/util/target/classes","/home/jbergqvist/.m2/repository/com/paritytrading/foundation/foundation/0.3.0/foundation-0.3.0.jar","/home/jbergqvist/.m2/repository/com/typesafe/config/1.3.1/config-1.3.1.jar","/home/jbergqvist/.m2/repository/org/junit/jupiter/junit-jupiter/5.7.0/junit-jupiter-5.7.0.jar","/home/jbergqvist/.m2/repository/org/junit/jupiter/junit-jupiter-api/5.7.0/junit-jupiter-api-5.7.0.jar","/home/jbergqvist/.m2/repository/org/apiguardian/apiguardian-api/1.1.0/apiguardian-api-1.1.0.jar","/home/jbergqvist/.m2/repository/org/opentest4j/opentest4j/1.2.0/opentest4j-1.2.0.jar","/home/jbergqvist/.m2/repository/org/junit/platform/junit-platform-commons/1.7.0/junit-platform-commons-1.7.0.jar","/home/jbergqvist/.m2/repository/org/junit/jupiter/junit-jupiter-params/5.7.0/junit-jupiter-params-5.7.0.jar","/home/jbergqvist/.m2/repository/org/junit/jupiter/junit-jupiter-engine/5.7.0/junit-jupiter-engine-5.7.0.jar","/home/jbergqvist/.m2/repository/org/junit/platform/junit-platform-engine/1.7.0/junit-platform-engine-1.7.0.jar","/home/jbergqvist/.m2/repository/com/diffblue/cover/cover-annotations/1.9.0/cover-annotations-1.9.0.jar","/home/jbergqvist/.m2/repository/org/mockito/mockito-core/4.11.0/mockito-core-4.11.0.jar","/home/jbergqvist/.m2/repository/net/bytebuddy/byte-buddy/1.12.19/byte-buddy-1.12.19.jar","/home/jbergqvist/.m2/repository/net/bytebuddy/byte-buddy-agent/1.12.19/byte-buddy-agent-1.12.19.jar","/home/jbergqvist/.m2/repository/org/objenesis/objenesis/3.3/objenesis-3.3.jar","/home/jbergqvist/.m2/repository/org/mockito/mockito-junit-jupiter/4.11.0/mockito-junit-jupiter-4.11.0.jar"],"complianceLevel":"1.8","productionSources":["/home/jbergqvist/diffblue/paritytrading-parity/libraries/util/src/main/java"],"testSources":["/home/jbergqvist/diffblue/paritytrading-parity/libraries/util/src/test/java"],"productionClasses":"/home/jbergqvist/diffblue/paritytrading-parity/libraries/util/target/classes","testClasses":"/home/jbergqvist/diffblue/paritytrading-parity/libraries/util/target/test-classes","sourceToBuildPathMap":null,"testSourceToBuildPathMap":null,"buildDirectory":"/home/jbergqvist/diffblue/paritytrading-parity/libraries/util/target","plugins":[{"__type":"DefaultPlugin","groupId":"org.apache.maven.plugins","artefactId":"maven-enforcer-plugin","version":"1.0","pluginClassName":null},{"__type":"DefaultPlugin","groupId":"org.apache.maven.plugins","artefactId":"maven-checkstyle-plugin","version":"3.1.0","pluginClassName":null},{"__type":"DefaultPlugin","groupId":"org.apache.maven.plugins","artefactId":"maven-compiler-plugin","version":"3.8.0","pluginClassName":null},{"__type":"DefaultPlugin","groupId":"org.apache.maven.plugins","artefactId":"maven-javadoc-plugin","version":"3.0.1","pluginClassName":null},{"__type":"DefaultPlugin","groupId":"org.apache.maven.plugins","artefactId":"maven-release-plugin","version":"2.5.3","pluginClassName":null},{"__type":"DefaultPlugin","groupId":"org.apache.maven.plugins","artefactId":"maven-clean-plugin","version":"3.2.0","pluginClassName":null},{"__type":"DefaultPlugin","groupId":"org.apache.maven.plugins","artefactId":"maven-resources-plugin","version":"3.3.1","pluginClassName":null},{"__type":"DefaultPlugin","groupId":"org.apache.maven.plugins","artefactId":"maven-jar-plugin","version":"3.4.1","pluginClassName":null},{"__type":"DefaultPlugin","groupId":"org.apache.maven.plugins","artefactId":"maven-surefire-plugin","version":"3.0.0-M5","pluginClassName":null},{"__type":"DefaultPlugin","groupId":"org.apache.maven.plugins","artefactId":"maven-install-plugin","version":"3.1.2","pluginClassName":null},{"__type":"DefaultPlugin","groupId":"org.apache.maven.plugins","artefactId":"maven-deploy-plugin","version":"2.8.2","pluginClassName":null},{"__type":"DefaultPlugin","groupId":"org.apache.maven.plugins","artefactId":"maven-site-plugin","version":"3.12.1","pluginClassName":null}],"version":"3.9.12","encoding":"UTF-8","name":"maven","subModules":[],"simpleModuleName":null,"parentModuleName":"com.paritytrading.parity:parity-parent","location":"/home/jbergqvist/diffblue/paritytrading-parity/libraries/util","fullModuleName":"com.paritytrading.parity:parity-util"},{"__type":"DefaultProjectModule","junitReport":["/home/jbergqvist/diffblue/paritytrading-parity/applications/client/target/surefire-reports"],"jacocoReport":["/home/jbergqvist/diffblue/paritytrading-parity/applications/client/target/site/jacoco/jacoco.xml"],"jacocoDestFile":["/home/jbergqvist/diffblue/paritytrading-parity/applications/client/target/jacoco.exec"],"jacocoFormats":["xml"],"jacocoSkipped":false,"classpath":["/home/jbergqvist/diffblue/paritytrading-parity/applications/client/target/classes","/home/jbergqvist/.m2/repository/com/paritytrading/parity/parity-net/0.7.1-SNAPSHOT/parity-net-0.7.1-SNAPSHOT.jar","/home/jbergqvist/.m2/repository/com/paritytrading/parity/parity-util/0.7.1-SNAPSHOT/parity-util-0.7.1-SNAPSHOT.jar","/home/jbergqvist/.m2/repository/com/paritytrading/foundation/foundation/0.3.0/foundation-0.3.0.jar","/home/jbergqvist/.m2/repository/com/paritytrading/nassau/nassau-core/0.13.0/nassau-core-0.13.0.jar","/home/jbergqvist/.m2/repository/com/typesafe/config/1.3.1/config-1.3.1.jar","/home/jbergqvist/.m2/repository/org/jline/jline-reader/3.8.0/jline-reader-3.8.0.jar","/home/jbergqvist/.m2/repository/org/jline/jline-terminal/3.8.0/jline-terminal-3.8.0.jar","/home/jbergqvist/.m2/repository/org/jvirtanen/config/config-extras/0.2.0/config-extras-0.2.0.jar","/home/jbergqvist/.m2/repository/org/jvirtanen/util/util-extras/0.2.0/util-extras-0.2.0.jar","/home/jbergqvist/.m2/repository/com/diffblue/cover/cover-annotations/1.9.0/cover-annotations-1.9.0.jar","/home/jbergqvist/.m2/repository/org/junit/jupiter/junit-jupiter-engine/5.13.4/junit-jupiter-engine-5.13.4.jar","/home/jbergqvist/.m2/repository/org/junit/platform/junit-platform-engine/1.13.4/junit-platform-engine-1.13.4.jar","/home/jbergqvist/.m2/repository/org/opentest4j/opentest4j/1.3.0/opentest4j-1.3.0.jar","/home/jbergqvist/.m2/repository/org/junit/platform/junit-platform-commons/1.13.4/junit-platform-commons-1.13.4.jar","/home/jbergqvist/.m2/repository/org/junit/jupiter/junit-jupiter-api/5.13.4/junit-jupiter-api-5.13.4.jar","/home/jbergqvist/.m2/repository/org/apiguardian/apiguardian-api/1.1.2/apiguardian-api-1.1.2.jar","/home/jbergqvist/.m2/repository/org/mockito/mockito-core/4.11.0/mockito-core-4.11.0.jar","/home/jbergqvist/.m2/repository/net/bytebuddy/byte-buddy/1.12.19/byte-buddy-1.12.19.jar","/home/jbergqvist/.m2/repository/net/bytebuddy/byte-buddy-agent/1.12.19/byte-buddy-agent-1.12.19.jar","/home/jbergqvist/.m2/repository/org/objenesis/objenesis/3.3/objenesis-3.3.jar","/home/jbergqvist/.m2/repository/org/mockito/mockito-junit-jupiter/4.11.0/mockito-junit-jupiter-4.11.0.jar"],"complianceLevel":"1.8","productionSources":["/home/jbergqvist/diffblue/paritytrading-parity/applications/client/src/main/java"],"testSources":["/home/jbergqvist/diffblue/paritytrading-parity/applications/client/src/test/java"],"productionClasses":"/home/jbergqvist/diffblue/paritytrading-parity/applications/client/target/classes","testClasses":"/home/jbergqvist/diffblue/paritytrading-parity/applications/client/target/test-classes","sourceToBuildPathMap":null,"testSourceToBuildPathMap":null,"buildDirectory":"/home/jbergqvist/diffblue/paritytrading-parity/applications/client/target","plugins":[{"__type":"DefaultPlugin","groupId":"org.apache.maven.plugins","artefactId":"maven-enforcer-plugin","version":"1.0","pluginClassName":null},{"__type":"DefaultPlugin","groupId":"org.apache.maven.plugins","artefactId":"maven-checkstyle-plugin","version":"3.1.0","pluginClassName":null},{"__type":"DefaultPlugin","groupId":"org.apache.maven.plugins","artefactId":"maven-compiler-plugin","version":"3.8.0","pluginClassName":null},{"__type":"DefaultPlugin","groupId":"org.apache.maven.plugins","artefactId":"maven-javadoc-plugin","version":"3.0.1","pluginClassName":null},{"__type":"DefaultPlugin","groupId":"org.apache.maven.plugins","artefactId":"maven-release-plugin","version":"2.5.3","pluginClassName":null},{"__type":"DefaultPlugin","groupId":"org.apache.maven.plugins","artefactId":"maven-deploy-plugin","version":"2.8.2","pluginClassName":null},{"__type":"DefaultPlugin","groupId":"org.apache.maven.plugins","artefactId":"maven-shade-plugin","version":"3.2.1","pluginClassName":null},{"__type":"DefaultPlugin","groupId":"org.apache.maven.plugins","artefactId":"maven-clean-plugin","version":"3.2.0","pluginClassName":null},{"__type":"DefaultPlugin","groupId":"org.apache.maven.plugins","artefactId":"maven-resources-plugin","version":"3.3.1","pluginClassName":null},{"__type":"DefaultPlugin","groupId":"org.apache.maven.plugins","artefactId":"maven-jar-plugin","version":"3.4.1","pluginClassName":null},{"__type":"DefaultPlugin","groupId":"org.apache.maven.plugins","artefactId":"maven-surefire-plugin","version":"3.0.0-M5","pluginClassName":null},{"__type":"DefaultPlugin","groupId":"org.apache.maven.plugins","artefactId":"maven-install-plugin","version":"3.1.2","pluginClassName":null},{"__type":"DefaultPlugin","groupId":"org.apache.maven.plugins","artefactId":"maven-site-plugin","version":"3.12.1","pluginClassName":null}],"version":"3.9.12","encoding":"UTF-8","name":"maven","subModules":[],"simpleModuleName":null,"parentModuleName":"com.paritytrading.parity:parity-parent","location":"/home/jbergqvist/diffblue/paritytrading-parity/applications/client","fullModuleName":"com.paritytrading.parity:parity-client"},{"__type":"DefaultProjectModule","junitReport":["/home/jbergqvist/diffblue/paritytrading-parity/applications/fix/target/surefire-reports"],"jacocoReport":["/home/jbergqvist/diffblue/paritytrading-parity/applications/fix/target/site/jacoco/jacoco.xml"],"jacocoDestFile":["/home/jbergqvist/diffblue/paritytrading-parity/applications/fix/target/jacoco.exec"],"jacocoFormats":["xml"],"jacocoSkipped":false,"classpath":["/home/jbergqvist/diffblue/paritytrading-parity/applications/fix/target/classes","/home/jbergqvist/.m2/repository/com/paritytrading/parity/parity-net/0.7.1-SNAPSHOT/parity-net-0.7.1-SNAPSHOT.jar","/home/jbergqvist/.m2/repository/com/paritytrading/parity/parity-util/0.7.1-SNAPSHOT/parity-util-0.7.1-SNAPSHOT.jar","/home/jbergqvist/.m2/repository/com/paritytrading/foundation/foundation/0.3.0/foundation-0.3.0.jar","/home/jbergqvist/.m2/repository/com/paritytrading/nassau/nassau-core/0.13.0/nassau-core-0.13.0.jar","/home/jbergqvist/.m2/repository/com/paritytrading/philadelphia/philadelphia-core/1.2.0/philadelphia-core-1.2.0.jar","/home/jbergqvist/.m2/repository/com/paritytrading/philadelphia/philadelphia-fix44/1.2.0/philadelphia-fix44-1.2.0.jar","/home/jbergqvist/.m2/repository/com/typesafe/config/1.3.1/config-1.3.1.jar","/home/jbergqvist/.m2/repository/joda-time/joda-time/2.10.6/joda-time-2.10.6.jar","/home/jbergqvist/.m2/repository/org/jvirtanen/config/config-extras/0.2.0/config-extras-0.2.0.jar","/home/jbergqvist/.m2/repository/org/jvirtanen/util/util-extras/0.2.0/util-extras-0.2.0.jar","/home/jbergqvist/.m2/repository/com/diffblue/cover/cover-annotations/1.9.0/cover-annotations-1.9.0.jar","/home/jbergqvist/.m2/repository/org/junit/jupiter/junit-jupiter-engine/5.13.4/junit-jupiter-engine-5.13.4.jar","/home/jbergqvist/.m2/repository/org/junit/platform/junit-platform-engine/1.13.4/junit-platform-engine-1.13.4.jar","/home/jbergqvist/.m2/repository/org/opentest4j/opentest4j/1.3.0/opentest4j-1.3.0.jar","/home/jbergqvist/.m2/repository/org/junit/platform/junit-platform-commons/1.13.4/junit-platform-commons-1.13.4.jar","/home/jbergqvist/.m2/repository/org/junit/jupiter/junit-jupiter-api/5.13.4/junit-jupiter-api-5.13.4.jar","/home/jbergqvist/.m2/repository/org/apiguardian/apiguardian-api/1.1.2/apiguardian-api-1.1.2.jar","/home/jbergqvist/.m2/repository/org/mockito/mockito-core/4.11.0/mockito-core-4.11.0.jar","/home/jbergqvist/.m2/repository/net/bytebuddy/byte-buddy/1.12.19/byte-buddy-1.12.19.jar","/home/jbergqvist/.m2/repository/net/bytebuddy/byte-buddy-agent/1.12.19/byte-buddy-agent-1.12.19.jar","/home/jbergqvist/.m2/repository/org/objenesis/objenesis/3.3/objenesis-3.3.jar","/home/jbergqvist/.m2/repository/org/mockito/mockito-junit-jupiter/4.11.0/mockito-junit-jupiter-4.11.0.jar"],"complianceLevel":"1.8","productionSources":["/home/jbergqvist/diffblue/paritytrading-parity/applications/fix/src/main/java"],"testSources":["/home/jbergqvist/diffblue/paritytrading-parity/applications/fix/src/test/java"],"productionClasses":"/home/jbergqvist/diffblue/paritytrading-parity/applications/fix/target/classes","testClasses":"/home/jbergqvist/diffblue/paritytrading-parity/applications/fix/target/test-classes","sourceToBuildPathMap":null,"testSourceToBuildPathMap":null,"buildDirectory":"/home/jbergqvist/diffblue/paritytrading-parity/applications/fix/target","plugins":[{"__type":"DefaultPlugin","groupId":"org.apache.maven.plugins","artefactId":"maven-enforcer-plugin","version":"1.0","pluginClassName":null},{"__type":"DefaultPlugin","groupId":"org.apache.maven.plugins","artefactId":"maven-checkstyle-plugin","version":"3.1.0","pluginClassName":null},{"__type":"DefaultPlugin","groupId":"org.apache.maven.plugins","artefactId":"maven-compiler-plugin","version":"3.8.0","pluginClassName":null},{"__type":"DefaultPlugin","groupId":"org.apache.maven.plugins","artefactId":"maven-javadoc-plugin","version":"3.0.1","pluginClassName":null},{"__type":"DefaultPlugin","groupId":"org.apache.maven.plugins","artefactId":"maven-release-plugin","version":"2.5.3","pluginClassName":null},{"__type":"DefaultPlugin","groupId":"org.apache.maven.plugins","artefactId":"maven-deploy-plugin","version":"2.8.2","pluginClassName":null},{"__type":"DefaultPlugin","groupId":"org.apache.maven.plugins","artefactId":"maven-shade-plugin","version":"3.2.1","pluginClassName":null},{"__type":"DefaultPlugin","groupId":"org.apache.maven.plugins","artefactId":"maven-clean-plugin","version":"3.2.0","pluginClassName":null},{"__type":"DefaultPlugin","groupId":"org.apache.maven.plugins","artefactId":"maven-resources-plugin","version":"3.3.1","pluginClassName":null},{"__type":"DefaultPlugin","groupId":"org.apache.maven.plugins","artefactId":"maven-jar-plugin","version":"3.4.1","pluginClassName":null},{"__type":"DefaultPlugin","groupId":"org.apache.maven.plugins","artefactId":"maven-surefire-plugin","version":"3.0.0-M5","pluginClassName":null},{"__type":"DefaultPlugin","groupId":"org.apache.maven.plugins","artefactId":"maven-install-plugin","version":"3.1.2","pluginClassName":null},{"__type":"DefaultPlugin","groupId":"org.apache.maven.plugins","artefactId":"maven-site-plugin","version":"3.12.1","pluginClassName":null}],"version":"3.9.12","encoding":"UTF-8","name":"maven","subModules":[],"simpleModuleName":null,"parentModuleName":"com.paritytrading.parity:parity-parent","location":"/home/jbergqvist/diffblue/paritytrading-parity/applications/fix","fullModuleName":"com.paritytrading.parity:parity-fix"},{"__type":"DefaultProjectModule","junitReport":["/home/jbergqvist/diffblue/paritytrading-parity/applications/reporter/target/surefire-reports"],"jacocoReport":["/home/jbergqvist/diffblue/paritytrading-parity/applications/reporter/target/site/jacoco/jacoco.xml"],"jacocoDestFile":["/home/jbergqvist/diffblue/paritytrading-parity/applications/reporter/target/jacoco.exec"],"jacocoFormats":["xml"],"jacocoSkipped":false,"classpath":["/home/jbergqvist/diffblue/paritytrading-parity/applications/reporter/target/classes","/home/jbergqvist/.m2/repository/com/paritytrading/parity/parity-net/0.7.1-SNAPSHOT/parity-net-0.7.1-SNAPSHOT.jar","/home/jbergqvist/.m2/repository/com/paritytrading/parity/parity-util/0.7.1-SNAPSHOT/parity-util-0.7.1-SNAPSHOT.jar","/home/jbergqvist/.m2/repository/com/paritytrading/foundation/foundation/0.3.0/foundation-0.3.0.jar","/home/jbergqvist/.m2/repository/com/paritytrading/nassau/nassau-core/0.13.0/nassau-core-0.13.0.jar","/home/jbergqvist/.m2/repository/com/paritytrading/nassau/nassau-util/0.13.0/nassau-util-0.13.0.jar","/home/jbergqvist/.m2/repository/com/typesafe/config/1.3.1/config-1.3.1.jar","/home/jbergqvist/.m2/repository/org/jvirtanen/config/config-extras/0.2.0/config-extras-0.2.0.jar","/home/jbergqvist/.m2/repository/org/jvirtanen/util/util-extras/0.2.0/util-extras-0.2.0.jar","/home/jbergqvist/.m2/repository/com/diffblue/cover/cover-annotations/1.9.0/cover-annotations-1.9.0.jar","/home/jbergqvist/.m2/repository/org/junit/jupiter/junit-jupiter-engine/5.13.4/junit-jupiter-engine-5.13.4.jar","/home/jbergqvist/.m2/repository/org/junit/platform/junit-platform-engine/1.13.4/junit-platform-engine-1.13.4.jar","/home/jbergqvist/.m2/repository/org/opentest4j/opentest4j/1.3.0/opentest4j-1.3.0.jar","/home/jbergqvist/.m2/repository/org/junit/platform/junit-platform-commons/1.13.4/junit-platform-commons-1.13.4.jar","/home/jbergqvist/.m2/repository/org/junit/jupiter/junit-jupiter-api/5.13.4/junit-jupiter-api-5.13.4.jar","/home/jbergqvist/.m2/repository/org/apiguardian/apiguardian-api/1.1.2/apiguardian-api-1.1.2.jar","/home/jbergqvist/.m2/repository/org/mockito/mockito-core/4.11.0/mockito-core-4.11.0.jar","/home/jbergqvist/.m2/repository/net/bytebuddy/byte-buddy/1.12.19/byte-buddy-1.12.19.jar","/home/jbergqvist/.m2/repository/net/bytebuddy/byte-buddy-agent/1.12.19/byte-buddy-agent-1.12.19.jar","/home/jbergqvist/.m2/repository/org/objenesis/objenesis/3.3/objenesis-3.3.jar","/home/jbergqvist/.m2/repository/org/mockito/mockito-junit-jupiter/4.11.0/mockito-junit-jupiter-4.11.0.jar"],"complianceLevel":"1.8","productionSources":["/home/jbergqvist/diffblue/paritytrading-parity/applications/reporter/src/main/java"],"testSources":["/home/jbergqvist/diffblue/paritytrading-parity/applications/reporter/src/test/java"],"productionClasses":"/home/jbergqvist/diffblue/paritytrading-parity/applications/reporter/target/classes","testClasses":"/home/jbergqvist/diffblue/paritytrading-parity/applications/reporter/target/test-classes","sourceToBuildPathMap":null,"testSourceToBuildPathMap":null,"buildDirectory":"/home/jbergqvist/diffblue/paritytrading-parity/applications/reporter/target","plugins":[{"__type":"DefaultPlugin","groupId":"org.apache.maven.plugins","artefactId":"maven-enforcer-plugin","version":"1.0","pluginClassName":null},{"__type":"DefaultPlugin","groupId":"org.apache.maven.plugins","artefactId":"maven-checkstyle-plugin","version":"3.1.0","pluginClassName":null},{"__type":"DefaultPlugin","groupId":"org.apache.maven.plugins","artefactId":"maven-compiler-plugin","version":"3.8.0","pluginClassName":null},{"__type":"DefaultPlugin","groupId":"org.apache.maven.plugins","artefactId":"maven-javadoc-plugin","version":"3.0.1","pluginClassName":null},{"__type":"DefaultPlugin","groupId":"org.apache.maven.plugins","artefactId":"maven-release-plugin","version":"2.5.3","pluginClassName":null},{"__type":"DefaultPlugin","groupId":"org.apache.maven.plugins","artefactId":"maven-deploy-plugin","version":"2.8.2","pluginClassName":null},{"__type":"DefaultPlugin","groupId":"org.apache.maven.plugins","artefactId":"maven-shade-plugin","version":"3.2.1","pluginClassName":null},{"__type":"DefaultPlugin","groupId":"org.apache.maven.plugins","artefactId":"maven-clean-plugin","version":"3.2.0","pluginClassName":null},{"__type":"DefaultPlugin","groupId":"org.apache.maven.plugins","artefactId":"maven-resources-plugin","version":"3.3.1","pluginClassName":null},{"__type":"DefaultPlugin","groupId":"org.apache.maven.plugins","artefactId":"maven-jar-plugin","version":"3.4.1","pluginClassName":null},{"__type":"DefaultPlugin","groupId":"org.apache.maven.plugins","artefactId":"maven-surefire-plugin","version":"3.0.0-M5","pluginClassName":null},{"__type":"DefaultPlugin","groupId":"org.apache.maven.plugins","artefactId":"maven-install-plugin","version":"3.1.2","pluginClassName":null},{"__type":"DefaultPlugin","groupId":"org.apache.maven.plugins","artefactId":"maven-site-plugin","version":"3.12.1","pluginClassName":null}],"version":"3.9.12","encoding":"UTF-8","name":"maven","subModules":[],"simpleModuleName":null,"parentModuleName":"com.paritytrading.parity:parity-parent","location":"/home/jbergqvist/diffblue/paritytrading-parity/applications/reporter","fullModuleName":"com.paritytrading.parity:parity-reporter"},{"__type":"DefaultProjectModule","junitReport":["/home/jbergqvist/diffblue/paritytrading-parity/applications/system/target/surefire-reports"],"jacocoReport":["/home/jbergqvist/diffblue/paritytrading-parity/applications/system/target/site/jacoco/jacoco.xml"],"jacocoDestFile":["/home/jbergqvist/diffblue/paritytrading-parity/applications/system/target/jacoco.exec"],"jacocoFormats":["xml"],"jacocoSkipped":false,"classpath":["/home/jbergqvist/diffblue/paritytrading-parity/applications/system/target/classes","/home/jbergqvist/.m2/repository/com/paritytrading/parity/parity-match/0.7.1-SNAPSHOT/parity-match-0.7.1-SNAPSHOT.jar","/home/jbergqvist/.m2/repository/com/paritytrading/parity/parity-net/0.7.1-SNAPSHOT/parity-net-0.7.1-SNAPSHOT.jar","/home/jbergqvist/.m2/repository/com/paritytrading/foundation/foundation/0.3.0/foundation-0.3.0.jar","/home/jbergqvist/.m2/repository/com/paritytrading/nassau/nassau-core/0.13.0/nassau-core-0.13.0.jar","/home/jbergqvist/.m2/repository/com/typesafe/config/1.3.1/config-1.3.1.jar","/home/jbergqvist/.m2/repository/it/unimi/dsi/fastutil/8.1.0/fastutil-8.1.0.jar","/home/jbergqvist/.m2/repository/org/jvirtanen/config/config-extras/0.2.0/config-extras-0.2.0.jar","/home/jbergqvist/.m2/repository/org/jvirtanen/util/util-extras/0.2.0/util-extras-0.2.0.jar","/home/jbergqvist/.m2/repository/com/diffblue/cover/cover-annotations/1.9.0/cover-annotations-1.9.0.jar","/home/jbergqvist/.m2/repository/org/junit/jupiter/junit-jupiter-engine/5.13.4/junit-jupiter-engine-5.13.4.jar","/home/jbergqvist/.m2/repository/org/junit/platform/junit-platform-engine/1.13.4/junit-platform-engine-1.13.4.jar","/home/jbergqvist/.m2/repository/org/opentest4j/opentest4j/1.3.0/opentest4j-1.3.0.jar","/home/jbergqvist/.m2/repository/org/junit/platform/junit-platform-commons/1.13.4/junit-platform-commons-1.13.4.jar","/home/jbergqvist/.m2/repository/org/junit/jupiter/junit-jupiter-api/5.13.4/junit-jupiter-api-5.13.4.jar","/home/jbergqvist/.m2/repository/org/apiguardian/apiguardian-api/1.1.2/apiguardian-api-1.1.2.jar","/home/jbergqvist/.m2/repository/org/mockito/mockito-core/4.11.0/mockito-core-4.11.0.jar","/home/jbergqvist/.m2/repository/net/bytebuddy/byte-buddy/1.12.19/byte-buddy-1.12.19.jar","/home/jbergqvist/.m2/repository/net/bytebuddy/byte-buddy-agent/1.12.19/byte-buddy-agent-1.12.19.jar","/home/jbergqvist/.m2/repository/org/objenesis/objenesis/3.3/objenesis-3.3.jar","/home/jbergqvist/.m2/repository/org/mockito/mockito-junit-jupiter/4.11.0/mockito-junit-jupiter-4.11.0.jar"],"complianceLevel":"1.8","productionSources":["/home/jbergqvist/diffblue/paritytrading-parity/applications/system/src/main/java"],"testSources":["/home/jbergqvist/diffblue/paritytrading-parity/applications/system/src/test/java"],"productionClasses":"/home/jbergqvist/diffblue/paritytrading-parity/applications/system/target/classes","testClasses":"/home/jbergqvist/diffblue/paritytrading-parity/applications/system/target/test-classes","sourceToBuildPathMap":null,"testSourceToBuildPathMap":null,"buildDirectory":"/home/jbergqvist/diffblue/paritytrading-parity/applications/system/target","plugins":[{"__type":"DefaultPlugin","groupId":"org.apache.maven.plugins","artefactId":"maven-enforcer-plugin","version":"1.0","pluginClassName":null},{"__type":"DefaultPlugin","groupId":"org.apache.maven.plugins","artefactId":"maven-checkstyle-plugin","version":"3.1.0","pluginClassName":null},{"__type":"DefaultPlugin","groupId":"org.apache.maven.plugins","artefactId":"maven-compiler-plugin","version":"3.8.0","pluginClassName":null},{"__type":"DefaultPlugin","groupId":"org.apache.maven.plugins","artefactId":"maven-javadoc-plugin","version":"3.0.1","pluginClassName":null},{"__type":"DefaultPlugin","groupId":"org.apache.maven.plugins","artefactId":"maven-release-plugin","version":"2.5.3","pluginClassName":null},{"__type":"DefaultPlugin","groupId":"org.apache.maven.plugins","artefactId":"maven-deploy-plugin","version":"2.8.2","pluginClassName":null},{"__type":"DefaultPlugin","groupId":"org.apache.maven.plugins","artefactId":"maven-shade-plugin","version":"3.2.1","pluginClassName":null},{"__type":"DefaultPlugin","groupId":"org.apache.maven.plugins","artefactId":"maven-clean-plugin","version":"3.2.0","pluginClassName":null},{"__type":"DefaultPlugin","groupId":"org.apache.maven.plugins","artefactId":"maven-resources-plugin","version":"3.3.1","pluginClassName":null},{"__type":"DefaultPlugin","groupId":"org.apache.maven.plugins","artefactId":"maven-jar-plugin","version":"3.4.1","pluginClassName":null},{"__type":"DefaultPlugin","groupId":"org.apache.maven.plugins","artefactId":"maven-surefire-plugin","version":"3.0.0-M5","pluginClassName":null},{"__type":"DefaultPlugin","groupId":"org.apache.maven.plugins","artefactId":"maven-install-plugin","version":"3.1.2","pluginClassName":null},{"__type":"DefaultPlugin","groupId":"org.apache.maven.plugins","artefactId":"maven-site-plugin","version":"3.12.1","pluginClassName":null}],"version":"3.9.12","encoding":"UTF-8","name":"maven","subModules":[],"simpleModuleName":null,"parentModuleName":"com.paritytrading.parity:parity-parent","location":"/home/jbergqvist/diffblue/paritytrading-parity/applications/system","fullModuleName":"com.paritytrading.parity:parity-system"},{"__type":"DefaultProjectModule","junitReport":["/home/jbergqvist/diffblue/paritytrading-parity/applications/ticker/target/surefire-reports"],"jacocoReport":["/home/jbergqvist/diffblue/paritytrading-parity/applications/ticker/target/site/jacoco/jacoco.xml"],"jacocoDestFile":["/home/jbergqvist/diffblue/paritytrading-parity/applications/ticker/target/jacoco.exec"],"jacocoFormats":["xml"],"jacocoSkipped":false,"classpath":["/home/jbergqvist/diffblue/paritytrading-parity/applications/ticker/target/classes","/home/jbergqvist/.m2/repository/com/paritytrading/parity/parity-book/0.7.1-SNAPSHOT/parity-book-0.7.1-SNAPSHOT.jar","/home/jbergqvist/.m2/repository/it/unimi/dsi/fastutil/8.1.0/fastutil-8.1.0.jar","/home/jbergqvist/.m2/repository/com/paritytrading/parity/parity-file/0.7.1-SNAPSHOT/parity-file-0.7.1-SNAPSHOT.jar","/home/jbergqvist/.m2/repository/com/paritytrading/parity/parity-net/0.7.1-SNAPSHOT/parity-net-0.7.1-SNAPSHOT.jar","/home/jbergqvist/.m2/repository/com/paritytrading/parity/parity-util/0.7.1-SNAPSHOT/parity-util-0.7.1-SNAPSHOT.jar","/home/jbergqvist/.m2/repository/com/paritytrading/foundation/foundation/0.3.0/foundation-0.3.0.jar","/home/jbergqvist/.m2/repository/com/paritytrading/nassau/nassau-core/0.13.0/nassau-core-0.13.0.jar","/home/jbergqvist/.m2/repository/com/paritytrading/nassau/nassau-util/0.13.0/nassau-util-0.13.0.jar","/home/jbergqvist/.m2/repository/com/typesafe/config/1.3.1/config-1.3.1.jar","/home/jbergqvist/.m2/repository/org/jvirtanen/config/config-extras/0.2.0/config-extras-0.2.0.jar","/home/jbergqvist/.m2/repository/org/jvirtanen/util/util-extras/0.2.0/util-extras-0.2.0.jar","/home/jbergqvist/.m2/repository/com/diffblue/cover/cover-annotations/1.9.0/cover-annotations-1.9.0.jar","/home/jbergqvist/.m2/repository/org/junit/jupiter/junit-jupiter-engine/5.13.4/junit-jupiter-engine-5.13.4.jar","/home/jbergqvist/.m2/repository/org/junit/platform/junit-platform-engine/1.13.4/junit-platform-engine-1.13.4.jar","/home/jbergqvist/.m2/repository/org/opentest4j/opentest4j/1.3.0/opentest4j-1.3.0.jar","/home/jbergqvist/.m2/repository/org/junit/platform/junit-platform-commons/1.13.4/junit-platform-commons-1.13.4.jar","/home/jbergqvist/.m2/repository/org/junit/jupiter/junit-jupiter-api/5.13.4/junit-jupiter-api-5.13.4.jar","/home/jbergqvist/.m2/repository/org/apiguardian/apiguardian-api/1.1.2/apiguardian-api-1.1.2.jar","/home/jbergqvist/.m2/repository/org/mockito/mockito-core/4.11.0/mockito-core-4.11.0.jar","/home/jbergqvist/.m2/repository/net/bytebuddy/byte-buddy/1.12.19/byte-buddy-1.12.19.jar","/home/jbergqvist/.m2/repository/net/bytebuddy/byte-buddy-agent/1.12.19/byte-buddy-agent-1.12.19.jar","/home/jbergqvist/.m2/repository/org/objenesis/objenesis/3.3/objenesis-3.3.jar","/home/jbergqvist/.m2/repository/org/mockito/mockito-junit-jupiter/4.11.0/mockito-junit-jupiter-4.11.0.jar"],"complianceLevel":"1.8","productionSources":["/home/jbergqvist/diffblue/paritytrading-parity/applications/ticker/src/main/java"],"testSources":["/home/jbergqvist/diffblue/paritytrading-parity/applications/ticker/src/test/java"],"productionClasses":"/home/jbergqvist/diffblue/paritytrading-parity/applications/ticker/target/classes","testClasses":"/home/jbergqvist/diffblue/paritytrading-parity/applications/ticker/target/test-classes","sourceToBuildPathMap":null,"testSourceToBuildPathMap":null,"buildDirectory":"/home/jbergqvist/diffblue/paritytrading-parity/applications/ticker/target","plugins":[{"__type":"DefaultPlugin","groupId":"org.apache.maven.plugins","artefactId":"maven-enforcer-plugin","version":"1.0","pluginClassName":null},{"__type":"DefaultPlugin","groupId":"org.apache.maven.plugins","artefactId":"maven-checkstyle-plugin","version":"3.1.0","pluginClassName":null},{"__type":"DefaultPlugin","groupId":"org.apache.maven.plugins","artefactId":"maven-compiler-plugin","version":"3.8.0","pluginClassName":null},{"__type":"DefaultPlugin","groupId":"org.apache.maven.plugins","artefactId":"maven-javadoc-plugin","version":"3.0.1","pluginClassName":null},{"__type":"DefaultPlugin","groupId":"org.apache.maven.plugins","artefactId":"maven-release-plugin","version":"2.5.3","pluginClassName":null},{"__type":"DefaultPlugin","groupId":"org.apache.maven.plugins","artefactId":"maven-deploy-plugin","version":"2.8.2","pluginClassName":null},{"__type":"DefaultPlugin","groupId":"org.apache.maven.plugins","artefactId":"maven-shade-plugin","version":"3.2.1","pluginClassName":null},{"__type":"DefaultPlugin","groupId":"org.apache.maven.plugins","artefactId":"maven-clean-plugin","version":"3.2.0","pluginClassName":null},{"__type":"DefaultPlugin","groupId":"org.apache.maven.plugins","artefactId":"maven-resources-plugin","version":"3.3.1","pluginClassName":null},{"__type":"DefaultPlugin","groupId":"org.apache.maven.plugins","artefactId":"maven-jar-plugin","version":"3.4.1","pluginClassName":null},{"__type":"DefaultPlugin","groupId":"org.apache.maven.plugins","artefactId":"maven-surefire-plugin","version":"3.0.0-M5","pluginClassName":null},{"__type":"DefaultPlugin","groupId":"org.apache.maven.plugins","artefactId":"maven-install-plugin","version":"3.1.2","pluginClassName":null},{"__type":"DefaultPlugin","groupId":"org.apache.maven.plugins","artefactId":"maven-site-plugin","version":"3.12.1","pluginClassName":null}],"version":"3.9.12","encoding":"UTF-8","name":"maven","subModules":[],"simpleModuleName":null,"parentModuleName":"com.paritytrading.parity:parity-parent","location":"/home/jbergqvist/diffblue/paritytrading-parity/applications/ticker","fullModuleName":"com.paritytrading.parity:parity-ticker"},{"__type":"DefaultProjectModule","junitReport":["/home/jbergqvist/diffblue/paritytrading-parity/tests/book-perf-test/target/surefire-reports"],"jacocoReport":["/home/jbergqvist/diffblue/paritytrading-parity/tests/book-perf-test/target/site/jacoco/jacoco.xml"],"jacocoDestFile":["/home/jbergqvist/diffblue/paritytrading-parity/tests/book-perf-test/target/jacoco.exec"],"jacocoFormats":["xml"],"jacocoSkipped":false,"classpath":["/home/jbergqvist/diffblue/paritytrading-parity/tests/book-perf-test/target/classes","/home/jbergqvist/.m2/repository/com/paritytrading/parity/parity-book/0.7.1-SNAPSHOT/parity-book-0.7.1-SNAPSHOT.jar","/home/jbergqvist/.m2/repository/it/unimi/dsi/fastutil/8.1.0/fastutil-8.1.0.jar","/home/jbergqvist/.m2/repository/org/openjdk/jmh/jmh-core/1.19/jmh-core-1.19.jar","/home/jbergqvist/.m2/repository/net/sf/jopt-simple/jopt-simple/4.6/jopt-simple-4.6.jar","/home/jbergqvist/.m2/repository/org/apache/commons/commons-math3/3.2/commons-math3-3.2.jar","/home/jbergqvist/.m2/repository/com/diffblue/cover/cover-annotations/1.9.0/cover-annotations-1.9.0.jar","/home/jbergqvist/.m2/repository/org/openjdk/jmh/jmh-generator-annprocess/1.19/jmh-generator-annprocess-1.19.jar","/home/jbergqvist/.m2/repository/org/junit/jupiter/junit-jupiter-engine/5.13.4/junit-jupiter-engine-5.13.4.jar","/home/jbergqvist/.m2/repository/org/junit/platform/junit-platform-engine/1.13.4/junit-platform-engine-1.13.4.jar","/home/jbergqvist/.m2/repository/org/opentest4j/opentest4j/1.3.0/opentest4j-1.3.0.jar","/home/jbergqvist/.m2/repository/org/junit/platform/junit-platform-commons/1.13.4/junit-platform-commons-1.13.4.jar","/home/jbergqvist/.m2/repository/org/junit/jupiter/junit-jupiter-api/5.13.4/junit-jupiter-api-5.13.4.jar","/home/jbergqvist/.m2/repository/org/apiguardian/apiguardian-api/1.1.2/apiguardian-api-1.1.2.jar","/home/jbergqvist/.m2/repository/org/mockito/mockito-core/4.11.0/mockito-core-4.11.0.jar","/home/jbergqvist/.m2/repository/net/bytebuddy/byte-buddy/1.12.19/byte-buddy-1.12.19.jar","/home/jbergqvist/.m2/repository/net/bytebuddy/byte-buddy-agent/1.12.19/byte-buddy-agent-1.12.19.jar","/home/jbergqvist/.m2/repository/org/objenesis/objenesis/3.3/objenesis-3.3.jar","/home/jbergqvist/.m2/repository/org/mockito/mockito-junit-jupiter/4.11.0/mockito-junit-jupiter-4.11.0.jar"],"complianceLevel":"1.8","productionSources":["/home/jbergqvist/diffblue/paritytrading-parity/tests/book-perf-test/src/main/java"],"testSources":["/home/jbergqvist/diffblue/paritytrading-parity/tests/book-perf-test/src/test/java"],"productionClasses":"/home/jbergqvist/diffblue/paritytrading-parity/tests/book-perf-test/target/classes","testClasses":"/home/jbergqvist/diffblue/paritytrading-parity/tests/book-perf-test/target/test-classes","sourceToBuildPathMap":null,"testSourceToBuildPathMap":null,"buildDirectory":"/home/jbergqvist/diffblue/paritytrading-parity/tests/book-perf-test/target","plugins":[{"__type":"DefaultPlugin","groupId":"org.apache.maven.plugins","artefactId":"maven-enforcer-plugin","version":"1.0","pluginClassName":null},{"__type":"DefaultPlugin","groupId":"org.apache.maven.plugins","artefactId":"maven-checkstyle-plugin","version":"3.1.0","pluginClassName":null},{"__type":"DefaultPlugin","groupId":"org.apache.maven.plugins","artefactId":"maven-compiler-plugin","version":"3.8.0","pluginClassName":null},{"__type":"DefaultPlugin","groupId":"org.apache.maven.plugins","artefactId":"maven-javadoc-plugin","version":"3.0.1","pluginClassName":null},{"__type":"DefaultPlugin","groupId":"org.apache.maven.plugins","artefactId":"maven-release-plugin","version":"2.5.3","pluginClassName":null},{"__type":"DefaultPlugin","groupId":"org.apache.maven.plugins","artefactId":"maven-deploy-plugin","version":"2.8.2","pluginClassName":null},{"__type":"DefaultPlugin","groupId":"org.apache.maven.plugins","artefactId":"maven-shade-plugin","version":"3.2.1","pluginClassName":null},{"__type":"DefaultPlugin","groupId":"org.apache.maven.plugins","artefactId":"maven-clean-plugin","version":"3.2.0","pluginClassName":null},{"__type":"DefaultPlugin","groupId":"org.apache.maven.plugins","artefactId":"maven-resources-plugin","version":"3.3.1","pluginClassName":null},{"__type":"DefaultPlugin","groupId":"org.apache.maven.plugins","artefactId":"maven-jar-plugin","version":"3.4.1","pluginClassName":null},{"__type":"DefaultPlugin","groupId":"org.apache.maven.plugins","artefactId":"maven-surefire-plugin","version":"3.0.0-M5","pluginClassName":null},{"__type":"DefaultPlugin","groupId":"org.apache.maven.plugins","artefactId":"maven-install-plugin","version":"3.1.2","pluginClassName":null},{"__type":"DefaultPlugin","groupId":"org.apache.maven.plugins","artefactId":"maven-site-plugin","version":"3.12.1","pluginClassName":null}],"version":"3.9.12","encoding":"UTF-8","name":"maven","subModules":[],"simpleModuleName":null,"parentModuleName":"com.paritytrading.parity:parity-parent","location":"/home/jbergqvist/diffblue/paritytrading-parity/tests/book-perf-test","fullModuleName":"com.paritytrading.parity:parity-book-perf-test"},{"__type":"DefaultProjectModule","junitReport":["/home/jbergqvist/diffblue/paritytrading-parity/tests/match-perf-test/target/surefire-reports"],"jacocoReport":["/home/jbergqvist/diffblue/paritytrading-parity/tests/match-perf-test/target/site/jacoco/jacoco.xml"],"jacocoDestFile":["/home/jbergqvist/diffblue/paritytrading-parity/tests/match-perf-test/target/jacoco.exec"],"jacocoFormats":["xml"],"jacocoSkipped":false,"classpath":["/home/jbergqvist/diffblue/paritytrading-parity/tests/match-perf-test/target/classes","/home/jbergqvist/.m2/repository/com/paritytrading/parity/parity-match/0.7.1-SNAPSHOT/parity-match-0.7.1-SNAPSHOT.jar","/home/jbergqvist/.m2/repository/it/unimi/dsi/fastutil/8.1.0/fastutil-8.1.0.jar","/home/jbergqvist/.m2/repository/org/openjdk/jmh/jmh-core/1.19/jmh-core-1.19.jar","/home/jbergqvist/.m2/repository/net/sf/jopt-simple/jopt-simple/4.6/jopt-simple-4.6.jar","/home/jbergqvist/.m2/repository/org/apache/commons/commons-math3/3.2/commons-math3-3.2.jar","/home/jbergqvist/.m2/repository/com/diffblue/cover/cover-annotations/1.9.0/cover-annotations-1.9.0.jar","/home/jbergqvist/.m2/repository/org/openjdk/jmh/jmh-generator-annprocess/1.19/jmh-generator-annprocess-1.19.jar","/home/jbergqvist/.m2/repository/org/junit/jupiter/junit-jupiter-engine/5.13.4/junit-jupiter-engine-5.13.4.jar","/home/jbergqvist/.m2/repository/org/junit/platform/junit-platform-engine/1.13.4/junit-platform-engine-1.13.4.jar","/home/jbergqvist/.m2/repository/org/opentest4j/opentest4j/1.3.0/opentest4j-1.3.0.jar","/home/jbergqvist/.m2/repository/org/junit/platform/junit-platform-commons/1.13.4/junit-platform-commons-1.13.4.jar","/home/jbergqvist/.m2/repository/org/junit/jupiter/junit-jupiter-api/5.13.4/junit-jupiter-api-5.13.4.jar","/home/jbergqvist/.m2/repository/org/apiguardian/apiguardian-api/1.1.2/apiguardian-api-1.1.2.jar","/home/jbergqvist/.m2/repository/org/mockito/mockito-core/4.11.0/mockito-core-4.11.0.jar","/home/jbergqvist/.m2/repository/net/bytebuddy/byte-buddy/1.12.19/byte-buddy-1.12.19.jar","/home/jbergqvist/.m2/repository/net/bytebuddy/byte-buddy-agent/1.12.19/byte-buddy-agent-1.12.19.jar","/home/jbergqvist/.m2/repository/org/objenesis/objenesis/3.3/objenesis-3.3.jar","/home/jbergqvist/.m2/repository/org/mockito/mockito-junit-jupiter/4.11.0/mockito-junit-jupiter-4.11.0.jar"],"complianceLevel":"1.8","productionSources":["/home/jbergqvist/diffblue/paritytrading-parity/tests/match-perf-test/src/main/java"],"testSources":["/home/jbergqvist/diffblue/paritytrading-parity/tests/match-perf-test/src/test/java"],"productionClasses":"/home/jbergqvist/diffblue/paritytrading-parity/tests/match-perf-test/target/classes","testClasses":"/home/jbergqvist/diffblue/paritytrading-parity/tests/match-perf-test/target/test-classes","sourceToBuildPathMap":null,"testSourceToBuildPathMap":null,"buildDirectory":"/home/jbergqvist/diffblue/paritytrading-parity/tests/match-perf-test/target","plugins":[{"__type":"DefaultPlugin","groupId":"org.apache.maven.plugins","artefactId":"maven-enforcer-plugin","version":"1.0","pluginClassName":null},{"__type":"DefaultPlugin","groupId":"org.apache.maven.plugins","artefactId":"maven-checkstyle-plugin","version":"3.1.0","pluginClassName":null},{"__type":"DefaultPlugin","groupId":"org.apache.maven.plugins","artefactId":"maven-compiler-plugin","version":"3.8.0","pluginClassName":null},{"__type":"DefaultPlugin","groupId":"org.apache.maven.plugins","artefactId":"maven-javadoc-plugin","version":"3.0.1","pluginClassName":null},{"__type":"DefaultPlugin","groupId":"org.apache.maven.plugins","artefactId":"maven-release-plugin","version":"2.5.3","pluginClassName":null},{"__type":"DefaultPlugin","groupId":"org.apache.maven.plugins","artefactId":"maven-deploy-plugin","version":"2.8.2","pluginClassName":null},{"__type":"DefaultPlugin","groupId":"org.apache.maven.plugins","artefactId":"maven-shade-plugin","version":"3.2.1","pluginClassName":null},{"__type":"DefaultPlugin","groupId":"org.apache.maven.plugins","artefactId":"maven-clean-plugin","version":"3.2.0","pluginClassName":null},{"__type":"DefaultPlugin","groupId":"org.apache.maven.plugins","artefactId":"maven-resources-plugin","version":"3.3.1","pluginClassName":null},{"__type":"DefaultPlugin","groupId":"org.apache.maven.plugins","artefactId":"maven-jar-plugin","version":"3.4.1","pluginClassName":null},{"__type":"DefaultPlugin","groupId":"org.apache.maven.plugins","artefactId":"maven-surefire-plugin","version":"3.0.0-M5","pluginClassName":null},{"__type":"DefaultPlugin","groupId":"org.apache.maven.plugins","artefactId":"maven-install-plugin","version":"3.1.2","pluginClassName":null},{"__type":"DefaultPlugin","groupId":"org.apache.maven.plugins","artefactId":"maven-site-plugin","version":"3.12.1","pluginClassName":null}],"version":"3.9.12","encoding":"UTF-8","name":"maven","subModules":[],"simpleModuleName":null,"parentModuleName":"com.paritytrading.parity:parity-parent","location":"/home/jbergqvist/diffblue/paritytrading-parity/tests/match-perf-test","fullModuleName":"com.paritytrading.parity:parity-match-perf-test"}],"simpleModuleName":null,"parentModuleName":"org.sonatype.oss:oss-parent","location":"/home/jbergqvist/diffblue/paritytrading-parity","fullModuleName":"com.paritytrading.parity:parity-parent"}}
10:21:13.202 [INFO]   [Checking]    [main]              [com.diffblue.cover.buildsystem.internal.f.f] deserializing line [DIFFBLUE]{"__type":"com.diffblue.cover.buildsystem.model.ProjectInfoMessage","projectName":"com.paritytrading.parity:parity-parent","productionSources":["/home/jbergqvist/diffblue/paritytrading-parity/src/main/java"],"testSources":["/home/jbergqvist/diffblue/paritytrading-parity/src/test/java"],"location":"/home/jbergqvist/diffblue/paritytrading-parity"}
10:21:13.204 [INFO]   [Checking]    [main]              [com.diffblue.cover.buildsystem.internal.f.f] deserializing line [DIFFBLUE]{"__type":"com.diffblue.cover.buildsystem.model.ProjectInfoMessage","projectName":"com.paritytrading.parity:parity-book","productionSources":["/home/jbergqvist/diffblue/paritytrading-parity/libraries/book/src/main/java"],"testSources":["/home/jbergqvist/diffblue/paritytrading-parity/libraries/book/src/test/java"],"location":"/home/jbergqvist/diffblue/paritytrading-parity/libraries/book"}
10:21:13.205 [INFO]   [Checking]    [main]              [com.diffblue.cover.buildsystem.internal.f.f] deserializing line [DIFFBLUE]{"__type":"com.diffblue.cover.buildsystem.model.ProjectInfoMessage","projectName":"com.paritytrading.parity:parity-file","productionSources":["/home/jbergqvist/diffblue/paritytrading-parity/libraries/file/src/main/java"],"testSources":["/home/jbergqvist/diffblue/paritytrading-parity/libraries/file/src/test/java"],"location":"/home/jbergqvist/diffblue/paritytrading-parity/libraries/file"}
10:21:13.206 [INFO]   [Checking]    [main]              [com.diffblue.cover.buildsystem.internal.f.f] deserializing line [DIFFBLUE]{"__type":"com.diffblue.cover.buildsystem.model.ProjectInfoMessage","projectName":"com.paritytrading.parity:parity-match","productionSources":["/home/jbergqvist/diffblue/paritytrading-parity/libraries/match/src/main/java"],"testSources":["/home/jbergqvist/diffblue/paritytrading-parity/libraries/match/src/test/java"],"location":"/home/jbergqvist/diffblue/paritytrading-parity/libraries/match"}
10:21:13.206 [INFO]   [Checking]    [main]              [com.diffblue.cover.buildsystem.internal.f.f] deserializing line [DIFFBLUE]{"__type":"com.diffblue.cover.buildsystem.model.ProjectInfoMessage","projectName":"com.paritytrading.parity:parity-net","productionSources":["/home/jbergqvist/diffblue/paritytrading-parity/libraries/net/src/main/java"],"testSources":["/home/jbergqvist/diffblue/paritytrading-parity/libraries/net/src/test/java"],"location":"/home/jbergqvist/diffblue/paritytrading-parity/libraries/net"}
10:21:13.207 [INFO]   [Checking]    [main]              [com.diffblue.cover.buildsystem.internal.f.f] deserializing line [DIFFBLUE]{"__type":"com.diffblue.cover.buildsystem.model.ProjectInfoMessage","projectName":"com.paritytrading.parity:parity-util","productionSources":["/home/jbergqvist/diffblue/paritytrading-parity/libraries/util/src/main/java"],"testSources":["/home/jbergqvist/diffblue/paritytrading-parity/libraries/util/src/test/java"],"location":"/home/jbergqvist/diffblue/paritytrading-parity/libraries/util"}
10:21:13.209 [INFO]   [Checking]    [main]              [com.diffblue.cover.buildsystem.internal.f.f] deserializing line [DIFFBLUE]{"__type":"com.diffblue.cover.buildsystem.model.ProjectInfoMessage","projectName":"com.paritytrading.parity:parity-client","productionSources":["/home/jbergqvist/diffblue/paritytrading-parity/applications/client/src/main/java"],"testSources":["/home/jbergqvist/diffblue/paritytrading-parity/applications/client/src/test/java"],"location":"/home/jbergqvist/diffblue/paritytrading-parity/applications/client"}
10:21:13.209 [INFO]   [Checking]    [main]              [com.diffblue.cover.buildsystem.internal.f.f] deserializing line [DIFFBLUE]{"__type":"com.diffblue.cover.buildsystem.model.ProjectInfoMessage","projectName":"com.paritytrading.parity:parity-fix","productionSources":["/home/jbergqvist/diffblue/paritytrading-parity/applications/fix/src/main/java"],"testSources":["/home/jbergqvist/diffblue/paritytrading-parity/applications/fix/src/test/java"],"location":"/home/jbergqvist/diffblue/paritytrading-parity/applications/fix"}
10:21:13.210 [INFO]   [Checking]    [main]              [com.diffblue.cover.buildsystem.internal.f.f] deserializing line [DIFFBLUE]{"__type":"com.diffblue.cover.buildsystem.model.ProjectInfoMessage","projectName":"com.paritytrading.parity:parity-reporter","productionSources":["/home/jbergqvist/diffblue/paritytrading-parity/applications/reporter/src/main/java"],"testSources":["/home/jbergqvist/diffblue/paritytrading-parity/applications/reporter/src/test/java"],"location":"/home/jbergqvist/diffblue/paritytrading-parity/applications/reporter"}
10:21:13.210 [INFO]   [Checking]    [main]              [com.diffblue.cover.buildsystem.internal.f.f] deserializing line [DIFFBLUE]{"__type":"com.diffblue.cover.buildsystem.model.ProjectInfoMessage","projectName":"com.paritytrading.parity:parity-system","productionSources":["/home/jbergqvist/diffblue/paritytrading-parity/applications/system/src/main/java"],"testSources":["/home/jbergqvist/diffblue/paritytrading-parity/applications/system/src/test/java"],"location":"/home/jbergqvist/diffblue/paritytrading-parity/applications/system"}
10:21:13.211 [INFO]   [Checking]    [main]              [com.diffblue.cover.buildsystem.internal.f.f] deserializing line [DIFFBLUE]{"__type":"com.diffblue.cover.buildsystem.model.ProjectInfoMessage","projectName":"com.paritytrading.parity:parity-ticker","productionSources":["/home/jbergqvist/diffblue/paritytrading-parity/applications/ticker/src/main/java"],"testSources":["/home/jbergqvist/diffblue/paritytrading-parity/applications/ticker/src/test/java"],"location":"/home/jbergqvist/diffblue/paritytrading-parity/applications/ticker"}
10:21:13.211 [INFO]   [Checking]    [main]              [com.diffblue.cover.buildsystem.internal.f.f] deserializing line [DIFFBLUE]{"__type":"com.diffblue.cover.buildsystem.model.ProjectInfoMessage","projectName":"com.paritytrading.parity:parity-book-perf-test","productionSources":["/home/jbergqvist/diffblue/paritytrading-parity/tests/book-perf-test/src/main/java"],"testSources":["/home/jbergqvist/diffblue/paritytrading-parity/tests/book-perf-test/src/test/java"],"location":"/home/jbergqvist/diffblue/paritytrading-parity/tests/book-perf-test"}
10:21:13.212 [INFO]   [Checking]    [main]              [com.diffblue.cover.buildsystem.internal.f.f] deserializing line [DIFFBLUE]{"__type":"com.diffblue.cover.buildsystem.model.ProjectInfoMessage","projectName":"com.paritytrading.parity:parity-match-perf-test","productionSources":["/home/jbergqvist/diffblue/paritytrading-parity/tests/match-perf-test/src/main/java"],"testSources":["/home/jbergqvist/diffblue/paritytrading-parity/tests/match-perf-test/src/test/java"],"location":"/home/jbergqvist/diffblue/paritytrading-parity/tests/match-perf-test"}
10:21:13.213 [INFO]   [Checking]    [main]              [com.diffblue.cover.buildsystem.internal.f.f] Found 1 ProjectModuleMessages (ignoring buildSrc projects)
10:21:13.213 [INFO]   [Checking]    [main]              [com.diffblue.cover.buildsystem.internal.f.f] Found module com.paritytrading.parity:parity-parent in the working directory /home/jbergqvist/diffblue/paritytrading-parity
10:21:13.213 [INFO]   [Checking]    [main]              [com.diffblue.cover.buildsystem.e] deserialized project module is present? true
10:21:13.215 [DEBUG]  [Checking]    [main]              [com.diffblue.cover.configuration.a.e] DetectorCache miss DETECTED_BUILD_SYSTEM_MAVEN
10:21:13.215 [DEBUG]  [Checking]    [main]              [com.diffblue.cover.configuration.cache.a] Writing cache to /home/jbergqvist/diffblue/paritytrading-parity/.diffblue/cache/env.json containing 3 items
10:21:13.225 [DEBUG]  [Checking]    [main]              [com.diffblue.cover.commons.l.d] Processing rule com.diffblue.cover.configuration.a.d took 2057ms
10:21:13.226 [DEBUG]  [Checking]    [main]              [com.diffblue.cover.configuration.a.e] DetectorCache miss DETECTED_BUILD_SYSTEM_CONFIGURABLE
10:21:13.226 [DEBUG]  [Checking]    [main]              [com.diffblue.cover.configuration.cache.a] Writing cache to /home/jbergqvist/diffblue/paritytrading-parity/.diffblue/cache/env.json containing 3 items
10:21:13.234 [INFO]   [Checking]    [main]              [com.diffblue.cover.configuration.a.bb] Operating System: Linux amd64 6.8.0-90-generic
10:21:13.234 [INFO]   [Checking]    [main]              [com.diffblue.cover.configuration.a.bb] Default charset: UTF-8
10:21:13.234 [INFO]   [Checking]    [main]              [com.diffblue.cover.configuration.a.bb] Default locale: en_GB
10:21:13.234 [INFO]   [Checking]    [main]              [com.diffblue.cover.configuration.a.bb] Default time zone: Europe/London
10:21:13.239 [DEBUG]  [Checking]    [main]              [com.diffblue.cover.configuration.a.z] Java home guessed from System property: /home/jbergqvist/.sdkman/candidates/java/8.0.472-amzn
10:21:13.242 [DEBUG]  [Checking]    [main]              [com.diffblue.cover.commons.l.d] Inference engine finished in 2319ms
10:21:13.244 [INFO]   [Checking]    [main]              [com.diffblue.cover.ui.controller.ad] Selected modules:
10:21:13.244 [INFO]   [Checking]    [main]              [com.diffblue.cover.ui.controller.ad] - com.paritytrading.parity:parity-file
10:21:13.244 [INFO]   [Checking]    [main]              [com.diffblue.cover.ui.controller.ad] 
10:21:13.247 [INFO]   [Checking]    [main]              [com.diffblue.cover.ui.controller.ad] 
10:21:13.247 [INFO]   [Checking]    [main]              [com.diffblue.cover.ui.controller.ad] [1/1] Creating tests for module: com.paritytrading.parity:parity-file
10:21:13.247 [INFO]   [Checking]    [main]              [com.diffblue.cover.ui.controller.ad] =====================================================================
10:21:13.248 [INFO]   [Checking]    [main]              [com.diffblue.cover.ui.controller.ad] 
10:21:13.248 [INFO]   [Checking]    [main]              [com.diffblue.cover.ui.controller.r] Detecting environment:
10:21:13.248 [INFO]   [Checking]    [main]              [com.diffblue.cover.ui.controller.r] ----------------------
10:21:13.301 [DEBUG]  [Checking]    [main]              [com.diffblue.cover.configuration.b] Using JSON detector cache at /home/jbergqvist/diffblue/paritytrading-parity/libraries/file/.diffblue/cache/env.json
10:21:13.308 [INFO]   [Checking]    [main]              [com.diffblue.cover.ui.controller.r] Detected Java version 1.8.0_472
10:21:13.308 [DEBUG]  [Checking]    [main]              [com.diffblue.cover.configuration.a.g] checking if /home/jbergqvist/diffblue/paritytrading-parity/libraries/file/DiffblueBuild.yaml exists...
10:21:13.308 [DEBUG]  [Checking]    [main]              [com.diffblue.cover.configuration.a.g] checking if /home/jbergqvist/diffblue/paritytrading-parity/libraries/file/DiffblueBuild.yml exists...
10:21:13.308 [DEBUG]  [Checking]    [main]              [com.diffblue.cover.configuration.a.g] checking if /home/jbergqvist/diffblue/paritytrading-parity/DiffblueBuild.yaml exists...
10:21:13.308 [DEBUG]  [Checking]    [main]              [com.diffblue.cover.configuration.a.g] checking if /home/jbergqvist/diffblue/paritytrading-parity/DiffblueBuild.yml exists...
10:21:13.309 [DEBUG]  [Checking]    [main]              [com.diffblue.cover.configuration.a.e] DetectorCache miss DETECTED_BUILD_SYSTEM_CONFIGURABLE
10:21:13.309 [DEBUG]  [Checking]    [main]              [com.diffblue.cover.configuration.cache.a] Writing cache to /home/jbergqvist/diffblue/paritytrading-parity/libraries/file/.diffblue/cache/env.json containing 3 items
10:21:13.314 [DEBUG]  [Checking]    [main]              [com.diffblue.cover.configuration.a.e] DetectorCache miss DETECTED_BUILD_SYSTEM_GRADLE
10:21:13.315 [DEBUG]  [Checking]    [main]              [com.diffblue.cover.configuration.cache.a] Writing cache to /home/jbergqvist/diffblue/paritytrading-parity/libraries/file/.diffblue/cache/env.json containing 3 items
10:21:13.319 [DEBUG]  [Checking]    [main]              [com.diffblue.cover.configuration.a.d] Maven home found: /home/jbergqvist/.sdkman/candidates/maven/current
10:21:13.319 [INFO]   [Checking]    [main]              [com.diffblue.cover.configuration.a.d] Maven Using ${maven.home} of: /home/jbergqvist/.sdkman/candidates/maven/current.
10:21:13.320 [INFO]   [Checking]    [main]              [com.diffblue.cover.configuration.a.d] Maven Executing: /bin/sh -c cd /home/jbergqvist/diffblue/paritytrading-parity && /home/jbergqvist/.sdkman/candidates/maven/3.9.12/bin/mvn -B -version
10:21:13.465 [INFO]   [Checking]    [main]              [com.diffblue.cover.buildsystem.internal.c.a] Standard output of build tool (Maven)
10:21:13.465 [INFO]   [Checking]    [main]              [com.diffblue.cover.buildsystem.internal.c.a] > Apache Maven 3.9.12 (848fbb4bf2d427b72bdb2471c22fced7ebd9a7a1)
10:21:13.465 [INFO]   [Checking]    [main]              [com.diffblue.cover.buildsystem.internal.c.a] > Maven home: /home/jbergqvist/.sdkman/candidates/maven/3.9.12
10:21:13.465 [INFO]   [Checking]    [main]              [com.diffblue.cover.buildsystem.internal.c.a] > Java version: 1.8.0_472, vendor: Amazon.com Inc., runtime: /home/jbergqvist/.sdkman/candidates/java/8.0.472-amzn/jre
10:21:13.465 [INFO]   [Checking]    [main]              [com.diffblue.cover.buildsystem.internal.c.a] > Default locale: en_GB, platform encoding: UTF-8
10:21:13.465 [INFO]   [Checking]    [main]              [com.diffblue.cover.buildsystem.internal.c.a] > OS name: "linux", version: "6.8.0-90-generic", arch: "amd64", family: "unix"
10:21:13.465 [INFO]   [Checking]    [main]              [com.diffblue.cover.ui.controller.r] Detected build system: Maven 3.9.12
10:21:13.465 [DEBUG]  [Checking]    [main]              [com.diffblue.cover.configuration.a.e] DetectorCache miss DETECTED_BUILD_SYSTEM_MAVEN
10:21:13.465 [DEBUG]  [Checking]    [main]              [com.diffblue.cover.configuration.cache.a] Writing cache to /home/jbergqvist/diffblue/paritytrading-parity/libraries/file/.diffblue/cache/env.json containing 3 items
10:21:13.470 [INFO]   [Checking]    [main]              [com.diffblue.cover.configuration.a.bb] Operating System: Linux amd64 6.8.0-90-generic
10:21:13.470 [INFO]   [Checking]    [main]              [com.diffblue.cover.configuration.a.bb] Default charset: UTF-8
10:21:13.470 [INFO]   [Checking]    [main]              [com.diffblue.cover.configuration.a.bb] Default locale: en_GB
10:21:13.470 [INFO]   [Checking]    [main]              [com.diffblue.cover.configuration.a.bb] Default time zone: Europe/London
10:21:13.472 [INFO]   [Checking]    [main]              [com.diffblue.cover.ui.controller.r] Selected build system: Maven
10:21:13.479 [INFO]   [Checking]    [main]              [com.diffblue.cover.ui.controller.r] Selected classpath from build system maven
10:21:13.480 [INFO]   [Checking]    [main]              [com.diffblue.cover.configuration.c.b] Expanded classpath: 
/home/jbergqvist/diffblue/paritytrading-parity/libraries/file/target/test-classes (test build path)
/home/jbergqvist/diffblue/paritytrading-parity/libraries/file/target/classes (code under test)
/home/jbergqvist/.m2/repository/org/junit/jupiter/junit-jupiter/5.7.0/junit-jupiter-5.7.0.jar
/home/jbergqvist/.m2/repository/org/junit/jupiter/junit-jupiter-api/5.7.0/junit-jupiter-api-5.7.0.jar
/home/jbergqvist/.m2/repository/org/apiguardian/apiguardian-api/1.1.0/apiguardian-api-1.1.0.jar
/home/jbergqvist/.m2/repository/org/opentest4j/opentest4j/1.2.0/opentest4j-1.2.0.jar
/home/jbergqvist/.m2/repository/org/junit/platform/junit-platform-commons/1.7.0/junit-platform-commons-1.7.0.jar
/home/jbergqvist/.m2/repository/org/junit/jupiter/junit-jupiter-params/5.7.0/junit-jupiter-params-5.7.0.jar
/home/jbergqvist/.m2/repository/org/junit/jupiter/junit-jupiter-engine/5.7.0/junit-jupiter-engine-5.7.0.jar
/home/jbergqvist/.m2/repository/org/junit/platform/junit-platform-engine/1.7.0/junit-platform-engine-1.7.0.jar
/home/jbergqvist/.m2/repository/com/diffblue/cover/cover-annotations/1.9.0/cover-annotations-1.9.0.jar
/home/jbergqvist/.m2/repository/org/mockito/mockito-core/4.11.0/mockito-core-4.11.0.jar
/home/jbergqvist/.m2/repository/net/bytebuddy/byte-buddy/1.12.19/byte-buddy-1.12.19.jar
/home/jbergqvist/.m2/repository/net/bytebuddy/byte-buddy-agent/1.12.19/byte-buddy-agent-1.12.19.jar
/home/jbergqvist/.m2/repository/org/objenesis/objenesis/3.3/objenesis-3.3.jar
/home/jbergqvist/.m2/repository/org/mockito/mockito-junit-jupiter/4.11.0/mockito-junit-jupiter-4.11.0.jar
10:21:13.491 [DEBUG]  [Checking]    [main]              [com.diffblue.cover.commons.dependency.a.b] Detected JUnit Jupiter API version 5.7.0 (via jar:file:/home/jbergqvist/.m2/repository/org/junit/jupiter/junit-jupiter-api/5.7.0/junit-jupiter-api-5.7.0.jar!/org/junit/jupiter/api/Assertions.class)
10:21:13.493 [INFO]   [Checking]    [main]              [com.diffblue.cover.ui.controller.r] Detected test framework: JUnit Jupiter API 5.7.0
10:21:13.494 [DEBUG]  [Checking]    [main]              [com.diffblue.cover.commons.dependency.a.b] Detected JUnit Jupiter Engine version 5.7.0 (via jar:file:/home/jbergqvist/.m2/repository/org/junit/jupiter/junit-jupiter-engine/5.7.0/junit-jupiter-engine-5.7.0.jar!/org/junit/jupiter/engine/JupiterTestEngine.class)
10:21:13.495 [INFO]   [Checking]    [main]              [com.diffblue.cover.ui.controller.r] Detected JUnit Jupiter Engine version 5.7.0
10:21:13.496 [DEBUG]  [Checking]    [main]              [com.diffblue.cover.commons.dependency.a.b] Detected JUnit Jupiter Params version 5.7.0 (via jar:file:/home/jbergqvist/.m2/repository/org/junit/jupiter/junit-jupiter-params/5.7.0/junit-jupiter-params-5.7.0.jar!/org/junit/jupiter/params/ParameterizedTest.class)
10:21:13.497 [INFO]   [Checking]    [main]              [com.diffblue.cover.ui.controller.r] Detected JUnit Jupiter Params version 5.7.0
10:21:13.501 [DEBUG]  [Checking]    [main]              [com.diffblue.cover.configuration.a.e] DetectorCache miss DETECTED_JUNIT_VINTAGE_ENGINE
10:21:13.501 [DEBUG]  [Checking]    [main]              [com.diffblue.cover.configuration.cache.a] Writing cache to /home/jbergqvist/diffblue/paritytrading-parity/libraries/file/.diffblue/cache/env.json containing 4 items
10:21:13.513 [DEBUG]  [Checking]    [main]              [com.diffblue.cover.commons.dependency.a.b] Detected Mockito Core version 4.11.0 (via jar:file:/home/jbergqvist/.m2/repository/org/mockito/mockito-core/4.11.0/mockito-core-4.11.0.jar!/org/mockito/Mockito.class)
10:21:13.514 [INFO]   [Checking]    [main]              [com.diffblue.cover.ui.controller.r] Detected Mockito Core version 4.11.0
10:21:13.602 [DEBUG]  [Checking]    [main]              [com.diffblue.cover.commons.dependency.a.b] Detected Mockito Core version 4.11.0 (via jar:file:/home/jbergqvist/.m2/repository/org/mockito/mockito-core/4.11.0/mockito-core-4.11.0.jar!/org/mockito/Mockito.class)
10:21:13.605 [DEBUG]  [Checking]    [main]              [com.diffblue.cover.commons.dependency.a.b] Detected Mockito Core version 4.11.0 (via jar:file:/home/jbergqvist/.m2/repository/org/mockito/mockito-core/4.11.0/mockito-core-4.11.0.jar!/org/mockito/Mockito.class)
10:21:13.607 [INFO]   [Checking]    [main]              [com.diffblue.cover.ui.controller.r] Indexing...
10:21:13.905 [DEBUG]  [Checking]    [main]              [com.diffblue.cover.commons.l.d] Processing rule com.diffblue.cover.configuration.a.bm took 298ms
10:21:13.910 [DEBUG]  [Checking]    [main]              [com.diffblue.cover.configuration.a.bi] the build system has test sources configured
10:21:13.911 [INFO]   [Checking]    [main]              [com.diffblue.cover.ui.controller.r] Selected test output directory: /home/jbergqvist/diffblue/paritytrading-parity/libraries/file/src/test/java
10:21:13.912 [DEBUG]  [Checking]    [main]              [com.diffblue.cover.configuration.a.e] DetectorCache miss DETECTED_TESTS_EXECUTE_WITH_TESTNG
10:21:13.912 [DEBUG]  [Checking]    [main]              [com.diffblue.cover.configuration.cache.a] Writing cache to /home/jbergqvist/diffblue/paritytrading-parity/libraries/file/.diffblue/cache/env.json containing 5 items
10:21:13.922 [DEBUG]  [Checking]    [main]              [com.diffblue.cover.buildsystem.config.registry.Registry] checking if /home/jbergqvist/diffblue/paritytrading-parity/libraries/file/DiffblueBuild.yaml exists...
10:21:13.922 [DEBUG]  [Checking]    [main]              [com.diffblue.cover.buildsystem.config.registry.Registry] checking if /home/jbergqvist/diffblue/paritytrading-parity/libraries/file/DiffblueBuild.yml exists...
10:21:13.922 [DEBUG]  [Checking]    [main]              [com.diffblue.cover.buildsystem.config.registry.Registry] checking if /home/jbergqvist/diffblue/paritytrading-parity/DiffblueBuild.yaml exists...
10:21:13.922 [DEBUG]  [Checking]    [main]              [com.diffblue.cover.buildsystem.config.registry.Registry] checking if /home/jbergqvist/diffblue/paritytrading-parity/DiffblueBuild.yml exists...
10:21:13.922 [INFO]   [Checking]    [main]              [com.diffblue.cover.buildsystem.config.registry.Registry] Using default build rules as no custom rules found in any of [/home/jbergqvist/diffblue/paritytrading-parity/libraries/file, /home/jbergqvist/diffblue/paritytrading-parity]
10:21:13.923 [DEBUG]  [Checking]    [main]              [com.diffblue.cover.buildsystem.config.registry.Registry] Build execution request for Test Phase
10:21:13.924 [INFO]   [Checking]    [main]              [com.diffblue.cover.buildsystem.config.a.a] Attempting to invoke mvnw in working directory: /home/jbergqvist/diffblue/paritytrading-parity
10:21:13.925 [INFO]   [Checking]    [main]              [com.diffblue.cover.buildsystem.config.a.a] Attempting to invoke /home/jbergqvist/.sdkman/candidates/maven/current/bin/mvn in working directory: /home/jbergqvist/diffblue/paritytrading-parity
10:21:13.925 [INFO]   [Checking]    [main]              [com.diffblue.cover.buildsystem.config.a.a] Started "/home/jbergqvist/.sdkman/candidates/maven/current/bin/mvn -Dmaven.ext.class.path=/opt/cover/cover-buildsystem-maven-spy-jar-with-dependencies.jar -Dcom.diffblue.cover.skipTests=true -DskipTestOptimizer --batch-mode --projects=com.paritytrading.parity:parity-file --global-settings=/home/jbergqvist/.sdkman/candidates/maven/current/conf/settings.xml -Dcheckstyle.skip=true test -DfailIfNoTests=false -Dsurefire.failIfNoSpecifiedTests=false -Dmaven.test.failure.ignore=True -Dtest=DummyJupiterDiffblueTest"
10:21:14.713 [INFO]   [Checking]    [maven:out]         [com.diffblue.cover.buildsystem.config.a.a] out: [INFO] Scanning for projects...
10:21:14.814 [INFO]   [Checking]    [maven:out]         [com.diffblue.cover.buildsystem.config.a.a] out: [INFO] 
10:21:14.814 [INFO]   [Checking]    [maven:out]         [com.diffblue.cover.buildsystem.config.a.a] out: [INFO] ----------------< com.paritytrading.parity:parity-file >----------------
10:21:14.814 [INFO]   [Checking]    [maven:out]         [com.diffblue.cover.buildsystem.config.a.a] out: [INFO] Building Parity File Formats 0.7.1-SNAPSHOT
10:21:14.814 [INFO]   [Checking]    [maven:out]         [com.diffblue.cover.buildsystem.config.a.a] out: [INFO]   from pom.xml
10:21:14.814 [INFO]   [Checking]    [maven:out]         [com.diffblue.cover.buildsystem.config.a.a] out: [INFO] --------------------------------[ jar ]---------------------------------
10:21:15.072 [INFO]   [Checking]    [maven:out]         [com.diffblue.cover.buildsystem.internal.f.f] deserializing line [DIFFBLUE]{"__type":"com.diffblue.cover.buildsystem.model.DefaultEventMessage","project":"com.paritytrading.parity:parity-file","goal":"enforce","cause":null,"state":"STARTED"}
10:21:15.075 [INFO]   [Checking]    [maven:out]         [com.diffblue.cover.buildsystem.config.a.a] out: [INFO] 
10:21:15.075 [INFO]   [Checking]    [maven:out]         [com.diffblue.cover.buildsystem.config.a.a] out: [INFO] --- enforcer:1.0:enforce (enforce-maven) @ parity-file ---
10:21:15.218 [INFO]   [Checking]    [maven:out]         [com.diffblue.cover.buildsystem.internal.f.f] deserializing line [DIFFBLUE]{"__type":"com.diffblue.cover.buildsystem.model.DefaultEventMessage","project":"com.paritytrading.parity:parity-file","goal":"enforce","cause":null,"state":"SUCCESS"}
10:21:15.220 [INFO]   [Checking]    [maven:out]         [com.diffblue.cover.buildsystem.internal.f.f] deserializing line [DIFFBLUE]{"__type":"com.diffblue.cover.buildsystem.model.DefaultEventMessage","project":"com.paritytrading.parity:parity-file","goal":"resources","cause":null,"state":"STARTED"}
10:21:15.221 [INFO]   [Checking]    [maven:out]         [com.diffblue.cover.buildsystem.config.a.a] out: [INFO] 
10:21:15.221 [INFO]   [Checking]    [maven:out]         [com.diffblue.cover.buildsystem.config.a.a] out: [INFO] --- resources:3.3.1:resources (default-resources) @ parity-file ---
10:21:15.266 [INFO]   [Checking]    [maven:out]         [com.diffblue.cover.buildsystem.config.a.a] out: [INFO] skip non existing resourceDirectory /home/jbergqvist/diffblue/paritytrading-parity/libraries/file/src/main/resources
10:21:15.267 [INFO]   [Checking]    [maven:out]         [com.diffblue.cover.buildsystem.internal.f.f] deserializing line [DIFFBLUE]{"__type":"com.diffblue.cover.buildsystem.model.DefaultEventMessage","project":"com.paritytrading.parity:parity-file","goal":"resources","cause":null,"state":"SUCCESS"}
10:21:15.269 [INFO]   [Checking]    [maven:out]         [com.diffblue.cover.buildsystem.internal.f.f] deserializing line [DIFFBLUE]{"__type":"com.diffblue.cover.buildsystem.model.DefaultEventMessage","project":"com.paritytrading.parity:parity-file","goal":"compile","cause":null,"state":"STARTED"}
10:21:15.269 [INFO]   [Checking]    [maven:out]         [com.diffblue.cover.buildsystem.config.a.a] out: [INFO] 
10:21:15.269 [INFO]   [Checking]    [maven:out]         [com.diffblue.cover.buildsystem.config.a.a] out: [INFO] --- compiler:3.8.0:compile (default-compile) @ parity-file ---
10:21:15.396 [INFO]   [Checking]    [maven:out]         [com.diffblue.cover.buildsystem.config.a.a] out: [INFO] Changes detected - recompiling the module!
10:21:15.399 [INFO]   [Checking]    [maven:out]         [com.diffblue.cover.buildsystem.config.a.a] out: [INFO] Compiling 4 source files to /home/jbergqvist/diffblue/paritytrading-parity/libraries/file/target/classes
10:21:15.655 [INFO]   [Checking]    [maven:out]         [com.diffblue.cover.buildsystem.internal.f.f] deserializing line [DIFFBLUE]{"__type":"com.diffblue.cover.buildsystem.model.DefaultEventMessage","project":"com.paritytrading.parity:parity-file","goal":"compile","cause":null,"state":"SUCCESS"}
10:21:15.656 [INFO]   [Checking]    [maven:out]         [com.diffblue.cover.buildsystem.internal.f.f] deserializing line [DIFFBLUE]{"__type":"com.diffblue.cover.buildsystem.model.DefaultEventMessage","project":"com.paritytrading.parity:parity-file","goal":"testResources","cause":null,"state":"STARTED"}
10:21:15.657 [INFO]   [Checking]    [maven:out]         [com.diffblue.cover.buildsystem.config.a.a] out: [INFO] 
10:21:15.657 [INFO]   [Checking]    [maven:out]         [com.diffblue.cover.buildsystem.config.a.a] out: [INFO] --- resources:3.3.1:testResources (default-testResources) @ parity-file ---
10:21:15.657 [INFO]   [Checking]    [maven:out]         [com.diffblue.cover.buildsystem.config.a.a] out: [INFO] skip non existing resourceDirectory /home/jbergqvist/diffblue/paritytrading-parity/libraries/file/src/test/resources
10:21:15.658 [INFO]   [Checking]    [maven:out]         [com.diffblue.cover.buildsystem.internal.f.f] deserializing line [DIFFBLUE]{"__type":"com.diffblue.cover.buildsystem.model.DefaultEventMessage","project":"com.paritytrading.parity:parity-file","goal":"testResources","cause":null,"state":"SUCCESS"}
10:21:15.659 [INFO]   [Checking]    [maven:out]         [com.diffblue.cover.buildsystem.internal.f.f] deserializing line [DIFFBLUE]{"__type":"com.diffblue.cover.buildsystem.model.DefaultEventMessage","project":"com.paritytrading.parity:parity-file","goal":"testCompile","cause":null,"state":"STARTED"}
10:21:15.660 [INFO]   [Checking]    [maven:out]         [com.diffblue.cover.buildsystem.config.a.a] out: [INFO] 
10:21:15.660 [INFO]   [Checking]    [maven:out]         [com.diffblue.cover.buildsystem.config.a.a] out: [INFO] --- compiler:3.8.0:testCompile (default-testCompile) @ parity-file ---
10:21:15.664 [INFO]   [Checking]    [maven:out]         [com.diffblue.cover.buildsystem.config.a.a] out: [INFO] Changes detected - recompiling the module!
10:21:15.664 [INFO]   [Checking]    [maven:out]         [com.diffblue.cover.buildsystem.config.a.a] out: [INFO] Compiling 6 source files to /home/jbergqvist/diffblue/paritytrading-parity/libraries/file/target/test-classes
10:21:15.763 [INFO]   [Checking]    [maven:out]         [com.diffblue.cover.buildsystem.config.a.a] out: [INFO] /home/jbergqvist/diffblue/paritytrading-parity/libraries/file/src/test/java/com/paritytrading/parity/file/taq/TAQConfigDiffblueTest.java: /home/jbergqvist/diffblue/paritytrading-parity/libraries/file/src/test/java/com/paritytrading/parity/file/taq/TAQConfigDiffblueTest.java uses unchecked or unsafe operations.
10:21:15.763 [INFO]   [Checking]    [maven:out]         [com.diffblue.cover.buildsystem.config.a.a] out: [INFO] /home/jbergqvist/diffblue/paritytrading-parity/libraries/file/src/test/java/com/paritytrading/parity/file/taq/TAQConfigDiffblueTest.java: Recompile with -Xlint:unchecked for details.
10:21:15.764 [INFO]   [Checking]    [maven:out]         [com.diffblue.cover.buildsystem.internal.f.f] deserializing line [DIFFBLUE]{"__type":"com.diffblue.cover.buildsystem.model.DefaultEventMessage","project":"com.paritytrading.parity:parity-file","goal":"testCompile","cause":null,"state":"SUCCESS"}
10:21:15.766 [INFO]   [Checking]    [maven:out]         [com.diffblue.cover.buildsystem.internal.f.f] deserializing line [DIFFBLUE]{"__type":"com.diffblue.cover.buildsystem.model.DefaultEventMessage","project":"com.paritytrading.parity:parity-file","goal":"test","cause":null,"state":"STARTED"}
10:21:15.767 [INFO]   [Checking]    [maven:out]         [com.diffblue.cover.buildsystem.config.a.a] out: [INFO] 
10:21:15.767 [INFO]   [Checking]    [maven:out]         [com.diffblue.cover.buildsystem.config.a.a] out: [INFO] --- surefire:3.0.0-M5:test (default-test) @ parity-file ---
10:21:16.033 [INFO]   [Checking]    [maven:out]         [com.diffblue.cover.buildsystem.config.a.a] out: [INFO] 
10:21:16.033 [INFO]   [Checking]    [maven:out]         [com.diffblue.cover.buildsystem.config.a.a] out: [INFO] -------------------------------------------------------
10:21:16.033 [INFO]   [Checking]    [maven:out]         [com.diffblue.cover.buildsystem.config.a.a] out: [INFO]  T E S T S
10:21:16.033 [INFO]   [Checking]    [maven:out]         [com.diffblue.cover.buildsystem.config.a.a] out: [INFO] -------------------------------------------------------
10:21:16.351 [INFO]   [Checking]    [maven:out]         [com.diffblue.cover.buildsystem.config.a.a] out: [INFO] Running DummyJupiterDiffblueTest
10:21:16.379 [INFO]   [Checking]    [maven:out]         [com.diffblue.cover.buildsystem.config.a.a] out: [INFO] Tests run: 1, Failures: 0, Errors: 0, Skipped: 0, Time elapsed: 0.025 s - in DummyJupiterDiffblueTest
10:21:16.392 [INFO]   [Checking]    [maven:out]         [com.diffblue.cover.buildsystem.config.a.a] out: [INFO] 
10:21:16.392 [INFO]   [Checking]    [maven:out]         [com.diffblue.cover.buildsystem.config.a.a] out: [INFO] Results:
10:21:16.392 [INFO]   [Checking]    [maven:out]         [com.diffblue.cover.buildsystem.config.a.a] out: [INFO] 
10:21:16.392 [INFO]   [Checking]    [maven:out]         [com.diffblue.cover.buildsystem.config.a.a] out: [INFO] Tests run: 1, Failures: 0, Errors: 0, Skipped: 0
10:21:16.392 [INFO]   [Checking]    [maven:out]         [com.diffblue.cover.buildsystem.config.a.a] out: [INFO] 
10:21:16.396 [INFO]   [Checking]    [maven:out]         [com.diffblue.cover.buildsystem.internal.f.f] deserializing line [DIFFBLUE]{"__type":"com.diffblue.cover.buildsystem.model.DefaultEventMessage","project":"com.paritytrading.parity:parity-file","goal":"test","cause":null,"state":"SUCCESS"}
10:21:16.425 [INFO]   [Checking]    [maven:out]         [com.diffblue.cover.buildsystem.internal.f.f] deserializing line [DIFFBLUE]{"__type":"com.diffblue.cover.buildsystem.model.DefaultProjectModuleMessage","project":{"__type":"DefaultProjectModule","junitReport":["/home/jbergqvist/diffblue/paritytrading-parity/libraries/file/target/surefire-reports"],"jacocoReport":["/home/jbergqvist/diffblue/paritytrading-parity/libraries/file/target/site/jacoco/jacoco.xml"],"jacocoDestFile":["/home/jbergqvist/diffblue/paritytrading-parity/libraries/file/target/jacoco.exec"],"jacocoFormats":["xml"],"jacocoSkipped":false,"classpath":["/home/jbergqvist/diffblue/paritytrading-parity/libraries/file/target/classes","/home/jbergqvist/.m2/repository/org/junit/jupiter/junit-jupiter/5.7.0/junit-jupiter-5.7.0.jar","/home/jbergqvist/.m2/repository/org/junit/jupiter/junit-jupiter-api/5.7.0/junit-jupiter-api-5.7.0.jar","/home/jbergqvist/.m2/repository/org/apiguardian/apiguardian-api/1.1.0/apiguardian-api-1.1.0.jar","/home/jbergqvist/.m2/repository/org/opentest4j/opentest4j/1.2.0/opentest4j-1.2.0.jar","/home/jbergqvist/.m2/repository/org/junit/platform/junit-platform-commons/1.7.0/junit-platform-commons-1.7.0.jar","/home/jbergqvist/.m2/repository/org/junit/jupiter/junit-jupiter-params/5.7.0/junit-jupiter-params-5.7.0.jar","/home/jbergqvist/.m2/repository/org/junit/jupiter/junit-jupiter-engine/5.7.0/junit-jupiter-engine-5.7.0.jar","/home/jbergqvist/.m2/repository/org/junit/platform/junit-platform-engine/1.7.0/junit-platform-engine-1.7.0.jar","/home/jbergqvist/.m2/repository/com/diffblue/cover/cover-annotations/1.9.0/cover-annotations-1.9.0.jar","/home/jbergqvist/.m2/repository/org/mockito/mockito-core/4.11.0/mockito-core-4.11.0.jar","/home/jbergqvist/.m2/repository/net/bytebuddy/byte-buddy/1.12.19/byte-buddy-1.12.19.jar","/home/jbergqvist/.m2/repository/net/bytebuddy/byte-buddy-agent/1.12.19/byte-buddy-agent-1.12.19.jar","/home/jbergqvist/.m2/repository/org/objenesis/objenesis/3.3/objenesis-3.3.jar","/home/jbergqvist/.m2/repository/org/mockito/mockito-junit-jupiter/4.11.0/mockito-junit-jupiter-4.11.0.jar"],"complianceLevel":"1.8","productionSources":["/home/jbergqvist/diffblue/paritytrading-parity/libraries/file/src/main/java"],"testSources":["/home/jbergqvist/diffblue/paritytrading-parity/libraries/file/src/test/java"],"productionClasses":"/home/jbergqvist/diffblue/paritytrading-parity/libraries/file/target/classes","testClasses":"/home/jbergqvist/diffblue/paritytrading-parity/libraries/file/target/test-classes","sourceToBuildPathMap":null,"testSourceToBuildPathMap":null,"buildDirectory":"/home/jbergqvist/diffblue/paritytrading-parity/libraries/file/target","plugins":[{"__type":"DefaultPlugin","groupId":"org.apache.maven.plugins","artefactId":"maven-enforcer-plugin","version":"1.0","pluginClassName":null},{"__type":"DefaultPlugin","groupId":"org.apache.maven.plugins","artefactId":"maven-checkstyle-plugin","version":"3.1.0","pluginClassName":null},{"__type":"DefaultPlugin","groupId":"org.apache.maven.plugins","artefactId":"maven-compiler-plugin","version":"3.8.0","pluginClassName":null},{"__type":"DefaultPlugin","groupId":"org.apache.maven.plugins","artefactId":"maven-javadoc-plugin","version":"3.0.1","pluginClassName":null},{"__type":"DefaultPlugin","groupId":"org.apache.maven.plugins","artefactId":"maven-release-plugin","version":"2.5.3","pluginClassName":null},{"__type":"DefaultPlugin","groupId":"org.apache.maven.plugins","artefactId":"maven-clean-plugin","version":"3.2.0","pluginClassName":null},{"__type":"DefaultPlugin","groupId":"org.apache.maven.plugins","artefactId":"maven-resources-plugin","version":"3.3.1","pluginClassName":null},{"__type":"DefaultPlugin","groupId":"org.apache.maven.plugins","artefactId":"maven-jar-plugin","version":"3.4.1","pluginClassName":null},{"__type":"DefaultPlugin","groupId":"org.apache.maven.plugins","artefactId":"maven-surefire-plugin","version":"3.0.0-M5","pluginClassName":null},{"__type":"DefaultPlugin","groupId":"org.apache.maven.plugins","artefactId":"maven-install-plugin","version":"3.1.2","pluginClassName":null},{"__type":"DefaultPlugin","groupId":"org.apache.maven.plugins","artefactId":"maven-deploy-plugin","version":"2.8.2","pluginClassName":null},{"__type":"DefaultPlugin","groupId":"org.apache.maven.plugins","artefactId":"maven-site-plugin","version":"3.12.1","pluginClassName":null}],"version":"3.9.12","encoding":"UTF-8","name":"maven","subModules":[],"simpleModuleName":null,"parentModuleName":"com.paritytrading.parity:parity-parent","location":"/home/jbergqvist/diffblue/paritytrading-parity/libraries/file","fullModuleName":"com.paritytrading.parity:parity-file"}}
10:21:16.429 [INFO]   [Checking]    [maven:out]         [com.diffblue.cover.buildsystem.config.a.a] out: [INFO] ------------------------------------------------------------------------
10:21:16.430 [INFO]   [Checking]    [maven:out]         [com.diffblue.cover.buildsystem.config.a.a] out: [INFO] BUILD SUCCESS
10:21:16.430 [INFO]   [Checking]    [maven:out]         [com.diffblue.cover.buildsystem.config.a.a] out: [INFO] ------------------------------------------------------------------------
10:21:16.430 [INFO]   [Checking]    [maven:out]         [com.diffblue.cover.buildsystem.config.a.a] out: [INFO] Total time:  1.730 s
10:21:16.430 [INFO]   [Checking]    [maven:out]         [com.diffblue.cover.buildsystem.config.a.a] out: [INFO] Finished at: 2026-01-20T10:21:16Z
10:21:16.430 [INFO]   [Checking]    [maven:out]         [com.diffblue.cover.buildsystem.config.a.a] out: [INFO] ------------------------------------------------------------------------
10:21:16.430 [INFO]   [Checking]    [maven:out]         [com.diffblue.cover.buildsystem.internal.f.f] deserializing line [DIFFBLUE]{"__type":"com.diffblue.cover.buildsystem.model.ProjectInfoMessage","projectName":"com.paritytrading.parity:parity-file","productionSources":["/home/jbergqvist/diffblue/paritytrading-parity/libraries/file/src/main/java","/home/jbergqvist/diffblue/paritytrading-parity/libraries/file/target/generated-sources/annotations"],"testSources":["/home/jbergqvist/diffblue/paritytrading-parity/libraries/file/src/test/java","/home/jbergqvist/diffblue/paritytrading-parity/libraries/file/target/generated-test-sources/test-annotations"],"location":"/home/jbergqvist/diffblue/paritytrading-parity/libraries/file"}
10:21:16.465 [INFO]   [Checking]    [main]              [com.diffblue.cover.buildsystem.internal.f.d] maven:err process not stopped, joining thread
10:21:16.466 [INFO]   [Checking]    [main]              [com.diffblue.cover.buildsystem.internal.f.d] maven:out process not stopped, joining thread
10:21:16.466 [DEBUG]  [Checking]    [main]              [com.diffblue.cover.buildsystem.config.a.a] Executor spent 2s on command "/home/jbergqvist/.sdkman/candidates/maven/current/bin/mvn -Dmaven.ext.class.path=/opt/cover/cover-buildsystem-maven-spy-jar-with-dependencies.jar -Dcom.diffblue.cover.skipTests=true -DskipTestOptimizer --batch-mode --projects=com.paritytrading.parity:parity-file --global-settings=/home/jbergqvist/.sdkman/candidates/maven/current/conf/settings.xml -Dcheckstyle.skip=true test -DfailIfNoTests=false -Dsurefire.failIfNoSpecifiedTests=false -Dmaven.test.failure.ignore=True -Dtest=DummyJupiterDiffblueTest"
10:21:16.466 [DEBUG]  [Checking]    [main]              [com.diffblue.cover.configuration.e] Purging written files... [/home/jbergqvist/diffblue/paritytrading-parity/libraries/file/src/test/java/DummyJupiterDiffblueTest.java]
10:21:16.467 [DEBUG]  [Checking]    [main]              [com.diffblue.cover.configuration.e] Attempting to find class files '[DummyJupiterDiffblueTest.class]' in '/home/jbergqvist/diffblue/paritytrading-parity/libraries/file/target/classes'
10:21:16.467 [DEBUG]  [Checking]    [main]              [com.diffblue.cover.configuration.e] Attempting to find class files '[DummyJupiterDiffblueTest.class]' in '/home/jbergqvist/diffblue/paritytrading-parity/libraries/file/target/test-classes'
10:21:16.468 [DEBUG]  [Checking]    [main]              [com.diffblue.cover.configuration.e] Found /home/jbergqvist/diffblue/paritytrading-parity/libraries/file/target/test-classes/DummyJupiterDiffblueTest.class, scheduling deletion
10:21:16.468 [DEBUG]  [Checking]    [main]              [com.diffblue.cover.configuration.a.e] DetectorCache miss DETECTED_TESTS_EXECUTE_WITH_JUNIT_JUPITER
10:21:16.468 [DEBUG]  [Checking]    [main]              [com.diffblue.cover.configuration.cache.a] Writing cache to /home/jbergqvist/diffblue/paritytrading-parity/libraries/file/.diffblue/cache/env.json containing 6 items
10:21:16.474 [DEBUG]  [Checking]    [main]              [com.diffblue.cover.commons.l.d] Processing rule com.diffblue.cover.configuration.a.bf took 2553ms
10:21:16.474 [DEBUG]  [Checking]    [main]              [com.diffblue.cover.configuration.a.e] DetectorCache miss DETECTED_TESTS_EXECUTE_WITH_JUNIT
10:21:16.474 [DEBUG]  [Checking]    [main]              [com.diffblue.cover.configuration.cache.a] Writing cache to /home/jbergqvist/diffblue/paritytrading-parity/libraries/file/.diffblue/cache/env.json containing 7 items
10:21:16.479 [DEBUG]  [Checking]    [main]              [com.diffblue.cover.configuration.c.q] JUnitJupiter5 is present
10:21:16.479 [DEBUG]  [Checking]    [main]              [com.diffblue.cover.configuration.c.q] JUnitJupiter5 is supported
10:21:16.479 [DEBUG]  [Checking]    [main]              [com.diffblue.cover.configuration.c.q] JUnit 5 is present and either it's not been specified by the user or it is the same as the version the user specified
10:21:16.480 [INFO]   [Checking]    [main]              [com.diffblue.cover.ui.controller.r] Selected test framework: JUnit Jupiter API
10:21:16.481 [DEBUG]  [Checking]    [main]              [com.diffblue.cover.commons.dependency.a.b] Detected Mockito JUnit Jupiter version 4.11.0 (via jar:file:/home/jbergqvist/.m2/repository/org/mockito/mockito-junit-jupiter/4.11.0/mockito-junit-jupiter-4.11.0.jar!/org/mockito/junit/jupiter/MockitoExtension.class)
10:21:16.483 [INFO]   [Checking]    [main]              [com.diffblue.cover.ui.controller.r] Detected Mockito JUnit Jupiter version 4.11.0
10:21:16.496 [DEBUG]  [Checking]    [main]              [com.diffblue.cover.buildsystem.config.registry.Registry] checking if /home/jbergqvist/diffblue/paritytrading-parity/libraries/file/DiffblueBuild.yaml exists...
10:21:16.496 [DEBUG]  [Checking]    [main]              [com.diffblue.cover.buildsystem.config.registry.Registry] checking if /home/jbergqvist/diffblue/paritytrading-parity/libraries/file/DiffblueBuild.yml exists...
10:21:16.496 [DEBUG]  [Checking]    [main]              [com.diffblue.cover.buildsystem.config.registry.Registry] checking if /home/jbergqvist/diffblue/paritytrading-parity/DiffblueBuild.yaml exists...
10:21:16.496 [DEBUG]  [Checking]    [main]              [com.diffblue.cover.buildsystem.config.registry.Registry] checking if /home/jbergqvist/diffblue/paritytrading-parity/DiffblueBuild.yml exists...
10:21:16.496 [INFO]   [Checking]    [main]              [com.diffblue.cover.buildsystem.config.registry.Registry] Using default build rules as no custom rules found in any of [/home/jbergqvist/diffblue/paritytrading-parity/libraries/file, /home/jbergqvist/diffblue/paritytrading-parity]
10:21:16.496 [DEBUG]  [Checking]    [main]              [com.diffblue.cover.buildsystem.config.registry.Registry] Build execution request for Test Phase
10:21:16.497 [INFO]   [Checking]    [main]              [com.diffblue.cover.buildsystem.config.a.a] Attempting to invoke mvnw in working directory: /home/jbergqvist/diffblue/paritytrading-parity
10:21:16.497 [INFO]   [Checking]    [main]              [com.diffblue.cover.buildsystem.config.a.a] Attempting to invoke /home/jbergqvist/.sdkman/candidates/maven/current/bin/mvn in working directory: /home/jbergqvist/diffblue/paritytrading-parity
10:21:16.498 [INFO]   [Checking]    [main]              [com.diffblue.cover.buildsystem.config.a.a] Started "/home/jbergqvist/.sdkman/candidates/maven/current/bin/mvn -Dmaven.ext.class.path=/opt/cover/cover-buildsystem-maven-spy-jar-with-dependencies.jar -Dcom.diffblue.cover.skipTests=true -DskipTestOptimizer --batch-mode --projects=com.paritytrading.parity:parity-file --global-settings=/home/jbergqvist/.sdkman/candidates/maven/current/conf/settings.xml -Dcheckstyle.skip=true test -DfailIfNoTests=false -Dsurefire.failIfNoSpecifiedTests=false -Dmaven.test.failure.ignore=True -Dtest=DummyJUnitJupiterLauncherDiffblueTest7763059934992154041"
10:21:17.296 [INFO]   [Checking]    [maven:out]         [com.diffblue.cover.buildsystem.config.a.a] out: [INFO] Scanning for projects...
10:21:17.395 [INFO]   [Checking]    [maven:out]         [com.diffblue.cover.buildsystem.config.a.a] out: [INFO] 
10:21:17.395 [INFO]   [Checking]    [maven:out]         [com.diffblue.cover.buildsystem.config.a.a] out: [INFO] ----------------< com.paritytrading.parity:parity-file >----------------
10:21:17.395 [INFO]   [Checking]    [maven:out]         [com.diffblue.cover.buildsystem.config.a.a] out: [INFO] Building Parity File Formats 0.7.1-SNAPSHOT
10:21:17.395 [INFO]   [Checking]    [maven:out]         [com.diffblue.cover.buildsystem.config.a.a] out: [INFO]   from pom.xml
10:21:17.395 [INFO]   [Checking]    [maven:out]         [com.diffblue.cover.buildsystem.config.a.a] out: [INFO] --------------------------------[ jar ]---------------------------------
10:21:17.660 [INFO]   [Checking]    [maven:out]         [com.diffblue.cover.buildsystem.internal.f.f] deserializing line [DIFFBLUE]{"__type":"com.diffblue.cover.buildsystem.model.DefaultEventMessage","project":"com.paritytrading.parity:parity-file","goal":"enforce","cause":null,"state":"STARTED"}
10:21:17.662 [INFO]   [Checking]    [maven:out]         [com.diffblue.cover.buildsystem.config.a.a] out: [INFO] 
10:21:17.662 [INFO]   [Checking]    [maven:out]         [com.diffblue.cover.buildsystem.config.a.a] out: [INFO] --- enforcer:1.0:enforce (enforce-maven) @ parity-file ---
10:21:17.784 [INFO]   [Checking]    [maven:out]         [com.diffblue.cover.buildsystem.internal.f.f] deserializing line [DIFFBLUE]{"__type":"com.diffblue.cover.buildsystem.model.DefaultEventMessage","project":"com.paritytrading.parity:parity-file","goal":"enforce","cause":null,"state":"SUCCESS"}
10:21:17.786 [INFO]   [Checking]    [maven:out]         [com.diffblue.cover.buildsystem.internal.f.f] deserializing line [DIFFBLUE]{"__type":"com.diffblue.cover.buildsystem.model.DefaultEventMessage","project":"com.paritytrading.parity:parity-file","goal":"resources","cause":null,"state":"STARTED"}
10:21:17.787 [INFO]   [Checking]    [maven:out]         [com.diffblue.cover.buildsystem.config.a.a] out: [INFO] 
10:21:17.787 [INFO]   [Checking]    [maven:out]         [com.diffblue.cover.buildsystem.config.a.a] out: [INFO] --- resources:3.3.1:resources (default-resources) @ parity-file ---
10:21:17.833 [INFO]   [Checking]    [maven:out]         [com.diffblue.cover.buildsystem.config.a.a] out: [INFO] skip non existing resourceDirectory /home/jbergqvist/diffblue/paritytrading-parity/libraries/file/src/main/resources
10:21:17.834 [INFO]   [Checking]    [maven:out]         [com.diffblue.cover.buildsystem.internal.f.f] deserializing line [DIFFBLUE]{"__type":"com.diffblue.cover.buildsystem.model.DefaultEventMessage","project":"com.paritytrading.parity:parity-file","goal":"resources","cause":null,"state":"SUCCESS"}
10:21:17.836 [INFO]   [Checking]    [maven:out]         [com.diffblue.cover.buildsystem.internal.f.f] deserializing line [DIFFBLUE]{"__type":"com.diffblue.cover.buildsystem.model.DefaultEventMessage","project":"com.paritytrading.parity:parity-file","goal":"compile","cause":null,"state":"STARTED"}
10:21:17.837 [INFO]   [Checking]    [maven:out]         [com.diffblue.cover.buildsystem.config.a.a] out: [INFO] 
10:21:17.837 [INFO]   [Checking]    [maven:out]         [com.diffblue.cover.buildsystem.config.a.a] out: [INFO] --- compiler:3.8.0:compile (default-compile) @ parity-file ---
10:21:17.964 [INFO]   [Checking]    [maven:out]         [com.diffblue.cover.buildsystem.config.a.a] out: [INFO] Changes detected - recompiling the module!
10:21:17.967 [INFO]   [Checking]    [maven:out]         [com.diffblue.cover.buildsystem.config.a.a] out: [INFO] Compiling 4 source files to /home/jbergqvist/diffblue/paritytrading-parity/libraries/file/target/classes
10:21:18.207 [INFO]   [Checking]    [maven:out]         [com.diffblue.cover.buildsystem.internal.f.f] deserializing line [DIFFBLUE]{"__type":"com.diffblue.cover.buildsystem.model.DefaultEventMessage","project":"com.paritytrading.parity:parity-file","goal":"compile","cause":null,"state":"SUCCESS"}
10:21:18.209 [INFO]   [Checking]    [maven:out]         [com.diffblue.cover.buildsystem.internal.f.f] deserializing line [DIFFBLUE]{"__type":"com.diffblue.cover.buildsystem.model.DefaultEventMessage","project":"com.paritytrading.parity:parity-file","goal":"testResources","cause":null,"state":"STARTED"}
10:21:18.209 [INFO]   [Checking]    [maven:out]         [com.diffblue.cover.buildsystem.config.a.a] out: [INFO] 
10:21:18.209 [INFO]   [Checking]    [maven:out]         [com.diffblue.cover.buildsystem.config.a.a] out: [INFO] --- resources:3.3.1:testResources (default-testResources) @ parity-file ---
10:21:18.210 [INFO]   [Checking]    [maven:out]         [com.diffblue.cover.buildsystem.config.a.a] out: [INFO] skip non existing resourceDirectory /home/jbergqvist/diffblue/paritytrading-parity/libraries/file/src/test/resources
10:21:18.211 [INFO]   [Checking]    [maven:out]         [com.diffblue.cover.buildsystem.internal.f.f] deserializing line [DIFFBLUE]{"__type":"com.diffblue.cover.buildsystem.model.DefaultEventMessage","project":"com.paritytrading.parity:parity-file","goal":"testResources","cause":null,"state":"SUCCESS"}
10:21:18.212 [INFO]   [Checking]    [maven:out]         [com.diffblue.cover.buildsystem.internal.f.f] deserializing line [DIFFBLUE]{"__type":"com.diffblue.cover.buildsystem.model.DefaultEventMessage","project":"com.paritytrading.parity:parity-file","goal":"testCompile","cause":null,"state":"STARTED"}
10:21:18.213 [INFO]   [Checking]    [maven:out]         [com.diffblue.cover.buildsystem.config.a.a] out: [INFO] 
10:21:18.213 [INFO]   [Checking]    [maven:out]         [com.diffblue.cover.buildsystem.config.a.a] out: [INFO] --- compiler:3.8.0:testCompile (default-testCompile) @ parity-file ---
10:21:18.215 [INFO]   [Checking]    [maven:out]         [com.diffblue.cover.buildsystem.config.a.a] out: [INFO] Changes detected - recompiling the module!
10:21:18.216 [INFO]   [Checking]    [maven:out]         [com.diffblue.cover.buildsystem.config.a.a] out: [INFO] Compiling 6 source files to /home/jbergqvist/diffblue/paritytrading-parity/libraries/file/target/test-classes
10:21:18.323 [INFO]   [Checking]    [maven:out]         [com.diffblue.cover.buildsystem.config.a.a] out: [INFO] /home/jbergqvist/diffblue/paritytrading-parity/libraries/file/src/test/java/com/paritytrading/parity/file/taq/TAQConfigDiffblueTest.java: /home/jbergqvist/diffblue/paritytrading-parity/libraries/file/src/test/java/com/paritytrading/parity/file/taq/TAQConfigDiffblueTest.java uses unchecked or unsafe operations.
10:21:18.324 [INFO]   [Checking]    [maven:out]         [com.diffblue.cover.buildsystem.config.a.a] out: [INFO] /home/jbergqvist/diffblue/paritytrading-parity/libraries/file/src/test/java/com/paritytrading/parity/file/taq/TAQConfigDiffblueTest.java: Recompile with -Xlint:unchecked for details.
10:21:18.325 [INFO]   [Checking]    [maven:out]         [com.diffblue.cover.buildsystem.internal.f.f] deserializing line [DIFFBLUE]{"__type":"com.diffblue.cover.buildsystem.model.DefaultEventMessage","project":"com.paritytrading.parity:parity-file","goal":"testCompile","cause":null,"state":"SUCCESS"}
10:21:18.327 [INFO]   [Checking]    [maven:out]         [com.diffblue.cover.buildsystem.internal.f.f] deserializing line [DIFFBLUE]{"__type":"com.diffblue.cover.buildsystem.model.DefaultEventMessage","project":"com.paritytrading.parity:parity-file","goal":"test","cause":null,"state":"STARTED"}
10:21:18.328 [INFO]   [Checking]    [maven:out]         [com.diffblue.cover.buildsystem.config.a.a] out: [INFO] 
10:21:18.328 [INFO]   [Checking]    [maven:out]         [com.diffblue.cover.buildsystem.config.a.a] out: [INFO] --- surefire:3.0.0-M5:test (default-test) @ parity-file ---
10:21:18.638 [INFO]   [Checking]    [maven:out]         [com.diffblue.cover.buildsystem.config.a.a] out: [INFO] 
10:21:18.638 [INFO]   [Checking]    [maven:out]         [com.diffblue.cover.buildsystem.config.a.a] out: [INFO] -------------------------------------------------------
10:21:18.638 [INFO]   [Checking]    [maven:out]         [com.diffblue.cover.buildsystem.config.a.a] out: [INFO]  T E S T S
10:21:18.638 [INFO]   [Checking]    [maven:out]         [com.diffblue.cover.buildsystem.config.a.a] out: [INFO] -------------------------------------------------------
10:21:18.960 [INFO]   [Checking]    [maven:out]         [com.diffblue.cover.buildsystem.config.a.a] out: [INFO] Running DummyJUnitJupiterLauncherDiffblueTest7763059934992154041
10:21:18.990 [INFO]   [Checking]    [maven:out]         [com.diffblue.cover.buildsystem.config.a.a] out: [INFO] Tests run: 1, Failures: 0, Errors: 0, Skipped: 0, Time elapsed: 0.028 s - in DummyJUnitJupiterLauncherDiffblueTest7763059934992154041
10:21:18.997 [INFO]   [Checking]    [maven:out]         [com.diffblue.cover.buildsystem.config.a.a] out: [INFO] 
10:21:18.997 [INFO]   [Checking]    [maven:out]         [com.diffblue.cover.buildsystem.config.a.a] out: [INFO] Results:
10:21:18.997 [INFO]   [Checking]    [maven:out]         [com.diffblue.cover.buildsystem.config.a.a] out: [INFO] 
10:21:18.997 [INFO]   [Checking]    [maven:out]         [com.diffblue.cover.buildsystem.config.a.a] out: [INFO] Tests run: 1, Failures: 0, Errors: 0, Skipped: 0
10:21:18.997 [INFO]   [Checking]    [maven:out]         [com.diffblue.cover.buildsystem.config.a.a] out: [INFO] 
10:21:19.000 [INFO]   [Checking]    [maven:out]         [com.diffblue.cover.buildsystem.internal.f.f] deserializing line [DIFFBLUE]{"__type":"com.diffblue.cover.buildsystem.model.DefaultEventMessage","project":"com.paritytrading.parity:parity-file","goal":"test","cause":null,"state":"SUCCESS"}
10:21:19.028 [INFO]   [Checking]    [maven:out]         [com.diffblue.cover.buildsystem.internal.f.f] deserializing line [DIFFBLUE]{"__type":"com.diffblue.cover.buildsystem.model.DefaultProjectModuleMessage","project":{"__type":"DefaultProjectModule","junitReport":["/home/jbergqvist/diffblue/paritytrading-parity/libraries/file/target/surefire-reports"],"jacocoReport":["/home/jbergqvist/diffblue/paritytrading-parity/libraries/file/target/site/jacoco/jacoco.xml"],"jacocoDestFile":["/home/jbergqvist/diffblue/paritytrading-parity/libraries/file/target/jacoco.exec"],"jacocoFormats":["xml"],"jacocoSkipped":false,"classpath":["/home/jbergqvist/diffblue/paritytrading-parity/libraries/file/target/classes","/home/jbergqvist/.m2/repository/org/junit/jupiter/junit-jupiter/5.7.0/junit-jupiter-5.7.0.jar","/home/jbergqvist/.m2/repository/org/junit/jupiter/junit-jupiter-api/5.7.0/junit-jupiter-api-5.7.0.jar","/home/jbergqvist/.m2/repository/org/apiguardian/apiguardian-api/1.1.0/apiguardian-api-1.1.0.jar","/home/jbergqvist/.m2/repository/org/opentest4j/opentest4j/1.2.0/opentest4j-1.2.0.jar","/home/jbergqvist/.m2/repository/org/junit/platform/junit-platform-commons/1.7.0/junit-platform-commons-1.7.0.jar","/home/jbergqvist/.m2/repository/org/junit/jupiter/junit-jupiter-params/5.7.0/junit-jupiter-params-5.7.0.jar","/home/jbergqvist/.m2/repository/org/junit/jupiter/junit-jupiter-engine/5.7.0/junit-jupiter-engine-5.7.0.jar","/home/jbergqvist/.m2/repository/org/junit/platform/junit-platform-engine/1.7.0/junit-platform-engine-1.7.0.jar","/home/jbergqvist/.m2/repository/com/diffblue/cover/cover-annotations/1.9.0/cover-annotations-1.9.0.jar","/home/jbergqvist/.m2/repository/org/mockito/mockito-core/4.11.0/mockito-core-4.11.0.jar","/home/jbergqvist/.m2/repository/net/bytebuddy/byte-buddy/1.12.19/byte-buddy-1.12.19.jar","/home/jbergqvist/.m2/repository/net/bytebuddy/byte-buddy-agent/1.12.19/byte-buddy-agent-1.12.19.jar","/home/jbergqvist/.m2/repository/org/objenesis/objenesis/3.3/objenesis-3.3.jar","/home/jbergqvist/.m2/repository/org/mockito/mockito-junit-jupiter/4.11.0/mockito-junit-jupiter-4.11.0.jar"],"complianceLevel":"1.8","productionSources":["/home/jbergqvist/diffblue/paritytrading-parity/libraries/file/src/main/java"],"testSources":["/home/jbergqvist/diffblue/paritytrading-parity/libraries/file/src/test/java"],"productionClasses":"/home/jbergqvist/diffblue/paritytrading-parity/libraries/file/target/classes","testClasses":"/home/jbergqvist/diffblue/paritytrading-parity/libraries/file/target/test-classes","sourceToBuildPathMap":null,"testSourceToBuildPathMap":null,"buildDirectory":"/home/jbergqvist/diffblue/paritytrading-parity/libraries/file/target","plugins":[{"__type":"DefaultPlugin","groupId":"org.apache.maven.plugins","artefactId":"maven-enforcer-plugin","version":"1.0","pluginClassName":null},{"__type":"DefaultPlugin","groupId":"org.apache.maven.plugins","artefactId":"maven-checkstyle-plugin","version":"3.1.0","pluginClassName":null},{"__type":"DefaultPlugin","groupId":"org.apache.maven.plugins","artefactId":"maven-compiler-plugin","version":"3.8.0","pluginClassName":null},{"__type":"DefaultPlugin","groupId":"org.apache.maven.plugins","artefactId":"maven-javadoc-plugin","version":"3.0.1","pluginClassName":null},{"__type":"DefaultPlugin","groupId":"org.apache.maven.plugins","artefactId":"maven-release-plugin","version":"2.5.3","pluginClassName":null},{"__type":"DefaultPlugin","groupId":"org.apache.maven.plugins","artefactId":"maven-clean-plugin","version":"3.2.0","pluginClassName":null},{"__type":"DefaultPlugin","groupId":"org.apache.maven.plugins","artefactId":"maven-resources-plugin","version":"3.3.1","pluginClassName":null},{"__type":"DefaultPlugin","groupId":"org.apache.maven.plugins","artefactId":"maven-jar-plugin","version":"3.4.1","pluginClassName":null},{"__type":"DefaultPlugin","groupId":"org.apache.maven.plugins","artefactId":"maven-surefire-plugin","version":"3.0.0-M5","pluginClassName":null},{"__type":"DefaultPlugin","groupId":"org.apache.maven.plugins","artefactId":"maven-install-plugin","version":"3.1.2","pluginClassName":null},{"__type":"DefaultPlugin","groupId":"org.apache.maven.plugins","artefactId":"maven-deploy-plugin","version":"2.8.2","pluginClassName":null},{"__type":"DefaultPlugin","groupId":"org.apache.maven.plugins","artefactId":"maven-site-plugin","version":"3.12.1","pluginClassName":null}],"version":"3.9.12","encoding":"UTF-8","name":"maven","subModules":[],"simpleModuleName":null,"parentModuleName":"com.paritytrading.parity:parity-parent","location":"/home/jbergqvist/diffblue/paritytrading-parity/libraries/file","fullModuleName":"com.paritytrading.parity:parity-file"}}
10:21:19.030 [INFO]   [Checking]    [maven:out]         [com.diffblue.cover.buildsystem.config.a.a] out: [INFO] ------------------------------------------------------------------------
10:21:19.031 [INFO]   [Checking]    [maven:out]         [com.diffblue.cover.buildsystem.config.a.a] out: [INFO] BUILD SUCCESS
10:21:19.031 [INFO]   [Checking]    [maven:out]         [com.diffblue.cover.buildsystem.config.a.a] out: [INFO] ------------------------------------------------------------------------
10:21:19.031 [INFO]   [Checking]    [maven:out]         [com.diffblue.cover.buildsystem.config.a.a] out: [INFO] Total time:  1.749 s
10:21:19.031 [INFO]   [Checking]    [maven:out]         [com.diffblue.cover.buildsystem.config.a.a] out: [INFO] Finished at: 2026-01-20T10:21:19Z
10:21:19.031 [INFO]   [Checking]    [maven:out]         [com.diffblue.cover.buildsystem.config.a.a] out: [INFO] ------------------------------------------------------------------------
10:21:19.031 [INFO]   [Checking]    [maven:out]         [com.diffblue.cover.buildsystem.internal.f.f] deserializing line [DIFFBLUE]{"__type":"com.diffblue.cover.buildsystem.model.ProjectInfoMessage","projectName":"com.paritytrading.parity:parity-file","productionSources":["/home/jbergqvist/diffblue/paritytrading-parity/libraries/file/src/main/java","/home/jbergqvist/diffblue/paritytrading-parity/libraries/file/target/generated-sources/annotations"],"testSources":["/home/jbergqvist/diffblue/paritytrading-parity/libraries/file/src/test/java","/home/jbergqvist/diffblue/paritytrading-parity/libraries/file/target/generated-test-sources/test-annotations"],"location":"/home/jbergqvist/diffblue/paritytrading-parity/libraries/file"}
10:21:19.055 [INFO]   [Checking]    [main]              [com.diffblue.cover.buildsystem.internal.f.d] maven:err process not stopped, joining thread
10:21:19.056 [INFO]   [Checking]    [main]              [com.diffblue.cover.buildsystem.internal.f.d] maven:out process not stopped, joining thread
10:21:19.056 [DEBUG]  [Checking]    [main]              [com.diffblue.cover.buildsystem.config.a.a] Executor spent 2s on command "/home/jbergqvist/.sdkman/candidates/maven/current/bin/mvn -Dmaven.ext.class.path=/opt/cover/cover-buildsystem-maven-spy-jar-with-dependencies.jar -Dcom.diffblue.cover.skipTests=true -DskipTestOptimizer --batch-mode --projects=com.paritytrading.parity:parity-file --global-settings=/home/jbergqvist/.sdkman/candidates/maven/current/conf/settings.xml -Dcheckstyle.skip=true test -DfailIfNoTests=false -Dsurefire.failIfNoSpecifiedTests=false -Dmaven.test.failure.ignore=True -Dtest=DummyJUnitJupiterLauncherDiffblueTest7763059934992154041"
10:21:19.056 [DEBUG]  [Checking]    [main]              [com.diffblue.cover.configuration.e] Purging written files... [/home/jbergqvist/diffblue/paritytrading-parity/libraries/file/src/test/java/DummyJUnitJupiterLauncherDiffblueTest7763059934992154041.java]
10:21:19.056 [DEBUG]  [Checking]    [main]              [com.diffblue.cover.configuration.e] Attempting to find class files '[DummyJUnitJupiterLauncherDiffblueTest7763059934992154041.class]' in '/home/jbergqvist/diffblue/paritytrading-parity/libraries/file/target/classes'
10:21:19.056 [DEBUG]  [Checking]    [main]              [com.diffblue.cover.configuration.e] Attempting to find class files '[DummyJUnitJupiterLauncherDiffblueTest7763059934992154041.class]' in '/home/jbergqvist/diffblue/paritytrading-parity/libraries/file/target/test-classes'
10:21:19.057 [DEBUG]  [Checking]    [main]              [com.diffblue.cover.configuration.e] Found /home/jbergqvist/diffblue/paritytrading-parity/libraries/file/target/test-classes/DummyJUnitJupiterLauncherDiffblueTest7763059934992154041.class, scheduling deletion
10:21:19.057 [DEBUG]  [Checking]    [main]              [com.diffblue.cover.configuration.a.e] DetectorCache miss DETECTED_JUNIT_JUPITER_LAUNCHER
10:21:19.057 [DEBUG]  [Checking]    [main]              [com.diffblue.cover.configuration.cache.a] Writing cache to /home/jbergqvist/diffblue/paritytrading-parity/libraries/file/.diffblue/cache/env.json containing 8 items
10:21:19.062 [DEBUG]  [Checking]    [main]              [com.diffblue.cover.commons.l.d] Processing rule com.diffblue.cover.configuration.a.o took 2566ms
10:21:19.062 [DEBUG]  [Checking]    [main]              [com.diffblue.cover.configuration.a.e] DetectorCache miss DETECTED_JUNIT_LAUNCHER
10:21:19.062 [DEBUG]  [Checking]    [main]              [com.diffblue.cover.configuration.cache.a] Writing cache to /home/jbergqvist/diffblue/paritytrading-parity/libraries/file/.diffblue/cache/env.json containing 9 items
10:21:19.068 [DEBUG]  [Checking]    [main]              [com.diffblue.cover.configuration.a.e] DetectorCache miss DETECTED_TESTNG_LAUNCHER
10:21:19.068 [DEBUG]  [Checking]    [main]              [com.diffblue.cover.configuration.cache.a] Writing cache to /home/jbergqvist/diffblue/paritytrading-parity/libraries/file/.diffblue/cache/env.json containing 10 items
10:21:19.097 [DEBUG]  [Checking]    [main]              [com.diffblue.cover.configuration.a.z] Java home guessed from System property: /home/jbergqvist/.sdkman/candidates/java/8.0.472-amzn
10:21:19.098 [INFO]   [Checking]    [main]              [com.diffblue.cover.ui.controller.r] Detected JVM architecture: 64-Bit
10:21:19.098 [DEBUG]  [Checking]    [main]              [com.diffblue.cover.configuration.a.v] No jacoco-maven-plugin configuration detected, assuming we can generate coverage using version 0.8.11
10:21:19.098 [DEBUG]  [Checking]    [main]              [com.diffblue.cover.configuration.a.e] DetectorCache miss JaCoCo execution
10:21:19.098 [DEBUG]  [Checking]    [main]              [com.diffblue.cover.configuration.cache.a] Writing cache to /home/jbergqvist/diffblue/paritytrading-parity/libraries/file/.diffblue/cache/env.json containing 11 items
10:21:19.104 [DEBUG]  [Checking]    [main]              [com.diffblue.cover.configuration.e] Purging written files... []
10:21:19.104 [DEBUG]  [Checking]    [main]              [com.diffblue.cover.configuration.e] Attempting to find class files '[]' in '/home/jbergqvist/diffblue/paritytrading-parity/libraries/file/target/classes'
10:21:19.104 [DEBUG]  [Checking]    [main]              [com.diffblue.cover.configuration.e] Attempting to find class files '[]' in '/home/jbergqvist/diffblue/paritytrading-parity/libraries/file/target/test-classes'
10:21:19.105 [DEBUG]  [Checking]    [main]              [com.diffblue.cover.configuration.a.e] DetectorCache miss JaCoCo execution
10:21:19.105 [DEBUG]  [Checking]    [main]              [com.diffblue.cover.configuration.cache.a] Writing cache to /home/jbergqvist/diffblue/paritytrading-parity/libraries/file/.diffblue/cache/env.json containing 12 items
10:21:19.116 [DEBUG]  [Checking]    [main]              [com.diffblue.cover.commons.dependency.a.b] Detected Cover Annotations version 1.9.0 (via jar:file:/home/jbergqvist/.m2/repository/com/diffblue/cover/cover-annotations/1.9.0/cover-annotations-1.9.0.jar!/META-INF/maven/com.diffblue.cover/cover-annotations/pom.properties)
10:21:19.117 [INFO]   [Checking]    [main]              [com.diffblue.cover.ui.controller.r] Detected Cover Annotations version 1.9.0
10:21:19.190 [DEBUG]  [Checking]    [main]              [com.diffblue.cover.commons.configuration.e] Property cover.llm.complete has not been set, and no default value provided
10:21:19.190 [DEBUG]  [Checking]    [main]              [com.diffblue.cover.commons.configuration.e] Property cover.llm.objects has not been set, and no default value provided
10:21:19.190 [DEBUG]  [Checking]    [main]              [com.diffblue.cover.commons.configuration.e] Property cover.llm.strings has not been set, and no default value provided
10:21:19.191 [DEBUG]  [Checking]    [main]              [com.diffblue.cover.commons.configuration.e] Property cover.llm.postprocessing has not been set, and no default value provided
10:21:19.192 [DEBUG]  [Checking]    [main]              [com.diffblue.cover.commons.configuration.e] Property cover.reports.upload.url has not been set, and no default value provided
10:21:19.195 [INFO]   [Checking]    [main]              [com.diffblue.cover.ui.controller.r] Selected Java language compliance level: 1.8
10:21:19.196 [INFO]   [Checking]    [main]              [com.diffblue.cover.ui.controller.r] Selected test validation: enabled
10:21:19.224 [DEBUG]  [Checking]    [main]              [com.diffblue.cover.commons.configuration.e] Property cover.experimental.sandbox has not been set, using default value false
10:21:19.547 [INFO]   [Checking]    [main]              [com.diffblue.cover.ui.controller.r] Prefixes for filtering classes/methods:
10:21:19.554 [INFO]   [Checking]    [main]              [com.diffblue.cover.ui.controller.r] - com.paritytrading.parity.file.taq
10:21:19.555 [INFO]   [Checking]    [main]              [com.diffblue.cover.ui.controller.r] Gathering methods to test...
10:21:19.825 [DEBUG]  [Checking]    [main]              [com.diffblue.cover.commons.l.d] Processing rule com.diffblue.cover.ui.configuration.CliEntryPointsSelector took 628ms
10:21:19.829 [DEBUG]  [Checking]    [main]              [com.diffblue.cover.commons.l.d] Inference engine finished in 6523ms
10:21:19.859 [INFO]   [Reporting]   [main]              [com.diffblue.cover.ui.e] 
10:21:19.860 [INFO]   [Reporting]   [main]              [com.diffblue.cover.ui.e] Environment summary for module: com.paritytrading.parity:parity-file
10:21:19.860 [INFO]   [Reporting]   [main]              [com.diffblue.cover.ui.e] --------------------------------------------------------------------
10:21:19.860 [INFO]   [Reporting]   [main]              [com.diffblue.cover.ui.e] Java version                   1.8.0_472                     SUCCESS        
10:21:19.860 [INFO]   [Reporting]   [main]              [com.diffblue.cover.ui.e] Build system                   Maven                         SUCCESS        
10:21:19.860 [INFO]   [Reporting]   [main]              [com.diffblue.cover.ui.e] Mocking Framework              Mockito Core 4.11.0           SUCCESS        
10:21:19.860 [INFO]   [Reporting]   [main]              [com.diffblue.cover.ui.e] Surefire version               3.0.0-M5                      SUCCESS        
10:21:19.860 [INFO]   [Reporting]   [main]              [com.diffblue.cover.ui.e] Testing framework              JUnit Jupiter                 SUCCESS        
10:21:19.860 [INFO]   [Reporting]   [main]              [com.diffblue.cover.ui.e] Mockito JUnit Jupiter version  4.11.0                        SUCCESS        
10:21:19.860 [INFO]   [Reporting]   [main]              [com.diffblue.cover.ui.e] JavaEE version                 Skipped                       -----          
10:21:19.860 [INFO]   [Reporting]   [main]              [com.diffblue.cover.ui.e] OSGi Annotations               Not Detected                  -----          
10:21:19.860 [INFO]   [Reporting]   [main]              [com.diffblue.cover.ui.e] Javax WS RS API                Not Detected                  -----          
10:21:19.860 [INFO]   [Reporting]   [main]              [com.diffblue.cover.ui.e] Jakarta RESTful WS API         Not Detected                  -----          
10:21:19.860 [INFO]   [Reporting]   [main]              [com.diffblue.cover.ui.e] Jersey Server                  Not Detected                  -----          
10:21:19.860 [INFO]   [Reporting]   [main]              [com.diffblue.cover.ui.e] Jersey Test Framework          Not Detected                  -----          
10:21:19.860 [INFO]   [Reporting]   [main]              [com.diffblue.cover.ui.e] Jersey Test Provider InMemory  Not Detected                  -----          
10:21:19.860 [INFO]   [Reporting]   [main]              [com.diffblue.cover.ui.e] Guice Framework                Not Detected                  -----          
10:21:19.860 [INFO]   [Reporting]   [main]              [com.diffblue.cover.ui.e] JaCoCo plugin version          0.8.11                        SUCCESS        
10:21:19.860 [INFO]   [Reporting]   [main]              [com.diffblue.cover.ui.e] Launcher                       JUnit Jupiter                 SUCCESS        
10:21:19.860 [INFO]   [Reporting]   [main]              [com.diffblue.cover.ui.e] Quarkus                        Not Detected                  -----          
10:21:19.860 [INFO]   [Reporting]   [main]              [com.diffblue.cover.ui.e] Test validation                Enabled                       SUCCESS        
10:21:19.860 [INFO]   [Reporting]   [main]              [com.diffblue.cover.ui.e] Hamcrest                       Not Detected                  -----          
10:21:19.860 [INFO]   [Reporting]   [main]              [com.diffblue.cover.ui.e] Spring Core                    Not Detected                  -----          
10:21:19.860 [INFO]   [Reporting]   [main]              [com.diffblue.cover.ui.e] Spring Boot                    Skipped                       -----          
10:21:19.860 [INFO]   [Reporting]   [main]              [com.diffblue.cover.ui.e] Spring Boot Starter Webflux    Skipped                       -----          
10:21:19.860 [INFO]   [Reporting]   [main]              [com.diffblue.cover.ui.e] Spring Boot Test Autoconfigure Skipped                       -----          
10:21:19.860 [INFO]   [Reporting]   [main]              [com.diffblue.cover.ui.e] Spring Boot Test               Skipped                       -----          
10:21:19.860 [INFO]   [Reporting]   [main]              [com.diffblue.cover.ui.e] Spring Web                     Skipped                       -----          
10:21:19.860 [INFO]   [Reporting]   [main]              [com.diffblue.cover.ui.e] Spring Security Web            Skipped                       -----          
10:21:19.861 [INFO]   [Reporting]   [main]              [com.diffblue.cover.ui.e] Spring Test                    Skipped                       -----          
10:21:19.861 [INFO]   [Reporting]   [main]              [com.diffblue.cover.ui.e] 
10:21:19.861 [INFO]   [Reporting]   [main]              [com.diffblue.cover.ui.e] Environment check status: SUCCESS
10:21:20.074 [DEBUG]  [Creating]    [pool-3-thread-1]   [com.diffblue.cover.m.a.e] Configuration:
Module: 
Configuration: 
 features=[COVERAGE_REPORTS, TESTING_FRAMEWORK_JUNIT_JUPITER5, JUNIT_JUPITER_PARAMS, MOCKING, MOCKITO_SESSION, MOCKITO_DI, INCLUDE_SYSTEM_ENVIRONMENT_VARIABLES, INLINING, INLINE_ACT_INTO_ASSERT, INLINE_ARRANGE_INTO_ACT_ASSERT, INLINE_CHAINED_MEMBER_ACCESSES, INLINE_CONSTRUCTORS, INLINE_IMMEDIATE_VALUES, JOIN_SIMPLE_TESTS, SHOW_SECTION_COMMENTS, NEW_DIFFBLUE_COVERAGE_ONLY, REPORT, SANDBOXING, DESCRIPTIVE_TEST_NAMES, SPRING_TESTS_ENABLED, SPRING_BOOT_TESTS_ENABLED, VALIDATION, ANALYZER_SERVICE, VERIFICATION, HAS_METHOD_GROUP_ANNOTATION, TAG_WITH_CONTRIBUTION_FROM_DIFFBLUE, TAG_WITH_MANAGED_BY_DIFFBLUE]
 analyzerServiceIdleTimeout=PT2M
 coverReportsBaseUrl=Optional.empty
 environmentVariables={}
 complianceLevel=1.8
 fuzzingIterations=1000
 jacocoCommandDiffblue=Optional.empty
 jacocoCommandManual=Optional.empty
 jacocoXmlTestReport=Optional.empty
 jacocoXmlTestReportDiffblue=/home/jbergqvist/diffblue/paritytrading-parity/libraries/file/.diffblue/reports/diffblue-tests-jacoco-report.xml
 jacocoXmlTestReportManual=/home/jbergqvist/diffblue/paritytrading-parity/libraries/file/.diffblue/reports/manual-tests-jacoco-report.xml
 sandboxAllowedJavaNativeInterfacePrefixes=[]
 mockingFramework=MOCKITO_4_1_0
 mockClasses=[]
 mockStaticClasses=[]
 workingDirectory=/home/jbergqvist/diffblue/paritytrading-parity
 classpath=Classpath(16 full entries, 1 code under test entries, 1 test build entries)
 warningsToSuppress=[]
 perMethodTimeouts=Timeouts{softTimeout=PT20S, initialExecutionTimeout=PT20S, hardTimeout=PT1M, springStartupTimeout=PT4M}
 reportFile=/home/jbergqvist/diffblue/paritytrading-parity/libraries/file/.diffblue/reports/report.json
 activeProfiles=[]
 classScheme=${CLASS}DiffblueTest
 diffblueClassScheme=${CLASS}DiffblueTest
 methodScheme=test${INNER}${UNIT}${_}${GIVEN}${_}${WHEN}${_}${THEN}
 springConfigurationClasses=[]
 testOutputDirectory=/home/jbergqvist/diffblue/paritytrading-parity/libraries/file/src/test/java
 validationCommand=Optional.empty
 validationTimeout=PT30M
 jacocoVersion=0.8.11
 observerMethodSpecification=MethodSpecification[excludedPrefixes=[]]
 excludeMethodSpecification=MethodSpecification[excludedPrefixes=[]]
 analyzerServiceRestartFrequency=50
 jerseyFramework=null
 launcher=/home/jbergqvist/.m2/repository/org/junit/platform/junit-platform-launcher/1.7.0/junit-platform-launcher-1.7.0.jar
 maxCountOfAssertionsPerTest=2147483647
 remoteAi=RemoteAiConfig{complete=null, objects=null, strings=null, postprocessing='true'}

10:21:20.076 [INFO]   [Creating]    [pool-3-thread-1]   [com.diffblue.cover.ui.b.b] Found 24 callable methods in 5 classes
10:21:20.076 [INFO]   [Creating]    [pool-3-thread-1]   [com.diffblue.cover.m.a.b] 
10:21:20.076 [INFO]   [Creating]    [pool-3-thread-1]   [com.diffblue.cover.m.a.b] Creating tests:
10:21:20.076 [INFO]   [Creating]    [pool-3-thread-1]   [com.diffblue.cover.m.a.b] ---------------
10:21:20.080 [INFO]   [Creating]    [pool-3-thread-1]   [com.diffblue.cover.m.a.b] 
================================================================================
= Starting analysis for class 'com.paritytrading.parity.file.taq.TAQ$Quote'
================================================================================
10:21:20.081 [INFO]   [Creating]    [pool-3-thread-1]   [com.diffblue.cover.m.a.b] Filtering out non-testable methods...
10:21:20.541 [DEBUG]  [Creating]    [pool-3-thread-1]   [com.diffblue.combiner.d.j] Using Javaparser to combine tests
10:21:20.604 [INFO]   [Creating]    [pool-3-thread-1]   [com.diffblue.cover.m.a.b] Filtering of methods complete. Creating analysis request
10:21:20.605 [INFO]   [Creating]    [pool-3-thread-1]   [com.diffblue.cover.service.c] Attempting to get service client, retry 1.
10:21:20.609 [INFO]   [Creating]    [pool-3-thread-1]   [com.diffblue.cover.service.c] Starting monitoring server.
10:21:21.014 [INFO]   [Creating]    [pool-3-thread-1]   [com.diffblue.cover.service.c] Monitoring server listening on localhost/127.0.0.1:40645
10:21:21.053 [INFO]   [Creating]    [pool-3-thread-1]   [com.diffblue.cover.service.c] Starting analyzer server process...
10:21:21.053 [INFO]   [Creating]    [pool-3-thread-1]   [com.diffblue.cover.service.c] Server command-line: /home/jbergqvist/.sdkman/candidates/java/8.0.472-amzn/jre/bin/java -XX:+IgnoreUnrecognizedVMOptions -Djdk.attach.allowAttachSelf=true -Djdk.jar.maxSignatureFileSize=100000000 -ea -javaagent:/opt/cover/launcher-shared-jar.jar -Dlogback.configurationFile=/tmp/diffblue/config/logback-remote-service.xml -Dcom.diffblue.springIsolationJar=/opt/cover/cover-isolation-layer.jar -Dcover.jar.path=/opt/cover/cover-service-analyzer.jar -Dcom.diffblue.assertionSuggestionJar=/opt/cover/cover-service-analyzer.jar -Dcover.main.class=com.diffblue.cover.service.analyzer.Main -jar /opt/cover/launcher-shared-jar.jar --service-lifespan 120 --monitoring-service-port 40645 --index-service-port 40645 --debug-log
10:21:21.054 [INFO]   [Creating]    [pool-3-thread-1]   [com.diffblue.cover.service.c] Server started. Waiting up to 300 seconds for a connection to be established...
10:21:21.828 [DEBUG]  [Creating]    [nullmain]          [com.diffblue.cover.service.analyzer.Main] Service heap size: 14235 MB
10:21:21.909 [INFO]   [Creating]    [nullmain]          [com.diffblue.cover.service.a.a.b] Starting new remote monitor client
10:21:22.233 [INFO]   [Creating]    [analyzer-service:main][com.diffblue.cover.service.a.a.b] Attempting to start remote server.
10:21:22.240 [DEBUG]  [Creating]    [analyzer-service:main][com.diffblue.cover.service.analyzer.a.c] Watchdog reset
10:21:22.443 [INFO]   [Creating]    [analyzer-service:main][com.diffblue.cover.service.a.a.a] Server started, listening on localhost/127.0.0.1:43541
10:21:22.446 [INFO]   [Creating]    [pool-3-thread-1]   [com.diffblue.cover.service.c] Expect analyzer service to be listening on port 43541.
10:21:22.449 [DEBUG]  [Creating]    [analyzer-service:main][com.diffblue.cover.service.analyzer.a.c] Watchdog reset
10:21:22.625 [DEBUG]  [Creating]    [analyzer-service:grpc-default-executor-0][com.diffblue.cover.service.analyzer.a.c] Watchdog reset
10:21:22.633 [INFO]   [Creating]    [pool-3-thread-1]   [com.diffblue.cover.service.c] Started analyzer service and client retrieved.
10:21:22.885 [DEBUG]  [Creating]    [analyzer-service:grpc-default-executor-0][com.diffblue.cover.service.analyzer.a.c] Watchdog reset
10:21:22.943 [DEBUG]  [Creating]    [analyzer-service:grpc-default-executor-0][com.diffblue.cover.commons.configuration.e] Loading properties from resources
10:21:22.943 [DEBUG]  [Creating]    [analyzer-service:grpc-default-executor-0][com.diffblue.cover.commons.configuration.e] Loading properties from installation directory
10:21:22.944 [DEBUG]  [Creating]    [analyzer-service:grpc-default-executor-0][com.diffblue.cover.commons.configuration.e] /opt/cover/cover.properties doesn't exist
10:21:22.944 [DEBUG]  [Creating]    [analyzer-service:grpc-default-executor-0][com.diffblue.cover.commons.configuration.e] Loading properties from user home directory
10:21:22.944 [DEBUG]  [Creating]    [analyzer-service:grpc-default-executor-0][com.diffblue.cover.commons.configuration.e] /home/jbergqvist/.diffblue/cover.properties doesn't exist
10:21:22.944 [DEBUG]  [Creating]    [analyzer-service:grpc-default-executor-0][com.diffblue.cover.commons.configuration.e] Loaded properties
10:21:22.945 [DEBUG]  [Creating]    [analyzer-service:grpc-default-executor-0][com.diffblue.cover.commons.configuration.e] Property cover.disableEnvironmentCache has not been set, using default value false
10:21:22.946 [DEBUG]  [Creating]    [analyzer-service:grpc-default-executor-0][com.diffblue.cover.commons.configuration.e] Property cover.dfa.disabled has not been set, using default value false
10:21:22.949 [DEBUG]  [Creating]    [analyzer-service:grpc-default-executor-0][com.diffblue.cover.commons.configuration.e] Checking Cover Property dfa.disabled under alias disable.dfa
10:21:22.949 [DEBUG]  [Creating]    [analyzer-service:grpc-default-executor-0][com.diffblue.cover.commons.configuration.e] Property disable.dfa has not been set, using default value false
10:21:22.977 [DEBUG]  [Creating]    [analyzer-service:grpc-default-executor-0][com.diffblue.cover.commons.configuration.e] Property cover.experimental.sandbox has not been set, using default value false
10:21:25.596 [DEBUG]  [Creating]    [analyzer-service:grpc-default-executor-0][com.diffblue.cover.service.analyzer.a.c] Watchdog reset
10:21:25.614 [DEBUG]  [Creating]    [analyzer-service:grpc-default-executor-0][com.diffblue.cover.commons.configuration.e] Property cover.extraLogging has not been set, and no default value provided
10:21:25.615 [DEBUG]  [Creating]    [analyzer-service:grpc-default-executor-0][com.diffblue.cover.commons.configuration.e] Checking Cover Property extraLogging under alias extra.logging
10:21:25.615 [DEBUG]  [Creating]    [analyzer-service:grpc-default-executor-0][com.diffblue.cover.commons.configuration.e] Property extra.logging has not been set, and no default value provided
10:21:25.629 [DEBUG]  [Creating]    [analyzer-service:grpc-default-executor-0][com.diffblue.fuzztest.e.a] Class information:
10:21:25.630 [DEBUG]  [Creating]    [analyzer-service:grpc-default-executor-0][com.diffblue.fuzztest.e.a]   Fields: public double com.paritytrading.parity.file.taq.TAQ$Quote.askPrice, public double com.paritytrading.parity.file.taq.TAQ$Quote.askSize, public double com.paritytrading.parity.file.taq.TAQ$Quote.bidPrice, public double com.paritytrading.parity.file.taq.TAQ$Quote.bidSize, public java.lang.String com.paritytrading.parity.file.taq.TAQ$Quote.date, public java.lang.String com.paritytrading.parity.file.taq.TAQ$Quote.instrument, public long com.paritytrading.parity.file.taq.TAQ$Quote.timestampMillis
10:21:25.631 [DEBUG]  [Creating]    [analyzer-service:grpc-default-executor-0][com.diffblue.fuzztest.e.a]   Constructors: public com.paritytrading.parity.file.taq.TAQ$Quote()
10:21:25.631 [DEBUG]  [Creating]    [analyzer-service:grpc-default-executor-0][com.diffblue.fuzztest.e.a]   Methods: 
10:21:26.194 [DEBUG]  [Creating]    [analyzer-service:grpc-default-executor-0][com.diffblue.cover.service.analyzer.a.c] Watchdog reset
10:21:26.706 [DEBUG]  [Creating]    [analyzer-service:grpc-default-executor-0][com.diffblue.cover.l.a.c] EdgeCoverageRuntime contains 10 edges
10:21:26.707 [DEBUG]  [Creating]    [analyzer-service:grpc-default-executor-0][com.diffblue.cover.service.analyzer.a.c] Watchdog reset
10:21:26.850 [DEBUG]  [Creating]    [analyzer-service:TimedExecutor-6][com.diffblue.fuzztest.g.e] 
================================================================================
= Creating tests for 'com.paritytrading.parity.file.taq.TAQ$Quote.<init>:()V' using 'TrM (!sp, !fnm, df)'
================================================================================
10:21:26.854 [DEBUG]  [Creating]    [analyzer-service:TimedExecutor-6][com.diffblue.fuzztest.g.e] 
================================================================================
= Trying DI configuration EmptyDependencyInjectionTirConfiguration for com.paritytrading.parity.file.taq.TAQ$Quote.<init>:()V
================================================================================
10:21:26.865 [DEBUG]  [Creating]    [analyzer-service:TimedExecutor-6][com.diffblue.cover.commons.dependency.a.b] Detected Mockito Core version 4.11.0 (via jar:file:/home/jbergqvist/.m2/repository/org/mockito/mockito-core/4.11.0/mockito-core-4.11.0.jar!/org/mockito/Mockito.class)
10:21:26.866 [DEBUG]  [Creating]    [analyzer-service:TimedExecutor-6][com.diffblue.cover.j.b] Mockito inline mock maker not loaded
10:21:26.974 [DEBUG]  [Creating]    [analyzer-service:TimedExecutor-6][com.diffblue.cover.service.analyzer.a.c] Watchdog reset
10:21:27.302 [DEBUG]  [Creating]    [analyzer-service:TimedExecutor-6][com.diffblue.cover.service.analyzer.a.c] Watchdog reset
10:21:27.484 [DEBUG]  [Creating]    [analyzer-service:TimedExecutor-6][com.diffblue.cover.commons.configuration.e] Property cover.spring.autowiredAlternative has not been set, and no default value provided
10:21:27.484 [DEBUG]  [Creating]    [analyzer-service:TimedExecutor-6][com.diffblue.cover.commons.configuration.e] Checking Cover Property spring.autowiredAlternative under alias autowired.alternative
10:21:27.485 [DEBUG]  [Creating]    [analyzer-service:TimedExecutor-6][com.diffblue.cover.commons.configuration.e] Property autowired.alternative has not been set, and no default value provided
10:21:27.526 [DEBUG]  [Creating]    [analyzer-service:TimedExecutor-6][com.diffblue.cover.service.analyzer.a.c] Watchdog reset
10:21:28.082 [DEBUG]  [Creating]    [analyzer-service:TimedExecutor-6][com.diffblue.fuzztest.g.e] DI configuration 'com.diffblue.tir.p' generated tests: 1
10:21:28.085 [DEBUG]  [Creating]    [analyzer-service:TimedExecutor-6][com.diffblue.fuzztest.g.e] Enabling descriptive test naming
10:21:28.455 [DEBUG]  [Creating]    [analyzer-service:grpc-default-executor-0][com.diffblue.fuzztest.e.c] Created 1+0 tests and partial tests via 'TrM (!sp, !fnm, df)' , returning all 1
10:21:28.885 [DEBUG]  [Creating]    [analyzer-service:grpc-default-executor-0][com.diffblue.cover.service.analyzer.a.c] Watchdog reset
10:21:28.916 [DEBUG]  [Creating]    [pool-3-thread-1]   [com.diffblue.cover.m.a.b] in processAnalysisResult for com.paritytrading.parity.file.taq.TAQ$Quote.<init>:()V
10:21:28.918 [DEBUG]  [Creating]    [pool-3-thread-1]   [com.diffblue.combiner.d.j] Using Javaparser to combine tests
10:21:30.079 [DEBUG]  [Creating]    [pool-6-thread-1]   [com.diffblue.cover.l.a.c] EdgeCoverageRuntime contains 10 edges
10:21:30.081 [DEBUG]  [Creating]    [pool-3-thread-1]   [com.diffblue.combiner.a.c] Adding changeSet to account as new: Optional[com.paritytrading.parity.file.taq.TAQ$Quote.<init>:()V]
10:21:30.196 [DEBUG]  [Creating]    [analyzer-service:grpc-default-executor-0][com.diffblue.cover.service.analyzer.a.c] Watchdog reset
10:21:30.199 [DEBUG]  [Creating]    [pool-3-thread-1]   [com.diffblue.cover.r.d] Finished with MethodGroup: <init>, countOfTests: 1, countOfMethodsTested: 1 TestGenerationAccount: a[countOfRemoved=0, countOfUnchanged=0, countOfUpdated=0, countOfNew=1]
10:21:30.201 [INFO]   [Creating]    [pool-3-thread-1]   [com.diffblue.cover.ui.b.b]      [1/24] com.paritytrading.parity.file.taq.TAQ$Quote.<init>
10:21:30.201 [INFO]   [Creating]    [pool-3-thread-1]   [com.diffblue.cover.ui.b.b]      [1/24]   Tests created: 1
10:21:30.205 [INFO]   [Creating]    [pool-3-thread-1]   [com.diffblue.cover.ui.b.b] [1/5] com.paritytrading.parity.file.taq.TAQ$Quote
10:21:30.205 [INFO]   [Creating]    [pool-3-thread-1]   [com.diffblue.cover.ui.b.b] [1/5]   Tests created: 1
10:21:30.206 [INFO]   [Creating]    [pool-3-thread-1]   [com.diffblue.cover.m.a.b] 
================================================================================
= Starting analysis for class 'com.paritytrading.parity.file.taq.TAQ$Trade'
================================================================================
10:21:30.206 [INFO]   [Creating]    [pool-3-thread-1]   [com.diffblue.cover.m.a.b] Filtering out non-testable methods...
10:21:30.208 [INFO]   [Creating]    [pool-3-thread-1]   [com.diffblue.cover.m.a.b] Filtering of methods complete. Creating analysis request
10:21:30.208 [INFO]   [Creating]    [pool-3-thread-1]   [com.diffblue.cover.service.c] Attempting to get service client, retry 1.
10:21:30.234 [DEBUG]  [Creating]    [analyzer-service:grpc-default-executor-0][com.diffblue.fuzztest.e.a] Class information:
10:21:30.235 [DEBUG]  [Creating]    [analyzer-service:grpc-default-executor-0][com.diffblue.fuzztest.e.a]   Fields: public java.lang.String com.paritytrading.parity.file.taq.TAQ$Trade.date, public java.lang.String com.paritytrading.parity.file.taq.TAQ$Trade.instrument, public double com.paritytrading.parity.file.taq.TAQ$Trade.price, public char com.paritytrading.parity.file.taq.TAQ$Trade.side, public double com.paritytrading.parity.file.taq.TAQ$Trade.size, public long com.paritytrading.parity.file.taq.TAQ$Trade.timestampMillis
10:21:30.235 [DEBUG]  [Creating]    [analyzer-service:grpc-default-executor-0][com.diffblue.fuzztest.e.a]   Constructors: public com.paritytrading.parity.file.taq.TAQ$Trade()
10:21:30.235 [DEBUG]  [Creating]    [analyzer-service:grpc-default-executor-0][com.diffblue.fuzztest.e.a]   Methods: 
10:21:30.252 [DEBUG]  [Creating]    [analyzer-service:grpc-default-executor-0][com.diffblue.cover.l.a.c] EdgeCoverageRuntime contains 10 edges
10:21:30.259 [DEBUG]  [Creating]    [analyzer-service:TimedExecutor-13][com.diffblue.fuzztest.g.e] 
================================================================================
= Creating tests for 'com.paritytrading.parity.file.taq.TAQ$Trade.<init>:()V' using 'TrM (!sp, !fnm, df)'
================================================================================
10:21:30.259 [DEBUG]  [Creating]    [analyzer-service:TimedExecutor-13][com.diffblue.fuzztest.g.e] 
================================================================================
= Trying DI configuration EmptyDependencyInjectionTirConfiguration for com.paritytrading.parity.file.taq.TAQ$Trade.<init>:()V
================================================================================
10:21:30.260 [DEBUG]  [Creating]    [analyzer-service:TimedExecutor-13][com.diffblue.cover.j.b] Mockito inline mock maker not loaded
10:21:30.344 [DEBUG]  [Creating]    [analyzer-service:TimedExecutor-13][com.diffblue.fuzztest.g.e] DI configuration 'com.diffblue.tir.p' generated tests: 1
10:21:30.344 [DEBUG]  [Creating]    [analyzer-service:TimedExecutor-13][com.diffblue.fuzztest.g.e] Enabling descriptive test naming
10:21:30.347 [DEBUG]  [Creating]    [analyzer-service:grpc-default-executor-0][com.diffblue.fuzztest.e.c] Created 1+0 tests and partial tests via 'TrM (!sp, !fnm, df)' , returning all 1
10:21:30.384 [DEBUG]  [Creating]    [pool-3-thread-1]   [com.diffblue.cover.m.a.b] in processAnalysisResult for com.paritytrading.parity.file.taq.TAQ$Trade.<init>:()V
10:21:30.384 [DEBUG]  [Creating]    [pool-3-thread-1]   [com.diffblue.combiner.d.j] Using Javaparser to combine tests
10:21:30.437 [DEBUG]  [Creating]    [pool-6-thread-2]   [com.diffblue.cover.l.a.c] EdgeCoverageRuntime contains 9 edges
10:21:30.437 [DEBUG]  [Creating]    [pool-3-thread-1]   [com.diffblue.combiner.a.c] Adding changeSet to account as new: Optional[com.paritytrading.parity.file.taq.TAQ$Trade.<init>:()V]
10:21:30.499 [DEBUG]  [Creating]    [pool-3-thread-1]   [com.diffblue.cover.r.d] Finished with MethodGroup: <init>, countOfTests: 1, countOfMethodsTested: 1 TestGenerationAccount: a[countOfRemoved=0, countOfUnchanged=0, countOfUpdated=0, countOfNew=2]
10:21:30.498 [DEBUG]  [Creating]    [analyzer-service:grpc-default-executor-0][com.diffblue.cover.service.analyzer.a.c] Watchdog reset
10:21:30.500 [INFO]   [Creating]    [pool-3-thread-1]   [com.diffblue.cover.ui.b.b]      [2/24] com.paritytrading.parity.file.taq.TAQ$Trade.<init>
10:21:30.500 [INFO]   [Creating]    [pool-3-thread-1]   [com.diffblue.cover.ui.b.b]      [2/24]   Tests created: 1
10:21:30.503 [INFO]   [Creating]    [pool-3-thread-1]   [com.diffblue.cover.ui.b.b] [2/5] com.paritytrading.parity.file.taq.TAQ$Trade
10:21:30.503 [INFO]   [Creating]    [pool-3-thread-1]   [com.diffblue.cover.ui.b.b] [2/5]   Tests created: 1
10:21:30.504 [INFO]   [Creating]    [pool-3-thread-1]   [com.diffblue.cover.m.a.b] 
================================================================================
= Starting analysis for class 'com.paritytrading.parity.file.taq.TAQConfig'
================================================================================
10:21:30.504 [INFO]   [Creating]    [pool-3-thread-1]   [com.diffblue.cover.m.a.b] Filtering out non-testable methods...
10:21:30.514 [DEBUG]  [Creating]    [pool-3-thread-1]   [com.diffblue.combiner.d.j] Using Javaparser to combine tests
10:21:30.515 [INFO]   [Creating]    [pool-3-thread-1]   [com.diffblue.cover.m.a.b] Filtering of methods complete. Creating analysis request
10:21:30.515 [INFO]   [Creating]    [pool-3-thread-1]   [com.diffblue.cover.service.c] Attempting to get service client, retry 1.
10:21:30.537 [DEBUG]  [Creating]    [analyzer-service:grpc-default-executor-0][com.diffblue.fuzztest.e.a] Class information:
10:21:30.537 [DEBUG]  [Creating]    [analyzer-service:grpc-default-executor-0][com.diffblue.fuzztest.e.a]   Fields: public static final com.paritytrading.parity.file.taq.TAQConfig com.paritytrading.parity.file.taq.TAQConfig.DEFAULTS, private static final java.text.DecimalFormatSymbols com.paritytrading.parity.file.taq.TAQConfig.SYMBOLS, private final java.text.DecimalFormat com.paritytrading.parity.file.taq.TAQConfig.defaultPriceFormat, private final java.text.DecimalFormat com.paritytrading.parity.file.taq.TAQConfig.defaultSizeFormat, private final java.nio.charset.Charset com.paritytrading.parity.file.taq.TAQConfig.encoding, private final java.util.Map com.paritytrading.parity.file.taq.TAQConfig.priceFormats, private final java.util.Map com.paritytrading.parity.file.taq.TAQConfig.sizeFormats
10:21:30.537 [DEBUG]  [Creating]    [analyzer-service:grpc-default-executor-0][com.diffblue.fuzztest.e.a]   Constructors: private com.paritytrading.parity.file.taq.TAQConfig(java.nio.charset.Charset,java.util.Map,java.util.Map,java.text.DecimalFormat,java.text.DecimalFormat), com.paritytrading.parity.file.taq.TAQConfig(java.nio.charset.Charset,java.util.Map,java.util.Map,java.text.DecimalFormat,java.text.DecimalFormat,com.paritytrading.parity.file.taq.TAQConfig$1)
10:21:30.538 [DEBUG]  [Creating]    [analyzer-service:grpc-default-executor-0][com.diffblue.fuzztest.e.a]   Methods: static java.text.DecimalFormat com.paritytrading.parity.file.taq.TAQConfig.access$000(), static void com.paritytrading.parity.file.taq.TAQConfig.access$100(java.text.DecimalFormat,int), static java.text.DecimalFormat com.paritytrading.parity.file.taq.TAQConfig.access$200(java.util.Map,java.lang.String), public java.nio.charset.Charset com.paritytrading.parity.file.taq.TAQConfig.getEncoding(), private static java.text.DecimalFormat com.paritytrading.parity.file.taq.TAQConfig.getFormat(java.util.Map,java.lang.String), public java.text.DecimalFormat com.paritytrading.parity.file.taq.TAQConfig.getPriceFormat(java.lang.String), public java.text.DecimalFormat com.paritytrading.parity.file.taq.TAQConfig.getSizeFormat(java.lang.String), private static java.text.DecimalFormat com.paritytrading.parity.file.taq.TAQConfig.lambda$getFormat$0(java.lang.String), private static java.text.DecimalFormat com.paritytrading.parity.file.taq.TAQConfig.newFormat(), private static void com.paritytrading.parity.file.taq.TAQConfig.setFractionDigits(java.text.DecimalFormat,int)
10:21:30.652 [DEBUG]  [Creating]    [analyzer-service:grpc-default-executor-0][com.diffblue.cover.l.a.c] EdgeCoverageRuntime contains 10 edges
10:21:30.653 [DEBUG]  [Creating]    [analyzer-service:grpc-default-executor-0][com.diffblue.cover.service.analyzer.a.c] Watchdog reset
10:21:30.683 [DEBUG]  [Creating]    [analyzer-service:TimedExecutor-20][com.diffblue.fuzztest.g.e] 
================================================================================
= Creating tests for 'com.paritytrading.parity.file.taq.TAQConfig.getEncoding:()Ljava/nio/charset/Charset;' using 'TrM (!sp, !fnm, df)'
================================================================================
10:21:30.683 [DEBUG]  [Creating]    [analyzer-service:TimedExecutor-20][com.diffblue.fuzztest.g.e] 
================================================================================
= Trying DI configuration EmptyDependencyInjectionTirConfiguration for com.paritytrading.parity.file.taq.TAQConfig.getEncoding:()Ljava/nio/charset/Charset;
================================================================================
10:21:30.685 [DEBUG]  [Creating]    [analyzer-service:TimedExecutor-20][com.diffblue.cover.j.b] Mockito inline mock maker not loaded
10:21:31.518 [DEBUG]  [Creating]    [analyzer-service:TimedExecutor-20][com.diffblue.cover.service.analyzer.a.c] Watchdog reset
10:21:31.644 [DEBUG]  [Creating]    [analyzer-service:TimedExecutor-20][com.diffblue.fuzztest.g.e] DI configuration 'com.diffblue.tir.p' generated tests: 1
10:21:31.644 [DEBUG]  [Creating]    [analyzer-service:TimedExecutor-20][com.diffblue.fuzztest.g.e] Enabling descriptive test naming
10:21:31.646 [DEBUG]  [Creating]    [analyzer-service:grpc-default-executor-0][com.diffblue.fuzztest.e.c] Created 1+0 tests and partial tests via 'TrM (!sp, !fnm, df)' , returning all 1
10:21:31.673 [DEBUG]  [Creating]    [pool-3-thread-1]   [com.diffblue.cover.m.a.b] in processAnalysisResult for com.paritytrading.parity.file.taq.TAQConfig.getEncoding:()Ljava/nio/charset/Charset;
10:21:31.673 [DEBUG]  [Creating]    [pool-3-thread-1]   [com.diffblue.combiner.d.j] Using Javaparser to combine tests
10:21:31.730 [DEBUG]  [Creating]    [pool-6-thread-3]   [com.diffblue.cover.l.a.c] EdgeCoverageRuntime contains 5 edges
10:21:31.730 [DEBUG]  [Creating]    [pool-3-thread-1]   [com.diffblue.combiner.a.c] Adding changeSet to account as new: Optional[com.paritytrading.parity.file.taq.TAQConfig.getEncoding:()Ljava/nio/charset/Charset;]
10:21:31.765 [DEBUG]  [Creating]    [analyzer-service:TimedExecutor-21][com.diffblue.fuzztest.g.e] 
================================================================================
= Creating tests for 'com.paritytrading.parity.file.taq.TAQConfig.getPriceFormat:(Ljava/lang/String;)Ljava/text/DecimalFormat;' using 'SiM (!sp, fnm, df)'
================================================================================
10:21:31.768 [DEBUG]  [Creating]    [analyzer-service:TimedExecutor-21][com.diffblue.cover.f.e.ad] Looking for xml files in /home/jbergqvist/diffblue/paritytrading-parity/libraries/file/target/classes
10:21:31.770 [DEBUG]  [Creating]    [analyzer-service:TimedExecutor-21][com.diffblue.cover.f.e.ad] Looking for xml files in /home/jbergqvist/diffblue/paritytrading-parity/libraries/file/target/test-classes
10:21:31.771 [DEBUG]  [Creating]    [analyzer-service:TimedExecutor-21][com.diffblue.cover.f.e.ad] Processed all XML files: 0 Time: 36μs
10:21:32.195 [DEBUG]  [Creating]    [analyzer-service:TimedExecutor-21][com.diffblue.fuzztest.g.ap] Parsed existing test class at /home/jbergqvist/diffblue/paritytrading-parity/libraries/file/src/test/java/com/paritytrading/parity/file/taq/TAQConfigDiffblueTest.java: found 0 annotations
10:21:32.195 [DEBUG]  [Creating]    [analyzer-service:TimedExecutor-21][com.diffblue.fuzztest.g.e] 
================================================================================
= Trying DI configuration EmptyDependencyInjectionTirConfiguration for com.paritytrading.parity.file.taq.TAQConfig.getPriceFormat:(Ljava/lang/String;)Ljava/text/DecimalFormat;
================================================================================
10:21:32.196 [DEBUG]  [Creating]    [analyzer-service:TimedExecutor-21][com.diffblue.cover.j.b] Mockito inline mock maker not loaded
10:21:32.252 [DEBUG]  [Creating]    [analyzer-service:TimedExecutor-21][com.diffblue.cover.service.analyzer.a.c] Watchdog reset
10:21:32.627 [DEBUG]  [Creating]    [analyzer-service:TimedExecutor-21][com.diffblue.fuzztest.b.f] Refinement loop done: 1 seeds, 1+0 new+accumulated tests, 1+0 tests+partial tests, 175/1000 its
10:21:32.749 [DEBUG]  [Creating]    [analyzer-service:TimedExecutor-21][com.diffblue.fuzztest.g.e] DI configuration 'com.diffblue.tir.p' generated tests: 1
10:21:32.750 [DEBUG]  [Creating]    [analyzer-service:TimedExecutor-21][com.diffblue.fuzztest.g.e] Enabling descriptive test naming
10:21:32.752 [DEBUG]  [Creating]    [analyzer-service:grpc-default-executor-0][com.diffblue.fuzztest.e.c] Created 1+0 tests and partial tests via 'SiM (!sp, fnm, df)' SiM fallback 1/2, returning all 1
10:21:32.802 [DEBUG]  [Creating]    [pool-3-thread-1]   [com.diffblue.cover.m.a.b] in processAnalysisResult for com.paritytrading.parity.file.taq.TAQConfig.getPriceFormat:(Ljava/lang/String;)Ljava/text/DecimalFormat;
10:21:32.802 [DEBUG]  [Creating]    [pool-3-thread-1]   [com.diffblue.cover.r.d] Finished with MethodGroup: getEncoding, countOfTests: 1, countOfMethodsTested: 1 TestGenerationAccount: a[countOfRemoved=0, countOfUnchanged=0, countOfUpdated=0, countOfNew=3]
10:21:32.802 [INFO]   [Creating]    [pool-3-thread-1]   [com.diffblue.cover.ui.b.b]      [3/24] com.paritytrading.parity.file.taq.TAQConfig.getEncoding
10:21:32.802 [INFO]   [Creating]    [pool-3-thread-1]   [com.diffblue.cover.ui.b.b]      [3/24]   Tests created: 1
10:21:32.803 [DEBUG]  [Creating]    [pool-3-thread-1]   [com.diffblue.combiner.d.j] Using Javaparser to combine tests
10:21:32.871 [DEBUG]  [Creating]    [pool-6-thread-4]   [com.diffblue.cover.l.a.c] EdgeCoverageRuntime contains 37 edges
10:21:32.872 [DEBUG]  [Creating]    [pool-3-thread-1]   [com.diffblue.combiner.a.c] Adding changeSet to account as new: Optional[com.paritytrading.parity.file.taq.TAQConfig.getPriceFormat:(Ljava/lang/String;)Ljava/text/DecimalFormat;]
10:21:32.987 [DEBUG]  [Creating]    [analyzer-service:grpc-default-executor-0][com.diffblue.cover.service.analyzer.a.c] Watchdog reset
10:21:32.988 [DEBUG]  [Creating]    [analyzer-service:TimedExecutor-22][com.diffblue.fuzztest.g.e] 
================================================================================
= Creating tests for 'com.paritytrading.parity.file.taq.TAQConfig.getSizeFormat:(Ljava/lang/String;)Ljava/text/DecimalFormat;' using 'SiM (!sp, fnm, df)'
================================================================================
10:21:33.007 [DEBUG]  [Creating]    [analyzer-service:TimedExecutor-22][com.diffblue.fuzztest.g.ap] Parsed existing test class at /home/jbergqvist/diffblue/paritytrading-parity/libraries/file/src/test/java/com/paritytrading/parity/file/taq/TAQConfigDiffblueTest.java: found 0 annotations
10:21:33.007 [DEBUG]  [Creating]    [analyzer-service:TimedExecutor-22][com.diffblue.fuzztest.g.e] 
================================================================================
= Trying DI configuration EmptyDependencyInjectionTirConfiguration for com.paritytrading.parity.file.taq.TAQConfig.getSizeFormat:(Ljava/lang/String;)Ljava/text/DecimalFormat;
================================================================================
10:21:33.007 [DEBUG]  [Creating]    [analyzer-service:TimedExecutor-22][com.diffblue.cover.j.b] Mockito inline mock maker not loaded
10:21:33.370 [DEBUG]  [Creating]    [analyzer-service:TimedExecutor-22][com.diffblue.fuzztest.b.f] Refinement loop done: 1 seeds, 1+0 new+accumulated tests, 1+0 tests+partial tests, 175/1000 its
10:21:33.463 [DEBUG]  [Creating]    [analyzer-service:TimedExecutor-22][com.diffblue.fuzztest.g.e] DI configuration 'com.diffblue.tir.p' generated tests: 1
10:21:33.464 [DEBUG]  [Creating]    [analyzer-service:TimedExecutor-22][com.diffblue.fuzztest.g.e] Enabling descriptive test naming
10:21:33.466 [DEBUG]  [Creating]    [analyzer-service:grpc-default-executor-0][com.diffblue.fuzztest.e.c] Created 1+0 tests and partial tests via 'SiM (!sp, fnm, df)' SiM fallback 1/2, returning all 1
10:21:33.502 [DEBUG]  [Creating]    [pool-3-thread-1]   [com.diffblue.cover.m.a.b] in processAnalysisResult for com.paritytrading.parity.file.taq.TAQConfig.getSizeFormat:(Ljava/lang/String;)Ljava/text/DecimalFormat;
10:21:33.503 [DEBUG]  [Creating]    [pool-3-thread-1]   [com.diffblue.cover.r.d] Finished with MethodGroup: getPriceFormat, countOfTests: 1, countOfMethodsTested: 1 TestGenerationAccount: a[countOfRemoved=0, countOfUnchanged=0, countOfUpdated=0, countOfNew=4]
10:21:33.503 [INFO]   [Creating]    [pool-3-thread-1]   [com.diffblue.cover.ui.b.b]      [4/24] com.paritytrading.parity.file.taq.TAQConfig.getPriceFormat
10:21:33.503 [INFO]   [Creating]    [pool-3-thread-1]   [com.diffblue.cover.ui.b.b]      [4/24]   Tests created: 1
10:21:33.503 [DEBUG]  [Creating]    [pool-3-thread-1]   [com.diffblue.combiner.d.j] Using Javaparser to combine tests
10:21:33.558 [DEBUG]  [Creating]    [pool-6-thread-5]   [com.diffblue.cover.l.a.c] EdgeCoverageRuntime contains 37 edges
10:21:33.558 [DEBUG]  [Creating]    [pool-3-thread-1]   [com.diffblue.combiner.a.c] Adding changeSet to account as new: Optional[com.paritytrading.parity.file.taq.TAQConfig.getSizeFormat:(Ljava/lang/String;)Ljava/text/DecimalFormat;]
10:21:33.662 [DEBUG]  [Creating]    [pool-3-thread-1]   [com.diffblue.cover.r.d] Finished with MethodGroup: getSizeFormat, countOfTests: 1, countOfMethodsTested: 1 TestGenerationAccount: a[countOfRemoved=0, countOfUnchanged=0, countOfUpdated=0, countOfNew=5]
10:21:33.661 [DEBUG]  [Creating]    [analyzer-service:grpc-default-executor-0][com.diffblue.cover.service.analyzer.a.c] Watchdog reset
10:21:33.663 [INFO]   [Creating]    [pool-3-thread-1]   [com.diffblue.cover.ui.b.b]      [5/24] com.paritytrading.parity.file.taq.TAQConfig.getSizeFormat
10:21:33.663 [INFO]   [Creating]    [pool-3-thread-1]   [com.diffblue.cover.ui.b.b]      [5/24]   Tests created: 1
10:21:33.665 [INFO]   [Creating]    [pool-3-thread-1]   [com.diffblue.cover.ui.b.b] [3/5] com.paritytrading.parity.file.taq.TAQConfig
10:21:33.666 [INFO]   [Creating]    [pool-3-thread-1]   [com.diffblue.cover.ui.b.b] [3/5]   Tests created: 3
10:21:33.667 [INFO]   [Creating]    [pool-3-thread-1]   [com.diffblue.cover.m.a.b] 
================================================================================
= Starting analysis for class 'com.paritytrading.parity.file.taq.TAQConfig$Builder'
================================================================================
10:21:33.667 [INFO]   [Creating]    [pool-3-thread-1]   [com.diffblue.cover.m.a.b] Filtering out non-testable methods...
10:21:33.680 [INFO]   [Creating]    [pool-3-thread-1]   [com.diffblue.cover.m.a.b] Filtering of methods complete. Creating analysis request
10:21:33.680 [INFO]   [Creating]    [pool-3-thread-1]   [com.diffblue.cover.service.c] Attempting to get service client, retry 1.
10:21:33.705 [DEBUG]  [Creating]    [analyzer-service:grpc-default-executor-0][com.diffblue.fuzztest.e.a] Class information:
10:21:33.705 [DEBUG]  [Creating]    [analyzer-service:grpc-default-executor-0][com.diffblue.fuzztest.e.a]   Fields: private java.text.DecimalFormat com.paritytrading.parity.file.taq.TAQConfig$Builder.defaultPriceFormat, private java.text.DecimalFormat com.paritytrading.parity.file.taq.TAQConfig$Builder.defaultSizeFormat, private java.nio.charset.Charset com.paritytrading.parity.file.taq.TAQConfig$Builder.encoding, private java.util.Map com.paritytrading.parity.file.taq.TAQConfig$Builder.priceFormats, private java.util.Map com.paritytrading.parity.file.taq.TAQConfig$Builder.sizeFormats
10:21:33.706 [DEBUG]  [Creating]    [analyzer-service:grpc-default-executor-0][com.diffblue.fuzztest.e.a]   Constructors: public com.paritytrading.parity.file.taq.TAQConfig$Builder()
10:21:33.706 [DEBUG]  [Creating]    [analyzer-service:grpc-default-executor-0][com.diffblue.fuzztest.e.a]   Methods: public com.paritytrading.parity.file.taq.TAQConfig com.paritytrading.parity.file.taq.TAQConfig$Builder.build(), public com.paritytrading.parity.file.taq.TAQConfig$Builder com.paritytrading.parity.file.taq.TAQConfig$Builder.setEncoding(java.nio.charset.Charset), public com.paritytrading.parity.file.taq.TAQConfig$Builder com.paritytrading.parity.file.taq.TAQConfig$Builder.setPriceFractionDigits(int), public com.paritytrading.parity.file.taq.TAQConfig$Builder com.paritytrading.parity.file.taq.TAQConfig$Builder.setPriceFractionDigits(java.lang.String,int), public com.paritytrading.parity.file.taq.TAQConfig$Builder com.paritytrading.parity.file.taq.TAQConfig$Builder.setSizeFractionDigits(int), public com.paritytrading.parity.file.taq.TAQConfig$Builder com.paritytrading.parity.file.taq.TAQConfig$Builder.setSizeFractionDigits(java.lang.String,int)
10:21:33.748 [DEBUG]  [Creating]    [analyzer-service:grpc-default-executor-0][com.diffblue.cover.l.a.c] EdgeCoverageRuntime contains 10 edges
10:21:33.766 [DEBUG]  [Creating]    [analyzer-service:TimedExecutor-29][com.diffblue.fuzztest.g.e] 
================================================================================
= Creating tests for 'com.paritytrading.parity.file.taq.TAQConfig$Builder.build:()Lcom/paritytrading/parity/file/taq/TAQConfig;, com.paritytrading.parity.file.taq.TAQConfig$Builder.setEncoding:(Ljava/nio/charset/Charset;)Lcom/paritytrading/parity/file/taq/TAQConfig$Builder;' using 'B (!sp, !fnm, df)'
================================================================================
10:21:33.779 [DEBUG]  [Creating]    [analyzer-service:TimedExecutor-29][com.diffblue.fuzztest.g.ap] Parsed existing test class at /home/jbergqvist/diffblue/paritytrading-parity/libraries/file/src/test/java/com/paritytrading/parity/file/taq/TAQConfigDiffblueTest.java: found 0 annotations
10:21:33.779 [DEBUG]  [Creating]    [analyzer-service:TimedExecutor-29][com.diffblue.fuzztest.g.e] 
================================================================================
= Trying DI configuration com.diffblue.cover.f.e.aa@20 for com.paritytrading.parity.file.taq.TAQConfig$Builder.build:()Lcom/paritytrading/parity/file/taq/TAQConfig;
================================================================================
10:21:33.780 [DEBUG]  [Creating]    [analyzer-service:TimedExecutor-29][com.diffblue.cover.j.b] Mockito inline mock maker not loaded
10:21:33.840 [DEBUG]  [Creating]    [analyzer-service:TimedExecutor-29][com.diffblue.fuzztest.g.e] DI configuration 'com.diffblue.cover.f.e.aa' generated tests: 1
10:21:33.840 [DEBUG]  [Creating]    [analyzer-service:TimedExecutor-29][com.diffblue.fuzztest.g.e] 
================================================================================
= Trying DI configuration EmptyDependencyInjectionTirConfiguration for com.paritytrading.parity.file.taq.TAQConfig$Builder.build:()Lcom/paritytrading/parity/file/taq/TAQConfig;
================================================================================
10:21:33.840 [DEBUG]  [Creating]    [analyzer-service:TimedExecutor-29][com.diffblue.cover.j.b] Mockito inline mock maker not loaded
10:21:33.886 [DEBUG]  [Creating]    [analyzer-service:TimedExecutor-29][com.diffblue.cover.j.b] Mockito inline mock maker not loaded
10:21:33.894 [DEBUG]  [Creating]    [analyzer-service:TimedExecutor-29][com.diffblue.cover.j.b] Mockito inline mock maker not loaded
10:21:33.903 [DEBUG]  [Creating]    [analyzer-service:TimedExecutor-29][com.diffblue.fuzztest.g.e] Enabling descriptive test naming
10:21:33.904 [DEBUG]  [Creating]    [analyzer-service:grpc-default-executor-0][com.diffblue.fuzztest.e.c] Created 1+0 tests and partial tests via 'B (!sp, !fnm, df)' , returning all 1
10:21:33.928 [DEBUG]  [Creating]    [pool-3-thread-1]   [com.diffblue.cover.m.a.b] in processAnalysisResult for com.paritytrading.parity.file.taq.TAQConfig$Builder.build:()Lcom/paritytrading/parity/file/taq/TAQConfig;, com.paritytrading.parity.file.taq.TAQConfig$Builder.setEncoding:(Ljava/nio/charset/Charset;)Lcom/paritytrading/parity/file/taq/TAQConfig$Builder;
10:21:33.928 [DEBUG]  [Creating]    [pool-3-thread-1]   [com.diffblue.combiner.d.j] Using Javaparser to combine tests
10:21:33.976 [DEBUG]  [Creating]    [pool-6-thread-6]   [com.diffblue.cover.l.a.c] EdgeCoverageRuntime contains 10 edges
10:21:33.977 [DEBUG]  [Creating]    [pool-3-thread-1]   [com.diffblue.combiner.a.c] Adding changeSet to account as new: Optional[com.paritytrading.parity.file.taq.TAQConfig$Builder.build:()Lcom/paritytrading/parity/file/taq/TAQConfig;, com.paritytrading.parity.file.taq.TAQConfig$Builder.setEncoding:(Ljava/nio/charset/Charset;)Lcom/paritytrading/parity/file/taq/TAQConfig$Builder;]
10:21:34.016 [DEBUG]  [Creating]    [analyzer-service:TimedExecutor-30][com.diffblue.fuzztest.g.e] 
================================================================================
= Creating tests for 'com.paritytrading.parity.file.taq.TAQConfig$Builder.<init>:()V' using 'SiM (!sp, fnm, df)'
================================================================================
10:21:34.031 [DEBUG]  [Creating]    [analyzer-service:TimedExecutor-30][com.diffblue.fuzztest.g.ap] Parsed existing test class at /home/jbergqvist/diffblue/paritytrading-parity/libraries/file/src/test/java/com/paritytrading/parity/file/taq/TAQConfigDiffblueTest.java: found 0 annotations
10:21:34.032 [DEBUG]  [Creating]    [analyzer-service:TimedExecutor-30][com.diffblue.fuzztest.g.e] 
================================================================================
= Trying DI configuration MockitoDependencyInjection
 @Mock [java.text.DecimalFormat, java.util.Map<java.lang.String, java.text.DecimalFormat>]
 @InjectMocks [com.paritytrading.parity.file.taq.TAQConfig$Builder]
 for com.paritytrading.parity.file.taq.TAQConfig$Builder.<init>:()V
================================================================================
10:21:34.033 [DEBUG]  [Creating]    [analyzer-service:TimedExecutor-30][com.diffblue.cover.j.b] Mockito inline mock maker not loaded
10:21:34.107 [DEBUG]  [Creating]    [analyzer-service:TimedExecutor-30][com.diffblue.fuzztest.b.f] Refinement loop done: 1 seeds, 1+0 new+accumulated tests, 1+0 tests+partial tests, 1/1000 its
10:21:34.161 [DEBUG]  [Creating]    [analyzer-service:TimedExecutor-30][com.diffblue.fuzztest.g.e] DI configuration 'com.diffblue.cover.f.d.h' generated tests: 1
10:21:34.161 [DEBUG]  [Creating]    [analyzer-service:TimedExecutor-30][com.diffblue.fuzztest.g.e] 
================================================================================
= Trying DI configuration EmptyDependencyInjectionTirConfiguration for com.paritytrading.parity.file.taq.TAQConfig$Builder.<init>:()V
================================================================================
10:21:34.161 [DEBUG]  [Creating]    [analyzer-service:TimedExecutor-30][com.diffblue.cover.j.b] Mockito inline mock maker not loaded
10:21:34.173 [DEBUG]  [Creating]    [analyzer-service:TimedExecutor-30][com.diffblue.fuzztest.b.f] Refinement loop done: 1 seeds, 1+0 new+accumulated tests, 1+0 tests+partial tests, 1/1000 its
10:21:34.199 [DEBUG]  [Creating]    [analyzer-service:TimedExecutor-30][com.diffblue.cover.j.b] Mockito inline mock maker not loaded
10:21:34.208 [DEBUG]  [Creating]    [analyzer-service:TimedExecutor-30][com.diffblue.cover.j.b] Mockito inline mock maker not loaded
10:21:34.216 [DEBUG]  [Creating]    [analyzer-service:TimedExecutor-30][com.diffblue.fuzztest.g.e] Enabling descriptive test naming
10:21:34.218 [DEBUG]  [Creating]    [analyzer-service:TimedExecutor-31][com.diffblue.fuzztest.g.e] 
================================================================================
= Creating tests for 'com.paritytrading.parity.file.taq.TAQConfig$Builder.<init>:()V' using 'SiM (!sp, !fnm, df)'
================================================================================
10:21:34.229 [DEBUG]  [Creating]    [analyzer-service:TimedExecutor-31][com.diffblue.fuzztest.g.ap] Parsed existing test class at /home/jbergqvist/diffblue/paritytrading-parity/libraries/file/src/test/java/com/paritytrading/parity/file/taq/TAQConfigDiffblueTest.java: found 0 annotations
10:21:34.229 [DEBUG]  [Creating]    [analyzer-service:TimedExecutor-31][com.diffblue.fuzztest.g.e] 
================================================================================
= Trying DI configuration MockitoDependencyInjection
 @Mock [java.text.DecimalFormat, java.util.Map<java.lang.String, java.text.DecimalFormat>]
 @InjectMocks [com.paritytrading.parity.file.taq.TAQConfig$Builder]
 for com.paritytrading.parity.file.taq.TAQConfig$Builder.<init>:()V
================================================================================
10:21:34.230 [DEBUG]  [Creating]    [analyzer-service:TimedExecutor-31][com.diffblue.cover.j.b] Mockito inline mock maker not loaded
10:21:34.242 [DEBUG]  [Creating]    [analyzer-service:TimedExecutor-31][com.diffblue.fuzztest.b.f] Refinement loop done: 1 seeds, 1+0 new+accumulated tests, 1+0 tests+partial tests, 1/1000 its
10:21:34.286 [DEBUG]  [Creating]    [analyzer-service:TimedExecutor-31][com.diffblue.fuzztest.g.e] DI configuration 'com.diffblue.cover.f.d.h' generated tests: 1
10:21:34.287 [DEBUG]  [Creating]    [analyzer-service:TimedExecutor-31][com.diffblue.fuzztest.g.e] 
================================================================================
= Trying DI configuration EmptyDependencyInjectionTirConfiguration for com.paritytrading.parity.file.taq.TAQConfig$Builder.<init>:()V
================================================================================
10:21:34.287 [DEBUG]  [Creating]    [analyzer-service:TimedExecutor-31][com.diffblue.cover.j.b] Mockito inline mock maker not loaded
10:21:34.296 [DEBUG]  [Creating]    [analyzer-service:TimedExecutor-31][com.diffblue.fuzztest.b.f] Refinement loop done: 1 seeds, 1+0 new+accumulated tests, 1+0 tests+partial tests, 1/1000 its
10:21:34.322 [DEBUG]  [Creating]    [analyzer-service:TimedExecutor-31][com.diffblue.cover.j.b] Mockito inline mock maker not loaded
10:21:34.330 [DEBUG]  [Creating]    [analyzer-service:TimedExecutor-31][com.diffblue.cover.j.b] Mockito inline mock maker not loaded
10:21:34.339 [DEBUG]  [Creating]    [analyzer-service:TimedExecutor-31][com.diffblue.fuzztest.g.e] Enabling descriptive test naming
10:21:34.340 [DEBUG]  [Creating]    [analyzer-service:grpc-default-executor-0][com.diffblue.fuzztest.g.o] All 2 subs failed to create any test, failing with first error seen
10:21:34.348 [DEBUG]  [Creating]    [pool-3-thread-1]   [com.diffblue.cover.m.a.b] in processAnalysisResult for com.paritytrading.parity.file.taq.TAQConfig$Builder.<init>:()V
10:21:34.348 [DEBUG]  [Creating]    [pool-3-thread-1]   [com.diffblue.cover.r.d] Finished with MethodGroup: build, countOfTests: 1, countOfMethodsTested: 2 TestGenerationAccount: a[countOfRemoved=0, countOfUnchanged=0, countOfUpdated=0, countOfNew=6]
10:21:34.349 [INFO]   [Creating]    [pool-3-thread-1]   [com.diffblue.cover.ui.b.b]      [6/24] com.paritytrading.parity.file.taq.TAQConfig$Builder.build
10:21:34.349 [INFO]   [Creating]    [pool-3-thread-1]   [com.diffblue.cover.ui.b.b]      [7/24] com.paritytrading.parity.file.taq.TAQConfig$Builder.setEncoding
10:21:34.349 [INFO]   [Creating]    [pool-3-thread-1]   [com.diffblue.cover.ui.b.b]      [7/24]   Tests created: 1
10:21:34.351 [INFO]   [Creating]    [pool-3-thread-1]   [com.diffblue.cover.ui.b.b]      [8/24] com.paritytrading.parity.file.taq.TAQConfig$Builder.<init>
10:21:34.351 [INFO]   [Creating]    [pool-3-thread-1]   [com.diffblue.cover.ui.b.b]      [8/24]   R003: Test did not increase coverage
10:21:34.351 [DEBUG]  [Creating]    [pool-3-thread-1]   [com.diffblue.cover.ui.b.b]      [8/24]   (at least 9 lines uncovered in this method)
10:21:34.351 [INFO]   [Creating]    [pool-3-thread-1]   [com.diffblue.cover.ui.b.b]      [8/24]     Diffblue Cover could not find a test that improves the coverage already
10:21:34.351 [INFO]   [Creating]    [pool-3-thread-1]   [com.diffblue.cover.ui.b.b]      [8/24]     provided by existing tests.
10:21:34.353 [DEBUG]  [Creating]    [analyzer-service:TimedExecutor-32][com.diffblue.fuzztest.g.e] 
================================================================================
= Creating tests for 'com.paritytrading.parity.file.taq.TAQConfig$Builder.setPriceFractionDigits:(I)Lcom/paritytrading/parity/file/taq/TAQConfig$Builder;' using 'SiM (!sp, fnm, df)'
================================================================================
10:21:34.360 [DEBUG]  [Creating]    [analyzer-service:TimedExecutor-32][com.diffblue.fuzztest.g.ap] Parsed existing test class at /home/jbergqvist/diffblue/paritytrading-parity/libraries/file/src/test/java/com/paritytrading/parity/file/taq/TAQConfigDiffblueTest.java: found 0 annotations
10:21:34.361 [DEBUG]  [Creating]    [analyzer-service:TimedExecutor-32][com.diffblue.fuzztest.g.e] 
================================================================================
= Trying DI configuration MockitoDependencyInjection
 @Mock [java.text.DecimalFormat, java.util.Map<java.lang.String, java.text.DecimalFormat>]
 @InjectMocks [com.paritytrading.parity.file.taq.TAQConfig$Builder]
 for com.paritytrading.parity.file.taq.TAQConfig$Builder.setPriceFractionDigits:(I)Lcom/paritytrading/parity/file/taq/TAQConfig$Builder;
================================================================================
10:21:34.361 [DEBUG]  [Creating]    [analyzer-service:TimedExecutor-32][com.diffblue.cover.j.b] Mockito inline mock maker not loaded
10:21:34.417 [DEBUG]  [Creating]    [analyzer-service:TimedExecutor-32][com.diffblue.fuzztest.b.f] Refinement loop done: 1 seeds, 1+0 new+accumulated tests, 1+0 tests+partial tests, 33/1000 its
10:21:34.476 [DEBUG]  [Creating]    [analyzer-service:TimedExecutor-32][com.diffblue.fuzztest.g.e] DI configuration 'com.diffblue.cover.f.d.h' generated tests: 1
10:21:34.476 [DEBUG]  [Creating]    [analyzer-service:TimedExecutor-32][com.diffblue.fuzztest.g.e] 
================================================================================
= Trying DI configuration EmptyDependencyInjectionTirConfiguration for com.paritytrading.parity.file.taq.TAQConfig$Builder.setPriceFractionDigits:(I)Lcom/paritytrading/parity/file/taq/TAQConfig$Builder;
================================================================================
10:21:34.476 [DEBUG]  [Creating]    [analyzer-service:TimedExecutor-32][com.diffblue.cover.j.b] Mockito inline mock maker not loaded
10:21:34.518 [DEBUG]  [Creating]    [analyzer-service:TimedExecutor-32][com.diffblue.fuzztest.b.f] Refinement loop done: 1 seeds, 1+0 new+accumulated tests, 1+0 tests+partial tests, 34/1000 its
10:21:34.548 [DEBUG]  [Creating]    [analyzer-service:TimedExecutor-32][com.diffblue.cover.j.b] Mockito inline mock maker not loaded
10:21:34.555 [DEBUG]  [Creating]    [analyzer-service:TimedExecutor-32][com.diffblue.cover.j.b] Mockito inline mock maker not loaded
10:21:34.565 [DEBUG]  [Creating]    [analyzer-service:TimedExecutor-32][com.diffblue.fuzztest.g.e] Enabling descriptive test naming
10:21:34.567 [DEBUG]  [Creating]    [analyzer-service:grpc-default-executor-0][com.diffblue.fuzztest.e.c] Created 1+0 tests and partial tests via 'SiM (!sp, fnm, df)' SiM fallback 1/2, returning all 1
10:21:34.592 [DEBUG]  [Creating]    [pool-3-thread-1]   [com.diffblue.cover.m.a.b] in processAnalysisResult for com.paritytrading.parity.file.taq.TAQConfig$Builder.setPriceFractionDigits:(I)Lcom/paritytrading/parity/file/taq/TAQConfig$Builder;
10:21:34.592 [DEBUG]  [Creating]    [pool-3-thread-1]   [com.diffblue.combiner.d.j] Using Javaparser to combine tests
10:21:34.623 [DEBUG]  [Creating]    [pool-6-thread-7]   [com.diffblue.cover.l.a.c] EdgeCoverageRuntime contains 9 edges
10:21:34.623 [DEBUG]  [Creating]    [pool-3-thread-1]   [com.diffblue.combiner.a.c] Adding changeSet to account as new: Optional[com.paritytrading.parity.file.taq.TAQConfig$Builder.setPriceFractionDigits:(I)Lcom/paritytrading/parity/file/taq/TAQConfig$Builder;]
10:21:34.658 [DEBUG]  [Creating]    [analyzer-service:TimedExecutor-33][com.diffblue.fuzztest.g.e] 
================================================================================
= Creating tests for 'com.paritytrading.parity.file.taq.TAQConfig$Builder.setPriceFractionDigits:(Ljava/lang/String;I)Lcom/paritytrading/parity/file/taq/TAQConfig$Builder;' using 'SiM (!sp, fnm, df)'
================================================================================
10:21:34.669 [DEBUG]  [Creating]    [analyzer-service:TimedExecutor-33][com.diffblue.fuzztest.g.ap] Parsed existing test class at /home/jbergqvist/diffblue/paritytrading-parity/libraries/file/src/test/java/com/paritytrading/parity/file/taq/TAQConfigDiffblueTest.java: found 0 annotations
10:21:34.669 [DEBUG]  [Creating]    [analyzer-service:TimedExecutor-33][com.diffblue.fuzztest.g.e] 
================================================================================
= Trying DI configuration MockitoDependencyInjection
 @Mock [java.text.DecimalFormat, java.util.Map<java.lang.String, java.text.DecimalFormat>]
 @InjectMocks [com.paritytrading.parity.file.taq.TAQConfig$Builder]
 for com.paritytrading.parity.file.taq.TAQConfig$Builder.setPriceFractionDigits:(Ljava/lang/String;I)Lcom/paritytrading/parity/file/taq/TAQConfig$Builder;
================================================================================
10:21:34.670 [DEBUG]  [Creating]    [analyzer-service:TimedExecutor-33][com.diffblue.cover.j.b] Mockito inline mock maker not loaded
10:21:35.331 [DEBUG]  [Creating]    [analyzer-service:TimedExecutor-33][com.diffblue.fuzztest.b.f] Refinement loop done: 1 seeds, 2+0 new+accumulated tests, 1+1 tests+partial tests, 271/1000 its
10:21:35.414 [DEBUG]  [Creating]    [analyzer-service:TimedExecutor-33][com.diffblue.cover.j.b] Mockito inline mock maker not loaded
10:21:35.424 [DEBUG]  [Creating]    [analyzer-service:TimedExecutor-33][com.diffblue.fuzztest.g.e] DI configuration 'com.diffblue.cover.f.d.h' generated tests: 2
10:21:35.424 [DEBUG]  [Creating]    [analyzer-service:TimedExecutor-33][com.diffblue.fuzztest.g.e] 
================================================================================
= Trying DI configuration EmptyDependencyInjectionTirConfiguration for com.paritytrading.parity.file.taq.TAQConfig$Builder.setPriceFractionDigits:(Ljava/lang/String;I)Lcom/paritytrading/parity/file/taq/TAQConfig$Builder;
================================================================================
10:21:35.424 [DEBUG]  [Creating]    [analyzer-service:TimedExecutor-33][com.diffblue.cover.j.b] Mockito inline mock maker not loaded
10:21:35.486 [DEBUG]  [Creating]    [analyzer-service:TimedExecutor-33][com.diffblue.fuzztest.b.f] Refinement loop done: 1 seeds, 1+0 new+accumulated tests, 1+0 tests+partial tests, 60/1000 its
10:21:35.518 [DEBUG]  [Creating]    [analyzer-service:TimedExecutor-33][com.diffblue.cover.j.b] Mockito inline mock maker not loaded
10:21:35.525 [DEBUG]  [Creating]    [analyzer-service:TimedExecutor-33][com.diffblue.cover.j.b] Mockito inline mock maker not loaded
10:21:35.535 [DEBUG]  [Creating]    [analyzer-service:TimedExecutor-33][com.diffblue.cover.j.b] Mockito inline mock maker not loaded
10:21:35.543 [DEBUG]  [Creating]    [analyzer-service:TimedExecutor-33][com.diffblue.fuzztest.g.e] Enabling descriptive test naming
10:21:35.564 [DEBUG]  [Creating]    [analyzer-service:grpc-default-executor-0][com.diffblue.fuzztest.e.c] Created 2+0 tests and partial tests via 'SiM (!sp, fnm, df)' SiM fallback 1/2, returning all 2
10:21:35.624 [DEBUG]  [Creating]    [analyzer-service:grpc-default-executor-0][com.diffblue.cover.service.analyzer.a.c] Watchdog reset
10:21:35.630 [DEBUG]  [Creating]    [pool-3-thread-1]   [com.diffblue.cover.m.a.b] in processAnalysisResult for com.paritytrading.parity.file.taq.TAQConfig$Builder.setPriceFractionDigits:(Ljava/lang/String;I)Lcom/paritytrading/parity/file/taq/TAQConfig$Builder;
10:21:35.630 [DEBUG]  [Creating]    [pool-3-thread-1]   [com.diffblue.cover.r.d] Finished with MethodGroup: setPriceFractionDigits, countOfTests: 1, countOfMethodsTested: 1 TestGenerationAccount: a[countOfRemoved=0, countOfUnchanged=0, countOfUpdated=0, countOfNew=7]
10:21:35.630 [INFO]   [Creating]    [pool-3-thread-1]   [com.diffblue.cover.ui.b.b]      [9/24] com.paritytrading.parity.file.taq.TAQConfig$Builder.setPriceFractionDigits
10:21:35.630 [INFO]   [Creating]    [pool-3-thread-1]   [com.diffblue.cover.ui.b.b]      [9/24]   Tests created: 1
10:21:35.630 [DEBUG]  [Creating]    [pool-3-thread-1]   [com.diffblue.combiner.d.j] Using Javaparser to combine tests
10:21:35.660 [DEBUG]  [Creating]    [pool-6-thread-8]   [com.diffblue.cover.l.a.c] EdgeCoverageRuntime contains 9 edges
10:21:35.660 [DEBUG]  [Creating]    [pool-3-thread-1]   [com.diffblue.combiner.a.c] Adding changeSet to account as new: Optional[com.paritytrading.parity.file.taq.TAQConfig$Builder.setPriceFractionDigits:(Ljava/lang/String;I)Lcom/paritytrading/parity/file/taq/TAQConfig$Builder;]
10:21:35.688 [DEBUG]  [Creating]    [pool-3-thread-1]   [com.diffblue.combiner.d.j] Using Javaparser to combine tests
10:21:36.097 [DEBUG]  [Creating]    [pool-6-thread-9]   [com.diffblue.cover.l.a.c] EdgeCoverageRuntime contains 18 edges
10:21:36.098 [DEBUG]  [Creating]    [pool-3-thread-1]   [com.diffblue.combiner.a.c] Adding changeSet to account as new: Optional[com.paritytrading.parity.file.taq.TAQConfig$Builder.setPriceFractionDigits:(Ljava/lang/String;I)Lcom/paritytrading/parity/file/taq/TAQConfig$Builder;]
10:21:36.168 [DEBUG]  [Creating]    [analyzer-service:grpc-default-executor-0][com.diffblue.cover.service.analyzer.a.c] Watchdog reset
10:21:36.168 [DEBUG]  [Creating]    [analyzer-service:TimedExecutor-34][com.diffblue.fuzztest.g.e] 
================================================================================
= Creating tests for 'com.paritytrading.parity.file.taq.TAQConfig$Builder.setSizeFractionDigits:(I)Lcom/paritytrading/parity/file/taq/TAQConfig$Builder;' using 'SiM (!sp, fnm, df)'
================================================================================
10:21:36.233 [DEBUG]  [Creating]    [analyzer-service:TimedExecutor-34][com.diffblue.fuzztest.g.ap] Parsed existing test class at /home/jbergqvist/diffblue/paritytrading-parity/libraries/file/src/test/java/com/paritytrading/parity/file/taq/TAQConfigDiffblueTest.java: found 1 annotations
10:21:36.234 [DEBUG]  [Creating]    [analyzer-service:TimedExecutor-34][com.diffblue.fuzztest.g.e] 
================================================================================
= Trying DI configuration MockitoDependencyInjection
 @Mock [java.text.DecimalFormat, java.util.Map<java.lang.String, java.text.DecimalFormat>]
 @InjectMocks [com.paritytrading.parity.file.taq.TAQConfig$Builder]
 for com.paritytrading.parity.file.taq.TAQConfig$Builder.setSizeFractionDigits:(I)Lcom/paritytrading/parity/file/taq/TAQConfig$Builder;
================================================================================
10:21:36.235 [DEBUG]  [Creating]    [analyzer-service:TimedExecutor-34][com.diffblue.cover.j.b] Mockito inline mock maker not loaded
10:21:36.256 [DEBUG]  [Creating]    [analyzer-service:TimedExecutor-34][com.diffblue.fuzztest.b.f] Refinement loop done: 1 seeds, 1+0 new+accumulated tests, 1+0 tests+partial tests, 9/1000 its
10:21:36.304 [DEBUG]  [Creating]    [analyzer-service:TimedExecutor-34][com.diffblue.fuzztest.g.e] DI configuration 'com.diffblue.cover.f.d.h' generated tests: 1
10:21:36.304 [DEBUG]  [Creating]    [analyzer-service:TimedExecutor-34][com.diffblue.fuzztest.g.e] 
================================================================================
= Trying DI configuration EmptyDependencyInjectionTirConfiguration for com.paritytrading.parity.file.taq.TAQConfig$Builder.setSizeFractionDigits:(I)Lcom/paritytrading/parity/file/taq/TAQConfig$Builder;
================================================================================
10:21:36.304 [DEBUG]  [Creating]    [analyzer-service:TimedExecutor-34][com.diffblue.cover.j.b] Mockito inline mock maker not loaded
10:21:36.342 [DEBUG]  [Creating]    [analyzer-service:TimedExecutor-34][com.diffblue.fuzztest.b.f] Refinement loop done: 1 seeds, 1+0 new+accumulated tests, 1+0 tests+partial tests, 34/1000 its
10:21:36.376 [DEBUG]  [Creating]    [analyzer-service:TimedExecutor-34][com.diffblue.cover.j.b] Mockito inline mock maker not loaded
10:21:36.383 [DEBUG]  [Creating]    [analyzer-service:TimedExecutor-34][com.diffblue.cover.j.b] Mockito inline mock maker not loaded
10:21:36.390 [DEBUG]  [Creating]    [analyzer-service:TimedExecutor-34][com.diffblue.fuzztest.g.e] Enabling descriptive test naming
10:21:36.392 [DEBUG]  [Creating]    [analyzer-service:grpc-default-executor-0][com.diffblue.fuzztest.e.c] Created 1+0 tests and partial tests via 'SiM (!sp, fnm, df)' SiM fallback 1/2, returning all 1
10:21:36.418 [DEBUG]  [Creating]    [pool-3-thread-1]   [com.diffblue.cover.m.a.b] in processAnalysisResult for com.paritytrading.parity.file.taq.TAQConfig$Builder.setSizeFractionDigits:(I)Lcom/paritytrading/parity/file/taq/TAQConfig$Builder;
10:21:36.418 [DEBUG]  [Creating]    [pool-3-thread-1]   [com.diffblue.cover.r.d] Finished with MethodGroup: setPriceFractionDigits, countOfTests: 2, countOfMethodsTested: 1 TestGenerationAccount: a[countOfRemoved=0, countOfUnchanged=0, countOfUpdated=0, countOfNew=9]
10:21:36.418 [INFO]   [Creating]    [pool-3-thread-1]   [com.diffblue.cover.ui.b.b]     [10/24] com.paritytrading.parity.file.taq.TAQConfig$Builder.setPriceFractionDigits
10:21:36.418 [INFO]   [Creating]    [pool-3-thread-1]   [com.diffblue.cover.ui.b.b]     [10/24]   Tests created: 2
10:21:36.418 [DEBUG]  [Creating]    [pool-3-thread-1]   [com.diffblue.combiner.d.j] Using Javaparser to combine tests
10:21:36.480 [DEBUG]  [Creating]    [pool-6-thread-10]  [com.diffblue.cover.l.a.c] EdgeCoverageRuntime contains 9 edges
10:21:36.480 [DEBUG]  [Creating]    [pool-3-thread-1]   [com.diffblue.combiner.a.c] Adding changeSet to account as new: Optional[com.paritytrading.parity.file.taq.TAQConfig$Builder.setSizeFractionDigits:(I)Lcom/paritytrading/parity/file/taq/TAQConfig$Builder;]
10:21:36.525 [DEBUG]  [Creating]    [analyzer-service:grpc-default-executor-0][com.diffblue.cover.service.analyzer.a.c] Watchdog reset
10:21:36.526 [DEBUG]  [Creating]    [analyzer-service:TimedExecutor-35][com.diffblue.fuzztest.g.e] 
================================================================================
= Creating tests for 'com.paritytrading.parity.file.taq.TAQConfig$Builder.setSizeFractionDigits:(Ljava/lang/String;I)Lcom/paritytrading/parity/file/taq/TAQConfig$Builder;' using 'SiM (!sp, fnm, df)'
================================================================================
10:21:36.537 [DEBUG]  [Creating]    [analyzer-service:TimedExecutor-35][com.diffblue.fuzztest.g.ap] Parsed existing test class at /home/jbergqvist/diffblue/paritytrading-parity/libraries/file/src/test/java/com/paritytrading/parity/file/taq/TAQConfigDiffblueTest.java: found 1 annotations
10:21:36.537 [DEBUG]  [Creating]    [analyzer-service:TimedExecutor-35][com.diffblue.fuzztest.g.e] 
================================================================================
= Trying DI configuration MockitoDependencyInjection
 @Mock [java.text.DecimalFormat, java.util.Map<java.lang.String, java.text.DecimalFormat>]
 @InjectMocks [com.paritytrading.parity.file.taq.TAQConfig$Builder]
 for com.paritytrading.parity.file.taq.TAQConfig$Builder.setSizeFractionDigits:(Ljava/lang/String;I)Lcom/paritytrading/parity/file/taq/TAQConfig$Builder;
================================================================================
10:21:36.538 [DEBUG]  [Creating]    [analyzer-service:TimedExecutor-35][com.diffblue.cover.j.b] Mockito inline mock maker not loaded
10:21:36.606 [DEBUG]  [Creating]    [analyzer-service:TimedExecutor-35][com.diffblue.fuzztest.b.f] Refinement loop done: 1 seeds, 1+0 new+accumulated tests, 1+0 tests+partial tests, 31/1000 its
10:21:36.655 [DEBUG]  [Creating]    [analyzer-service:TimedExecutor-35][com.diffblue.fuzztest.g.e] DI configuration 'com.diffblue.cover.f.d.h' generated tests: 1
10:21:36.655 [DEBUG]  [Creating]    [analyzer-service:TimedExecutor-35][com.diffblue.fuzztest.g.e] 
================================================================================
= Trying DI configuration EmptyDependencyInjectionTirConfiguration for com.paritytrading.parity.file.taq.TAQConfig$Builder.setSizeFractionDigits:(Ljava/lang/String;I)Lcom/paritytrading/parity/file/taq/TAQConfig$Builder;
================================================================================
10:21:36.656 [DEBUG]  [Creating]    [analyzer-service:TimedExecutor-35][com.diffblue.cover.j.b] Mockito inline mock maker not loaded
10:21:36.710 [DEBUG]  [Creating]    [analyzer-service:TimedExecutor-35][com.diffblue.fuzztest.b.f] Refinement loop done: 1 seeds, 1+0 new+accumulated tests, 1+0 tests+partial tests, 60/1000 its
10:21:36.741 [DEBUG]  [Creating]    [analyzer-service:TimedExecutor-35][com.diffblue.cover.j.b] Mockito inline mock maker not loaded
10:21:36.748 [DEBUG]  [Creating]    [analyzer-service:TimedExecutor-35][com.diffblue.cover.j.b] Mockito inline mock maker not loaded
10:21:36.756 [DEBUG]  [Creating]    [analyzer-service:TimedExecutor-35][com.diffblue.fuzztest.g.e] Enabling descriptive test naming
10:21:36.757 [DEBUG]  [Creating]    [analyzer-service:grpc-default-executor-0][com.diffblue.fuzztest.e.c] Created 1+0 tests and partial tests via 'SiM (!sp, fnm, df)' SiM fallback 1/2, returning all 1
10:21:36.784 [DEBUG]  [Creating]    [pool-3-thread-1]   [com.diffblue.cover.m.a.b] in processAnalysisResult for com.paritytrading.parity.file.taq.TAQConfig$Builder.setSizeFractionDigits:(Ljava/lang/String;I)Lcom/paritytrading/parity/file/taq/TAQConfig$Builder;
10:21:36.784 [DEBUG]  [Creating]    [pool-3-thread-1]   [com.diffblue.cover.r.d] Finished with MethodGroup: setSizeFractionDigits, countOfTests: 1, countOfMethodsTested: 1 TestGenerationAccount: a[countOfRemoved=0, countOfUnchanged=0, countOfUpdated=0, countOfNew=10]
10:21:36.784 [INFO]   [Creating]    [pool-3-thread-1]   [com.diffblue.cover.ui.b.b]     [11/24] com.paritytrading.parity.file.taq.TAQConfig$Builder.setSizeFractionDigits
10:21:36.784 [INFO]   [Creating]    [pool-3-thread-1]   [com.diffblue.cover.ui.b.b]     [11/24]   Tests created: 1
10:21:36.784 [DEBUG]  [Creating]    [pool-3-thread-1]   [com.diffblue.combiner.d.j] Using Javaparser to combine tests
10:21:36.809 [DEBUG]  [Creating]    [pool-6-thread-11]  [com.diffblue.cover.l.a.c] EdgeCoverageRuntime contains 9 edges
10:21:36.810 [DEBUG]  [Creating]    [pool-3-thread-1]   [com.diffblue.combiner.a.c] Adding changeSet to account as new: Optional[com.paritytrading.parity.file.taq.TAQConfig$Builder.setSizeFractionDigits:(Ljava/lang/String;I)Lcom/paritytrading/parity/file/taq/TAQConfig$Builder;]
10:21:37.250 [DEBUG]  [Creating]    [pool-3-thread-1]   [com.diffblue.cover.r.d] Finished with MethodGroup: setSizeFractionDigits, countOfTests: 1, countOfMethodsTested: 1 TestGenerationAccount: a[countOfRemoved=0, countOfUnchanged=0, countOfUpdated=0, countOfNew=11]
10:21:37.248 [DEBUG]  [Creating]    [analyzer-service:grpc-default-executor-0][com.diffblue.cover.service.analyzer.a.c] Watchdog reset
10:21:37.250 [INFO]   [Creating]    [pool-3-thread-1]   [com.diffblue.cover.ui.b.b]     [12/24] com.paritytrading.parity.file.taq.TAQConfig$Builder.setSizeFractionDigits
10:21:37.250 [INFO]   [Creating]    [pool-3-thread-1]   [com.diffblue.cover.ui.b.b]     [12/24]   Tests created: 1
10:21:37.253 [INFO]   [Creating]    [pool-3-thread-1]   [com.diffblue.cover.ui.b.b] [4/5] com.paritytrading.parity.file.taq.TAQConfig$Builder
10:21:37.253 [INFO]   [Creating]    [pool-3-thread-1]   [com.diffblue.cover.ui.b.b] [4/5]   Tests created: 6
10:21:37.253 [DEBUG]  [Creating]    [pool-3-thread-1]   [com.diffblue.cover.ui.b.b] [4/5]   (at least 9 lines uncovered in this class)
10:21:37.255 [INFO]   [Creating]    [pool-3-thread-1]   [com.diffblue.cover.m.a.b] 
================================================================================
= Starting analysis for class 'com.paritytrading.parity.file.taq.TAQWriter'
================================================================================
10:21:37.255 [INFO]   [Creating]    [pool-3-thread-1]   [com.diffblue.cover.m.a.b] Filtering out non-testable methods...
10:21:37.271 [DEBUG]  [Creating]    [pool-3-thread-1]   [com.diffblue.combiner.d.j] Using Javaparser to combine tests
10:21:37.272 [INFO]   [Creating]    [pool-3-thread-1]   [com.diffblue.cover.m.a.b] Filtering of methods complete. Creating analysis request
10:21:37.272 [INFO]   [Creating]    [pool-3-thread-1]   [com.diffblue.cover.service.c] Attempting to get service client, retry 1.
10:21:37.288 [DEBUG]  [Creating]    [analyzer-service:grpc-default-executor-0][com.diffblue.fuzztest.e.a] Class information:
10:21:37.288 [DEBUG]  [Creating]    [analyzer-service:grpc-default-executor-0][com.diffblue.fuzztest.e.a]   Implements: interface java.io.Closeable, interface java.io.Flushable
10:21:37.288 [DEBUG]  [Creating]    [analyzer-service:grpc-default-executor-0][com.diffblue.fuzztest.e.a]   Fields: private static final int com.paritytrading.parity.file.taq.TAQWriter.BUFFER_CAPACITY, private static final java.time.format.DateTimeFormatter com.paritytrading.parity.file.taq.TAQWriter.FORMATTER, private static final java.lang.String com.paritytrading.parity.file.taq.TAQWriter.HEADER, private final java.lang.StringBuffer com.paritytrading.parity.file.taq.TAQWriter.buffer, private final com.paritytrading.parity.file.taq.TAQConfig com.paritytrading.parity.file.taq.TAQWriter.config, private final java.text.FieldPosition com.paritytrading.parity.file.taq.TAQWriter.position, private final java.io.PrintWriter com.paritytrading.parity.file.taq.TAQWriter.sink
10:21:37.288 [DEBUG]  [Creating]    [analyzer-service:grpc-default-executor-0][com.diffblue.fuzztest.e.a]   Constructors: public com.paritytrading.parity.file.taq.TAQWriter(java.io.File) throws java.io.FileNotFoundException, public com.paritytrading.parity.file.taq.TAQWriter(java.io.File,com.paritytrading.parity.file.taq.TAQConfig) throws java.io.FileNotFoundException, public com.paritytrading.parity.file.taq.TAQWriter(java.io.OutputStream), public com.paritytrading.parity.file.taq.TAQWriter(java.io.OutputStream,com.paritytrading.parity.file.taq.TAQConfig), private com.paritytrading.parity.file.taq.TAQWriter(java.io.Writer,com.paritytrading.parity.file.taq.TAQConfig)
10:21:37.288 [DEBUG]  [Creating]    [analyzer-service:grpc-default-executor-0][com.diffblue.fuzztest.e.a]   Methods: public void com.paritytrading.parity.file.taq.TAQWriter.close(), public void com.paritytrading.parity.file.taq.TAQWriter.flush(), public java.lang.StringBuffer com.paritytrading.parity.file.taq.TAQWriter.getBuffer(), public com.paritytrading.parity.file.taq.TAQConfig com.paritytrading.parity.file.taq.TAQWriter.getConfig(), public java.text.FieldPosition com.paritytrading.parity.file.taq.TAQWriter.getPosition(), public java.io.PrintWriter com.paritytrading.parity.file.taq.TAQWriter.getSink(), public void com.paritytrading.parity.file.taq.TAQWriter.write(com.paritytrading.parity.file.taq.TAQ$Quote), public void com.paritytrading.parity.file.taq.TAQWriter.write(com.paritytrading.parity.file.taq.TAQ$Trade), private void com.paritytrading.parity.file.taq.TAQWriter.writePrice(java.lang.String,double), private void com.paritytrading.parity.file.taq.TAQWriter.writeSize(java.lang.String,double), private void com.paritytrading.parity.file.taq.TAQWriter.writeTimestamp(long)
10:21:37.313 [DEBUG]  [Creating]    [analyzer-service:grpc-default-executor-0][com.diffblue.cover.l.a.c] EdgeCoverageRuntime contains 20 edges
10:21:37.346 [DEBUG]  [Creating]    [analyzer-service:TimedExecutor-42][com.diffblue.fuzztest.g.e] 
================================================================================
= Creating tests for 'com.paritytrading.parity.file.taq.TAQWriter.getBuffer:()Ljava/lang/StringBuffer;, com.paritytrading.parity.file.taq.TAQWriter.getConfig:()Lcom/paritytrading/parity/file/taq/TAQConfig;, com.paritytrading.parity.file.taq.TAQWriter.getPosition:()Ljava/text/FieldPosition;, com.paritytrading.parity.file.taq.TAQWriter.getSink:()Ljava/io/PrintWriter;' using 'TrM (!sp, !fnm, df)'
================================================================================
10:21:37.347 [DEBUG]  [Creating]    [analyzer-service:TimedExecutor-42][com.diffblue.fuzztest.g.e] 
================================================================================
= Trying DI configuration EmptyDependencyInjectionTirConfiguration for com.paritytrading.parity.file.taq.TAQWriter.getBuffer:()Ljava/lang/StringBuffer;
================================================================================
10:21:37.347 [DEBUG]  [Creating]    [analyzer-service:TimedExecutor-42][com.diffblue.cover.j.b] Mockito inline mock maker not loaded
10:21:37.429 [DEBUG]  [Creating]    [analyzer-service:TimedExecutor-42][com.diffblue.fuzztest.g.e] Failed to create tests using current DI configuration, will continue trying others.
Current configuration: EmptyDependencyInjectionTirConfiguration
Exception: {"__type":"com.diffblue.cover.message.environment.TemporaryFilesCreatedButNotDeletedMessage","serializableCause":null,"temporaryFiles":["file:///tmp/test.txt"]}
10:21:37.434 [DEBUG]  [Creating]    [pool-3-thread-1]   [com.diffblue.cover.m.a.b] in processAnalysisResult for com.paritytrading.parity.file.taq.TAQWriter.getBuffer:()Ljava/lang/StringBuffer;, com.paritytrading.parity.file.taq.TAQWriter.getConfig:()Lcom/paritytrading/parity/file/taq/TAQConfig;, com.paritytrading.parity.file.taq.TAQWriter.getPosition:()Ljava/text/FieldPosition;, com.paritytrading.parity.file.taq.TAQWriter.getSink:()Ljava/io/PrintWriter;
10:21:37.442 [INFO]   [Creating]    [pool-3-thread-1]   [com.diffblue.cover.ui.b.b]     [13/24] com.paritytrading.parity.file.taq.TAQWriter.getBuffer
10:21:37.442 [INFO]   [Creating]    [pool-3-thread-1]   [com.diffblue.cover.ui.b.b]     [14/24] com.paritytrading.parity.file.taq.TAQWriter.getConfig
10:21:37.442 [INFO]   [Creating]    [pool-3-thread-1]   [com.diffblue.cover.ui.b.b]     [15/24] com.paritytrading.parity.file.taq.TAQWriter.getPosition
10:21:37.442 [INFO]   [Creating]    [pool-3-thread-1]   [com.diffblue.cover.ui.b.b]     [16/24] com.paritytrading.parity.file.taq.TAQWriter.getSink
10:21:37.442 [INFO]   [Creating]    [pool-3-thread-1]   [com.diffblue.cover.ui.b.b]     [16/24]   R020: Temporary files were created but not deleted
10:21:37.442 [DEBUG]  [Creating]    [pool-3-thread-1]   [com.diffblue.cover.ui.b.b]     [16/24]   (at least 1 line uncovered in this method)
10:21:37.442 [INFO]   [Creating]    [pool-3-thread-1]   [com.diffblue.cover.ui.b.b]     [16/24]     The method under test created the following temporary files without deleting
10:21:37.442 [INFO]   [Creating]    [pool-3-thread-1]   [com.diffblue.cover.ui.b.b]     [16/24]     them:
10:21:37.442 [INFO]   [Creating]    [pool-3-thread-1]   [com.diffblue.cover.ui.b.b]     [16/24]     - '/tmp/test.txt'
10:21:37.442 [INFO]   [Creating]    [pool-3-thread-1]   [com.diffblue.cover.ui.b.b]     [16/24]     Please ensure that temporary files are deleted in the method under test.
10:21:37.442 [INFO]   [Creating]    [pool-3-thread-1]   [com.diffblue.cover.ui.b.b]     [16/24]     See https://diff.blue/R020
10:21:37.444 [DEBUG]  [Creating]    [analyzer-service:TimedExecutor-43][com.diffblue.fuzztest.g.e] 
================================================================================
= Creating tests for 'com.paritytrading.parity.file.taq.TAQWriter.<init>:(Ljava/io/File;)V' using 'SiM (!sp, fnm, df)'
================================================================================
10:21:37.445 [DEBUG]  [Creating]    [analyzer-service:TimedExecutor-43][com.diffblue.fuzztest.g.ap] Test file does not exist: /home/jbergqvist/diffblue/paritytrading-parity/libraries/file/src/test/java/com/paritytrading/parity/file/taq/TAQWriterDiffblueTest.java
10:21:37.445 [DEBUG]  [Creating]    [analyzer-service:TimedExecutor-43][com.diffblue.fuzztest.g.e] 
================================================================================
= Trying DI configuration EmptyDependencyInjectionTirConfiguration for com.paritytrading.parity.file.taq.TAQWriter.<init>:(Ljava/io/File;)V
================================================================================
10:21:37.446 [DEBUG]  [Creating]    [analyzer-service:TimedExecutor-43][com.diffblue.cover.j.b] Mockito inline mock maker not loaded
10:21:37.509 [DEBUG]  [Creating]    [analyzer-service:TimedExecutor-43][com.diffblue.fuzztest.b.f] Refinement loop done: 1 seeds, 1+0 new+accumulated tests, 0+1 tests+partial tests, 40/1000 its
10:21:37.529 [DEBUG]  [Creating]    [analyzer-service:TimedExecutor-43][com.diffblue.cover.j.b] Mockito inline mock maker not loaded
10:21:37.544 [DEBUG]  [Creating]    [analyzer-service:TimedExecutor-43][com.diffblue.fuzztest.g.e] DI configuration 'com.diffblue.tir.p' generated no complete tests, trying another
10:21:37.545 [DEBUG]  [Creating]    [analyzer-service:TimedExecutor-43][com.diffblue.fuzztest.g.e] Incompleteness reason 'com.diffblue.cover.message.environment.TemporaryFilesCreatedButNotDeletedMessage' (cause: 'none')
10:21:37.545 [DEBUG]  [Creating]    [analyzer-service:TimedExecutor-43][com.diffblue.fuzztest.g.e] Enabling descriptive test naming
10:21:37.548 [DEBUG]  [Creating]    [analyzer-service:TimedExecutor-44][com.diffblue.fuzztest.g.e] 
================================================================================
= Creating tests for 'com.paritytrading.parity.file.taq.TAQWriter.<init>:(Ljava/io/File;)V' using 'SiM (!sp, !fnm, df)'
================================================================================
10:21:37.549 [DEBUG]  [Creating]    [analyzer-service:TimedExecutor-44][com.diffblue.fuzztest.g.ap] Test file does not exist: /home/jbergqvist/diffblue/paritytrading-parity/libraries/file/src/test/java/com/paritytrading/parity/file/taq/TAQWriterDiffblueTest.java
10:21:37.549 [DEBUG]  [Creating]    [analyzer-service:TimedExecutor-44][com.diffblue.fuzztest.g.e] 
================================================================================
= Trying DI configuration EmptyDependencyInjectionTirConfiguration for com.paritytrading.parity.file.taq.TAQWriter.<init>:(Ljava/io/File;)V
================================================================================
10:21:37.550 [DEBUG]  [Creating]    [analyzer-service:TimedExecutor-44][com.diffblue.cover.j.b] Mockito inline mock maker not loaded
10:21:37.594 [DEBUG]  [Creating]    [analyzer-service:TimedExecutor-44][com.diffblue.fuzztest.b.f] Refinement loop done: 1 seeds, 1+0 new+accumulated tests, 0+1 tests+partial tests, 40/1000 its
10:21:37.611 [DEBUG]  [Creating]    [analyzer-service:TimedExecutor-44][com.diffblue.cover.j.b] Mockito inline mock maker not loaded
10:21:37.623 [DEBUG]  [Creating]    [analyzer-service:TimedExecutor-44][com.diffblue.fuzztest.g.e] DI configuration 'com.diffblue.tir.p' generated no complete tests, trying another
10:21:37.623 [DEBUG]  [Creating]    [analyzer-service:TimedExecutor-44][com.diffblue.fuzztest.g.e] Incompleteness reason 'com.diffblue.cover.message.environment.TemporaryFilesCreatedButNotDeletedMessage' (cause: 'none')
10:21:37.623 [DEBUG]  [Creating]    [analyzer-service:TimedExecutor-44][com.diffblue.fuzztest.g.e] Enabling descriptive test naming
10:21:37.626 [DEBUG]  [Creating]    [analyzer-service:grpc-default-executor-0][com.diffblue.fuzztest.g.o] All 2 subs either threw or created only partial tests; returning the 1 partial tests created by 'SiM (!sp, fnm, df)'
10:21:37.626 [DEBUG]  [Creating]    [analyzer-service:grpc-default-executor-0][com.diffblue.fuzztest.e.c] Created 1 partial tests via 'SiM (!sp, fnm, df)' , here is the last one:
10:21:37.660 [DEBUG]  [Creating]    [analyzer-service:grpc-default-executor-0][com.diffblue.combiner.d.j] Using Javaparser to combine tests
10:21:38.474 [DEBUG]  [Creating]    [analyzer-service:grpc-default-executor-0][com.diffblue.fuzztest.e.c] == begin partial test ==
10:21:38.474 [DEBUG]  [Creating]    [analyzer-service:grpc-default-executor-0][com.diffblue.fuzztest.e.c] Test:
package com.paritytrading.parity.file.taq;

import com.diffblue.cover.annotations.ManagedByDiffblue;
import com.diffblue.cover.annotations.MethodsUnderTest;
import java.io.File;
import java.io.FileNotFoundException;
import java.nio.file.Paths;
import org.junit.jupiter.api.Disabled;
import org.junit.jupiter.api.DisplayName;
import org.junit.jupiter.api.Tag;
import org.junit.jupiter.api.Test;

class TAQWriterDiffblueTest {
  /**
   * Test {@link TAQWriter#TAQWriter(File)}.
   *
   * <p>Method under test: {@link TAQWriter#TAQWriter(File)}
   */
  @Test
  @DisplayName("Test new TAQWriter(File)")
  @Disabled("TODO: Complete this test")
  @Tag("ContributionFromDiffblue")
  @ManagedByDiffblue
  @MethodsUnderTest({"void TAQWriter.<init>(File)"})
  void testNewTAQWriter() throws FileNotFoundException {
    // TODO: Diffblue Cover was only able to create a partial test for this method:
    //   Reason: Temporary files were created but not deleted.
    //   The method under test created the following temporary files without deleting
    //   them:
    //   - '/tmp/test.txt'
    //   Please ensure that temporary files are deleted in the method under test.
    //   See https://diff.blue/R020

    // Arrange, Act and Assert
    new TAQWriter(Paths.get(System.getProperty("java.io.tmpdir"), "test.txt").toFile());
  }
}

10:21:38.474 [DEBUG]  [Creating]    [analyzer-service:grpc-default-executor-0][com.diffblue.fuzztest.e.c] == end partial test ==
10:21:38.479 [DEBUG]  [Creating]    [analyzer-service:grpc-default-executor-0][com.diffblue.cover.service.analyzer.a.c] Watchdog reset
10:21:38.483 [DEBUG]  [Creating]    [pool-3-thread-1]   [com.diffblue.cover.m.a.b] in processAnalysisResult for com.paritytrading.parity.file.taq.TAQWriter.<init>:(Ljava/io/File;)V
10:21:38.484 [DEBUG]  [Creating]    [analyzer-service:TimedExecutor-45][com.diffblue.fuzztest.g.e] 
================================================================================
= Creating tests for 'com.paritytrading.parity.file.taq.TAQWriter.<init>:(Ljava/io/File;Lcom/paritytrading/parity/file/taq/TAQConfig;)V' using 'SiM (!sp, fnm, df)'
================================================================================
10:21:38.486 [DEBUG]  [Creating]    [analyzer-service:TimedExecutor-45][com.diffblue.fuzztest.g.ap] Test file does not exist: /home/jbergqvist/diffblue/paritytrading-parity/libraries/file/src/test/java/com/paritytrading/parity/file/taq/TAQWriterDiffblueTest.java
10:21:38.486 [DEBUG]  [Creating]    [analyzer-service:TimedExecutor-45][com.diffblue.fuzztest.g.e] 
================================================================================
= Trying DI configuration EmptyDependencyInjectionTirConfiguration for com.paritytrading.parity.file.taq.TAQWriter.<init>:(Ljava/io/File;Lcom/paritytrading/parity/file/taq/TAQConfig;)V
================================================================================
10:21:38.487 [DEBUG]  [Creating]    [analyzer-service:TimedExecutor-45][com.diffblue.cover.j.b] Mockito inline mock maker not loaded
10:21:38.567 [DEBUG]  [Creating]    [analyzer-service:TimedExecutor-45][com.diffblue.fuzztest.b.f] Refinement loop done: 1 seeds, 1+0 new+accumulated tests, 0+1 tests+partial tests, 58/1000 its
10:21:38.581 [DEBUG]  [Creating]    [analyzer-service:TimedExecutor-45][com.diffblue.cover.j.b] Mockito inline mock maker not loaded
10:21:38.594 [DEBUG]  [Creating]    [analyzer-service:TimedExecutor-45][com.diffblue.fuzztest.g.e] DI configuration 'com.diffblue.tir.p' generated no complete tests, trying another
10:21:38.594 [DEBUG]  [Creating]    [analyzer-service:TimedExecutor-45][com.diffblue.fuzztest.g.e] Incompleteness reason 'com.diffblue.cover.message.environment.TemporaryFilesCreatedButNotDeletedMessage' (cause: 'none')
10:21:38.594 [DEBUG]  [Creating]    [analyzer-service:TimedExecutor-45][com.diffblue.fuzztest.g.e] Enabling descriptive test naming
10:21:38.596 [DEBUG]  [Creating]    [analyzer-service:TimedExecutor-46][com.diffblue.fuzztest.g.e] 
================================================================================
= Creating tests for 'com.paritytrading.parity.file.taq.TAQWriter.<init>:(Ljava/io/File;Lcom/paritytrading/parity/file/taq/TAQConfig;)V' using 'SiM (!sp, !fnm, df)'
================================================================================
10:21:38.597 [DEBUG]  [Creating]    [analyzer-service:TimedExecutor-46][com.diffblue.fuzztest.g.ap] Test file does not exist: /home/jbergqvist/diffblue/paritytrading-parity/libraries/file/src/test/java/com/paritytrading/parity/file/taq/TAQWriterDiffblueTest.java
10:21:38.597 [DEBUG]  [Creating]    [analyzer-service:TimedExecutor-46][com.diffblue.fuzztest.g.e] 
================================================================================
= Trying DI configuration EmptyDependencyInjectionTirConfiguration for com.paritytrading.parity.file.taq.TAQWriter.<init>:(Ljava/io/File;Lcom/paritytrading/parity/file/taq/TAQConfig;)V
================================================================================
10:21:38.598 [DEBUG]  [Creating]    [analyzer-service:TimedExecutor-46][com.diffblue.cover.j.b] Mockito inline mock maker not loaded
10:21:38.685 [DEBUG]  [Creating]    [analyzer-service:TimedExecutor-46][com.diffblue.fuzztest.b.f] Refinement loop done: 1 seeds, 1+0 new+accumulated tests, 0+1 tests+partial tests, 64/1000 its
10:21:38.701 [DEBUG]  [Creating]    [analyzer-service:TimedExecutor-46][com.diffblue.cover.j.b] Mockito inline mock maker not loaded
10:21:38.713 [DEBUG]  [Creating]    [analyzer-service:TimedExecutor-46][com.diffblue.fuzztest.g.e] DI configuration 'com.diffblue.tir.p' generated no complete tests, trying another
10:21:38.713 [DEBUG]  [Creating]    [analyzer-service:TimedExecutor-46][com.diffblue.fuzztest.g.e] Incompleteness reason 'com.diffblue.cover.message.environment.TemporaryFilesCreatedButNotDeletedMessage' (cause: 'none')
10:21:38.713 [DEBUG]  [Creating]    [analyzer-service:TimedExecutor-46][com.diffblue.fuzztest.g.e] Enabling descriptive test naming
10:21:38.714 [DEBUG]  [Creating]    [analyzer-service:grpc-default-executor-0][com.diffblue.fuzztest.g.o] All 2 subs either threw or created only partial tests; returning the 1 partial tests created by 'SiM (!sp, fnm, df)'
10:21:38.715 [DEBUG]  [Creating]    [analyzer-service:grpc-default-executor-0][com.diffblue.fuzztest.e.c] Created 1 partial tests via 'SiM (!sp, fnm, df)' , here is the last one:
10:21:38.726 [DEBUG]  [Creating]    [analyzer-service:grpc-default-executor-0][com.diffblue.combiner.d.j] Using Javaparser to combine tests
10:21:38.750 [DEBUG]  [Creating]    [analyzer-service:grpc-default-executor-0][com.diffblue.fuzztest.e.c] == begin partial test ==
10:21:38.750 [DEBUG]  [Creating]    [analyzer-service:grpc-default-executor-0][com.diffblue.fuzztest.e.c] Test:
package com.paritytrading.parity.file.taq;

import com.diffblue.cover.annotations.ManagedByDiffblue;
import com.diffblue.cover.annotations.MethodsUnderTest;
import java.io.File;
import java.io.FileNotFoundException;
import java.nio.file.Paths;
import org.junit.jupiter.api.Disabled;
import org.junit.jupiter.api.DisplayName;
import org.junit.jupiter.api.Tag;
import org.junit.jupiter.api.Test;

class TAQWriterDiffblueTest {
  /**
   * Test {@link TAQWriter#TAQWriter(File, TAQConfig)}.
   *
   * <p>Method under test: {@link TAQWriter#TAQWriter(File, TAQConfig)}
   */
  @Test
  @DisplayName("Test new TAQWriter(File, TAQConfig)")
  @Disabled("TODO: Complete this test")
  @Tag("ContributionFromDiffblue")
  @ManagedByDiffblue
  @MethodsUnderTest({"void TAQWriter.<init>(File, TAQConfig)"})
  void testNewTAQWriter() throws FileNotFoundException {
    // TODO: Diffblue Cover was only able to create a partial test for this method:
    //   Reason: Temporary files were created but not deleted.
    //   The method under test created the following temporary files without deleting
    //   them:
    //   - '/tmp/test.txt'
    //   Please ensure that temporary files are deleted in the method under test.
    //   See https://diff.blue/R020

    // Arrange, Act and Assert
    new TAQWriter(
        Paths.get(System.getProperty("java.io.tmpdir"), "test.txt").toFile(), TAQConfig.DEFAULTS);
  }
}

10:21:38.750 [DEBUG]  [Creating]    [analyzer-service:grpc-default-executor-0][com.diffblue.fuzztest.e.c] == end partial test ==
10:21:38.757 [DEBUG]  [Creating]    [pool-3-thread-1]   [com.diffblue.cover.m.a.b] in processAnalysisResult for com.paritytrading.parity.file.taq.TAQWriter.<init>:(Ljava/io/File;Lcom/paritytrading/parity/file/taq/TAQConfig;)V
10:21:38.757 [DEBUG]  [Creating]    [pool-3-thread-1]   [com.diffblue.cover.r.d] Finished with MethodGroup: <init>, countOfTests: 0, countOfMethodsTested: 0 TestGenerationAccount: a[countOfRemoved=0, countOfUnchanged=0, countOfUpdated=0, countOfNew=11]
10:21:38.759 [INFO]   [Creating]    [pool-3-thread-1]   [com.diffblue.cover.ui.b.b]     [17/24] com.paritytrading.parity.file.taq.TAQWriter.<init>
10:21:38.759 [INFO]   [Creating]    [pool-3-thread-1]   [com.diffblue.cover.ui.b.b]     [17/24]   R020: Temporary files were created but not deleted
10:21:38.759 [DEBUG]  [Creating]    [pool-3-thread-1]   [com.diffblue.cover.ui.b.b]     [17/24]   (at least 2 lines uncovered in this method)
10:21:38.759 [INFO]   [Creating]    [pool-3-thread-1]   [com.diffblue.cover.ui.b.b]     [17/24]     The method under test created the following temporary files without deleting
10:21:38.759 [INFO]   [Creating]    [pool-3-thread-1]   [com.diffblue.cover.ui.b.b]     [17/24]     them:
10:21:38.759 [INFO]   [Creating]    [pool-3-thread-1]   [com.diffblue.cover.ui.b.b]     [17/24]     - '/tmp/test.txt'
10:21:38.759 [INFO]   [Creating]    [pool-3-thread-1]   [com.diffblue.cover.ui.b.b]     [17/24]     Please ensure that temporary files are deleted in the method under test.
10:21:38.759 [INFO]   [Creating]    [pool-3-thread-1]   [com.diffblue.cover.ui.b.b]     [17/24]     See https://diff.blue/R020
10:21:38.761 [DEBUG]  [Creating]    [analyzer-service:TimedExecutor-47][com.diffblue.fuzztest.g.e] 
================================================================================
= Creating tests for 'com.paritytrading.parity.file.taq.TAQWriter.<init>:(Ljava/io/OutputStream;)V' using 'SiM (!sp, fnm, df)'
================================================================================
10:21:38.762 [DEBUG]  [Creating]    [analyzer-service:TimedExecutor-47][com.diffblue.fuzztest.g.ap] Test file does not exist: /home/jbergqvist/diffblue/paritytrading-parity/libraries/file/src/test/java/com/paritytrading/parity/file/taq/TAQWriterDiffblueTest.java
10:21:38.763 [DEBUG]  [Creating]    [analyzer-service:TimedExecutor-47][com.diffblue.fuzztest.g.e] 
================================================================================
= Trying DI configuration EmptyDependencyInjectionTirConfiguration for com.paritytrading.parity.file.taq.TAQWriter.<init>:(Ljava/io/OutputStream;)V
================================================================================
10:21:38.763 [DEBUG]  [Creating]    [analyzer-service:TimedExecutor-47][com.diffblue.cover.j.b] Mockito inline mock maker not loaded
10:21:39.272 [DEBUG]  [Creating]    [analyzer-service:TimedExecutor-47][com.diffblue.fuzztest.b.f] Refinement loop done: 1 seeds, 1+0 new+accumulated tests, 1+0 tests+partial tests, 334/1000 its
10:21:39.315 [DEBUG]  [Creating]    [analyzer-service:TimedExecutor-47][com.diffblue.fuzztest.g.e] DI configuration 'com.diffblue.tir.p' generated tests: 1
10:21:39.315 [DEBUG]  [Creating]    [analyzer-service:TimedExecutor-47][com.diffblue.fuzztest.g.e] Enabling descriptive test naming
10:21:39.316 [DEBUG]  [Creating]    [analyzer-service:grpc-default-executor-0][com.diffblue.fuzztest.e.c] Created 1+0 tests and partial tests via 'SiM (!sp, fnm, df)' SiM fallback 1/2, returning all 1
10:21:39.336 [DEBUG]  [Creating]    [pool-3-thread-1]   [com.diffblue.cover.m.a.b] in processAnalysisResult for com.paritytrading.parity.file.taq.TAQWriter.<init>:(Ljava/io/OutputStream;)V
10:21:39.337 [DEBUG]  [Creating]    [pool-3-thread-1]   [com.diffblue.cover.r.d] Finished with MethodGroup: <init>, countOfTests: 0, countOfMethodsTested: 0 TestGenerationAccount: a[countOfRemoved=0, countOfUnchanged=0, countOfUpdated=0, countOfNew=11]
10:21:39.339 [INFO]   [Creating]    [pool-3-thread-1]   [com.diffblue.cover.ui.b.b]     [18/24] com.paritytrading.parity.file.taq.TAQWriter.<init>
10:21:39.339 [INFO]   [Creating]    [pool-3-thread-1]   [com.diffblue.cover.ui.b.b]     [18/24]   R020: Temporary files were created but not deleted
10:21:39.339 [DEBUG]  [Creating]    [pool-3-thread-1]   [com.diffblue.cover.ui.b.b]     [18/24]   (at least 2 lines uncovered in this method)
10:21:39.339 [INFO]   [Creating]    [pool-3-thread-1]   [com.diffblue.cover.ui.b.b]     [18/24]     The method under test created the following temporary files without deleting
10:21:39.339 [INFO]   [Creating]    [pool-3-thread-1]   [com.diffblue.cover.ui.b.b]     [18/24]     them:
10:21:39.339 [INFO]   [Creating]    [pool-3-thread-1]   [com.diffblue.cover.ui.b.b]     [18/24]     - '/tmp/test.txt'
10:21:39.339 [INFO]   [Creating]    [pool-3-thread-1]   [com.diffblue.cover.ui.b.b]     [18/24]     Please ensure that temporary files are deleted in the method under test.
10:21:39.339 [INFO]   [Creating]    [pool-3-thread-1]   [com.diffblue.cover.ui.b.b]     [18/24]     See https://diff.blue/R020
10:21:39.339 [DEBUG]  [Creating]    [pool-3-thread-1]   [com.diffblue.combiner.d.j] Using Javaparser to combine tests
10:21:39.386 [DEBUG]  [Creating]    [pool-6-thread-12]  [com.diffblue.cover.l.a.c] EdgeCoverageRuntime contains 20 edges
10:21:39.387 [DEBUG]  [Creating]    [pool-3-thread-1]   [com.diffblue.combiner.a.c] Adding changeSet to account as new: Optional[com.paritytrading.parity.file.taq.TAQWriter.<init>:(Ljava/io/OutputStream;)V]
10:21:39.417 [DEBUG]  [Creating]    [analyzer-service:TimedExecutor-48][com.diffblue.fuzztest.g.e] 
================================================================================
= Creating tests for 'com.paritytrading.parity.file.taq.TAQWriter.<init>:(Ljava/io/OutputStream;Lcom/paritytrading/parity/file/taq/TAQConfig;)V' using 'SiM (!sp, fnm, df)'
================================================================================
10:21:39.421 [DEBUG]  [Creating]    [analyzer-service:TimedExecutor-48][com.diffblue.fuzztest.g.ap] Parsed existing test class at /home/jbergqvist/diffblue/paritytrading-parity/libraries/file/src/test/java/com/paritytrading/parity/file/taq/TAQWriterDiffblueTest.java: found 0 annotations
10:21:39.421 [DEBUG]  [Creating]    [analyzer-service:TimedExecutor-48][com.diffblue.fuzztest.g.e] 
================================================================================
= Trying DI configuration EmptyDependencyInjectionTirConfiguration for com.paritytrading.parity.file.taq.TAQWriter.<init>:(Ljava/io/OutputStream;Lcom/paritytrading/parity/file/taq/TAQConfig;)V
================================================================================
10:21:39.422 [DEBUG]  [Creating]    [analyzer-service:TimedExecutor-48][com.diffblue.cover.j.b] Mockito inline mock maker not loaded
10:21:40.023 [DEBUG]  [Creating]    [analyzer-service:TimedExecutor-48][com.diffblue.fuzztest.b.f] Refinement loop done: 1 seeds, 1+0 new+accumulated tests, 1+0 tests+partial tests, 436/1000 its
10:21:40.076 [DEBUG]  [Creating]    [analyzer-service:TimedExecutor-48][com.diffblue.fuzztest.g.e] DI configuration 'com.diffblue.tir.p' generated tests: 1
10:21:40.076 [DEBUG]  [Creating]    [analyzer-service:TimedExecutor-48][com.diffblue.fuzztest.g.e] Enabling descriptive test naming
10:21:40.078 [DEBUG]  [Creating]    [analyzer-service:grpc-default-executor-0][com.diffblue.fuzztest.e.c] Created 1+0 tests and partial tests via 'SiM (!sp, fnm, df)' SiM fallback 1/2, returning all 1
10:21:40.099 [DEBUG]  [Creating]    [pool-3-thread-1]   [com.diffblue.cover.m.a.b] in processAnalysisResult for com.paritytrading.parity.file.taq.TAQWriter.<init>:(Ljava/io/OutputStream;Lcom/paritytrading/parity/file/taq/TAQConfig;)V
10:21:40.099 [DEBUG]  [Creating]    [pool-3-thread-1]   [com.diffblue.cover.r.d] Finished with MethodGroup: <init>, countOfTests: 1, countOfMethodsTested: 1 TestGenerationAccount: a[countOfRemoved=0, countOfUnchanged=0, countOfUpdated=0, countOfNew=12]
10:21:40.099 [INFO]   [Creating]    [pool-3-thread-1]   [com.diffblue.cover.ui.b.b]     [19/24] com.paritytrading.parity.file.taq.TAQWriter.<init>
10:21:40.100 [INFO]   [Creating]    [pool-3-thread-1]   [com.diffblue.cover.ui.b.b]     [19/24]   Tests created: 1
10:21:40.100 [DEBUG]  [Creating]    [pool-3-thread-1]   [com.diffblue.combiner.d.j] Using Javaparser to combine tests
10:21:40.130 [DEBUG]  [Creating]    [pool-6-thread-13]  [com.diffblue.cover.l.a.c] EdgeCoverageRuntime contains 21 edges
10:21:40.130 [DEBUG]  [Creating]    [pool-3-thread-1]   [com.diffblue.combiner.a.c] Adding changeSet to account as new: Optional[com.paritytrading.parity.file.taq.TAQWriter.<init>:(Ljava/io/OutputStream;Lcom/paritytrading/parity/file/taq/TAQConfig;)V]
10:21:40.171 [DEBUG]  [Creating]    [analyzer-service:TimedExecutor-49][com.diffblue.fuzztest.g.e] 
================================================================================
= Creating tests for 'com.paritytrading.parity.file.taq.TAQWriter.close:()V' using 'SiM (!sp, fnm, df)'
================================================================================
10:21:40.175 [DEBUG]  [Creating]    [analyzer-service:TimedExecutor-49][com.diffblue.fuzztest.g.ap] Parsed existing test class at /home/jbergqvist/diffblue/paritytrading-parity/libraries/file/src/test/java/com/paritytrading/parity/file/taq/TAQWriterDiffblueTest.java: found 0 annotations
10:21:40.175 [DEBUG]  [Creating]    [analyzer-service:TimedExecutor-49][com.diffblue.fuzztest.g.e] 
================================================================================
= Trying DI configuration EmptyDependencyInjectionTirConfiguration for com.paritytrading.parity.file.taq.TAQWriter.close:()V
================================================================================
10:21:40.176 [DEBUG]  [Creating]    [analyzer-service:TimedExecutor-49][com.diffblue.cover.j.b] Mockito inline mock maker not loaded
10:21:40.204 [DEBUG]  [Creating]    [analyzer-service:TimedExecutor-49][com.diffblue.fuzztest.b.f] Refinement loop done: 1 seeds, 1+0 new+accumulated tests, 1+0 tests+partial tests, 4/1000 its
10:21:40.231 [DEBUG]  [Creating]    [analyzer-service:TimedExecutor-49][com.diffblue.cover.j.b] Mockito inline mock maker not loaded
10:21:40.246 [DEBUG]  [Creating]    [analyzer-service:TimedExecutor-49][com.diffblue.fuzztest.g.e] DI configuration 'com.diffblue.tir.p' generated no complete tests, trying another
10:21:40.246 [DEBUG]  [Creating]    [analyzer-service:TimedExecutor-49][com.diffblue.fuzztest.g.e] Incompleteness reason 'com.diffblue.cover.message.limitation.NoMeaningfulAssertionMessage' (cause: 'none')
10:21:40.246 [DEBUG]  [Creating]    [analyzer-service:TimedExecutor-49][com.diffblue.fuzztest.g.e] Enabling descriptive test naming
10:21:40.247 [DEBUG]  [Creating]    [analyzer-service:TimedExecutor-50][com.diffblue.fuzztest.g.e] 
================================================================================
= Creating tests for 'com.paritytrading.parity.file.taq.TAQWriter.close:()V' using 'SiM (!sp, !fnm, df)'
================================================================================
10:21:40.252 [DEBUG]  [Creating]    [analyzer-service:TimedExecutor-50][com.diffblue.fuzztest.g.ap] Parsed existing test class at /home/jbergqvist/diffblue/paritytrading-parity/libraries/file/src/test/java/com/paritytrading/parity/file/taq/TAQWriterDiffblueTest.java: found 0 annotations
10:21:40.252 [DEBUG]  [Creating]    [analyzer-service:TimedExecutor-50][com.diffblue.fuzztest.g.e] 
================================================================================
= Trying DI configuration EmptyDependencyInjectionTirConfiguration for com.paritytrading.parity.file.taq.TAQWriter.close:()V
================================================================================
10:21:40.252 [DEBUG]  [Creating]    [analyzer-service:TimedExecutor-50][com.diffblue.cover.j.b] Mockito inline mock maker not loaded
10:21:40.276 [DEBUG]  [Creating]    [analyzer-service:TimedExecutor-50][com.diffblue.fuzztest.b.f] Refinement loop done: 1 seeds, 1+0 new+accumulated tests, 1+0 tests+partial tests, 4/1000 its
10:21:40.291 [DEBUG]  [Creating]    [analyzer-service:TimedExecutor-50][com.diffblue.cover.j.b] Mockito inline mock maker not loaded
10:21:40.308 [DEBUG]  [Creating]    [analyzer-service:TimedExecutor-50][com.diffblue.fuzztest.g.e] DI configuration 'com.diffblue.tir.p' generated no complete tests, trying another
10:21:40.308 [DEBUG]  [Creating]    [analyzer-service:TimedExecutor-50][com.diffblue.fuzztest.g.e] Incompleteness reason 'com.diffblue.cover.message.limitation.NoMeaningfulAssertionMessage' (cause: 'none')
10:21:40.308 [DEBUG]  [Creating]    [analyzer-service:TimedExecutor-50][com.diffblue.fuzztest.g.e] Enabling descriptive test naming
10:21:40.309 [DEBUG]  [Creating]    [analyzer-service:grpc-default-executor-0][com.diffblue.fuzztest.g.o] All 2 subs either threw or created only partial tests; returning the 1 partial tests created by 'SiM (!sp, fnm, df)'
10:21:40.310 [DEBUG]  [Creating]    [analyzer-service:grpc-default-executor-0][com.diffblue.fuzztest.e.c] Created 1 partial tests via 'SiM (!sp, fnm, df)' , here is the last one:
10:21:40.323 [DEBUG]  [Creating]    [analyzer-service:grpc-default-executor-0][com.diffblue.combiner.d.j] Using Javaparser to combine tests
10:21:40.345 [DEBUG]  [Creating]    [analyzer-service:grpc-default-executor-0][com.diffblue.fuzztest.e.c] == begin partial test ==
10:21:40.345 [DEBUG]  [Creating]    [analyzer-service:grpc-default-executor-0][com.diffblue.fuzztest.e.c] Test:
package com.paritytrading.parity.file.taq;

import com.diffblue.cover.annotations.ManagedByDiffblue;
import com.diffblue.cover.annotations.MethodsUnderTest;
import org.junit.jupiter.api.DisplayName;
import org.junit.jupiter.api.Tag;
import org.junit.jupiter.api.Test;

class TAQWriterDiffblueTest {
  /**
   * Test {@link TAQWriter#close()}.
   *
   * <p>Method under test: {@link TAQWriter#close()}
   */
  @Test
  @DisplayName("Test close()")
  @Tag("ContributionFromDiffblue")
  @ManagedByDiffblue
  @MethodsUnderTest({"void TAQWriter.close()"})
  void testClose() {
    // TODO: Diffblue Cover was only able to create a partial test for this method:
    //   Diffblue AI was unable to find a test

    // Arrange
    try (TAQWriter createTAQWriterWithConfigResult =
        TAQWriterFactory.createTAQWriterWithConfig()) {}
  }
}

10:21:40.345 [DEBUG]  [Creating]    [analyzer-service:grpc-default-executor-0][com.diffblue.fuzztest.e.c] == end partial test ==
10:21:40.353 [DEBUG]  [Creating]    [pool-3-thread-1]   [com.diffblue.cover.m.a.b] in processAnalysisResult for com.paritytrading.parity.file.taq.TAQWriter.close:()V
10:21:40.353 [DEBUG]  [Creating]    [pool-3-thread-1]   [com.diffblue.cover.r.d] Finished with MethodGroup: <init>, countOfTests: 1, countOfMethodsTested: 1 TestGenerationAccount: a[countOfRemoved=0, countOfUnchanged=0, countOfUpdated=0, countOfNew=13]
10:21:40.353 [INFO]   [Creating]    [pool-3-thread-1]   [com.diffblue.cover.ui.b.b]     [20/24] com.paritytrading.parity.file.taq.TAQWriter.<init>
10:21:40.353 [INFO]   [Creating]    [pool-3-thread-1]   [com.diffblue.cover.ui.b.b]     [20/24]   Tests created: 1
10:21:40.355 [DEBUG]  [Creating]    [analyzer-service:TimedExecutor-51][com.diffblue.fuzztest.g.e] 
================================================================================
= Creating tests for 'com.paritytrading.parity.file.taq.TAQWriter.flush:()V' using 'SiM (!sp, fnm, df)'
================================================================================
10:21:40.358 [DEBUG]  [Creating]    [analyzer-service:TimedExecutor-51][com.diffblue.fuzztest.g.ap] Parsed existing test class at /home/jbergqvist/diffblue/paritytrading-parity/libraries/file/src/test/java/com/paritytrading/parity/file/taq/TAQWriterDiffblueTest.java: found 0 annotations
10:21:40.358 [DEBUG]  [Creating]    [analyzer-service:TimedExecutor-51][com.diffblue.fuzztest.g.e] 
================================================================================
= Trying DI configuration EmptyDependencyInjectionTirConfiguration for com.paritytrading.parity.file.taq.TAQWriter.flush:()V
================================================================================
10:21:40.359 [DEBUG]  [Creating]    [analyzer-service:TimedExecutor-51][com.diffblue.cover.j.b] Mockito inline mock maker not loaded
10:21:40.381 [DEBUG]  [Creating]    [analyzer-service:TimedExecutor-51][com.diffblue.fuzztest.b.f] Refinement loop done: 1 seeds, 1+0 new+accumulated tests, 1+0 tests+partial tests, 4/1000 its
10:21:40.397 [DEBUG]  [Creating]    [analyzer-service:TimedExecutor-51][com.diffblue.cover.j.b] Mockito inline mock maker not loaded
10:21:40.410 [DEBUG]  [Creating]    [analyzer-service:TimedExecutor-51][com.diffblue.fuzztest.g.e] DI configuration 'com.diffblue.tir.p' generated no complete tests, trying another
10:21:40.410 [DEBUG]  [Creating]    [analyzer-service:TimedExecutor-51][com.diffblue.fuzztest.g.e] Incompleteness reason 'com.diffblue.cover.message.limitation.NoMeaningfulAssertionMessage' (cause: 'none')
10:21:40.410 [DEBUG]  [Creating]    [analyzer-service:TimedExecutor-51][com.diffblue.fuzztest.g.e] Enabling descriptive test naming
10:21:40.412 [DEBUG]  [Creating]    [analyzer-service:TimedExecutor-52][com.diffblue.fuzztest.g.e] 
================================================================================
= Creating tests for 'com.paritytrading.parity.file.taq.TAQWriter.flush:()V' using 'SiM (!sp, !fnm, df)'
================================================================================
10:21:40.415 [DEBUG]  [Creating]    [analyzer-service:TimedExecutor-52][com.diffblue.fuzztest.g.ap] Parsed existing test class at /home/jbergqvist/diffblue/paritytrading-parity/libraries/file/src/test/java/com/paritytrading/parity/file/taq/TAQWriterDiffblueTest.java: found 0 annotations
10:21:40.415 [DEBUG]  [Creating]    [analyzer-service:TimedExecutor-52][com.diffblue.fuzztest.g.e] 
================================================================================
= Trying DI configuration EmptyDependencyInjectionTirConfiguration for com.paritytrading.parity.file.taq.TAQWriter.flush:()V
================================================================================
10:21:40.415 [DEBUG]  [Creating]    [analyzer-service:TimedExecutor-52][com.diffblue.cover.j.b] Mockito inline mock maker not loaded
10:21:40.438 [DEBUG]  [Creating]    [analyzer-service:TimedExecutor-52][com.diffblue.fuzztest.b.f] Refinement loop done: 1 seeds, 1+0 new+accumulated tests, 1+0 tests+partial tests, 4/1000 its
10:21:40.454 [DEBUG]  [Creating]    [analyzer-service:TimedExecutor-52][com.diffblue.cover.j.b] Mockito inline mock maker not loaded
10:21:40.467 [DEBUG]  [Creating]    [analyzer-service:TimedExecutor-52][com.diffblue.fuzztest.g.e] DI configuration 'com.diffblue.tir.p' generated no complete tests, trying another
10:21:40.467 [DEBUG]  [Creating]    [analyzer-service:TimedExecutor-52][com.diffblue.fuzztest.g.e] Incompleteness reason 'com.diffblue.cover.message.limitation.NoMeaningfulAssertionMessage' (cause: 'none')
10:21:40.467 [DEBUG]  [Creating]    [analyzer-service:TimedExecutor-52][com.diffblue.fuzztest.g.e] Enabling descriptive test naming
10:21:40.468 [DEBUG]  [Creating]    [analyzer-service:grpc-default-executor-0][com.diffblue.fuzztest.g.o] All 2 subs either threw or created only partial tests; returning the 1 partial tests created by 'SiM (!sp, fnm, df)'
10:21:40.468 [DEBUG]  [Creating]    [analyzer-service:grpc-default-executor-0][com.diffblue.fuzztest.e.c] Created 1 partial tests via 'SiM (!sp, fnm, df)' , here is the last one:
10:21:40.475 [DEBUG]  [Creating]    [analyzer-service:grpc-default-executor-0][com.diffblue.combiner.d.j] Using Javaparser to combine tests
10:21:40.485 [DEBUG]  [Creating]    [analyzer-service:grpc-default-executor-0][com.diffblue.fuzztest.e.c] == begin partial test ==
10:21:40.485 [DEBUG]  [Creating]    [analyzer-service:grpc-default-executor-0][com.diffblue.fuzztest.e.c] Test:
package com.paritytrading.parity.file.taq;

import com.diffblue.cover.annotations.ManagedByDiffblue;
import com.diffblue.cover.annotations.MethodsUnderTest;
import org.junit.jupiter.api.DisplayName;
import org.junit.jupiter.api.Tag;
import org.junit.jupiter.api.Test;

class TAQWriterDiffblueTest {
  /**
   * Test {@link TAQWriter#flush()}.
   *
   * <p>Method under test: {@link TAQWriter#flush()}
   */
  @Test
  @DisplayName("Test flush()")
  @Tag("ContributionFromDiffblue")
  @ManagedByDiffblue
  @MethodsUnderTest({"void TAQWriter.flush()"})
  void testFlush() {
    // TODO: Diffblue Cover was only able to create a partial test for this method:
    //   Diffblue AI was unable to find a test

    // Arrange, Act and Assert
    TAQWriterFactory.createTAQWriterWithConfig().flush();
  }
}

10:21:40.485 [DEBUG]  [Creating]    [analyzer-service:grpc-default-executor-0][com.diffblue.fuzztest.e.c] == end partial test ==
10:21:40.492 [DEBUG]  [Creating]    [pool-3-thread-1]   [com.diffblue.cover.m.a.b] in processAnalysisResult for com.paritytrading.parity.file.taq.TAQWriter.flush:()V
10:21:40.492 [DEBUG]  [Creating]    [pool-3-thread-1]   [com.diffblue.cover.r.d] Finished with MethodGroup: close, countOfTests: 0, countOfMethodsTested: 0 TestGenerationAccount: a[countOfRemoved=0, countOfUnchanged=0, countOfUpdated=0, countOfNew=13]
10:21:40.493 [INFO]   [Creating]    [pool-3-thread-1]   [com.diffblue.cover.ui.b.b]     [21/24] com.paritytrading.parity.file.taq.TAQWriter.close
10:21:40.493 [INFO]   [Creating]    [pool-3-thread-1]   [com.diffblue.cover.ui.b.b]     [21/24]   Diffblue AI was unable to find a test
10:21:40.493 [DEBUG]  [Creating]    [pool-3-thread-1]   [com.diffblue.cover.ui.b.b]     [21/24]   R004: No meaningful assertions found
10:21:40.493 [DEBUG]  [Creating]    [pool-3-thread-1]   [com.diffblue.cover.ui.b.b]     [21/24]   (at least 2 lines uncovered in this method)
10:21:40.493 [DEBUG]  [Creating]    [pool-3-thread-1]   [com.diffblue.cover.ui.b.b]     [21/24]     Diffblue Cover was unable to create an assertion.
10:21:40.493 [DEBUG]  [Creating]    [pool-3-thread-1]   [com.diffblue.cover.ui.b.b]     [21/24]     Fields modified by close() might not
10:21:40.493 [DEBUG]  [Creating]    [pool-3-thread-1]   [com.diffblue.cover.ui.b.b]     [21/24]     have package-private, protected, or public getters.
10:21:40.495 [DEBUG]  [Creating]    [analyzer-service:TimedExecutor-53][com.diffblue.fuzztest.g.e] 
================================================================================
= Creating tests for 'com.paritytrading.parity.file.taq.TAQWriter.write:(Lcom/paritytrading/parity/file/taq/TAQ$Quote;)V' using 'SiM (!sp, fnm, df)'
================================================================================
10:21:40.500 [DEBUG]  [Creating]    [analyzer-service:TimedExecutor-53][com.diffblue.fuzztest.g.ap] Parsed existing test class at /home/jbergqvist/diffblue/paritytrading-parity/libraries/file/src/test/java/com/paritytrading/parity/file/taq/TAQWriterDiffblueTest.java: found 0 annotations
10:21:40.500 [DEBUG]  [Creating]    [analyzer-service:TimedExecutor-53][com.diffblue.fuzztest.g.e] 
================================================================================
= Trying DI configuration EmptyDependencyInjectionTirConfiguration for com.paritytrading.parity.file.taq.TAQWriter.write:(Lcom/paritytrading/parity/file/taq/TAQ$Quote;)V
================================================================================
10:21:40.500 [DEBUG]  [Creating]    [analyzer-service:TimedExecutor-53][com.diffblue.cover.j.b] Mockito inline mock maker not loaded
10:21:41.476 [DEBUG]  [Creating]    [analyzer-service:TimedExecutor-53][com.diffblue.fuzztest.b.f] Refinement loop done: 5 seeds, 3+0 new+accumulated tests, 2+1 tests+partial tests, 549/1000 its
10:21:41.550 [DEBUG]  [Creating]    [analyzer-service:TimedExecutor-53][com.diffblue.cover.j.b] Mockito inline mock maker not loaded
10:21:41.562 [DEBUG]  [Creating]    [analyzer-service:TimedExecutor-53][com.diffblue.fuzztest.g.e] DI configuration 'com.diffblue.tir.p' generated tests: 3
10:21:41.562 [DEBUG]  [Creating]    [analyzer-service:TimedExecutor-53][com.diffblue.fuzztest.g.e] Enabling descriptive test naming
10:21:41.577 [DEBUG]  [Creating]    [analyzer-service:grpc-default-executor-0][com.diffblue.fuzztest.e.c] Created 2+0 tests and partial tests via 'SiM (!sp, fnm, df)' SiM fallback 1/2, returning all 2
10:21:41.617 [DEBUG]  [Creating]    [pool-3-thread-1]   [com.diffblue.cover.m.a.b] in processAnalysisResult for com.paritytrading.parity.file.taq.TAQWriter.write:(Lcom/paritytrading/parity/file/taq/TAQ$Quote;)V
10:21:41.617 [DEBUG]  [Creating]    [pool-3-thread-1]   [com.diffblue.cover.r.d] Finished with MethodGroup: flush, countOfTests: 0, countOfMethodsTested: 0 TestGenerationAccount: a[countOfRemoved=0, countOfUnchanged=0, countOfUpdated=0, countOfNew=13]
10:21:41.618 [INFO]   [Creating]    [pool-3-thread-1]   [com.diffblue.cover.ui.b.b]     [22/24] com.paritytrading.parity.file.taq.TAQWriter.flush
10:21:41.618 [INFO]   [Creating]    [pool-3-thread-1]   [com.diffblue.cover.ui.b.b]     [22/24]   Diffblue AI was unable to find a test
10:21:41.618 [DEBUG]  [Creating]    [pool-3-thread-1]   [com.diffblue.cover.ui.b.b]     [22/24]   R004: No meaningful assertions found
10:21:41.618 [DEBUG]  [Creating]    [pool-3-thread-1]   [com.diffblue.cover.ui.b.b]     [22/24]   (at least 2 lines uncovered in this method)
10:21:41.618 [DEBUG]  [Creating]    [pool-3-thread-1]   [com.diffblue.cover.ui.b.b]     [22/24]     Diffblue Cover was unable to create an assertion.
10:21:41.618 [DEBUG]  [Creating]    [pool-3-thread-1]   [com.diffblue.cover.ui.b.b]     [22/24]     Fields modified by flush() might not
10:21:41.618 [DEBUG]  [Creating]    [pool-3-thread-1]   [com.diffblue.cover.ui.b.b]     [22/24]     have package-private, protected, or public getters.
10:21:41.618 [DEBUG]  [Creating]    [pool-3-thread-1]   [com.diffblue.combiner.d.j] Using Javaparser to combine tests
10:21:41.646 [DEBUG]  [Creating]    [pool-6-thread-14]  [com.diffblue.cover.l.a.c] EdgeCoverageRuntime contains 11 edges
10:21:41.647 [DEBUG]  [Creating]    [pool-3-thread-1]   [com.diffblue.combiner.a.c] Adding changeSet to account as new: Optional[com.paritytrading.parity.file.taq.TAQWriter.write:(Lcom/paritytrading/parity/file/taq/TAQ$Quote;)V]
10:21:41.672 [DEBUG]  [Creating]    [pool-3-thread-1]   [com.diffblue.combiner.d.j] Using Javaparser to combine tests
10:21:41.705 [DEBUG]  [Creating]    [pool-6-thread-15]  [com.diffblue.cover.l.a.c] EdgeCoverageRuntime contains 11 edges
10:21:41.706 [DEBUG]  [Creating]    [pool-3-thread-1]   [com.diffblue.combiner.a.c] Adding changeSet to account as new: Optional[com.paritytrading.parity.file.taq.TAQWriter.write:(Lcom/paritytrading/parity/file/taq/TAQ$Quote;)V]
10:21:41.732 [DEBUG]  [Creating]    [analyzer-service:grpc-default-executor-0][com.diffblue.cover.service.analyzer.a.c] Watchdog reset
10:21:41.733 [DEBUG]  [Creating]    [analyzer-service:TimedExecutor-54][com.diffblue.fuzztest.g.e] 
================================================================================
= Creating tests for 'com.paritytrading.parity.file.taq.TAQWriter.write:(Lcom/paritytrading/parity/file/taq/TAQ$Trade;)V' using 'SiM (!sp, fnm, df)'
================================================================================
10:21:41.739 [DEBUG]  [Creating]    [analyzer-service:TimedExecutor-54][com.diffblue.fuzztest.g.ap] Parsed existing test class at /home/jbergqvist/diffblue/paritytrading-parity/libraries/file/src/test/java/com/paritytrading/parity/file/taq/TAQWriterDiffblueTest.java: found 0 annotations
10:21:41.739 [DEBUG]  [Creating]    [analyzer-service:TimedExecutor-54][com.diffblue.fuzztest.g.e] 
================================================================================
= Trying DI configuration EmptyDependencyInjectionTirConfiguration for com.paritytrading.parity.file.taq.TAQWriter.write:(Lcom/paritytrading/parity/file/taq/TAQ$Trade;)V
================================================================================
10:21:41.740 [DEBUG]  [Creating]    [analyzer-service:TimedExecutor-54][com.diffblue.cover.j.b] Mockito inline mock maker not loaded
10:21:42.433 [DEBUG]  [Creating]    [analyzer-service:TimedExecutor-54][com.diffblue.fuzztest.b.f] Refinement loop done: 2 seeds, 3+0 new+accumulated tests, 2+1 tests+partial tests, 547/1000 its
10:21:42.489 [DEBUG]  [Creating]    [analyzer-service:TimedExecutor-54][com.diffblue.cover.j.b] Mockito inline mock maker not loaded
10:21:42.502 [DEBUG]  [Creating]    [analyzer-service:TimedExecutor-54][com.diffblue.fuzztest.g.e] DI configuration 'com.diffblue.tir.p' generated tests: 3
10:21:42.503 [DEBUG]  [Creating]    [analyzer-service:TimedExecutor-54][com.diffblue.fuzztest.g.e] Enabling descriptive test naming
10:21:42.513 [DEBUG]  [Creating]    [analyzer-service:grpc-default-executor-0][com.diffblue.fuzztest.e.c] Created 2+0 tests and partial tests via 'SiM (!sp, fnm, df)' SiM fallback 1/2, returning all 2
10:21:42.556 [DEBUG]  [Creating]    [pool-3-thread-1]   [com.diffblue.cover.m.a.b] in processAnalysisResult for com.paritytrading.parity.file.taq.TAQWriter.write:(Lcom/paritytrading/parity/file/taq/TAQ$Trade;)V
10:21:42.556 [DEBUG]  [Creating]    [pool-3-thread-1]   [com.diffblue.cover.r.d] Finished with MethodGroup: write, countOfTests: 2, countOfMethodsTested: 1 TestGenerationAccount: a[countOfRemoved=0, countOfUnchanged=0, countOfUpdated=0, countOfNew=15]
10:21:42.556 [INFO]   [Creating]    [pool-3-thread-1]   [com.diffblue.cover.ui.b.b]     [23/24] com.paritytrading.parity.file.taq.TAQWriter.write
10:21:42.556 [INFO]   [Creating]    [pool-3-thread-1]   [com.diffblue.cover.ui.b.b]     [23/24]   Tests created: 2
10:21:42.556 [DEBUG]  [Creating]    [pool-3-thread-1]   [com.diffblue.combiner.d.j] Using Javaparser to combine tests
10:21:42.582 [DEBUG]  [Creating]    [pool-6-thread-16]  [com.diffblue.cover.l.a.c] EdgeCoverageRuntime contains 11 edges
10:21:42.582 [DEBUG]  [Creating]    [pool-3-thread-1]   [com.diffblue.combiner.a.c] Adding changeSet to account as new: Optional[com.paritytrading.parity.file.taq.TAQWriter.write:(Lcom/paritytrading/parity/file/taq/TAQ$Trade;)V]
10:21:42.611 [DEBUG]  [Creating]    [pool-3-thread-1]   [com.diffblue.combiner.d.j] Using Javaparser to combine tests
10:21:42.637 [DEBUG]  [Creating]    [pool-6-thread-17]  [com.diffblue.cover.l.a.c] EdgeCoverageRuntime contains 11 edges
10:21:42.637 [DEBUG]  [Creating]    [pool-3-thread-1]   [com.diffblue.combiner.a.c] Adding changeSet to account as new: Optional[com.paritytrading.parity.file.taq.TAQWriter.write:(Lcom/paritytrading/parity/file/taq/TAQ$Trade;)V]
10:21:42.667 [DEBUG]  [Creating]    [analyzer-service:grpc-default-executor-0][com.diffblue.cover.service.analyzer.a.c] Watchdog reset
10:21:42.668 [DEBUG]  [Creating]    [pool-3-thread-1]   [com.diffblue.cover.r.d] Finished with MethodGroup: write, countOfTests: 2, countOfMethodsTested: 1 TestGenerationAccount: a[countOfRemoved=0, countOfUnchanged=0, countOfUpdated=0, countOfNew=17]
10:21:42.668 [INFO]   [Creating]    [pool-3-thread-1]   [com.diffblue.cover.ui.b.b]     [24/24] com.paritytrading.parity.file.taq.TAQWriter.write
10:21:42.668 [INFO]   [Creating]    [pool-3-thread-1]   [com.diffblue.cover.ui.b.b]     [24/24]   Tests created: 2
10:21:42.670 [INFO]   [Creating]    [pool-3-thread-1]   [com.diffblue.cover.ui.b.b] [5/5] com.paritytrading.parity.file.taq.TAQWriter
10:21:42.670 [INFO]   [Creating]    [pool-3-thread-1]   [com.diffblue.cover.ui.b.b] [5/5]   Tests created: 6
10:21:42.670 [DEBUG]  [Creating]    [pool-3-thread-1]   [com.diffblue.cover.ui.b.b] [5/5]   (at least 12 lines uncovered in this class)
10:21:42.673 [DEBUG]  [Creating]    [pool-3-thread-1]   [com.diffblue.cover.r.d] Finished generation. TestGenerationAccount: a[countOfRemoved=0, countOfUnchanged=0, countOfUpdated=0, countOfNew=17]
10:21:42.677 [INFO]   [Reporting]   [pool-3-thread-1]   [com.diffblue.cover.ui.b.b] 
10:21:42.678 [INFO]   [Reporting]   [pool-3-thread-1]   [com.diffblue.cover.ui.b.b] Test creation summary for module: com.paritytrading.parity:parity-file
10:21:42.678 [INFO]   [Reporting]   [pool-3-thread-1]   [com.diffblue.cover.ui.b.b] ----------------------------------------------------------------------
10:21:42.678 [INFO]   [Reporting]   [pool-3-thread-1]   [com.diffblue.cover.ui.b.b] Total:                                              24 methods
10:21:42.678 [INFO]   [Reporting]   [pool-3-thread-1]   [com.diffblue.cover.ui.b.b] 17 tests created for:                               15 methods
10:21:42.678 [DEBUG]  [Reporting]   [pool-3-thread-1]   [com.diffblue.cover.ui.b.b] (at least 21 out of 85 lines uncovered)
10:21:42.678 [INFO]   [Reporting]   [pool-3-thread-1]   [com.diffblue.cover.ui.b.b] 
10:21:42.678 [INFO]   [Reporting]   [pool-3-thread-1]   [com.diffblue.cover.ui.b.b] No tests created for:                                9 methods
10:21:42.678 [INFO]   [Reporting]   [pool-3-thread-1]   [com.diffblue.cover.ui.b.b]     6 R020: Temporary files were created but not deleted
10:21:42.678 [DEBUG]  [Reporting]   [pool-3-thread-1]   [com.diffblue.cover.ui.b.b]     (affects 8 lines)
10:21:42.678 [DEBUG]  [Reporting]   [pool-3-thread-1]   [com.diffblue.cover.ui.b.b]     2 R004: Diffblue AI was unable to find a test
10:21:42.678 [DEBUG]  [Reporting]   [pool-3-thread-1]   [com.diffblue.cover.ui.b.b]     (affects 4 lines)
10:21:42.678 [INFO]   [Reporting]   [pool-3-thread-1]   [com.diffblue.cover.ui.b.b]     1 R003: Test did not increase coverage
10:21:42.678 [DEBUG]  [Reporting]   [pool-3-thread-1]   [com.diffblue.cover.ui.b.b]     (affects 9 lines)
10:21:42.783 [INFO]   [Validating]  [main]              [com.diffblue.cover.ui.controller.r] 
10:21:42.783 [INFO]   [Validating]  [main]              [com.diffblue.cover.ui.controller.r] Running validation command.
10:21:42.783 [DEBUG]  [Validating]  [main]              [com.diffblue.cover.buildsystem.config.registry.Registry] checking if /home/jbergqvist/diffblue/paritytrading-parity/libraries/file/DiffblueBuild.yaml exists...
10:21:42.783 [DEBUG]  [Validating]  [main]              [com.diffblue.cover.buildsystem.config.registry.Registry] checking if /home/jbergqvist/diffblue/paritytrading-parity/libraries/file/DiffblueBuild.yml exists...
10:21:42.783 [DEBUG]  [Validating]  [main]              [com.diffblue.cover.buildsystem.config.registry.Registry] checking if /home/jbergqvist/diffblue/paritytrading-parity/DiffblueBuild.yaml exists...
10:21:42.784 [DEBUG]  [Validating]  [main]              [com.diffblue.cover.buildsystem.config.registry.Registry] checking if /home/jbergqvist/diffblue/paritytrading-parity/DiffblueBuild.yml exists...
10:21:42.784 [INFO]   [Validating]  [main]              [com.diffblue.cover.buildsystem.config.registry.Registry] Using default build rules as no custom rules found in any of [/home/jbergqvist/diffblue/paritytrading-parity/libraries/file, /home/jbergqvist/diffblue/paritytrading-parity]
10:21:42.784 [DEBUG]  [Validating]  [main]              [com.diffblue.cover.buildsystem.config.registry.Registry] Build execution request for Info Phase
10:21:42.784 [INFO]   [Validating]  [main]              [com.diffblue.cover.buildsystem.config.a.a] Attempting to invoke mvnw in working directory: /home/jbergqvist/diffblue/paritytrading-parity
10:21:42.785 [INFO]   [Validating]  [main]              [com.diffblue.cover.buildsystem.config.a.a] Attempting to invoke /home/jbergqvist/.sdkman/candidates/maven/current/bin/mvn in working directory: /home/jbergqvist/diffblue/paritytrading-parity
10:21:42.785 [INFO]   [Validating]  [main]              [com.diffblue.cover.buildsystem.config.a.a] Started "/home/jbergqvist/.sdkman/candidates/maven/current/bin/mvn -Dmaven.ext.class.path=/opt/cover/cover-buildsystem-maven-spy-jar-with-dependencies.jar -Dcom.diffblue.cover.skipTests=true -DskipTestOptimizer --batch-mode --projects=com.paritytrading.parity:parity-file --global-settings=/home/jbergqvist/.sdkman/candidates/maven/current/conf/settings.xml org.apache.maven.plugins:maven-checkstyle-plugin:check -Dcheckstyle.failOnViolation=false validate --also-make"
10:21:43.548 [INFO]   [Validating]  [maven:out]         [com.diffblue.cover.buildsystem.config.a.a] out: [INFO] Scanning for projects...
10:21:43.642 [INFO]   [Validating]  [maven:out]         [com.diffblue.cover.buildsystem.config.a.a] out: [INFO] ------------------------------------------------------------------------
10:21:43.642 [INFO]   [Validating]  [maven:out]         [com.diffblue.cover.buildsystem.config.a.a] out: [INFO] Reactor Build Order:
10:21:43.642 [INFO]   [Validating]  [maven:out]         [com.diffblue.cover.buildsystem.config.a.a] out: [INFO] 
10:21:43.642 [INFO]   [Validating]  [maven:out]         [com.diffblue.cover.buildsystem.config.a.a] out: [INFO] Parity (Parent)                                                    [pom]
10:21:43.642 [INFO]   [Validating]  [maven:out]         [com.diffblue.cover.buildsystem.config.a.a] out: [INFO] Parity File Formats                                                [jar]
10:21:43.679 [INFO]   [Validating]  [maven:out]         [com.diffblue.cover.buildsystem.config.a.a] out: [INFO] 
10:21:43.679 [INFO]   [Validating]  [maven:out]         [com.diffblue.cover.buildsystem.config.a.a] out: [INFO] ---------------< com.paritytrading.parity:parity-parent >---------------
10:21:43.679 [INFO]   [Validating]  [maven:out]         [com.diffblue.cover.buildsystem.config.a.a] out: [INFO] Building Parity (Parent) 0.7.1-SNAPSHOT                            [1/2]
10:21:43.679 [INFO]   [Validating]  [maven:out]         [com.diffblue.cover.buildsystem.config.a.a] out: [INFO]   from pom.xml
10:21:43.679 [INFO]   [Validating]  [maven:out]         [com.diffblue.cover.buildsystem.config.a.a] out: [INFO] --------------------------------[ pom ]---------------------------------
10:21:43.851 [INFO]   [Validating]  [maven:out]         [com.diffblue.cover.buildsystem.internal.f.f] deserializing line [DIFFBLUE]{"__type":"com.diffblue.cover.buildsystem.model.DefaultEventMessage","project":"com.paritytrading.parity:parity-parent","goal":"check","cause":null,"state":"STARTED"}
10:21:43.858 [INFO]   [Validating]  [maven:out]         [com.diffblue.cover.buildsystem.config.a.a] out: [INFO] 
10:21:43.858 [INFO]   [Validating]  [maven:out]         [com.diffblue.cover.buildsystem.config.a.a] out: [INFO] --- checkstyle:3.1.0:check (default-cli) @ parity-parent ---
10:21:44.307 [INFO]   [Validating]  [maven:out]         [com.diffblue.cover.buildsystem.internal.f.f] deserializing line [DIFFBLUE]{"__type":"com.diffblue.cover.buildsystem.model.DefaultEventMessage","project":"com.paritytrading.parity:parity-parent","goal":"check","cause":null,"state":"SUCCESS"}
10:21:44.309 [INFO]   [Validating]  [maven:out]         [com.diffblue.cover.buildsystem.internal.f.f] deserializing line [DIFFBLUE]{"__type":"com.diffblue.cover.buildsystem.model.DefaultEventMessage","project":"com.paritytrading.parity:parity-parent","goal":"enforce","cause":null,"state":"STARTED"}
10:21:44.310 [INFO]   [Validating]  [maven:out]         [com.diffblue.cover.buildsystem.config.a.a] out: [INFO] 
10:21:44.310 [INFO]   [Validating]  [maven:out]         [com.diffblue.cover.buildsystem.config.a.a] out: [INFO] --- enforcer:1.0:enforce (enforce-maven) @ parity-parent ---
10:21:44.383 [INFO]   [Validating]  [maven:out]         [com.diffblue.cover.buildsystem.internal.f.f] deserializing line [DIFFBLUE]{"__type":"com.diffblue.cover.buildsystem.model.DefaultEventMessage","project":"com.paritytrading.parity:parity-parent","goal":"enforce","cause":null,"state":"SUCCESS"}
10:21:44.384 [INFO]   [Validating]  [maven:out]         [com.diffblue.cover.buildsystem.config.a.a] out: [INFO] 
10:21:44.385 [INFO]   [Validating]  [maven:out]         [com.diffblue.cover.buildsystem.config.a.a] out: [INFO] ----------------< com.paritytrading.parity:parity-file >----------------
10:21:44.385 [INFO]   [Validating]  [maven:out]         [com.diffblue.cover.buildsystem.config.a.a] out: [INFO] Building Parity File Formats 0.7.1-SNAPSHOT                        [2/2]
10:21:44.385 [INFO]   [Validating]  [maven:out]         [com.diffblue.cover.buildsystem.config.a.a] out: [INFO]   from libraries/file/pom.xml
10:21:44.385 [INFO]   [Validating]  [maven:out]         [com.diffblue.cover.buildsystem.config.a.a] out: [INFO] --------------------------------[ jar ]---------------------------------
10:21:44.401 [INFO]   [Validating]  [maven:out]         [com.diffblue.cover.buildsystem.internal.f.f] deserializing line [DIFFBLUE]{"__type":"com.diffblue.cover.buildsystem.model.DefaultEventMessage","project":"com.paritytrading.parity:parity-file","goal":"check","cause":null,"state":"STARTED"}
10:21:44.402 [INFO]   [Validating]  [maven:out]         [com.diffblue.cover.buildsystem.config.a.a] out: [INFO] 
10:21:44.402 [INFO]   [Validating]  [maven:out]         [com.diffblue.cover.buildsystem.config.a.a] out: [INFO] --- checkstyle:3.1.0:check (default-cli) @ parity-file ---
10:21:44.469 [INFO]   [Validating]  [maven:out]         [com.diffblue.cover.buildsystem.internal.f.f] deserializing line [DIFFBLUE]{"__type":"com.diffblue.cover.buildsystem.model.DefaultEventMessage","project":"com.paritytrading.parity:parity-file","goal":"check","cause":null,"state":"SUCCESS"}
10:21:44.470 [INFO]   [Validating]  [maven:out]         [com.diffblue.cover.buildsystem.internal.f.f] deserializing line [DIFFBLUE]{"__type":"com.diffblue.cover.buildsystem.model.DefaultEventMessage","project":"com.paritytrading.parity:parity-file","goal":"enforce","cause":null,"state":"STARTED"}
10:21:44.471 [INFO]   [Validating]  [maven:out]         [com.diffblue.cover.buildsystem.config.a.a] out: [INFO] 
10:21:44.471 [INFO]   [Validating]  [maven:out]         [com.diffblue.cover.buildsystem.config.a.a] out: [INFO] --- enforcer:1.0:enforce (enforce-maven) @ parity-file ---
10:21:44.473 [INFO]   [Validating]  [maven:out]         [com.diffblue.cover.buildsystem.internal.f.f] deserializing line [DIFFBLUE]{"__type":"com.diffblue.cover.buildsystem.model.DefaultEventMessage","project":"com.paritytrading.parity:parity-file","goal":"enforce","cause":null,"state":"SUCCESS"}
10:21:44.504 [INFO]   [Validating]  [maven:out]         [com.diffblue.cover.buildsystem.internal.f.f] deserializing line [DIFFBLUE]{"__type":"com.diffblue.cover.buildsystem.model.DefaultProjectModuleMessage","project":{"__type":"DefaultProjectModule","junitReport":["/home/jbergqvist/diffblue/paritytrading-parity/target/surefire-reports"],"jacocoReport":["/home/jbergqvist/diffblue/paritytrading-parity/target/site/jacoco/jacoco.xml"],"jacocoDestFile":["/home/jbergqvist/diffblue/paritytrading-parity/target/jacoco.exec"],"jacocoFormats":["xml"],"jacocoSkipped":false,"classpath":["/home/jbergqvist/diffblue/paritytrading-parity/target/classes"],"complianceLevel":"1.8","productionSources":["/home/jbergqvist/diffblue/paritytrading-parity/src/main/java"],"testSources":["/home/jbergqvist/diffblue/paritytrading-parity/src/test/java"],"productionClasses":"/home/jbergqvist/diffblue/paritytrading-parity/target/classes","testClasses":"/home/jbergqvist/diffblue/paritytrading-parity/target/test-classes","sourceToBuildPathMap":null,"testSourceToBuildPathMap":null,"buildDirectory":"/home/jbergqvist/diffblue/paritytrading-parity/target","plugins":[{"__type":"DefaultPlugin","groupId":"org.apache.maven.plugins","artefactId":"maven-enforcer-plugin","version":"1.0","pluginClassName":null},{"__type":"DefaultPlugin","groupId":"org.apache.maven.plugins","artefactId":"maven-checkstyle-plugin","version":"3.1.0","pluginClassName":null},{"__type":"DefaultPlugin","groupId":"org.apache.maven.plugins","artefactId":"maven-compiler-plugin","version":"3.8.0","pluginClassName":null},{"__type":"DefaultPlugin","groupId":"org.apache.maven.plugins","artefactId":"maven-javadoc-plugin","version":"3.0.1","pluginClassName":null},{"__type":"DefaultPlugin","groupId":"org.apache.maven.plugins","artefactId":"maven-release-plugin","version":"2.5.3","pluginClassName":null},{"__type":"DefaultPlugin","groupId":"org.apache.maven.plugins","artefactId":"maven-clean-plugin","version":"3.2.0","pluginClassName":null},{"__type":"DefaultPlugin","groupId":"org.apache.maven.plugins","artefactId":"maven-install-plugin","version":"3.1.2","pluginClassName":null},{"__type":"DefaultPlugin","groupId":"org.apache.maven.plugins","artefactId":"maven-deploy-plugin","version":"2.8.2","pluginClassName":null},{"__type":"DefaultPlugin","groupId":"org.apache.maven.plugins","artefactId":"maven-site-plugin","version":"3.12.1","pluginClassName":null}],"version":"3.9.12","encoding":"UTF-8","name":"maven","subModules":[{"__type":"DefaultProjectModule","junitReport":["/home/jbergqvist/diffblue/paritytrading-parity/libraries/book/target/surefire-reports"],"jacocoReport":["/home/jbergqvist/diffblue/paritytrading-parity/libraries/book/target/site/jacoco/jacoco.xml"],"jacocoDestFile":["/home/jbergqvist/diffblue/paritytrading-parity/libraries/book/target/jacoco.exec"],"jacocoFormats":["xml"],"jacocoSkipped":false,"classpath":["/home/jbergqvist/diffblue/paritytrading-parity/libraries/book/target/classes"],"complianceLevel":"1.8","productionSources":["/home/jbergqvist/diffblue/paritytrading-parity/libraries/book/src/main/java"],"testSources":["/home/jbergqvist/diffblue/paritytrading-parity/libraries/book/src/test/java"],"productionClasses":"/home/jbergqvist/diffblue/paritytrading-parity/libraries/book/target/classes","testClasses":"/home/jbergqvist/diffblue/paritytrading-parity/libraries/book/target/test-classes","sourceToBuildPathMap":null,"testSourceToBuildPathMap":null,"buildDirectory":"/home/jbergqvist/diffblue/paritytrading-parity/libraries/book/target","plugins":[{"__type":"DefaultPlugin","groupId":"org.apache.maven.plugins","artefactId":"maven-enforcer-plugin","version":"1.0","pluginClassName":null},{"__type":"DefaultPlugin","groupId":"org.apache.maven.plugins","artefactId":"maven-checkstyle-plugin","version":"3.1.0","pluginClassName":null},{"__type":"DefaultPlugin","groupId":"org.apache.maven.plugins","artefactId":"maven-compiler-plugin","version":"3.8.0","pluginClassName":null},{"__type":"DefaultPlugin","groupId":"org.apache.maven.plugins","artefactId":"maven-javadoc-plugin","version":"3.0.1","pluginClassName":null},{"__type":"DefaultPlugin","groupId":"org.apache.maven.plugins","artefactId":"maven-release-plugin","version":"2.5.3","pluginClassName":null},{"__type":"DefaultPlugin","groupId":"org.apache.maven.plugins","artefactId":"maven-clean-plugin","version":"3.2.0","pluginClassName":null},{"__type":"DefaultPlugin","groupId":"org.apache.maven.plugins","artefactId":"maven-resources-plugin","version":"3.3.1","pluginClassName":null},{"__type":"DefaultPlugin","groupId":"org.apache.maven.plugins","artefactId":"maven-jar-plugin","version":"3.4.1","pluginClassName":null},{"__type":"DefaultPlugin","groupId":"org.apache.maven.plugins","artefactId":"maven-surefire-plugin","version":"3.0.0-M5","pluginClassName":null},{"__type":"DefaultPlugin","groupId":"org.apache.maven.plugins","artefactId":"maven-install-plugin","version":"3.1.2","pluginClassName":null},{"__type":"DefaultPlugin","groupId":"org.apache.maven.plugins","artefactId":"maven-deploy-plugin","version":"2.8.2","pluginClassName":null},{"__type":"DefaultPlugin","groupId":"org.apache.maven.plugins","artefactId":"maven-site-plugin","version":"3.12.1","pluginClassName":null}],"version":"3.9.12","encoding":"UTF-8","name":"maven","subModules":[],"simpleModuleName":null,"parentModuleName":"com.paritytrading.parity:parity-parent","location":"/home/jbergqvist/diffblue/paritytrading-parity/libraries/book","fullModuleName":"com.paritytrading.parity:parity-book"},{"__type":"DefaultProjectModule","junitReport":["/home/jbergqvist/diffblue/paritytrading-parity/libraries/file/target/surefire-reports"],"jacocoReport":["/home/jbergqvist/diffblue/paritytrading-parity/libraries/file/target/site/jacoco/jacoco.xml"],"jacocoDestFile":["/home/jbergqvist/diffblue/paritytrading-parity/libraries/file/target/jacoco.exec"],"jacocoFormats":["xml"],"jacocoSkipped":false,"classpath":["/home/jbergqvist/diffblue/paritytrading-parity/libraries/file/target/classes","/home/jbergqvist/.m2/repository/org/junit/jupiter/junit-jupiter/5.7.0/junit-jupiter-5.7.0.jar","/home/jbergqvist/.m2/repository/org/junit/jupiter/junit-jupiter-api/5.7.0/junit-jupiter-api-5.7.0.jar","/home/jbergqvist/.m2/repository/org/apiguardian/apiguardian-api/1.1.0/apiguardian-api-1.1.0.jar","/home/jbergqvist/.m2/repository/org/opentest4j/opentest4j/1.2.0/opentest4j-1.2.0.jar","/home/jbergqvist/.m2/repository/org/junit/platform/junit-platform-commons/1.7.0/junit-platform-commons-1.7.0.jar","/home/jbergqvist/.m2/repository/org/junit/jupiter/junit-jupiter-params/5.7.0/junit-jupiter-params-5.7.0.jar","/home/jbergqvist/.m2/repository/org/junit/jupiter/junit-jupiter-engine/5.7.0/junit-jupiter-engine-5.7.0.jar","/home/jbergqvist/.m2/repository/org/junit/platform/junit-platform-engine/1.7.0/junit-platform-engine-1.7.0.jar","/home/jbergqvist/.m2/repository/com/diffblue/cover/cover-annotations/1.9.0/cover-annotations-1.9.0.jar","/home/jbergqvist/.m2/repository/org/mockito/mockito-core/4.11.0/mockito-core-4.11.0.jar","/home/jbergqvist/.m2/repository/net/bytebuddy/byte-buddy/1.12.19/byte-buddy-1.12.19.jar","/home/jbergqvist/.m2/repository/net/bytebuddy/byte-buddy-agent/1.12.19/byte-buddy-agent-1.12.19.jar","/home/jbergqvist/.m2/repository/org/objenesis/objenesis/3.3/objenesis-3.3.jar","/home/jbergqvist/.m2/repository/org/mockito/mockito-junit-jupiter/4.11.0/mockito-junit-jupiter-4.11.0.jar"],"complianceLevel":"1.8","productionSources":["/home/jbergqvist/diffblue/paritytrading-parity/libraries/file/src/main/java"],"testSources":["/home/jbergqvist/diffblue/paritytrading-parity/libraries/file/src/test/java"],"productionClasses":"/home/jbergqvist/diffblue/paritytrading-parity/libraries/file/target/classes","testClasses":"/home/jbergqvist/diffblue/paritytrading-parity/libraries/file/target/test-classes","sourceToBuildPathMap":null,"testSourceToBuildPathMap":null,"buildDirectory":"/home/jbergqvist/diffblue/paritytrading-parity/libraries/file/target","plugins":[{"__type":"DefaultPlugin","groupId":"org.apache.maven.plugins","artefactId":"maven-enforcer-plugin","version":"1.0","pluginClassName":null},{"__type":"DefaultPlugin","groupId":"org.apache.maven.plugins","artefactId":"maven-checkstyle-plugin","version":"3.1.0","pluginClassName":null},{"__type":"DefaultPlugin","groupId":"org.apache.maven.plugins","artefactId":"maven-compiler-plugin","version":"3.8.0","pluginClassName":null},{"__type":"DefaultPlugin","groupId":"org.apache.maven.plugins","artefactId":"maven-javadoc-plugin","version":"3.0.1","pluginClassName":null},{"__type":"DefaultPlugin","groupId":"org.apache.maven.plugins","artefactId":"maven-release-plugin","version":"2.5.3","pluginClassName":null},{"__type":"DefaultPlugin","groupId":"org.apache.maven.plugins","artefactId":"maven-clean-plugin","version":"3.2.0","pluginClassName":null},{"__type":"DefaultPlugin","groupId":"org.apache.maven.plugins","artefactId":"maven-resources-plugin","version":"3.3.1","pluginClassName":null},{"__type":"DefaultPlugin","groupId":"org.apache.maven.plugins","artefactId":"maven-jar-plugin","version":"3.4.1","pluginClassName":null},{"__type":"DefaultPlugin","groupId":"org.apache.maven.plugins","artefactId":"maven-surefire-plugin","version":"3.0.0-M5","pluginClassName":null},{"__type":"DefaultPlugin","groupId":"org.apache.maven.plugins","artefactId":"maven-install-plugin","version":"3.1.2","pluginClassName":null},{"__type":"DefaultPlugin","groupId":"org.apache.maven.plugins","artefactId":"maven-deploy-plugin","version":"2.8.2","pluginClassName":null},{"__type":"DefaultPlugin","groupId":"org.apache.maven.plugins","artefactId":"maven-site-plugin","version":"3.12.1","pluginClassName":null}],"version":"3.9.12","encoding":"UTF-8","name":"maven","subModules":[],"simpleModuleName":null,"parentModuleName":"com.paritytrading.parity:parity-parent","location":"/home/jbergqvist/diffblue/paritytrading-parity/libraries/file","fullModuleName":"com.paritytrading.parity:parity-file"},{"__type":"DefaultProjectModule","junitReport":["/home/jbergqvist/diffblue/paritytrading-parity/libraries/match/target/surefire-reports"],"jacocoReport":["/home/jbergqvist/diffblue/paritytrading-parity/libraries/match/target/site/jacoco/jacoco.xml"],"jacocoDestFile":["/home/jbergqvist/diffblue/paritytrading-parity/libraries/match/target/jacoco.exec"],"jacocoFormats":["xml"],"jacocoSkipped":false,"classpath":["/home/jbergqvist/diffblue/paritytrading-parity/libraries/match/target/classes"],"complianceLevel":"1.8","productionSources":["/home/jbergqvist/diffblue/paritytrading-parity/libraries/match/src/main/java"],"testSources":["/home/jbergqvist/diffblue/paritytrading-parity/libraries/match/src/test/java"],"productionClasses":"/home/jbergqvist/diffblue/paritytrading-parity/libraries/match/target/classes","testClasses":"/home/jbergqvist/diffblue/paritytrading-parity/libraries/match/target/test-classes","sourceToBuildPathMap":null,"testSourceToBuildPathMap":null,"buildDirectory":"/home/jbergqvist/diffblue/paritytrading-parity/libraries/match/target","plugins":[{"__type":"DefaultPlugin","groupId":"org.apache.maven.plugins","artefactId":"maven-enforcer-plugin","version":"1.0","pluginClassName":null},{"__type":"DefaultPlugin","groupId":"org.apache.maven.plugins","artefactId":"maven-checkstyle-plugin","version":"3.1.0","pluginClassName":null},{"__type":"DefaultPlugin","groupId":"org.apache.maven.plugins","artefactId":"maven-compiler-plugin","version":"3.8.0","pluginClassName":null},{"__type":"DefaultPlugin","groupId":"org.apache.maven.plugins","artefactId":"maven-javadoc-plugin","version":"3.0.1","pluginClassName":null},{"__type":"DefaultPlugin","groupId":"org.apache.maven.plugins","artefactId":"maven-release-plugin","version":"2.5.3","pluginClassName":null},{"__type":"DefaultPlugin","groupId":"org.apache.maven.plugins","artefactId":"maven-clean-plugin","version":"3.2.0","pluginClassName":null},{"__type":"DefaultPlugin","groupId":"org.apache.maven.plugins","artefactId":"maven-resources-plugin","version":"3.3.1","pluginClassName":null},{"__type":"DefaultPlugin","groupId":"org.apache.maven.plugins","artefactId":"maven-jar-plugin","version":"3.4.1","pluginClassName":null},{"__type":"DefaultPlugin","groupId":"org.apache.maven.plugins","artefactId":"maven-surefire-plugin","version":"3.0.0-M5","pluginClassName":null},{"__type":"DefaultPlugin","groupId":"org.apache.maven.plugins","artefactId":"maven-install-plugin","version":"3.1.2","pluginClassName":null},{"__type":"DefaultPlugin","groupId":"org.apache.maven.plugins","artefactId":"maven-deploy-plugin","version":"2.8.2","pluginClassName":null},{"__type":"DefaultPlugin","groupId":"org.apache.maven.plugins","artefactId":"maven-site-plugin","version":"3.12.1","pluginClassName":null}],"version":"3.9.12","encoding":"UTF-8","name":"maven","subModules":[],"simpleModuleName":null,"parentModuleName":"com.paritytrading.parity:parity-parent","location":"/home/jbergqvist/diffblue/paritytrading-parity/libraries/match","fullModuleName":"com.paritytrading.parity:parity-match"},{"__type":"DefaultProjectModule","junitReport":["/home/jbergqvist/diffblue/paritytrading-parity/libraries/net/target/surefire-reports"],"jacocoReport":["/home/jbergqvist/diffblue/paritytrading-parity/libraries/net/target/site/jacoco/jacoco.xml"],"jacocoDestFile":["/home/jbergqvist/diffblue/paritytrading-parity/libraries/net/target/jacoco.exec"],"jacocoFormats":["xml"],"jacocoSkipped":false,"classpath":["/home/jbergqvist/diffblue/paritytrading-parity/libraries/net/target/classes"],"complianceLevel":"1.8","productionSources":["/home/jbergqvist/diffblue/paritytrading-parity/libraries/net/src/main/java"],"testSources":["/home/jbergqvist/diffblue/paritytrading-parity/libraries/net/src/test/java"],"productionClasses":"/home/jbergqvist/diffblue/paritytrading-parity/libraries/net/target/classes","testClasses":"/home/jbergqvist/diffblue/paritytrading-parity/libraries/net/target/test-classes","sourceToBuildPathMap":null,"testSourceToBuildPathMap":null,"buildDirectory":"/home/jbergqvist/diffblue/paritytrading-parity/libraries/net/target","plugins":[{"__type":"DefaultPlugin","groupId":"org.apache.maven.plugins","artefactId":"maven-enforcer-plugin","version":"1.0","pluginClassName":null},{"__type":"DefaultPlugin","groupId":"org.apache.maven.plugins","artefactId":"maven-checkstyle-plugin","version":"3.1.0","pluginClassName":null},{"__type":"DefaultPlugin","groupId":"org.apache.maven.plugins","artefactId":"maven-compiler-plugin","version":"3.8.0","pluginClassName":null},{"__type":"DefaultPlugin","groupId":"org.apache.maven.plugins","artefactId":"maven-javadoc-plugin","version":"3.0.1","pluginClassName":null},{"__type":"DefaultPlugin","groupId":"org.apache.maven.plugins","artefactId":"maven-release-plugin","version":"2.5.3","pluginClassName":null},{"__type":"DefaultPlugin","groupId":"org.apache.maven.plugins","artefactId":"maven-clean-plugin","version":"3.2.0","pluginClassName":null},{"__type":"DefaultPlugin","groupId":"org.apache.maven.plugins","artefactId":"maven-resources-plugin","version":"3.3.1","pluginClassName":null},{"__type":"DefaultPlugin","groupId":"org.apache.maven.plugins","artefactId":"maven-jar-plugin","version":"3.4.1","pluginClassName":null},{"__type":"DefaultPlugin","groupId":"org.apache.maven.plugins","artefactId":"maven-surefire-plugin","version":"3.0.0-M5","pluginClassName":null},{"__type":"DefaultPlugin","groupId":"org.apache.maven.plugins","artefactId":"maven-install-plugin","version":"3.1.2","pluginClassName":null},{"__type":"DefaultPlugin","groupId":"org.apache.maven.plugins","artefactId":"maven-deploy-plugin","version":"2.8.2","pluginClassName":null},{"__type":"DefaultPlugin","groupId":"org.apache.maven.plugins","artefactId":"maven-site-plugin","version":"3.12.1","pluginClassName":null}],"version":"3.9.12","encoding":"UTF-8","name":"maven","subModules":[],"simpleModuleName":null,"parentModuleName":"com.paritytrading.parity:parity-parent","location":"/home/jbergqvist/diffblue/paritytrading-parity/libraries/net","fullModuleName":"com.paritytrading.parity:parity-net"},{"__type":"DefaultProjectModule","junitReport":["/home/jbergqvist/diffblue/paritytrading-parity/libraries/util/target/surefire-reports"],"jacocoReport":["/home/jbergqvist/diffblue/paritytrading-parity/libraries/util/target/site/jacoco/jacoco.xml"],"jacocoDestFile":["/home/jbergqvist/diffblue/paritytrading-parity/libraries/util/target/jacoco.exec"],"jacocoFormats":["xml"],"jacocoSkipped":false,"classpath":["/home/jbergqvist/diffblue/paritytrading-parity/libraries/util/target/classes"],"complianceLevel":"1.8","productionSources":["/home/jbergqvist/diffblue/paritytrading-parity/libraries/util/src/main/java"],"testSources":["/home/jbergqvist/diffblue/paritytrading-parity/libraries/util/src/test/java"],"productionClasses":"/home/jbergqvist/diffblue/paritytrading-parity/libraries/util/target/classes","testClasses":"/home/jbergqvist/diffblue/paritytrading-parity/libraries/util/target/test-classes","sourceToBuildPathMap":null,"testSourceToBuildPathMap":null,"buildDirectory":"/home/jbergqvist/diffblue/paritytrading-parity/libraries/util/target","plugins":[{"__type":"DefaultPlugin","groupId":"org.apache.maven.plugins","artefactId":"maven-enforcer-plugin","version":"1.0","pluginClassName":null},{"__type":"DefaultPlugin","groupId":"org.apache.maven.plugins","artefactId":"maven-checkstyle-plugin","version":"3.1.0","pluginClassName":null},{"__type":"DefaultPlugin","groupId":"org.apache.maven.plugins","artefactId":"maven-compiler-plugin","version":"3.8.0","pluginClassName":null},{"__type":"DefaultPlugin","groupId":"org.apache.maven.plugins","artefactId":"maven-javadoc-plugin","version":"3.0.1","pluginClassName":null},{"__type":"DefaultPlugin","groupId":"org.apache.maven.plugins","artefactId":"maven-release-plugin","version":"2.5.3","pluginClassName":null},{"__type":"DefaultPlugin","groupId":"org.apache.maven.plugins","artefactId":"maven-clean-plugin","version":"3.2.0","pluginClassName":null},{"__type":"DefaultPlugin","groupId":"org.apache.maven.plugins","artefactId":"maven-resources-plugin","version":"3.3.1","pluginClassName":null},{"__type":"DefaultPlugin","groupId":"org.apache.maven.plugins","artefactId":"maven-jar-plugin","version":"3.4.1","pluginClassName":null},{"__type":"DefaultPlugin","groupId":"org.apache.maven.plugins","artefactId":"maven-surefire-plugin","version":"3.0.0-M5","pluginClassName":null},{"__type":"DefaultPlugin","groupId":"org.apache.maven.plugins","artefactId":"maven-install-plugin","version":"3.1.2","pluginClassName":null},{"__type":"DefaultPlugin","groupId":"org.apache.maven.plugins","artefactId":"maven-deploy-plugin","version":"2.8.2","pluginClassName":null},{"__type":"DefaultPlugin","groupId":"org.apache.maven.plugins","artefactId":"maven-site-plugin","version":"3.12.1","pluginClassName":null}],"version":"3.9.12","encoding":"UTF-8","name":"maven","subModules":[],"simpleModuleName":null,"parentModuleName":"com.paritytrading.parity:parity-parent","location":"/home/jbergqvist/diffblue/paritytrading-parity/libraries/util","fullModuleName":"com.paritytrading.parity:parity-util"},{"__type":"DefaultProjectModule","junitReport":["/home/jbergqvist/diffblue/paritytrading-parity/applications/client/target/surefire-reports"],"jacocoReport":["/home/jbergqvist/diffblue/paritytrading-parity/applications/client/target/site/jacoco/jacoco.xml"],"jacocoDestFile":["/home/jbergqvist/diffblue/paritytrading-parity/applications/client/target/jacoco.exec"],"jacocoFormats":["xml"],"jacocoSkipped":false,"classpath":["/home/jbergqvist/diffblue/paritytrading-parity/applications/client/target/classes"],"complianceLevel":"1.8","productionSources":["/home/jbergqvist/diffblue/paritytrading-parity/applications/client/src/main/java"],"testSources":["/home/jbergqvist/diffblue/paritytrading-parity/applications/client/src/test/java"],"productionClasses":"/home/jbergqvist/diffblue/paritytrading-parity/applications/client/target/classes","testClasses":"/home/jbergqvist/diffblue/paritytrading-parity/applications/client/target/test-classes","sourceToBuildPathMap":null,"testSourceToBuildPathMap":null,"buildDirectory":"/home/jbergqvist/diffblue/paritytrading-parity/applications/client/target","plugins":[{"__type":"DefaultPlugin","groupId":"org.apache.maven.plugins","artefactId":"maven-enforcer-plugin","version":"1.0","pluginClassName":null},{"__type":"DefaultPlugin","groupId":"org.apache.maven.plugins","artefactId":"maven-checkstyle-plugin","version":"3.1.0","pluginClassName":null},{"__type":"DefaultPlugin","groupId":"org.apache.maven.plugins","artefactId":"maven-compiler-plugin","version":"3.8.0","pluginClassName":null},{"__type":"DefaultPlugin","groupId":"org.apache.maven.plugins","artefactId":"maven-javadoc-plugin","version":"3.0.1","pluginClassName":null},{"__type":"DefaultPlugin","groupId":"org.apache.maven.plugins","artefactId":"maven-release-plugin","version":"2.5.3","pluginClassName":null},{"__type":"DefaultPlugin","groupId":"org.apache.maven.plugins","artefactId":"maven-deploy-plugin","version":"2.8.2","pluginClassName":null},{"__type":"DefaultPlugin","groupId":"org.apache.maven.plugins","artefactId":"maven-shade-plugin","version":"3.2.1","pluginClassName":null},{"__type":"DefaultPlugin","groupId":"org.apache.maven.plugins","artefactId":"maven-clean-plugin","version":"3.2.0","pluginClassName":null},{"__type":"DefaultPlugin","groupId":"org.apache.maven.plugins","artefactId":"maven-resources-plugin","version":"3.3.1","pluginClassName":null},{"__type":"DefaultPlugin","groupId":"org.apache.maven.plugins","artefactId":"maven-jar-plugin","version":"3.4.1","pluginClassName":null},{"__type":"DefaultPlugin","groupId":"org.apache.maven.plugins","artefactId":"maven-surefire-plugin","version":"3.0.0-M5","pluginClassName":null},{"__type":"DefaultPlugin","groupId":"org.apache.maven.plugins","artefactId":"maven-install-plugin","version":"3.1.2","pluginClassName":null},{"__type":"DefaultPlugin","groupId":"org.apache.maven.plugins","artefactId":"maven-site-plugin","version":"3.12.1","pluginClassName":null}],"version":"3.9.12","encoding":"UTF-8","name":"maven","subModules":[],"simpleModuleName":null,"parentModuleName":"com.paritytrading.parity:parity-parent","location":"/home/jbergqvist/diffblue/paritytrading-parity/applications/client","fullModuleName":"com.paritytrading.parity:parity-client"},{"__type":"DefaultProjectModule","junitReport":["/home/jbergqvist/diffblue/paritytrading-parity/applications/fix/target/surefire-reports"],"jacocoReport":["/home/jbergqvist/diffblue/paritytrading-parity/applications/fix/target/site/jacoco/jacoco.xml"],"jacocoDestFile":["/home/jbergqvist/diffblue/paritytrading-parity/applications/fix/target/jacoco.exec"],"jacocoFormats":["xml"],"jacocoSkipped":false,"classpath":["/home/jbergqvist/diffblue/paritytrading-parity/applications/fix/target/classes"],"complianceLevel":"1.8","productionSources":["/home/jbergqvist/diffblue/paritytrading-parity/applications/fix/src/main/java"],"testSources":["/home/jbergqvist/diffblue/paritytrading-parity/applications/fix/src/test/java"],"productionClasses":"/home/jbergqvist/diffblue/paritytrading-parity/applications/fix/target/classes","testClasses":"/home/jbergqvist/diffblue/paritytrading-parity/applications/fix/target/test-classes","sourceToBuildPathMap":null,"testSourceToBuildPathMap":null,"buildDirectory":"/home/jbergqvist/diffblue/paritytrading-parity/applications/fix/target","plugins":[{"__type":"DefaultPlugin","groupId":"org.apache.maven.plugins","artefactId":"maven-enforcer-plugin","version":"1.0","pluginClassName":null},{"__type":"DefaultPlugin","groupId":"org.apache.maven.plugins","artefactId":"maven-checkstyle-plugin","version":"3.1.0","pluginClassName":null},{"__type":"DefaultPlugin","groupId":"org.apache.maven.plugins","artefactId":"maven-compiler-plugin","version":"3.8.0","pluginClassName":null},{"__type":"DefaultPlugin","groupId":"org.apache.maven.plugins","artefactId":"maven-javadoc-plugin","version":"3.0.1","pluginClassName":null},{"__type":"DefaultPlugin","groupId":"org.apache.maven.plugins","artefactId":"maven-release-plugin","version":"2.5.3","pluginClassName":null},{"__type":"DefaultPlugin","groupId":"org.apache.maven.plugins","artefactId":"maven-deploy-plugin","version":"2.8.2","pluginClassName":null},{"__type":"DefaultPlugin","groupId":"org.apache.maven.plugins","artefactId":"maven-shade-plugin","version":"3.2.1","pluginClassName":null},{"__type":"DefaultPlugin","groupId":"org.apache.maven.plugins","artefactId":"maven-clean-plugin","version":"3.2.0","pluginClassName":null},{"__type":"DefaultPlugin","groupId":"org.apache.maven.plugins","artefactId":"maven-resources-plugin","version":"3.3.1","pluginClassName":null},{"__type":"DefaultPlugin","groupId":"org.apache.maven.plugins","artefactId":"maven-jar-plugin","version":"3.4.1","pluginClassName":null},{"__type":"DefaultPlugin","groupId":"org.apache.maven.plugins","artefactId":"maven-surefire-plugin","version":"3.0.0-M5","pluginClassName":null},{"__type":"DefaultPlugin","groupId":"org.apache.maven.plugins","artefactId":"maven-install-plugin","version":"3.1.2","pluginClassName":null},{"__type":"DefaultPlugin","groupId":"org.apache.maven.plugins","artefactId":"maven-site-plugin","version":"3.12.1","pluginClassName":null}],"version":"3.9.12","encoding":"UTF-8","name":"maven","subModules":[],"simpleModuleName":null,"parentModuleName":"com.paritytrading.parity:parity-parent","location":"/home/jbergqvist/diffblue/paritytrading-parity/applications/fix","fullModuleName":"com.paritytrading.parity:parity-fix"},{"__type":"DefaultProjectModule","junitReport":["/home/jbergqvist/diffblue/paritytrading-parity/applications/reporter/target/surefire-reports"],"jacocoReport":["/home/jbergqvist/diffblue/paritytrading-parity/applications/reporter/target/site/jacoco/jacoco.xml"],"jacocoDestFile":["/home/jbergqvist/diffblue/paritytrading-parity/applications/reporter/target/jacoco.exec"],"jacocoFormats":["xml"],"jacocoSkipped":false,"classpath":["/home/jbergqvist/diffblue/paritytrading-parity/applications/reporter/target/classes"],"complianceLevel":"1.8","productionSources":["/home/jbergqvist/diffblue/paritytrading-parity/applications/reporter/src/main/java"],"testSources":["/home/jbergqvist/diffblue/paritytrading-parity/applications/reporter/src/test/java"],"productionClasses":"/home/jbergqvist/diffblue/paritytrading-parity/applications/reporter/target/classes","testClasses":"/home/jbergqvist/diffblue/paritytrading-parity/applications/reporter/target/test-classes","sourceToBuildPathMap":null,"testSourceToBuildPathMap":null,"buildDirectory":"/home/jbergqvist/diffblue/paritytrading-parity/applications/reporter/target","plugins":[{"__type":"DefaultPlugin","groupId":"org.apache.maven.plugins","artefactId":"maven-enforcer-plugin","version":"1.0","pluginClassName":null},{"__type":"DefaultPlugin","groupId":"org.apache.maven.plugins","artefactId":"maven-checkstyle-plugin","version":"3.1.0","pluginClassName":null},{"__type":"DefaultPlugin","groupId":"org.apache.maven.plugins","artefactId":"maven-compiler-plugin","version":"3.8.0","pluginClassName":null},{"__type":"DefaultPlugin","groupId":"org.apache.maven.plugins","artefactId":"maven-javadoc-plugin","version":"3.0.1","pluginClassName":null},{"__type":"DefaultPlugin","groupId":"org.apache.maven.plugins","artefactId":"maven-release-plugin","version":"2.5.3","pluginClassName":null},{"__type":"DefaultPlugin","groupId":"org.apache.maven.plugins","artefactId":"maven-deploy-plugin","version":"2.8.2","pluginClassName":null},{"__type":"DefaultPlugin","groupId":"org.apache.maven.plugins","artefactId":"maven-shade-plugin","version":"3.2.1","pluginClassName":null},{"__type":"DefaultPlugin","groupId":"org.apache.maven.plugins","artefactId":"maven-clean-plugin","version":"3.2.0","pluginClassName":null},{"__type":"DefaultPlugin","groupId":"org.apache.maven.plugins","artefactId":"maven-resources-plugin","version":"3.3.1","pluginClassName":null},{"__type":"DefaultPlugin","groupId":"org.apache.maven.plugins","artefactId":"maven-jar-plugin","version":"3.4.1","pluginClassName":null},{"__type":"DefaultPlugin","groupId":"org.apache.maven.plugins","artefactId":"maven-surefire-plugin","version":"3.0.0-M5","pluginClassName":null},{"__type":"DefaultPlugin","groupId":"org.apache.maven.plugins","artefactId":"maven-install-plugin","version":"3.1.2","pluginClassName":null},{"__type":"DefaultPlugin","groupId":"org.apache.maven.plugins","artefactId":"maven-site-plugin","version":"3.12.1","pluginClassName":null}],"version":"3.9.12","encoding":"UTF-8","name":"maven","subModules":[],"simpleModuleName":null,"parentModuleName":"com.paritytrading.parity:parity-parent","location":"/home/jbergqvist/diffblue/paritytrading-parity/applications/reporter","fullModuleName":"com.paritytrading.parity:parity-reporter"},{"__type":"DefaultProjectModule","junitReport":["/home/jbergqvist/diffblue/paritytrading-parity/applications/system/target/surefire-reports"],"jacocoReport":["/home/jbergqvist/diffblue/paritytrading-parity/applications/system/target/site/jacoco/jacoco.xml"],"jacocoDestFile":["/home/jbergqvist/diffblue/paritytrading-parity/applications/system/target/jacoco.exec"],"jacocoFormats":["xml"],"jacocoSkipped":false,"classpath":["/home/jbergqvist/diffblue/paritytrading-parity/applications/system/target/classes"],"complianceLevel":"1.8","productionSources":["/home/jbergqvist/diffblue/paritytrading-parity/applications/system/src/main/java"],"testSources":["/home/jbergqvist/diffblue/paritytrading-parity/applications/system/src/test/java"],"productionClasses":"/home/jbergqvist/diffblue/paritytrading-parity/applications/system/target/classes","testClasses":"/home/jbergqvist/diffblue/paritytrading-parity/applications/system/target/test-classes","sourceToBuildPathMap":null,"testSourceToBuildPathMap":null,"buildDirectory":"/home/jbergqvist/diffblue/paritytrading-parity/applications/system/target","plugins":[{"__type":"DefaultPlugin","groupId":"org.apache.maven.plugins","artefactId":"maven-enforcer-plugin","version":"1.0","pluginClassName":null},{"__type":"DefaultPlugin","groupId":"org.apache.maven.plugins","artefactId":"maven-checkstyle-plugin","version":"3.1.0","pluginClassName":null},{"__type":"DefaultPlugin","groupId":"org.apache.maven.plugins","artefactId":"maven-compiler-plugin","version":"3.8.0","pluginClassName":null},{"__type":"DefaultPlugin","groupId":"org.apache.maven.plugins","artefactId":"maven-javadoc-plugin","version":"3.0.1","pluginClassName":null},{"__type":"DefaultPlugin","groupId":"org.apache.maven.plugins","artefactId":"maven-release-plugin","version":"2.5.3","pluginClassName":null},{"__type":"DefaultPlugin","groupId":"org.apache.maven.plugins","artefactId":"maven-deploy-plugin","version":"2.8.2","pluginClassName":null},{"__type":"DefaultPlugin","groupId":"org.apache.maven.plugins","artefactId":"maven-shade-plugin","version":"3.2.1","pluginClassName":null},{"__type":"DefaultPlugin","groupId":"org.apache.maven.plugins","artefactId":"maven-clean-plugin","version":"3.2.0","pluginClassName":null},{"__type":"DefaultPlugin","groupId":"org.apache.maven.plugins","artefactId":"maven-resources-plugin","version":"3.3.1","pluginClassName":null},{"__type":"DefaultPlugin","groupId":"org.apache.maven.plugins","artefactId":"maven-jar-plugin","version":"3.4.1","pluginClassName":null},{"__type":"DefaultPlugin","groupId":"org.apache.maven.plugins","artefactId":"maven-surefire-plugin","version":"3.0.0-M5","pluginClassName":null},{"__type":"DefaultPlugin","groupId":"org.apache.maven.plugins","artefactId":"maven-install-plugin","version":"3.1.2","pluginClassName":null},{"__type":"DefaultPlugin","groupId":"org.apache.maven.plugins","artefactId":"maven-site-plugin","version":"3.12.1","pluginClassName":null}],"version":"3.9.12","encoding":"UTF-8","name":"maven","subModules":[],"simpleModuleName":null,"parentModuleName":"com.paritytrading.parity:parity-parent","location":"/home/jbergqvist/diffblue/paritytrading-parity/applications/system","fullModuleName":"com.paritytrading.parity:parity-system"},{"__type":"DefaultProjectModule","junitReport":["/home/jbergqvist/diffblue/paritytrading-parity/applications/ticker/target/surefire-reports"],"jacocoReport":["/home/jbergqvist/diffblue/paritytrading-parity/applications/ticker/target/site/jacoco/jacoco.xml"],"jacocoDestFile":["/home/jbergqvist/diffblue/paritytrading-parity/applications/ticker/target/jacoco.exec"],"jacocoFormats":["xml"],"jacocoSkipped":false,"classpath":["/home/jbergqvist/diffblue/paritytrading-parity/applications/ticker/target/classes"],"complianceLevel":"1.8","productionSources":["/home/jbergqvist/diffblue/paritytrading-parity/applications/ticker/src/main/java"],"testSources":["/home/jbergqvist/diffblue/paritytrading-parity/applications/ticker/src/test/java"],"productionClasses":"/home/jbergqvist/diffblue/paritytrading-parity/applications/ticker/target/classes","testClasses":"/home/jbergqvist/diffblue/paritytrading-parity/applications/ticker/target/test-classes","sourceToBuildPathMap":null,"testSourceToBuildPathMap":null,"buildDirectory":"/home/jbergqvist/diffblue/paritytrading-parity/applications/ticker/target","plugins":[{"__type":"DefaultPlugin","groupId":"org.apache.maven.plugins","artefactId":"maven-enforcer-plugin","version":"1.0","pluginClassName":null},{"__type":"DefaultPlugin","groupId":"org.apache.maven.plugins","artefactId":"maven-checkstyle-plugin","version":"3.1.0","pluginClassName":null},{"__type":"DefaultPlugin","groupId":"org.apache.maven.plugins","artefactId":"maven-compiler-plugin","version":"3.8.0","pluginClassName":null},{"__type":"DefaultPlugin","groupId":"org.apache.maven.plugins","artefactId":"maven-javadoc-plugin","version":"3.0.1","pluginClassName":null},{"__type":"DefaultPlugin","groupId":"org.apache.maven.plugins","artefactId":"maven-release-plugin","version":"2.5.3","pluginClassName":null},{"__type":"DefaultPlugin","groupId":"org.apache.maven.plugins","artefactId":"maven-deploy-plugin","version":"2.8.2","pluginClassName":null},{"__type":"DefaultPlugin","groupId":"org.apache.maven.plugins","artefactId":"maven-shade-plugin","version":"3.2.1","pluginClassName":null},{"__type":"DefaultPlugin","groupId":"org.apache.maven.plugins","artefactId":"maven-clean-plugin","version":"3.2.0","pluginClassName":null},{"__type":"DefaultPlugin","groupId":"org.apache.maven.plugins","artefactId":"maven-resources-plugin","version":"3.3.1","pluginClassName":null},{"__type":"DefaultPlugin","groupId":"org.apache.maven.plugins","artefactId":"maven-jar-plugin","version":"3.4.1","pluginClassName":null},{"__type":"DefaultPlugin","groupId":"org.apache.maven.plugins","artefactId":"maven-surefire-plugin","version":"3.0.0-M5","pluginClassName":null},{"__type":"DefaultPlugin","groupId":"org.apache.maven.plugins","artefactId":"maven-install-plugin","version":"3.1.2","pluginClassName":null},{"__type":"DefaultPlugin","groupId":"org.apache.maven.plugins","artefactId":"maven-site-plugin","version":"3.12.1","pluginClassName":null}],"version":"3.9.12","encoding":"UTF-8","name":"maven","subModules":[],"simpleModuleName":null,"parentModuleName":"com.paritytrading.parity:parity-parent","location":"/home/jbergqvist/diffblue/paritytrading-parity/applications/ticker","fullModuleName":"com.paritytrading.parity:parity-ticker"},{"__type":"DefaultProjectModule","junitReport":["/home/jbergqvist/diffblue/paritytrading-parity/tests/book-perf-test/target/surefire-reports"],"jacocoReport":["/home/jbergqvist/diffblue/paritytrading-parity/tests/book-perf-test/target/site/jacoco/jacoco.xml"],"jacocoDestFile":["/home/jbergqvist/diffblue/paritytrading-parity/tests/book-perf-test/target/jacoco.exec"],"jacocoFormats":["xml"],"jacocoSkipped":false,"classpath":["/home/jbergqvist/diffblue/paritytrading-parity/tests/book-perf-test/target/classes"],"complianceLevel":"1.8","productionSources":["/home/jbergqvist/diffblue/paritytrading-parity/tests/book-perf-test/src/main/java"],"testSources":["/home/jbergqvist/diffblue/paritytrading-parity/tests/book-perf-test/src/test/java"],"productionClasses":"/home/jbergqvist/diffblue/paritytrading-parity/tests/book-perf-test/target/classes","testClasses":"/home/jbergqvist/diffblue/paritytrading-parity/tests/book-perf-test/target/test-classes","sourceToBuildPathMap":null,"testSourceToBuildPathMap":null,"buildDirectory":"/home/jbergqvist/diffblue/paritytrading-parity/tests/book-perf-test/target","plugins":[{"__type":"DefaultPlugin","groupId":"org.apache.maven.plugins","artefactId":"maven-enforcer-plugin","version":"1.0","pluginClassName":null},{"__type":"DefaultPlugin","groupId":"org.apache.maven.plugins","artefactId":"maven-checkstyle-plugin","version":"3.1.0","pluginClassName":null},{"__type":"DefaultPlugin","groupId":"org.apache.maven.plugins","artefactId":"maven-compiler-plugin","version":"3.8.0","pluginClassName":null},{"__type":"DefaultPlugin","groupId":"org.apache.maven.plugins","artefactId":"maven-javadoc-plugin","version":"3.0.1","pluginClassName":null},{"__type":"DefaultPlugin","groupId":"org.apache.maven.plugins","artefactId":"maven-release-plugin","version":"2.5.3","pluginClassName":null},{"__type":"DefaultPlugin","groupId":"org.apache.maven.plugins","artefactId":"maven-deploy-plugin","version":"2.8.2","pluginClassName":null},{"__type":"DefaultPlugin","groupId":"org.apache.maven.plugins","artefactId":"maven-shade-plugin","version":"3.2.1","pluginClassName":null},{"__type":"DefaultPlugin","groupId":"org.apache.maven.plugins","artefactId":"maven-clean-plugin","version":"3.2.0","pluginClassName":null},{"__type":"DefaultPlugin","groupId":"org.apache.maven.plugins","artefactId":"maven-resources-plugin","version":"3.3.1","pluginClassName":null},{"__type":"DefaultPlugin","groupId":"org.apache.maven.plugins","artefactId":"maven-jar-plugin","version":"3.4.1","pluginClassName":null},{"__type":"DefaultPlugin","groupId":"org.apache.maven.plugins","artefactId":"maven-surefire-plugin","version":"3.0.0-M5","pluginClassName":null},{"__type":"DefaultPlugin","groupId":"org.apache.maven.plugins","artefactId":"maven-install-plugin","version":"3.1.2","pluginClassName":null},{"__type":"DefaultPlugin","groupId":"org.apache.maven.plugins","artefactId":"maven-site-plugin","version":"3.12.1","pluginClassName":null}],"version":"3.9.12","encoding":"UTF-8","name":"maven","subModules":[],"simpleModuleName":null,"parentModuleName":"com.paritytrading.parity:parity-parent","location":"/home/jbergqvist/diffblue/paritytrading-parity/tests/book-perf-test","fullModuleName":"com.paritytrading.parity:parity-book-perf-test"},{"__type":"DefaultProjectModule","junitReport":["/home/jbergqvist/diffblue/paritytrading-parity/tests/match-perf-test/target/surefire-reports"],"jacocoReport":["/home/jbergqvist/diffblue/paritytrading-parity/tests/match-perf-test/target/site/jacoco/jacoco.xml"],"jacocoDestFile":["/home/jbergqvist/diffblue/paritytrading-parity/tests/match-perf-test/target/jacoco.exec"],"jacocoFormats":["xml"],"jacocoSkipped":false,"classpath":["/home/jbergqvist/diffblue/paritytrading-parity/tests/match-perf-test/target/classes"],"complianceLevel":"1.8","productionSources":["/home/jbergqvist/diffblue/paritytrading-parity/tests/match-perf-test/src/main/java"],"testSources":["/home/jbergqvist/diffblue/paritytrading-parity/tests/match-perf-test/src/test/java"],"productionClasses":"/home/jbergqvist/diffblue/paritytrading-parity/tests/match-perf-test/target/classes","testClasses":"/home/jbergqvist/diffblue/paritytrading-parity/tests/match-perf-test/target/test-classes","sourceToBuildPathMap":null,"testSourceToBuildPathMap":null,"buildDirectory":"/home/jbergqvist/diffblue/paritytrading-parity/tests/match-perf-test/target","plugins":[{"__type":"DefaultPlugin","groupId":"org.apache.maven.plugins","artefactId":"maven-enforcer-plugin","version":"1.0","pluginClassName":null},{"__type":"DefaultPlugin","groupId":"org.apache.maven.plugins","artefactId":"maven-checkstyle-plugin","version":"3.1.0","pluginClassName":null},{"__type":"DefaultPlugin","groupId":"org.apache.maven.plugins","artefactId":"maven-compiler-plugin","version":"3.8.0","pluginClassName":null},{"__type":"DefaultPlugin","groupId":"org.apache.maven.plugins","artefactId":"maven-javadoc-plugin","version":"3.0.1","pluginClassName":null},{"__type":"DefaultPlugin","groupId":"org.apache.maven.plugins","artefactId":"maven-release-plugin","version":"2.5.3","pluginClassName":null},{"__type":"DefaultPlugin","groupId":"org.apache.maven.plugins","artefactId":"maven-deploy-plugin","version":"2.8.2","pluginClassName":null},{"__type":"DefaultPlugin","groupId":"org.apache.maven.plugins","artefactId":"maven-shade-plugin","version":"3.2.1","pluginClassName":null},{"__type":"DefaultPlugin","groupId":"org.apache.maven.plugins","artefactId":"maven-clean-plugin","version":"3.2.0","pluginClassName":null},{"__type":"DefaultPlugin","groupId":"org.apache.maven.plugins","artefactId":"maven-resources-plugin","version":"3.3.1","pluginClassName":null},{"__type":"DefaultPlugin","groupId":"org.apache.maven.plugins","artefactId":"maven-jar-plugin","version":"3.4.1","pluginClassName":null},{"__type":"DefaultPlugin","groupId":"org.apache.maven.plugins","artefactId":"maven-surefire-plugin","version":"3.0.0-M5","pluginClassName":null},{"__type":"DefaultPlugin","groupId":"org.apache.maven.plugins","artefactId":"maven-install-plugin","version":"3.1.2","pluginClassName":null},{"__type":"DefaultPlugin","groupId":"org.apache.maven.plugins","artefactId":"maven-site-plugin","version":"3.12.1","pluginClassName":null}],"version":"3.9.12","encoding":"UTF-8","name":"maven","subModules":[],"simpleModuleName":null,"parentModuleName":"com.paritytrading.parity:parity-parent","location":"/home/jbergqvist/diffblue/paritytrading-parity/tests/match-perf-test","fullModuleName":"com.paritytrading.parity:parity-match-perf-test"}],"simpleModuleName":null,"parentModuleName":"org.sonatype.oss:oss-parent","location":"/home/jbergqvist/diffblue/paritytrading-parity","fullModuleName":"com.paritytrading.parity:parity-parent"}}
10:21:44.508 [INFO]   [Validating]  [maven:out]         [com.diffblue.cover.buildsystem.config.a.a] out: [INFO] ------------------------------------------------------------------------
10:21:44.509 [INFO]   [Validating]  [maven:out]         [com.diffblue.cover.buildsystem.config.a.a] out: [INFO] Reactor Summary for Parity (Parent) 0.7.1-SNAPSHOT:
10:21:44.509 [INFO]   [Validating]  [maven:out]         [com.diffblue.cover.buildsystem.config.a.a] out: [INFO] 
10:21:44.509 [INFO]   [Validating]  [maven:out]         [com.diffblue.cover.buildsystem.config.a.a] out: [INFO] Parity (Parent) .................................... SUCCESS [  0.705 s]
10:21:44.509 [INFO]   [Validating]  [maven:out]         [com.diffblue.cover.buildsystem.config.a.a] out: [INFO] Parity File Formats ................................ SUCCESS [  0.090 s]
10:21:44.509 [INFO]   [Validating]  [maven:out]         [com.diffblue.cover.buildsystem.config.a.a] out: [INFO] ------------------------------------------------------------------------
10:21:44.509 [INFO]   [Validating]  [maven:out]         [com.diffblue.cover.buildsystem.config.a.a] out: [INFO] BUILD SUCCESS
10:21:44.509 [INFO]   [Validating]  [maven:out]         [com.diffblue.cover.buildsystem.config.a.a] out: [INFO] ------------------------------------------------------------------------
10:21:44.509 [INFO]   [Validating]  [maven:out]         [com.diffblue.cover.buildsystem.config.a.a] out: [INFO] Total time:  0.974 s
10:21:44.509 [INFO]   [Validating]  [maven:out]         [com.diffblue.cover.buildsystem.config.a.a] out: [INFO] Finished at: 2026-01-20T10:21:44Z
10:21:44.509 [INFO]   [Validating]  [maven:out]         [com.diffblue.cover.buildsystem.config.a.a] out: [INFO] ------------------------------------------------------------------------
10:21:44.509 [INFO]   [Validating]  [maven:out]         [com.diffblue.cover.buildsystem.internal.f.f] deserializing line [DIFFBLUE]{"__type":"com.diffblue.cover.buildsystem.model.ProjectInfoMessage","projectName":"com.paritytrading.parity:parity-parent","productionSources":["/home/jbergqvist/diffblue/paritytrading-parity/src/main/java"],"testSources":["/home/jbergqvist/diffblue/paritytrading-parity/src/test/java"],"location":"/home/jbergqvist/diffblue/paritytrading-parity"}
10:21:44.509 [INFO]   [Validating]  [maven:out]         [com.diffblue.cover.buildsystem.internal.f.f] deserializing line [DIFFBLUE]{"__type":"com.diffblue.cover.buildsystem.model.ProjectInfoMessage","projectName":"com.paritytrading.parity:parity-book","productionSources":["/home/jbergqvist/diffblue/paritytrading-parity/libraries/book/src/main/java"],"testSources":["/home/jbergqvist/diffblue/paritytrading-parity/libraries/book/src/test/java"],"location":"/home/jbergqvist/diffblue/paritytrading-parity/libraries/book"}
10:21:44.510 [INFO]   [Validating]  [maven:out]         [com.diffblue.cover.buildsystem.internal.f.f] deserializing line [DIFFBLUE]{"__type":"com.diffblue.cover.buildsystem.model.ProjectInfoMessage","projectName":"com.paritytrading.parity:parity-file","productionSources":["/home/jbergqvist/diffblue/paritytrading-parity/libraries/file/src/main/java"],"testSources":["/home/jbergqvist/diffblue/paritytrading-parity/libraries/file/src/test/java"],"location":"/home/jbergqvist/diffblue/paritytrading-parity/libraries/file"}
10:21:44.512 [INFO]   [Validating]  [maven:out]         [com.diffblue.cover.buildsystem.internal.f.f] deserializing line [DIFFBLUE]{"__type":"com.diffblue.cover.buildsystem.model.ProjectInfoMessage","projectName":"com.paritytrading.parity:parity-match","productionSources":["/home/jbergqvist/diffblue/paritytrading-parity/libraries/match/src/main/java"],"testSources":["/home/jbergqvist/diffblue/paritytrading-parity/libraries/match/src/test/java"],"location":"/home/jbergqvist/diffblue/paritytrading-parity/libraries/match"}
10:21:44.513 [INFO]   [Validating]  [maven:out]         [com.diffblue.cover.buildsystem.internal.f.f] deserializing line [DIFFBLUE]{"__type":"com.diffblue.cover.buildsystem.model.ProjectInfoMessage","projectName":"com.paritytrading.parity:parity-net","productionSources":["/home/jbergqvist/diffblue/paritytrading-parity/libraries/net/src/main/java"],"testSources":["/home/jbergqvist/diffblue/paritytrading-parity/libraries/net/src/test/java"],"location":"/home/jbergqvist/diffblue/paritytrading-parity/libraries/net"}
10:21:44.514 [INFO]   [Validating]  [maven:out]         [com.diffblue.cover.buildsystem.internal.f.f] deserializing line [DIFFBLUE]{"__type":"com.diffblue.cover.buildsystem.model.ProjectInfoMessage","projectName":"com.paritytrading.parity:parity-util","productionSources":["/home/jbergqvist/diffblue/paritytrading-parity/libraries/util/src/main/java"],"testSources":["/home/jbergqvist/diffblue/paritytrading-parity/libraries/util/src/test/java"],"location":"/home/jbergqvist/diffblue/paritytrading-parity/libraries/util"}
10:21:44.515 [INFO]   [Validating]  [maven:out]         [com.diffblue.cover.buildsystem.internal.f.f] deserializing line [DIFFBLUE]{"__type":"com.diffblue.cover.buildsystem.model.ProjectInfoMessage","projectName":"com.paritytrading.parity:parity-client","productionSources":["/home/jbergqvist/diffblue/paritytrading-parity/applications/client/src/main/java"],"testSources":["/home/jbergqvist/diffblue/paritytrading-parity/applications/client/src/test/java"],"location":"/home/jbergqvist/diffblue/paritytrading-parity/applications/client"}
10:21:44.517 [INFO]   [Validating]  [maven:out]         [com.diffblue.cover.buildsystem.internal.f.f] deserializing line [DIFFBLUE]{"__type":"com.diffblue.cover.buildsystem.model.ProjectInfoMessage","projectName":"com.paritytrading.parity:parity-fix","productionSources":["/home/jbergqvist/diffblue/paritytrading-parity/applications/fix/src/main/java"],"testSources":["/home/jbergqvist/diffblue/paritytrading-parity/applications/fix/src/test/java"],"location":"/home/jbergqvist/diffblue/paritytrading-parity/applications/fix"}
10:21:44.518 [INFO]   [Validating]  [maven:out]         [com.diffblue.cover.buildsystem.internal.f.f] deserializing line [DIFFBLUE]{"__type":"com.diffblue.cover.buildsystem.model.ProjectInfoMessage","projectName":"com.paritytrading.parity:parity-reporter","productionSources":["/home/jbergqvist/diffblue/paritytrading-parity/applications/reporter/src/main/java"],"testSources":["/home/jbergqvist/diffblue/paritytrading-parity/applications/reporter/src/test/java"],"location":"/home/jbergqvist/diffblue/paritytrading-parity/applications/reporter"}
10:21:44.519 [INFO]   [Validating]  [maven:out]         [com.diffblue.cover.buildsystem.internal.f.f] deserializing line [DIFFBLUE]{"__type":"com.diffblue.cover.buildsystem.model.ProjectInfoMessage","projectName":"com.paritytrading.parity:parity-system","productionSources":["/home/jbergqvist/diffblue/paritytrading-parity/applications/system/src/main/java"],"testSources":["/home/jbergqvist/diffblue/paritytrading-parity/applications/system/src/test/java"],"location":"/home/jbergqvist/diffblue/paritytrading-parity/applications/system"}
10:21:44.520 [INFO]   [Validating]  [maven:out]         [com.diffblue.cover.buildsystem.internal.f.f] deserializing line [DIFFBLUE]{"__type":"com.diffblue.cover.buildsystem.model.ProjectInfoMessage","projectName":"com.paritytrading.parity:parity-ticker","productionSources":["/home/jbergqvist/diffblue/paritytrading-parity/applications/ticker/src/main/java"],"testSources":["/home/jbergqvist/diffblue/paritytrading-parity/applications/ticker/src/test/java"],"location":"/home/jbergqvist/diffblue/paritytrading-parity/applications/ticker"}
10:21:44.521 [INFO]   [Validating]  [maven:out]         [com.diffblue.cover.buildsystem.internal.f.f] deserializing line [DIFFBLUE]{"__type":"com.diffblue.cover.buildsystem.model.ProjectInfoMessage","projectName":"com.paritytrading.parity:parity-book-perf-test","productionSources":["/home/jbergqvist/diffblue/paritytrading-parity/tests/book-perf-test/src/main/java"],"testSources":["/home/jbergqvist/diffblue/paritytrading-parity/tests/book-perf-test/src/test/java"],"location":"/home/jbergqvist/diffblue/paritytrading-parity/tests/book-perf-test"}
10:21:44.522 [INFO]   [Validating]  [maven:out]         [com.diffblue.cover.buildsystem.internal.f.f] deserializing line [DIFFBLUE]{"__type":"com.diffblue.cover.buildsystem.model.ProjectInfoMessage","projectName":"com.paritytrading.parity:parity-match-perf-test","productionSources":["/home/jbergqvist/diffblue/paritytrading-parity/tests/match-perf-test/src/main/java"],"testSources":["/home/jbergqvist/diffblue/paritytrading-parity/tests/match-perf-test/src/test/java"],"location":"/home/jbergqvist/diffblue/paritytrading-parity/tests/match-perf-test"}
10:21:44.550 [INFO]   [Validating]  [main]              [com.diffblue.cover.buildsystem.internal.f.d] maven:err process not stopped, joining thread
10:21:44.551 [INFO]   [Validating]  [main]              [com.diffblue.cover.buildsystem.internal.f.d] maven:out process not stopped, joining thread
10:21:44.551 [DEBUG]  [Validating]  [main]              [com.diffblue.cover.buildsystem.config.a.a] Executor spent 1s on command "/home/jbergqvist/.sdkman/candidates/maven/current/bin/mvn -Dmaven.ext.class.path=/opt/cover/cover-buildsystem-maven-spy-jar-with-dependencies.jar -Dcom.diffblue.cover.skipTests=true -DskipTestOptimizer --batch-mode --projects=com.paritytrading.parity:parity-file --global-settings=/home/jbergqvist/.sdkman/candidates/maven/current/conf/settings.xml org.apache.maven.plugins:maven-checkstyle-plugin:check -Dcheckstyle.failOnViolation=false validate --also-make"
10:21:44.552 [INFO]   [Validating]  [main]              [com.diffblue.cover.ui.controller.r] This can take a couple of minutes.
10:21:44.552 [DEBUG]  [Validating]  [main]              [com.diffblue.cover.buildsystem.config.registry.Registry] checking if /home/jbergqvist/diffblue/paritytrading-parity/libraries/file/DiffblueBuild.yaml exists...
10:21:44.552 [DEBUG]  [Validating]  [main]              [com.diffblue.cover.buildsystem.config.registry.Registry] checking if /home/jbergqvist/diffblue/paritytrading-parity/libraries/file/DiffblueBuild.yml exists...
10:21:44.552 [DEBUG]  [Validating]  [main]              [com.diffblue.cover.buildsystem.config.registry.Registry] checking if /home/jbergqvist/diffblue/paritytrading-parity/DiffblueBuild.yaml exists...
10:21:44.552 [DEBUG]  [Validating]  [main]              [com.diffblue.cover.buildsystem.config.registry.Registry] checking if /home/jbergqvist/diffblue/paritytrading-parity/DiffblueBuild.yml exists...
10:21:44.552 [INFO]   [Validating]  [main]              [com.diffblue.cover.buildsystem.config.registry.Registry] Using default build rules as no custom rules found in any of [/home/jbergqvist/diffblue/paritytrading-parity/libraries/file, /home/jbergqvist/diffblue/paritytrading-parity]
10:21:44.553 [DEBUG]  [Validating]  [main]              [com.diffblue.cover.buildsystem.config.registry.Registry] Build execution request for Validate Phase
10:21:44.553 [INFO]   [Validating]  [main]              [com.diffblue.cover.buildsystem.config.a.a] Attempting to invoke mvnw in working directory: /home/jbergqvist/diffblue/paritytrading-parity
10:21:44.553 [INFO]   [Validating]  [main]              [com.diffblue.cover.buildsystem.config.a.a] Attempting to invoke /home/jbergqvist/.sdkman/candidates/maven/current/bin/mvn in working directory: /home/jbergqvist/diffblue/paritytrading-parity
10:21:44.554 [INFO]   [Validating]  [main]              [com.diffblue.cover.buildsystem.config.a.a] Started "/home/jbergqvist/.sdkman/candidates/maven/current/bin/mvn -Dmaven.ext.class.path=/opt/cover/cover-buildsystem-maven-spy-jar-with-dependencies.jar -Dcom.diffblue.cover.skipTests=true -DskipTestOptimizer --batch-mode --projects=com.paritytrading.parity:parity-file --global-settings=/home/jbergqvist/.sdkman/candidates/maven/current/conf/settings.xml org.apache.maven.plugins:maven-checkstyle-plugin:check -Dcheckstyle.failOnViolation=false clean test"
10:21:45.315 [INFO]   [Validating]  [maven:out]         [com.diffblue.cover.buildsystem.config.a.a] out: [INFO] Scanning for projects...
10:21:45.452 [INFO]   [Validating]  [maven:out]         [com.diffblue.cover.buildsystem.config.a.a] out: [INFO] 
10:21:45.452 [INFO]   [Validating]  [maven:out]         [com.diffblue.cover.buildsystem.config.a.a] out: [INFO] ----------------< com.paritytrading.parity:parity-file >----------------
10:21:45.452 [INFO]   [Validating]  [maven:out]         [com.diffblue.cover.buildsystem.config.a.a] out: [INFO] Building Parity File Formats 0.7.1-SNAPSHOT
10:21:45.452 [INFO]   [Validating]  [maven:out]         [com.diffblue.cover.buildsystem.config.a.a] out: [INFO]   from pom.xml
10:21:45.452 [INFO]   [Validating]  [maven:out]         [com.diffblue.cover.buildsystem.config.a.a] out: [INFO] --------------------------------[ jar ]---------------------------------
10:21:45.713 [INFO]   [Validating]  [maven:out]         [com.diffblue.cover.buildsystem.internal.f.f] deserializing line [DIFFBLUE]{"__type":"com.diffblue.cover.buildsystem.model.DefaultEventMessage","project":"com.paritytrading.parity:parity-file","goal":"check","cause":null,"state":"STARTED"}
10:21:45.714 [INFO]   [Validating]  [maven:out]         [com.diffblue.cover.buildsystem.config.a.a] out: [INFO] 
10:21:45.714 [INFO]   [Validating]  [maven:out]         [com.diffblue.cover.buildsystem.config.a.a] out: [INFO] --- checkstyle:3.1.0:check (default-cli) @ parity-file ---
10:21:46.148 [INFO]   [Validating]  [maven:out]         [com.diffblue.cover.buildsystem.internal.f.f] deserializing line [DIFFBLUE]{"__type":"com.diffblue.cover.buildsystem.model.DefaultEventMessage","project":"com.paritytrading.parity:parity-file","goal":"check","cause":null,"state":"SUCCESS"}
10:21:46.149 [INFO]   [Validating]  [maven:out]         [com.diffblue.cover.buildsystem.internal.f.f] deserializing line [DIFFBLUE]{"__type":"com.diffblue.cover.buildsystem.model.DefaultEventMessage","project":"com.paritytrading.parity:parity-file","goal":"clean","cause":null,"state":"STARTED"}
10:21:46.150 [INFO]   [Validating]  [maven:out]         [com.diffblue.cover.buildsystem.config.a.a] out: [INFO] 
10:21:46.150 [INFO]   [Validating]  [maven:out]         [com.diffblue.cover.buildsystem.config.a.a] out: [INFO] --- clean:3.2.0:clean (default-clean) @ parity-file ---
10:21:46.173 [INFO]   [Validating]  [maven:out]         [com.diffblue.cover.buildsystem.config.a.a] out: [INFO] Deleting /home/jbergqvist/diffblue/paritytrading-parity/libraries/file/target
10:21:46.177 [INFO]   [Validating]  [maven:out]         [com.diffblue.cover.buildsystem.internal.f.f] deserializing line [DIFFBLUE]{"__type":"com.diffblue.cover.buildsystem.model.DefaultEventMessage","project":"com.paritytrading.parity:parity-file","goal":"clean","cause":null,"state":"SUCCESS"}
10:21:46.179 [INFO]   [Validating]  [maven:out]         [com.diffblue.cover.buildsystem.internal.f.f] deserializing line [DIFFBLUE]{"__type":"com.diffblue.cover.buildsystem.model.DefaultEventMessage","project":"com.paritytrading.parity:parity-file","goal":"enforce","cause":null,"state":"STARTED"}
10:21:46.179 [INFO]   [Validating]  [maven:out]         [com.diffblue.cover.buildsystem.config.a.a] out: [INFO] 
10:21:46.179 [INFO]   [Validating]  [maven:out]         [com.diffblue.cover.buildsystem.config.a.a] out: [INFO] --- enforcer:1.0:enforce (enforce-maven) @ parity-file ---
10:21:46.237 [INFO]   [Validating]  [maven:out]         [com.diffblue.cover.buildsystem.internal.f.f] deserializing line [DIFFBLUE]{"__type":"com.diffblue.cover.buildsystem.model.DefaultEventMessage","project":"com.paritytrading.parity:parity-file","goal":"enforce","cause":null,"state":"SUCCESS"}
10:21:46.238 [INFO]   [Validating]  [maven:out]         [com.diffblue.cover.buildsystem.internal.f.f] deserializing line [DIFFBLUE]{"__type":"com.diffblue.cover.buildsystem.model.DefaultEventMessage","project":"com.paritytrading.parity:parity-file","goal":"resources","cause":null,"state":"STARTED"}
10:21:46.238 [INFO]   [Validating]  [maven:out]         [com.diffblue.cover.buildsystem.config.a.a] out: [INFO] 
10:21:46.238 [INFO]   [Validating]  [maven:out]         [com.diffblue.cover.buildsystem.config.a.a] out: [INFO] --- resources:3.3.1:resources (default-resources) @ parity-file ---
10:21:46.274 [INFO]   [Validating]  [maven:out]         [com.diffblue.cover.buildsystem.config.a.a] out: [INFO] skip non existing resourceDirectory /home/jbergqvist/diffblue/paritytrading-parity/libraries/file/src/main/resources
10:21:46.275 [INFO]   [Validating]  [maven:out]         [com.diffblue.cover.buildsystem.internal.f.f] deserializing line [DIFFBLUE]{"__type":"com.diffblue.cover.buildsystem.model.DefaultEventMessage","project":"com.paritytrading.parity:parity-file","goal":"resources","cause":null,"state":"SUCCESS"}
10:21:46.277 [INFO]   [Validating]  [maven:out]         [com.diffblue.cover.buildsystem.internal.f.f] deserializing line [DIFFBLUE]{"__type":"com.diffblue.cover.buildsystem.model.DefaultEventMessage","project":"com.paritytrading.parity:parity-file","goal":"compile","cause":null,"state":"STARTED"}
10:21:46.278 [INFO]   [Validating]  [maven:out]         [com.diffblue.cover.buildsystem.config.a.a] out: [INFO] 
10:21:46.278 [INFO]   [Validating]  [maven:out]         [com.diffblue.cover.buildsystem.config.a.a] out: [INFO] --- compiler:3.8.0:compile (default-compile) @ parity-file ---
10:21:46.362 [INFO]   [Validating]  [maven:out]         [com.diffblue.cover.buildsystem.config.a.a] out: [INFO] Changes detected - recompiling the module!
10:21:46.366 [INFO]   [Validating]  [maven:out]         [com.diffblue.cover.buildsystem.config.a.a] out: [INFO] Compiling 4 source files to /home/jbergqvist/diffblue/paritytrading-parity/libraries/file/target/classes
10:21:46.663 [INFO]   [Validating]  [maven:out]         [com.diffblue.cover.buildsystem.internal.f.f] deserializing line [DIFFBLUE]{"__type":"com.diffblue.cover.buildsystem.model.DefaultEventMessage","project":"com.paritytrading.parity:parity-file","goal":"compile","cause":null,"state":"SUCCESS"}
10:21:46.664 [INFO]   [Validating]  [maven:out]         [com.diffblue.cover.buildsystem.internal.f.f] deserializing line [DIFFBLUE]{"__type":"com.diffblue.cover.buildsystem.model.DefaultEventMessage","project":"com.paritytrading.parity:parity-file","goal":"testResources","cause":null,"state":"STARTED"}
10:21:46.664 [INFO]   [Validating]  [maven:out]         [com.diffblue.cover.buildsystem.config.a.a] out: [INFO] 
10:21:46.664 [INFO]   [Validating]  [maven:out]         [com.diffblue.cover.buildsystem.config.a.a] out: [INFO] --- resources:3.3.1:testResources (default-testResources) @ parity-file ---
10:21:46.667 [INFO]   [Validating]  [maven:out]         [com.diffblue.cover.buildsystem.config.a.a] out: [INFO] skip non existing resourceDirectory /home/jbergqvist/diffblue/paritytrading-parity/libraries/file/src/test/resources
10:21:46.668 [INFO]   [Validating]  [maven:out]         [com.diffblue.cover.buildsystem.internal.f.f] deserializing line [DIFFBLUE]{"__type":"com.diffblue.cover.buildsystem.model.DefaultEventMessage","project":"com.paritytrading.parity:parity-file","goal":"testResources","cause":null,"state":"SUCCESS"}
10:21:46.669 [INFO]   [Validating]  [maven:out]         [com.diffblue.cover.buildsystem.internal.f.f] deserializing line [DIFFBLUE]{"__type":"com.diffblue.cover.buildsystem.model.DefaultEventMessage","project":"com.paritytrading.parity:parity-file","goal":"testCompile","cause":null,"state":"STARTED"}
10:21:46.670 [INFO]   [Validating]  [maven:out]         [com.diffblue.cover.buildsystem.config.a.a] out: [INFO] 
10:21:46.670 [INFO]   [Validating]  [maven:out]         [com.diffblue.cover.buildsystem.config.a.a] out: [INFO] --- compiler:3.8.0:testCompile (default-testCompile) @ parity-file ---
10:21:46.673 [INFO]   [Validating]  [maven:out]         [com.diffblue.cover.buildsystem.config.a.a] out: [INFO] Changes detected - recompiling the module!
10:21:46.673 [INFO]   [Validating]  [maven:out]         [com.diffblue.cover.buildsystem.config.a.a] out: [INFO] Compiling 5 source files to /home/jbergqvist/diffblue/paritytrading-parity/libraries/file/target/test-classes
10:21:46.774 [INFO]   [Validating]  [maven:out]         [com.diffblue.cover.buildsystem.config.a.a] out: [INFO] /home/jbergqvist/diffblue/paritytrading-parity/libraries/file/src/test/java/com/paritytrading/parity/file/taq/TAQConfigDiffblueTest.java: /home/jbergqvist/diffblue/paritytrading-parity/libraries/file/src/test/java/com/paritytrading/parity/file/taq/TAQConfigDiffblueTest.java uses unchecked or unsafe operations.
10:21:46.774 [INFO]   [Validating]  [maven:out]         [com.diffblue.cover.buildsystem.config.a.a] out: [INFO] /home/jbergqvist/diffblue/paritytrading-parity/libraries/file/src/test/java/com/paritytrading/parity/file/taq/TAQConfigDiffblueTest.java: Recompile with -Xlint:unchecked for details.
10:21:46.776 [INFO]   [Validating]  [maven:out]         [com.diffblue.cover.buildsystem.internal.f.f] deserializing line [DIFFBLUE]{"__type":"com.diffblue.cover.buildsystem.model.DefaultEventMessage","project":"com.paritytrading.parity:parity-file","goal":"testCompile","cause":null,"state":"SUCCESS"}
10:21:46.777 [INFO]   [Validating]  [maven:out]         [com.diffblue.cover.buildsystem.internal.f.f] deserializing line [DIFFBLUE]{"__type":"com.diffblue.cover.buildsystem.model.DefaultEventMessage","project":"com.paritytrading.parity:parity-file","goal":"test","cause":null,"state":"STARTED"}
10:21:46.778 [INFO]   [Validating]  [maven:out]         [com.diffblue.cover.buildsystem.config.a.a] out: [INFO] 
10:21:46.778 [INFO]   [Validating]  [maven:out]         [com.diffblue.cover.buildsystem.config.a.a] out: [INFO] --- surefire:3.0.0-M5:test (default-test) @ parity-file ---
10:21:47.005 [INFO]   [Validating]  [maven:out]         [com.diffblue.cover.buildsystem.config.a.a] out: [INFO] 
10:21:47.005 [INFO]   [Validating]  [maven:out]         [com.diffblue.cover.buildsystem.config.a.a] out: [INFO] -------------------------------------------------------
10:21:47.005 [INFO]   [Validating]  [maven:out]         [com.diffblue.cover.buildsystem.config.a.a] out: [INFO]  T E S T S
10:21:47.005 [INFO]   [Validating]  [maven:out]         [com.diffblue.cover.buildsystem.config.a.a] out: [INFO] -------------------------------------------------------
10:21:47.332 [INFO]   [Validating]  [maven:out]         [com.diffblue.cover.buildsystem.config.a.a] out: [INFO] Running com.paritytrading.parity.file.taq.TAQConfigDiffblueTest
10:21:47.638 [INFO]   [Validating]  [maven:out]         [com.diffblue.cover.buildsystem.config.a.a] out: [INFO] Tests run: 9, Failures: 0, Errors: 0, Skipped: 0, Time elapsed: 0.302 s - in com.paritytrading.parity.file.taq.TAQConfigDiffblueTest
10:21:47.638 [INFO]   [Validating]  [maven:out]         [com.diffblue.cover.buildsystem.config.a.a] out: [INFO] Running com.paritytrading.parity.file.taq.TAQWriterTest
10:21:47.641 [INFO]   [Validating]  [maven:out]         [com.diffblue.cover.buildsystem.config.a.a] out: [INFO] Tests run: 2, Failures: 0, Errors: 0, Skipped: 0, Time elapsed: 0.011 s - in com.paritytrading.parity.file.taq.TAQWriterTest
10:21:47.642 [INFO]   [Validating]  [maven:out]         [com.diffblue.cover.buildsystem.config.a.a] out: [INFO] Running com.paritytrading.parity.file.taq.TAQDiffblueTest
10:21:47.644 [INFO]   [Validating]  [maven:out]         [com.diffblue.cover.buildsystem.config.a.a] out: [INFO] Tests run: 2, Failures: 0, Errors: 0, Skipped: 0, Time elapsed: 0.001 s - in com.paritytrading.parity.file.taq.TAQDiffblueTest
10:21:47.644 [INFO]   [Validating]  [maven:out]         [com.diffblue.cover.buildsystem.config.a.a] out: [INFO] Running com.paritytrading.parity.file.taq.TAQWriterDiffblueTest
10:21:47.650 [INFO]   [Validating]  [maven:out]         [com.diffblue.cover.buildsystem.config.a.a] out: [INFO] Tests run: 6, Failures: 0, Errors: 0, Skipped: 0, Time elapsed: 0.004 s - in com.paritytrading.parity.file.taq.TAQWriterDiffblueTest
10:21:47.674 [INFO]   [Validating]  [maven:out]         [com.diffblue.cover.buildsystem.config.a.a] out: [INFO] 
10:21:47.674 [INFO]   [Validating]  [maven:out]         [com.diffblue.cover.buildsystem.config.a.a] out: [INFO] Results:
10:21:47.674 [INFO]   [Validating]  [maven:out]         [com.diffblue.cover.buildsystem.config.a.a] out: [INFO] 
10:21:47.674 [INFO]   [Validating]  [maven:out]         [com.diffblue.cover.buildsystem.config.a.a] out: [INFO] Tests run: 19, Failures: 0, Errors: 0, Skipped: 0
10:21:47.674 [INFO]   [Validating]  [maven:out]         [com.diffblue.cover.buildsystem.config.a.a] out: [INFO] 
10:21:47.678 [INFO]   [Validating]  [maven:out]         [com.diffblue.cover.buildsystem.internal.f.f] deserializing line [DIFFBLUE]{"__type":"com.diffblue.cover.buildsystem.model.DefaultEventMessage","project":"com.paritytrading.parity:parity-file","goal":"test","cause":null,"state":"SUCCESS"}
10:21:47.704 [INFO]   [Validating]  [maven:out]         [com.diffblue.cover.buildsystem.internal.f.f] deserializing line [DIFFBLUE]{"__type":"com.diffblue.cover.buildsystem.model.DefaultProjectModuleMessage","project":{"__type":"DefaultProjectModule","junitReport":["/home/jbergqvist/diffblue/paritytrading-parity/libraries/file/target/surefire-reports"],"jacocoReport":["/home/jbergqvist/diffblue/paritytrading-parity/libraries/file/target/site/jacoco/jacoco.xml"],"jacocoDestFile":["/home/jbergqvist/diffblue/paritytrading-parity/libraries/file/target/jacoco.exec"],"jacocoFormats":["xml"],"jacocoSkipped":false,"classpath":["/home/jbergqvist/diffblue/paritytrading-parity/libraries/file/target/classes","/home/jbergqvist/.m2/repository/org/junit/jupiter/junit-jupiter/5.7.0/junit-jupiter-5.7.0.jar","/home/jbergqvist/.m2/repository/org/junit/jupiter/junit-jupiter-api/5.7.0/junit-jupiter-api-5.7.0.jar","/home/jbergqvist/.m2/repository/org/apiguardian/apiguardian-api/1.1.0/apiguardian-api-1.1.0.jar","/home/jbergqvist/.m2/repository/org/opentest4j/opentest4j/1.2.0/opentest4j-1.2.0.jar","/home/jbergqvist/.m2/repository/org/junit/platform/junit-platform-commons/1.7.0/junit-platform-commons-1.7.0.jar","/home/jbergqvist/.m2/repository/org/junit/jupiter/junit-jupiter-params/5.7.0/junit-jupiter-params-5.7.0.jar","/home/jbergqvist/.m2/repository/org/junit/jupiter/junit-jupiter-engine/5.7.0/junit-jupiter-engine-5.7.0.jar","/home/jbergqvist/.m2/repository/org/junit/platform/junit-platform-engine/1.7.0/junit-platform-engine-1.7.0.jar","/home/jbergqvist/.m2/repository/com/diffblue/cover/cover-annotations/1.9.0/cover-annotations-1.9.0.jar","/home/jbergqvist/.m2/repository/org/mockito/mockito-core/4.11.0/mockito-core-4.11.0.jar","/home/jbergqvist/.m2/repository/net/bytebuddy/byte-buddy/1.12.19/byte-buddy-1.12.19.jar","/home/jbergqvist/.m2/repository/net/bytebuddy/byte-buddy-agent/1.12.19/byte-buddy-agent-1.12.19.jar","/home/jbergqvist/.m2/repository/org/objenesis/objenesis/3.3/objenesis-3.3.jar","/home/jbergqvist/.m2/repository/org/mockito/mockito-junit-jupiter/4.11.0/mockito-junit-jupiter-4.11.0.jar"],"complianceLevel":"1.8","productionSources":["/home/jbergqvist/diffblue/paritytrading-parity/libraries/file/src/main/java"],"testSources":["/home/jbergqvist/diffblue/paritytrading-parity/libraries/file/src/test/java"],"productionClasses":"/home/jbergqvist/diffblue/paritytrading-parity/libraries/file/target/classes","testClasses":"/home/jbergqvist/diffblue/paritytrading-parity/libraries/file/target/test-classes","sourceToBuildPathMap":null,"testSourceToBuildPathMap":null,"buildDirectory":"/home/jbergqvist/diffblue/paritytrading-parity/libraries/file/target","plugins":[{"__type":"DefaultPlugin","groupId":"org.apache.maven.plugins","artefactId":"maven-enforcer-plugin","version":"1.0","pluginClassName":null},{"__type":"DefaultPlugin","groupId":"org.apache.maven.plugins","artefactId":"maven-checkstyle-plugin","version":"3.1.0","pluginClassName":null},{"__type":"DefaultPlugin","groupId":"org.apache.maven.plugins","artefactId":"maven-compiler-plugin","version":"3.8.0","pluginClassName":null},{"__type":"DefaultPlugin","groupId":"org.apache.maven.plugins","artefactId":"maven-javadoc-plugin","version":"3.0.1","pluginClassName":null},{"__type":"DefaultPlugin","groupId":"org.apache.maven.plugins","artefactId":"maven-release-plugin","version":"2.5.3","pluginClassName":null},{"__type":"DefaultPlugin","groupId":"org.apache.maven.plugins","artefactId":"maven-clean-plugin","version":"3.2.0","pluginClassName":null},{"__type":"DefaultPlugin","groupId":"org.apache.maven.plugins","artefactId":"maven-resources-plugin","version":"3.3.1","pluginClassName":null},{"__type":"DefaultPlugin","groupId":"org.apache.maven.plugins","artefactId":"maven-jar-plugin","version":"3.4.1","pluginClassName":null},{"__type":"DefaultPlugin","groupId":"org.apache.maven.plugins","artefactId":"maven-surefire-plugin","version":"3.0.0-M5","pluginClassName":null},{"__type":"DefaultPlugin","groupId":"org.apache.maven.plugins","artefactId":"maven-install-plugin","version":"3.1.2","pluginClassName":null},{"__type":"DefaultPlugin","groupId":"org.apache.maven.plugins","artefactId":"maven-deploy-plugin","version":"2.8.2","pluginClassName":null},{"__type":"DefaultPlugin","groupId":"org.apache.maven.plugins","artefactId":"maven-site-plugin","version":"3.12.1","pluginClassName":null}],"version":"3.9.12","encoding":"UTF-8","name":"maven","subModules":[],"simpleModuleName":null,"parentModuleName":"com.paritytrading.parity:parity-parent","location":"/home/jbergqvist/diffblue/paritytrading-parity/libraries/file","fullModuleName":"com.paritytrading.parity:parity-file"}}
10:21:47.707 [INFO]   [Validating]  [maven:out]         [com.diffblue.cover.buildsystem.config.a.a] out: [INFO] ------------------------------------------------------------------------
10:21:47.707 [INFO]   [Validating]  [maven:out]         [com.diffblue.cover.buildsystem.config.a.a] out: [INFO] BUILD SUCCESS
10:21:47.707 [INFO]   [Validating]  [maven:out]         [com.diffblue.cover.buildsystem.config.a.a] out: [INFO] ------------------------------------------------------------------------
10:21:47.707 [INFO]   [Validating]  [maven:out]         [com.diffblue.cover.buildsystem.config.a.a] out: [INFO] Total time:  2.406 s
10:21:47.708 [INFO]   [Validating]  [maven:out]         [com.diffblue.cover.buildsystem.config.a.a] out: [INFO] Finished at: 2026-01-20T10:21:47Z
10:21:47.708 [INFO]   [Validating]  [maven:out]         [com.diffblue.cover.buildsystem.config.a.a] out: [INFO] ------------------------------------------------------------------------
10:21:47.708 [INFO]   [Validating]  [maven:out]         [com.diffblue.cover.buildsystem.internal.f.f] deserializing line [DIFFBLUE]{"__type":"com.diffblue.cover.buildsystem.model.ProjectInfoMessage","projectName":"com.paritytrading.parity:parity-file","productionSources":["/home/jbergqvist/diffblue/paritytrading-parity/libraries/file/src/main/java","/home/jbergqvist/diffblue/paritytrading-parity/libraries/file/target/generated-sources/annotations"],"testSources":["/home/jbergqvist/diffblue/paritytrading-parity/libraries/file/src/test/java","/home/jbergqvist/diffblue/paritytrading-parity/libraries/file/target/generated-test-sources/test-annotations"],"location":"/home/jbergqvist/diffblue/paritytrading-parity/libraries/file"}
10:21:47.730 [INFO]   [Validating]  [main]              [com.diffblue.cover.buildsystem.internal.f.d] maven:err process not stopped, joining thread
10:21:47.731 [INFO]   [Validating]  [main]              [com.diffblue.cover.buildsystem.internal.f.d] maven:out process not stopped, joining thread
10:21:47.731 [DEBUG]  [Validating]  [main]              [com.diffblue.cover.buildsystem.config.a.a] Executor spent 3s on command "/home/jbergqvist/.sdkman/candidates/maven/current/bin/mvn -Dmaven.ext.class.path=/opt/cover/cover-buildsystem-maven-spy-jar-with-dependencies.jar -Dcom.diffblue.cover.skipTests=true -DskipTestOptimizer --batch-mode --projects=com.paritytrading.parity:parity-file --global-settings=/home/jbergqvist/.sdkman/candidates/maven/current/conf/settings.xml org.apache.maven.plugins:maven-checkstyle-plugin:check -Dcheckstyle.failOnViolation=false clean test"
10:21:47.781 [INFO]   [Validating]  [main]              [com.diffblue.cover.ui.controller.r] All 17 created tests were successfully validated.
10:21:47.799 [INFO]   [Measuring]   [main]              [com.diffblue.cover.ui.controller.q] Calculating coverage from Diffblue tests.
10:21:47.800 [DEBUG]  [Measuring]   [main]              [com.diffblue.cover.buildsystem.config.registry.Registry] checking if /home/jbergqvist/diffblue/paritytrading-parity/libraries/file/DiffblueBuild.yaml exists...
10:21:47.801 [DEBUG]  [Measuring]   [main]              [com.diffblue.cover.buildsystem.config.registry.Registry] checking if /home/jbergqvist/diffblue/paritytrading-parity/libraries/file/DiffblueBuild.yml exists...
10:21:47.801 [DEBUG]  [Measuring]   [main]              [com.diffblue.cover.buildsystem.config.registry.Registry] checking if /home/jbergqvist/diffblue/paritytrading-parity/DiffblueBuild.yaml exists...
10:21:47.801 [DEBUG]  [Measuring]   [main]              [com.diffblue.cover.buildsystem.config.registry.Registry] checking if /home/jbergqvist/diffblue/paritytrading-parity/DiffblueBuild.yml exists...
10:21:47.801 [INFO]   [Measuring]   [main]              [com.diffblue.cover.buildsystem.config.registry.Registry] Using default build rules as no custom rules found in any of [/home/jbergqvist/diffblue/paritytrading-parity/libraries/file, /home/jbergqvist/diffblue/paritytrading-parity]
10:21:47.801 [DEBUG]  [Measuring]   [main]              [com.diffblue.cover.buildsystem.config.registry.Registry] Build execution request for Coverage Phase
10:21:47.801 [DEBUG]  [Measuring]   [main]              [com.diffblue.cover.buildsystem.config.registry.Registry] checking if /home/jbergqvist/diffblue/paritytrading-parity/libraries/file/DiffblueBuild.yaml exists...
10:21:47.801 [DEBUG]  [Measuring]   [main]              [com.diffblue.cover.buildsystem.config.registry.Registry] checking if /home/jbergqvist/diffblue/paritytrading-parity/libraries/file/DiffblueBuild.yml exists...
10:21:47.801 [DEBUG]  [Measuring]   [main]              [com.diffblue.cover.buildsystem.config.registry.Registry] checking if /home/jbergqvist/diffblue/paritytrading-parity/DiffblueBuild.yaml exists...
10:21:47.801 [DEBUG]  [Measuring]   [main]              [com.diffblue.cover.buildsystem.config.registry.Registry] checking if /home/jbergqvist/diffblue/paritytrading-parity/DiffblueBuild.yml exists...
10:21:47.801 [INFO]   [Measuring]   [main]              [com.diffblue.cover.buildsystem.config.registry.Registry] Using default build rules as no custom rules found in any of [/home/jbergqvist/diffblue/paritytrading-parity/libraries/file, /home/jbergqvist/diffblue/paritytrading-parity]
10:21:47.801 [DEBUG]  [Measuring]   [main]              [com.diffblue.cover.buildsystem.config.registry.Registry] Build execution request for Coverage Phase
10:21:47.802 [INFO]   [Measuring]   [main]              [com.diffblue.cover.buildsystem.config.a.a] Attempting to invoke mvnw in working directory: /home/jbergqvist/diffblue/paritytrading-parity
10:21:47.802 [INFO]   [Measuring]   [main]              [com.diffblue.cover.buildsystem.config.a.a] Attempting to invoke /home/jbergqvist/.sdkman/candidates/maven/current/bin/mvn in working directory: /home/jbergqvist/diffblue/paritytrading-parity
10:21:47.802 [INFO]   [Measuring]   [main]              [com.diffblue.cover.buildsystem.config.a.a] Started "/home/jbergqvist/.sdkman/candidates/maven/current/bin/mvn -Dmaven.ext.class.path=/opt/cover/cover-buildsystem-maven-spy-jar-with-dependencies.jar -Dcom.diffblue.cover.skipTests=true -DskipTestOptimizer --batch-mode --projects=com.paritytrading.parity:parity-file --global-settings=/home/jbergqvist/.sdkman/candidates/maven/current/conf/settings.xml org.apache.maven.plugins:maven-checkstyle-plugin:check -Dcheckstyle.failOnViolation=false org.jacoco:jacoco-maven-plugin:0.8.11:prepare-agent -Djacoco.skip=false test -DfailIfNoTests=false -Dsurefire.failIfNoSpecifiedTests=false -Dmaven.test.failure.ignore=True -Dtest=*DiffblueTest org.jacoco:jacoco-maven-plugin:0.8.11:report -Djacoco.skip=false"
10:21:48.591 [INFO]   [Measuring]   [maven:out]         [com.diffblue.cover.buildsystem.config.a.a] out: [INFO] Scanning for projects...
10:21:48.748 [INFO]   [Measuring]   [maven:out]         [com.diffblue.cover.buildsystem.config.a.a] out: [INFO] 
10:21:48.748 [INFO]   [Measuring]   [maven:out]         [com.diffblue.cover.buildsystem.config.a.a] out: [INFO] ----------------< com.paritytrading.parity:parity-file >----------------
10:21:48.748 [INFO]   [Measuring]   [maven:out]         [com.diffblue.cover.buildsystem.config.a.a] out: [INFO] Building Parity File Formats 0.7.1-SNAPSHOT
10:21:48.748 [INFO]   [Measuring]   [maven:out]         [com.diffblue.cover.buildsystem.config.a.a] out: [INFO]   from pom.xml
10:21:48.748 [INFO]   [Measuring]   [maven:out]         [com.diffblue.cover.buildsystem.config.a.a] out: [INFO] --------------------------------[ jar ]---------------------------------
10:21:49.009 [INFO]   [Measuring]   [maven:out]         [com.diffblue.cover.buildsystem.internal.f.f] deserializing line [DIFFBLUE]{"__type":"com.diffblue.cover.buildsystem.model.DefaultEventMessage","project":"com.paritytrading.parity:parity-file","goal":"check","cause":null,"state":"STARTED"}
10:21:49.010 [INFO]   [Measuring]   [maven:out]         [com.diffblue.cover.buildsystem.config.a.a] out: [INFO] 
10:21:49.010 [INFO]   [Measuring]   [maven:out]         [com.diffblue.cover.buildsystem.config.a.a] out: [INFO] --- checkstyle:3.1.0:check (default-cli) @ parity-file ---
10:21:49.545 [INFO]   [Measuring]   [maven:out]         [com.diffblue.cover.buildsystem.internal.f.f] deserializing line [DIFFBLUE]{"__type":"com.diffblue.cover.buildsystem.model.DefaultEventMessage","project":"com.paritytrading.parity:parity-file","goal":"check","cause":null,"state":"SUCCESS"}
10:21:49.547 [INFO]   [Measuring]   [maven:out]         [com.diffblue.cover.buildsystem.internal.f.f] deserializing line [DIFFBLUE]{"__type":"com.diffblue.cover.buildsystem.model.DefaultEventMessage","project":"com.paritytrading.parity:parity-file","goal":"prepare-agent","cause":null,"state":"STARTED"}
10:21:49.547 [INFO]   [Measuring]   [maven:out]         [com.diffblue.cover.buildsystem.config.a.a] out: [INFO] 
10:21:49.547 [INFO]   [Measuring]   [maven:out]         [com.diffblue.cover.buildsystem.config.a.a] out: [INFO] --- jacoco:0.8.11:prepare-agent (default-cli) @ parity-file ---
10:21:49.588 [INFO]   [Measuring]   [maven:out]         [com.diffblue.cover.buildsystem.config.a.a] out: [INFO] argLine set to -javaagent:/home/jbergqvist/.m2/repository/org/jacoco/org.jacoco.agent/0.8.11/org.jacoco.agent-0.8.11-runtime.jar=destfile=/home/jbergqvist/diffblue/paritytrading-parity/libraries/file/target/jacoco.exec
10:21:49.590 [INFO]   [Measuring]   [maven:out]         [com.diffblue.cover.buildsystem.internal.f.f] deserializing line [DIFFBLUE]{"__type":"com.diffblue.cover.buildsystem.model.DefaultEventMessage","project":"com.paritytrading.parity:parity-file","goal":"prepare-agent","cause":null,"state":"SUCCESS"}
10:21:49.591 [INFO]   [Measuring]   [maven:out]         [com.diffblue.cover.buildsystem.internal.f.f] deserializing line [DIFFBLUE]{"__type":"com.diffblue.cover.buildsystem.model.DefaultEventMessage","project":"com.paritytrading.parity:parity-file","goal":"enforce","cause":null,"state":"STARTED"}
10:21:49.592 [INFO]   [Measuring]   [maven:out]         [com.diffblue.cover.buildsystem.config.a.a] out: [INFO] 
10:21:49.592 [INFO]   [Measuring]   [maven:out]         [com.diffblue.cover.buildsystem.config.a.a] out: [INFO] --- enforcer:1.0:enforce (enforce-maven) @ parity-file ---
10:21:49.647 [INFO]   [Measuring]   [maven:out]         [com.diffblue.cover.buildsystem.internal.f.f] deserializing line [DIFFBLUE]{"__type":"com.diffblue.cover.buildsystem.model.DefaultEventMessage","project":"com.paritytrading.parity:parity-file","goal":"enforce","cause":null,"state":"SUCCESS"}
10:21:49.648 [INFO]   [Measuring]   [maven:out]         [com.diffblue.cover.buildsystem.internal.f.f] deserializing line [DIFFBLUE]{"__type":"com.diffblue.cover.buildsystem.model.DefaultEventMessage","project":"com.paritytrading.parity:parity-file","goal":"resources","cause":null,"state":"STARTED"}
10:21:49.649 [INFO]   [Measuring]   [maven:out]         [com.diffblue.cover.buildsystem.config.a.a] out: [INFO] 
10:21:49.649 [INFO]   [Measuring]   [maven:out]         [com.diffblue.cover.buildsystem.config.a.a] out: [INFO] --- resources:3.3.1:resources (default-resources) @ parity-file ---
10:21:49.683 [INFO]   [Measuring]   [maven:out]         [com.diffblue.cover.buildsystem.config.a.a] out: [INFO] skip non existing resourceDirectory /home/jbergqvist/diffblue/paritytrading-parity/libraries/file/src/main/resources
10:21:49.684 [INFO]   [Measuring]   [maven:out]         [com.diffblue.cover.buildsystem.internal.f.f] deserializing line [DIFFBLUE]{"__type":"com.diffblue.cover.buildsystem.model.DefaultEventMessage","project":"com.paritytrading.parity:parity-file","goal":"resources","cause":null,"state":"SUCCESS"}
10:21:49.685 [INFO]   [Measuring]   [maven:out]         [com.diffblue.cover.buildsystem.internal.f.f] deserializing line [DIFFBLUE]{"__type":"com.diffblue.cover.buildsystem.model.DefaultEventMessage","project":"com.paritytrading.parity:parity-file","goal":"compile","cause":null,"state":"STARTED"}
10:21:49.685 [INFO]   [Measuring]   [maven:out]         [com.diffblue.cover.buildsystem.config.a.a] out: [INFO] 
10:21:49.686 [INFO]   [Measuring]   [maven:out]         [com.diffblue.cover.buildsystem.config.a.a] out: [INFO] --- compiler:3.8.0:compile (default-compile) @ parity-file ---
10:21:49.772 [INFO]   [Measuring]   [maven:out]         [com.diffblue.cover.buildsystem.config.a.a] out: [INFO] Changes detected - recompiling the module!
10:21:49.775 [INFO]   [Measuring]   [maven:out]         [com.diffblue.cover.buildsystem.config.a.a] out: [INFO] Compiling 4 source files to /home/jbergqvist/diffblue/paritytrading-parity/libraries/file/target/classes
10:21:50.087 [INFO]   [Measuring]   [maven:out]         [com.diffblue.cover.buildsystem.internal.f.f] deserializing line [DIFFBLUE]{"__type":"com.diffblue.cover.buildsystem.model.DefaultEventMessage","project":"com.paritytrading.parity:parity-file","goal":"compile","cause":null,"state":"SUCCESS"}
10:21:50.088 [INFO]   [Measuring]   [maven:out]         [com.diffblue.cover.buildsystem.internal.f.f] deserializing line [DIFFBLUE]{"__type":"com.diffblue.cover.buildsystem.model.DefaultEventMessage","project":"com.paritytrading.parity:parity-file","goal":"testResources","cause":null,"state":"STARTED"}
10:21:50.088 [INFO]   [Measuring]   [maven:out]         [com.diffblue.cover.buildsystem.config.a.a] out: [INFO] 
10:21:50.088 [INFO]   [Measuring]   [maven:out]         [com.diffblue.cover.buildsystem.config.a.a] out: [INFO] --- resources:3.3.1:testResources (default-testResources) @ parity-file ---
10:21:50.090 [INFO]   [Measuring]   [maven:out]         [com.diffblue.cover.buildsystem.config.a.a] out: [INFO] skip non existing resourceDirectory /home/jbergqvist/diffblue/paritytrading-parity/libraries/file/src/test/resources
10:21:50.091 [INFO]   [Measuring]   [maven:out]         [com.diffblue.cover.buildsystem.internal.f.f] deserializing line [DIFFBLUE]{"__type":"com.diffblue.cover.buildsystem.model.DefaultEventMessage","project":"com.paritytrading.parity:parity-file","goal":"testResources","cause":null,"state":"SUCCESS"}
10:21:50.093 [INFO]   [Measuring]   [maven:out]         [com.diffblue.cover.buildsystem.internal.f.f] deserializing line [DIFFBLUE]{"__type":"com.diffblue.cover.buildsystem.model.DefaultEventMessage","project":"com.paritytrading.parity:parity-file","goal":"testCompile","cause":null,"state":"STARTED"}
10:21:50.094 [INFO]   [Measuring]   [maven:out]         [com.diffblue.cover.buildsystem.config.a.a] out: [INFO] 
10:21:50.094 [INFO]   [Measuring]   [maven:out]         [com.diffblue.cover.buildsystem.config.a.a] out: [INFO] --- compiler:3.8.0:testCompile (default-testCompile) @ parity-file ---
10:21:50.097 [INFO]   [Measuring]   [maven:out]         [com.diffblue.cover.buildsystem.config.a.a] out: [INFO] Nothing to compile - all classes are up to date
10:21:50.098 [INFO]   [Measuring]   [maven:out]         [com.diffblue.cover.buildsystem.internal.f.f] deserializing line [DIFFBLUE]{"__type":"com.diffblue.cover.buildsystem.model.DefaultEventMessage","project":"com.paritytrading.parity:parity-file","goal":"testCompile","cause":null,"state":"SUCCESS"}
10:21:50.100 [INFO]   [Measuring]   [maven:out]         [com.diffblue.cover.buildsystem.internal.f.f] deserializing line [DIFFBLUE]{"__type":"com.diffblue.cover.buildsystem.model.DefaultEventMessage","project":"com.paritytrading.parity:parity-file","goal":"test","cause":null,"state":"STARTED"}
10:21:50.100 [INFO]   [Measuring]   [maven:out]         [com.diffblue.cover.buildsystem.config.a.a] out: [INFO] 
10:21:50.100 [INFO]   [Measuring]   [maven:out]         [com.diffblue.cover.buildsystem.config.a.a] out: [INFO] --- surefire:3.0.0-M5:test (default-test) @ parity-file ---
10:21:50.262 [INFO]   [Measuring]   [maven:out]         [com.diffblue.cover.buildsystem.config.a.a] out: [INFO] 
10:21:50.262 [INFO]   [Measuring]   [maven:out]         [com.diffblue.cover.buildsystem.config.a.a] out: [INFO] -------------------------------------------------------
10:21:50.262 [INFO]   [Measuring]   [maven:out]         [com.diffblue.cover.buildsystem.config.a.a] out: [INFO]  T E S T S
10:21:50.262 [INFO]   [Measuring]   [maven:out]         [com.diffblue.cover.buildsystem.config.a.a] out: [INFO] -------------------------------------------------------
10:21:50.818 [INFO]   [Measuring]   [maven:out]         [com.diffblue.cover.buildsystem.config.a.a] out: [INFO] Running com.paritytrading.parity.file.taq.TAQConfigDiffblueTest
10:21:51.361 [INFO]   [Measuring]   [maven:out]         [com.diffblue.cover.buildsystem.config.a.a] out: [INFO] Tests run: 9, Failures: 0, Errors: 0, Skipped: 0, Time elapsed: 0.54 s - in com.paritytrading.parity.file.taq.TAQConfigDiffblueTest
10:21:51.362 [INFO]   [Measuring]   [maven:out]         [com.diffblue.cover.buildsystem.config.a.a] out: [INFO] Running com.paritytrading.parity.file.taq.TAQDiffblueTest
10:21:51.364 [INFO]   [Measuring]   [maven:out]         [com.diffblue.cover.buildsystem.config.a.a] out: [INFO] Tests run: 2, Failures: 0, Errors: 0, Skipped: 0, Time elapsed: 0.002 s - in com.paritytrading.parity.file.taq.TAQDiffblueTest
10:21:51.364 [INFO]   [Measuring]   [maven:out]         [com.diffblue.cover.buildsystem.config.a.a] out: [INFO] Running com.paritytrading.parity.file.taq.TAQWriterDiffblueTest
10:21:51.374 [INFO]   [Measuring]   [maven:out]         [com.diffblue.cover.buildsystem.config.a.a] out: [INFO] Tests run: 6, Failures: 0, Errors: 0, Skipped: 0, Time elapsed: 0.015 s - in com.paritytrading.parity.file.taq.TAQWriterDiffblueTest
10:21:51.420 [INFO]   [Measuring]   [maven:out]         [com.diffblue.cover.buildsystem.config.a.a] out: [INFO] 
10:21:51.420 [INFO]   [Measuring]   [maven:out]         [com.diffblue.cover.buildsystem.config.a.a] out: [INFO] Results:
10:21:51.420 [INFO]   [Measuring]   [maven:out]         [com.diffblue.cover.buildsystem.config.a.a] out: [INFO] 
10:21:51.420 [INFO]   [Measuring]   [maven:out]         [com.diffblue.cover.buildsystem.config.a.a] out: [INFO] Tests run: 17, Failures: 0, Errors: 0, Skipped: 0
10:21:51.420 [INFO]   [Measuring]   [maven:out]         [com.diffblue.cover.buildsystem.config.a.a] out: [INFO] 
10:21:51.424 [INFO]   [Measuring]   [maven:out]         [com.diffblue.cover.buildsystem.internal.f.f] deserializing line [DIFFBLUE]{"__type":"com.diffblue.cover.buildsystem.model.DefaultEventMessage","project":"com.paritytrading.parity:parity-file","goal":"test","cause":null,"state":"SUCCESS"}
10:21:51.425 [INFO]   [Measuring]   [maven:out]         [com.diffblue.cover.buildsystem.internal.f.f] deserializing line [DIFFBLUE]{"__type":"com.diffblue.cover.buildsystem.model.DefaultEventMessage","project":"com.paritytrading.parity:parity-file","goal":"report","cause":null,"state":"STARTED"}
10:21:51.426 [INFO]   [Measuring]   [maven:out]         [com.diffblue.cover.buildsystem.config.a.a] out: [INFO] 
10:21:51.426 [INFO]   [Measuring]   [maven:out]         [com.diffblue.cover.buildsystem.config.a.a] out: [INFO] --- jacoco:0.8.11:report (default-cli) @ parity-file ---
10:21:51.429 [INFO]   [Measuring]   [maven:out]         [com.diffblue.cover.buildsystem.config.a.a] out: [INFO] Loading execution data file /home/jbergqvist/diffblue/paritytrading-parity/libraries/file/target/jacoco.exec
10:21:51.477 [INFO]   [Measuring]   [maven:out]         [com.diffblue.cover.buildsystem.config.a.a] out: [INFO] Analyzed bundle 'Parity File Formats' with 5 classes
10:21:51.518 [INFO]   [Measuring]   [maven:out]         [com.diffblue.cover.buildsystem.internal.f.f] deserializing line [DIFFBLUE]{"__type":"com.diffblue.cover.buildsystem.model.DefaultEventMessage","project":"com.paritytrading.parity:parity-file","goal":"report","cause":null,"state":"SUCCESS"}
10:21:51.543 [INFO]   [Measuring]   [maven:out]         [com.diffblue.cover.buildsystem.internal.f.f] deserializing line [DIFFBLUE]{"__type":"com.diffblue.cover.buildsystem.model.DefaultProjectModuleMessage","project":{"__type":"DefaultProjectModule","junitReport":["/home/jbergqvist/diffblue/paritytrading-parity/libraries/file/target/surefire-reports"],"jacocoReport":["/home/jbergqvist/diffblue/paritytrading-parity/libraries/file/target/site/jacoco/jacoco.xml"],"jacocoDestFile":["/home/jbergqvist/diffblue/paritytrading-parity/libraries/file/target/jacoco.exec"],"jacocoFormats":["xml"],"jacocoSkipped":false,"classpath":["/home/jbergqvist/diffblue/paritytrading-parity/libraries/file/target/classes","/home/jbergqvist/.m2/repository/org/junit/jupiter/junit-jupiter/5.7.0/junit-jupiter-5.7.0.jar","/home/jbergqvist/.m2/repository/org/junit/jupiter/junit-jupiter-api/5.7.0/junit-jupiter-api-5.7.0.jar","/home/jbergqvist/.m2/repository/org/apiguardian/apiguardian-api/1.1.0/apiguardian-api-1.1.0.jar","/home/jbergqvist/.m2/repository/org/opentest4j/opentest4j/1.2.0/opentest4j-1.2.0.jar","/home/jbergqvist/.m2/repository/org/junit/platform/junit-platform-commons/1.7.0/junit-platform-commons-1.7.0.jar","/home/jbergqvist/.m2/repository/org/junit/jupiter/junit-jupiter-params/5.7.0/junit-jupiter-params-5.7.0.jar","/home/jbergqvist/.m2/repository/org/junit/jupiter/junit-jupiter-engine/5.7.0/junit-jupiter-engine-5.7.0.jar","/home/jbergqvist/.m2/repository/org/junit/platform/junit-platform-engine/1.7.0/junit-platform-engine-1.7.0.jar","/home/jbergqvist/.m2/repository/com/diffblue/cover/cover-annotations/1.9.0/cover-annotations-1.9.0.jar","/home/jbergqvist/.m2/repository/org/mockito/mockito-core/4.11.0/mockito-core-4.11.0.jar","/home/jbergqvist/.m2/repository/net/bytebuddy/byte-buddy/1.12.19/byte-buddy-1.12.19.jar","/home/jbergqvist/.m2/repository/net/bytebuddy/byte-buddy-agent/1.12.19/byte-buddy-agent-1.12.19.jar","/home/jbergqvist/.m2/repository/org/objenesis/objenesis/3.3/objenesis-3.3.jar","/home/jbergqvist/.m2/repository/org/mockito/mockito-junit-jupiter/4.11.0/mockito-junit-jupiter-4.11.0.jar"],"complianceLevel":"1.8","productionSources":["/home/jbergqvist/diffblue/paritytrading-parity/libraries/file/src/main/java"],"testSources":["/home/jbergqvist/diffblue/paritytrading-parity/libraries/file/src/test/java"],"productionClasses":"/home/jbergqvist/diffblue/paritytrading-parity/libraries/file/target/classes","testClasses":"/home/jbergqvist/diffblue/paritytrading-parity/libraries/file/target/test-classes","sourceToBuildPathMap":null,"testSourceToBuildPathMap":null,"buildDirectory":"/home/jbergqvist/diffblue/paritytrading-parity/libraries/file/target","plugins":[{"__type":"DefaultPlugin","groupId":"org.apache.maven.plugins","artefactId":"maven-enforcer-plugin","version":"1.0","pluginClassName":null},{"__type":"DefaultPlugin","groupId":"org.apache.maven.plugins","artefactId":"maven-checkstyle-plugin","version":"3.1.0","pluginClassName":null},{"__type":"DefaultPlugin","groupId":"org.apache.maven.plugins","artefactId":"maven-compiler-plugin","version":"3.8.0","pluginClassName":null},{"__type":"DefaultPlugin","groupId":"org.apache.maven.plugins","artefactId":"maven-javadoc-plugin","version":"3.0.1","pluginClassName":null},{"__type":"DefaultPlugin","groupId":"org.apache.maven.plugins","artefactId":"maven-release-plugin","version":"2.5.3","pluginClassName":null},{"__type":"DefaultPlugin","groupId":"org.apache.maven.plugins","artefactId":"maven-clean-plugin","version":"3.2.0","pluginClassName":null},{"__type":"DefaultPlugin","groupId":"org.apache.maven.plugins","artefactId":"maven-resources-plugin","version":"3.3.1","pluginClassName":null},{"__type":"DefaultPlugin","groupId":"org.apache.maven.plugins","artefactId":"maven-jar-plugin","version":"3.4.1","pluginClassName":null},{"__type":"DefaultPlugin","groupId":"org.apache.maven.plugins","artefactId":"maven-surefire-plugin","version":"3.0.0-M5","pluginClassName":null},{"__type":"DefaultPlugin","groupId":"org.apache.maven.plugins","artefactId":"maven-install-plugin","version":"3.1.2","pluginClassName":null},{"__type":"DefaultPlugin","groupId":"org.apache.maven.plugins","artefactId":"maven-deploy-plugin","version":"2.8.2","pluginClassName":null},{"__type":"DefaultPlugin","groupId":"org.apache.maven.plugins","artefactId":"maven-site-plugin","version":"3.12.1","pluginClassName":null}],"version":"3.9.12","encoding":"UTF-8","name":"maven","subModules":[],"simpleModuleName":null,"parentModuleName":"com.paritytrading.parity:parity-parent","location":"/home/jbergqvist/diffblue/paritytrading-parity/libraries/file","fullModuleName":"com.paritytrading.parity:parity-file"}}
10:21:51.545 [INFO]   [Measuring]   [maven:out]         [com.diffblue.cover.buildsystem.config.a.a] out: [INFO] ------------------------------------------------------------------------
10:21:51.546 [INFO]   [Measuring]   [maven:out]         [com.diffblue.cover.buildsystem.config.a.a] out: [INFO] BUILD SUCCESS
10:21:51.546 [INFO]   [Measuring]   [maven:out]         [com.diffblue.cover.buildsystem.config.a.a] out: [INFO] ------------------------------------------------------------------------
10:21:51.546 [INFO]   [Measuring]   [maven:out]         [com.diffblue.cover.buildsystem.config.a.a] out: [INFO] Total time:  2.975 s
10:21:51.546 [INFO]   [Measuring]   [maven:out]         [com.diffblue.cover.buildsystem.config.a.a] out: [INFO] Finished at: 2026-01-20T10:21:51Z
10:21:51.546 [INFO]   [Measuring]   [maven:out]         [com.diffblue.cover.buildsystem.config.a.a] out: [INFO] ------------------------------------------------------------------------
10:21:51.547 [INFO]   [Measuring]   [maven:out]         [com.diffblue.cover.buildsystem.internal.f.f] deserializing line [DIFFBLUE]{"__type":"com.diffblue.cover.buildsystem.model.ProjectInfoMessage","projectName":"com.paritytrading.parity:parity-file","productionSources":["/home/jbergqvist/diffblue/paritytrading-parity/libraries/file/src/main/java","/home/jbergqvist/diffblue/paritytrading-parity/libraries/file/target/generated-sources/annotations"],"testSources":["/home/jbergqvist/diffblue/paritytrading-parity/libraries/file/src/test/java","/home/jbergqvist/diffblue/paritytrading-parity/libraries/file/target/generated-test-sources/test-annotations"],"location":"/home/jbergqvist/diffblue/paritytrading-parity/libraries/file"}
10:21:51.570 [INFO]   [Measuring]   [main]              [com.diffblue.cover.buildsystem.internal.f.d] maven:err process not stopped, joining thread
10:21:51.571 [INFO]   [Measuring]   [main]              [com.diffblue.cover.buildsystem.internal.f.d] maven:out process not stopped, joining thread
10:21:51.571 [DEBUG]  [Measuring]   [main]              [com.diffblue.cover.buildsystem.config.a.a] Executor spent 3s on command "/home/jbergqvist/.sdkman/candidates/maven/current/bin/mvn -Dmaven.ext.class.path=/opt/cover/cover-buildsystem-maven-spy-jar-with-dependencies.jar -Dcom.diffblue.cover.skipTests=true -DskipTestOptimizer --batch-mode --projects=com.paritytrading.parity:parity-file --global-settings=/home/jbergqvist/.sdkman/candidates/maven/current/conf/settings.xml org.apache.maven.plugins:maven-checkstyle-plugin:check -Dcheckstyle.failOnViolation=false org.jacoco:jacoco-maven-plugin:0.8.11:prepare-agent -Djacoco.skip=false test -DfailIfNoTests=false -Dsurefire.failIfNoSpecifiedTests=false -Dmaven.test.failure.ignore=True -Dtest=*DiffblueTest org.jacoco:jacoco-maven-plugin:0.8.11:report -Djacoco.skip=false"
10:21:51.571 [INFO]   [Measuring]   [main]              [com.diffblue.cover.buildsystem.config.a.a] Attempting to invoke mvnw in working directory: /home/jbergqvist/diffblue/paritytrading-parity
10:21:51.572 [INFO]   [Measuring]   [main]              [com.diffblue.cover.buildsystem.config.a.a] Attempting to invoke /home/jbergqvist/.sdkman/candidates/maven/current/bin/mvn in working directory: /home/jbergqvist/diffblue/paritytrading-parity
10:21:51.572 [INFO]   [Measuring]   [main]              [com.diffblue.cover.buildsystem.config.a.a] Started "/home/jbergqvist/.sdkman/candidates/maven/current/bin/mvn -Dmaven.ext.class.path=/opt/cover/cover-buildsystem-maven-spy-jar-with-dependencies.jar -Dcom.diffblue.cover.skipTests=true -DskipTestOptimizer --batch-mode --projects=com.paritytrading.parity:parity-file --global-settings=/home/jbergqvist/.sdkman/candidates/maven/current/conf/settings.xml org.apache.maven.plugins:maven-checkstyle-plugin:check -Dcheckstyle.failOnViolation=false org.jacoco:jacoco-maven-plugin:0.8.11:prepare-agent -Djacoco.skip=false test -DfailIfNoTests=false -Dsurefire.failIfNoSpecifiedTests=false -Dmaven.test.failure.ignore=True -Dtest=!*DiffblueTest,**/Test*.java,**/*Test.java,**/*Tests.java,**/*TestCase.java -Dgroups=MaintainedByDiffblue,ContributionFromDiffblue org.jacoco:jacoco-maven-plugin:0.8.11:report -Djacoco.skip=false"
10:21:52.341 [INFO]   [Measuring]   [maven:out]         [com.diffblue.cover.buildsystem.config.a.a] out: [INFO] Scanning for projects...
10:21:52.500 [INFO]   [Measuring]   [maven:out]         [com.diffblue.cover.buildsystem.config.a.a] out: [INFO] 
10:21:52.500 [INFO]   [Measuring]   [maven:out]         [com.diffblue.cover.buildsystem.config.a.a] out: [INFO] ----------------< com.paritytrading.parity:parity-file >----------------
10:21:52.500 [INFO]   [Measuring]   [maven:out]         [com.diffblue.cover.buildsystem.config.a.a] out: [INFO] Building Parity File Formats 0.7.1-SNAPSHOT
10:21:52.501 [INFO]   [Measuring]   [maven:out]         [com.diffblue.cover.buildsystem.config.a.a] out: [INFO]   from pom.xml
10:21:52.501 [INFO]   [Measuring]   [maven:out]         [com.diffblue.cover.buildsystem.config.a.a] out: [INFO] --------------------------------[ jar ]---------------------------------
10:21:52.754 [INFO]   [Measuring]   [maven:out]         [com.diffblue.cover.buildsystem.internal.f.f] deserializing line [DIFFBLUE]{"__type":"com.diffblue.cover.buildsystem.model.DefaultEventMessage","project":"com.paritytrading.parity:parity-file","goal":"check","cause":null,"state":"STARTED"}
10:21:52.755 [INFO]   [Measuring]   [maven:out]         [com.diffblue.cover.buildsystem.config.a.a] out: [INFO] 
10:21:52.755 [INFO]   [Measuring]   [maven:out]         [com.diffblue.cover.buildsystem.config.a.a] out: [INFO] --- checkstyle:3.1.0:check (default-cli) @ parity-file ---
10:21:53.213 [INFO]   [Measuring]   [maven:out]         [com.diffblue.cover.buildsystem.internal.f.f] deserializing line [DIFFBLUE]{"__type":"com.diffblue.cover.buildsystem.model.DefaultEventMessage","project":"com.paritytrading.parity:parity-file","goal":"check","cause":null,"state":"SUCCESS"}
10:21:53.215 [INFO]   [Measuring]   [maven:out]         [com.diffblue.cover.buildsystem.internal.f.f] deserializing line [DIFFBLUE]{"__type":"com.diffblue.cover.buildsystem.model.DefaultEventMessage","project":"com.paritytrading.parity:parity-file","goal":"prepare-agent","cause":null,"state":"STARTED"}
10:21:53.216 [INFO]   [Measuring]   [maven:out]         [com.diffblue.cover.buildsystem.config.a.a] out: [INFO] 
10:21:53.216 [INFO]   [Measuring]   [maven:out]         [com.diffblue.cover.buildsystem.config.a.a] out: [INFO] --- jacoco:0.8.11:prepare-agent (default-cli) @ parity-file ---
10:21:53.254 [INFO]   [Measuring]   [maven:out]         [com.diffblue.cover.buildsystem.config.a.a] out: [INFO] argLine set to -javaagent:/home/jbergqvist/.m2/repository/org/jacoco/org.jacoco.agent/0.8.11/org.jacoco.agent-0.8.11-runtime.jar=destfile=/home/jbergqvist/diffblue/paritytrading-parity/libraries/file/target/jacoco.exec
10:21:53.256 [INFO]   [Measuring]   [maven:out]         [com.diffblue.cover.buildsystem.internal.f.f] deserializing line [DIFFBLUE]{"__type":"com.diffblue.cover.buildsystem.model.DefaultEventMessage","project":"com.paritytrading.parity:parity-file","goal":"prepare-agent","cause":null,"state":"SUCCESS"}
10:21:53.257 [INFO]   [Measuring]   [maven:out]         [com.diffblue.cover.buildsystem.internal.f.f] deserializing line [DIFFBLUE]{"__type":"com.diffblue.cover.buildsystem.model.DefaultEventMessage","project":"com.paritytrading.parity:parity-file","goal":"enforce","cause":null,"state":"STARTED"}
10:21:53.257 [INFO]   [Measuring]   [maven:out]         [com.diffblue.cover.buildsystem.config.a.a] out: [INFO] 
10:21:53.257 [INFO]   [Measuring]   [maven:out]         [com.diffblue.cover.buildsystem.config.a.a] out: [INFO] --- enforcer:1.0:enforce (enforce-maven) @ parity-file ---
10:21:53.312 [INFO]   [Measuring]   [maven:out]         [com.diffblue.cover.buildsystem.internal.f.f] deserializing line [DIFFBLUE]{"__type":"com.diffblue.cover.buildsystem.model.DefaultEventMessage","project":"com.paritytrading.parity:parity-file","goal":"enforce","cause":null,"state":"SUCCESS"}
10:21:53.313 [INFO]   [Measuring]   [maven:out]         [com.diffblue.cover.buildsystem.internal.f.f] deserializing line [DIFFBLUE]{"__type":"com.diffblue.cover.buildsystem.model.DefaultEventMessage","project":"com.paritytrading.parity:parity-file","goal":"resources","cause":null,"state":"STARTED"}
10:21:53.313 [INFO]   [Measuring]   [maven:out]         [com.diffblue.cover.buildsystem.config.a.a] out: [INFO] 
10:21:53.313 [INFO]   [Measuring]   [maven:out]         [com.diffblue.cover.buildsystem.config.a.a] out: [INFO] --- resources:3.3.1:resources (default-resources) @ parity-file ---
10:21:53.344 [INFO]   [Measuring]   [maven:out]         [com.diffblue.cover.buildsystem.config.a.a] out: [INFO] skip non existing resourceDirectory /home/jbergqvist/diffblue/paritytrading-parity/libraries/file/src/main/resources
10:21:53.345 [INFO]   [Measuring]   [maven:out]         [com.diffblue.cover.buildsystem.internal.f.f] deserializing line [DIFFBLUE]{"__type":"com.diffblue.cover.buildsystem.model.DefaultEventMessage","project":"com.paritytrading.parity:parity-file","goal":"resources","cause":null,"state":"SUCCESS"}
10:21:53.346 [INFO]   [Measuring]   [maven:out]         [com.diffblue.cover.buildsystem.internal.f.f] deserializing line [DIFFBLUE]{"__type":"com.diffblue.cover.buildsystem.model.DefaultEventMessage","project":"com.paritytrading.parity:parity-file","goal":"compile","cause":null,"state":"STARTED"}
10:21:53.347 [INFO]   [Measuring]   [maven:out]         [com.diffblue.cover.buildsystem.config.a.a] out: [INFO] 
10:21:53.347 [INFO]   [Measuring]   [maven:out]         [com.diffblue.cover.buildsystem.config.a.a] out: [INFO] --- compiler:3.8.0:compile (default-compile) @ parity-file ---
10:21:53.427 [INFO]   [Measuring]   [maven:out]         [com.diffblue.cover.buildsystem.config.a.a] out: [INFO] Changes detected - recompiling the module!
10:21:53.432 [INFO]   [Measuring]   [maven:out]         [com.diffblue.cover.buildsystem.config.a.a] out: [INFO] Compiling 4 source files to /home/jbergqvist/diffblue/paritytrading-parity/libraries/file/target/classes
10:21:53.728 [INFO]   [Measuring]   [maven:out]         [com.diffblue.cover.buildsystem.internal.f.f] deserializing line [DIFFBLUE]{"__type":"com.diffblue.cover.buildsystem.model.DefaultEventMessage","project":"com.paritytrading.parity:parity-file","goal":"compile","cause":null,"state":"SUCCESS"}
10:21:53.730 [INFO]   [Measuring]   [maven:out]         [com.diffblue.cover.buildsystem.internal.f.f] deserializing line [DIFFBLUE]{"__type":"com.diffblue.cover.buildsystem.model.DefaultEventMessage","project":"com.paritytrading.parity:parity-file","goal":"testResources","cause":null,"state":"STARTED"}
10:21:53.731 [INFO]   [Measuring]   [maven:out]         [com.diffblue.cover.buildsystem.config.a.a] out: [INFO] 
10:21:53.731 [INFO]   [Measuring]   [maven:out]         [com.diffblue.cover.buildsystem.config.a.a] out: [INFO] --- resources:3.3.1:testResources (default-testResources) @ parity-file ---
10:21:53.732 [INFO]   [Measuring]   [maven:out]         [com.diffblue.cover.buildsystem.config.a.a] out: [INFO] skip non existing resourceDirectory /home/jbergqvist/diffblue/paritytrading-parity/libraries/file/src/test/resources
10:21:53.733 [INFO]   [Measuring]   [maven:out]         [com.diffblue.cover.buildsystem.internal.f.f] deserializing line [DIFFBLUE]{"__type":"com.diffblue.cover.buildsystem.model.DefaultEventMessage","project":"com.paritytrading.parity:parity-file","goal":"testResources","cause":null,"state":"SUCCESS"}
10:21:53.734 [INFO]   [Measuring]   [maven:out]         [com.diffblue.cover.buildsystem.internal.f.f] deserializing line [DIFFBLUE]{"__type":"com.diffblue.cover.buildsystem.model.DefaultEventMessage","project":"com.paritytrading.parity:parity-file","goal":"testCompile","cause":null,"state":"STARTED"}
10:21:53.735 [INFO]   [Measuring]   [maven:out]         [com.diffblue.cover.buildsystem.config.a.a] out: [INFO] 
10:21:53.735 [INFO]   [Measuring]   [maven:out]         [com.diffblue.cover.buildsystem.config.a.a] out: [INFO] --- compiler:3.8.0:testCompile (default-testCompile) @ parity-file ---
10:21:53.739 [INFO]   [Measuring]   [maven:out]         [com.diffblue.cover.buildsystem.config.a.a] out: [INFO] Nothing to compile - all classes are up to date
10:21:53.740 [INFO]   [Measuring]   [maven:out]         [com.diffblue.cover.buildsystem.internal.f.f] deserializing line [DIFFBLUE]{"__type":"com.diffblue.cover.buildsystem.model.DefaultEventMessage","project":"com.paritytrading.parity:parity-file","goal":"testCompile","cause":null,"state":"SUCCESS"}
10:21:53.741 [INFO]   [Measuring]   [maven:out]         [com.diffblue.cover.buildsystem.internal.f.f] deserializing line [DIFFBLUE]{"__type":"com.diffblue.cover.buildsystem.model.DefaultEventMessage","project":"com.paritytrading.parity:parity-file","goal":"test","cause":null,"state":"STARTED"}
10:21:53.741 [INFO]   [Measuring]   [maven:out]         [com.diffblue.cover.buildsystem.config.a.a] out: [INFO] 
10:21:53.741 [INFO]   [Measuring]   [maven:out]         [com.diffblue.cover.buildsystem.config.a.a] out: [INFO] --- surefire:3.0.0-M5:test (default-test) @ parity-file ---
10:21:53.903 [INFO]   [Measuring]   [maven:out]         [com.diffblue.cover.buildsystem.config.a.a] out: [INFO] 
10:21:53.903 [INFO]   [Measuring]   [maven:out]         [com.diffblue.cover.buildsystem.config.a.a] out: [INFO] -------------------------------------------------------
10:21:53.903 [INFO]   [Measuring]   [maven:out]         [com.diffblue.cover.buildsystem.config.a.a] out: [INFO]  T E S T S
10:21:53.903 [INFO]   [Measuring]   [maven:out]         [com.diffblue.cover.buildsystem.config.a.a] out: [INFO] -------------------------------------------------------
10:21:54.451 [INFO]   [Measuring]   [maven:out]         [com.diffblue.cover.buildsystem.config.a.a] out: [INFO] 
10:21:54.451 [INFO]   [Measuring]   [maven:out]         [com.diffblue.cover.buildsystem.config.a.a] out: [INFO] Results:
10:21:54.451 [INFO]   [Measuring]   [maven:out]         [com.diffblue.cover.buildsystem.config.a.a] out: [INFO] 
10:21:54.452 [INFO]   [Measuring]   [maven:out]         [com.diffblue.cover.buildsystem.config.a.a] out: [INFO] Tests run: 0, Failures: 0, Errors: 0, Skipped: 0
10:21:54.452 [INFO]   [Measuring]   [maven:out]         [com.diffblue.cover.buildsystem.config.a.a] out: [INFO] 
10:21:54.456 [INFO]   [Measuring]   [maven:out]         [com.diffblue.cover.buildsystem.internal.f.f] deserializing line [DIFFBLUE]{"__type":"com.diffblue.cover.buildsystem.model.DefaultEventMessage","project":"com.paritytrading.parity:parity-file","goal":"test","cause":null,"state":"SUCCESS"}
10:21:54.457 [INFO]   [Measuring]   [maven:out]         [com.diffblue.cover.buildsystem.internal.f.f] deserializing line [DIFFBLUE]{"__type":"com.diffblue.cover.buildsystem.model.DefaultEventMessage","project":"com.paritytrading.parity:parity-file","goal":"report","cause":null,"state":"STARTED"}
10:21:54.457 [INFO]   [Measuring]   [maven:out]         [com.diffblue.cover.buildsystem.config.a.a] out: [INFO] 
10:21:54.457 [INFO]   [Measuring]   [maven:out]         [com.diffblue.cover.buildsystem.config.a.a] out: [INFO] --- jacoco:0.8.11:report (default-cli) @ parity-file ---
10:21:54.461 [INFO]   [Measuring]   [maven:out]         [com.diffblue.cover.buildsystem.config.a.a] out: [INFO] Loading execution data file /home/jbergqvist/diffblue/paritytrading-parity/libraries/file/target/jacoco.exec
10:21:54.510 [INFO]   [Measuring]   [maven:out]         [com.diffblue.cover.buildsystem.config.a.a] out: [INFO] Analyzed bundle 'Parity File Formats' with 5 classes
10:21:54.546 [INFO]   [Measuring]   [maven:out]         [com.diffblue.cover.buildsystem.internal.f.f] deserializing line [DIFFBLUE]{"__type":"com.diffblue.cover.buildsystem.model.DefaultEventMessage","project":"com.paritytrading.parity:parity-file","goal":"report","cause":null,"state":"SUCCESS"}
10:21:54.574 [INFO]   [Measuring]   [maven:out]         [com.diffblue.cover.buildsystem.internal.f.f] deserializing line [DIFFBLUE]{"__type":"com.diffblue.cover.buildsystem.model.DefaultProjectModuleMessage","project":{"__type":"DefaultProjectModule","junitReport":["/home/jbergqvist/diffblue/paritytrading-parity/libraries/file/target/surefire-reports"],"jacocoReport":["/home/jbergqvist/diffblue/paritytrading-parity/libraries/file/target/site/jacoco/jacoco.xml"],"jacocoDestFile":["/home/jbergqvist/diffblue/paritytrading-parity/libraries/file/target/jacoco.exec"],"jacocoFormats":["xml"],"jacocoSkipped":false,"classpath":["/home/jbergqvist/diffblue/paritytrading-parity/libraries/file/target/classes","/home/jbergqvist/.m2/repository/org/junit/jupiter/junit-jupiter/5.7.0/junit-jupiter-5.7.0.jar","/home/jbergqvist/.m2/repository/org/junit/jupiter/junit-jupiter-api/5.7.0/junit-jupiter-api-5.7.0.jar","/home/jbergqvist/.m2/repository/org/apiguardian/apiguardian-api/1.1.0/apiguardian-api-1.1.0.jar","/home/jbergqvist/.m2/repository/org/opentest4j/opentest4j/1.2.0/opentest4j-1.2.0.jar","/home/jbergqvist/.m2/repository/org/junit/platform/junit-platform-commons/1.7.0/junit-platform-commons-1.7.0.jar","/home/jbergqvist/.m2/repository/org/junit/jupiter/junit-jupiter-params/5.7.0/junit-jupiter-params-5.7.0.jar","/home/jbergqvist/.m2/repository/org/junit/jupiter/junit-jupiter-engine/5.7.0/junit-jupiter-engine-5.7.0.jar","/home/jbergqvist/.m2/repository/org/junit/platform/junit-platform-engine/1.7.0/junit-platform-engine-1.7.0.jar","/home/jbergqvist/.m2/repository/com/diffblue/cover/cover-annotations/1.9.0/cover-annotations-1.9.0.jar","/home/jbergqvist/.m2/repository/org/mockito/mockito-core/4.11.0/mockito-core-4.11.0.jar","/home/jbergqvist/.m2/repository/net/bytebuddy/byte-buddy/1.12.19/byte-buddy-1.12.19.jar","/home/jbergqvist/.m2/repository/net/bytebuddy/byte-buddy-agent/1.12.19/byte-buddy-agent-1.12.19.jar","/home/jbergqvist/.m2/repository/org/objenesis/objenesis/3.3/objenesis-3.3.jar","/home/jbergqvist/.m2/repository/org/mockito/mockito-junit-jupiter/4.11.0/mockito-junit-jupiter-4.11.0.jar"],"complianceLevel":"1.8","productionSources":["/home/jbergqvist/diffblue/paritytrading-parity/libraries/file/src/main/java"],"testSources":["/home/jbergqvist/diffblue/paritytrading-parity/libraries/file/src/test/java"],"productionClasses":"/home/jbergqvist/diffblue/paritytrading-parity/libraries/file/target/classes","testClasses":"/home/jbergqvist/diffblue/paritytrading-parity/libraries/file/target/test-classes","sourceToBuildPathMap":null,"testSourceToBuildPathMap":null,"buildDirectory":"/home/jbergqvist/diffblue/paritytrading-parity/libraries/file/target","plugins":[{"__type":"DefaultPlugin","groupId":"org.apache.maven.plugins","artefactId":"maven-enforcer-plugin","version":"1.0","pluginClassName":null},{"__type":"DefaultPlugin","groupId":"org.apache.maven.plugins","artefactId":"maven-checkstyle-plugin","version":"3.1.0","pluginClassName":null},{"__type":"DefaultPlugin","groupId":"org.apache.maven.plugins","artefactId":"maven-compiler-plugin","version":"3.8.0","pluginClassName":null},{"__type":"DefaultPlugin","groupId":"org.apache.maven.plugins","artefactId":"maven-javadoc-plugin","version":"3.0.1","pluginClassName":null},{"__type":"DefaultPlugin","groupId":"org.apache.maven.plugins","artefactId":"maven-release-plugin","version":"2.5.3","pluginClassName":null},{"__type":"DefaultPlugin","groupId":"org.apache.maven.plugins","artefactId":"maven-clean-plugin","version":"3.2.0","pluginClassName":null},{"__type":"DefaultPlugin","groupId":"org.apache.maven.plugins","artefactId":"maven-resources-plugin","version":"3.3.1","pluginClassName":null},{"__type":"DefaultPlugin","groupId":"org.apache.maven.plugins","artefactId":"maven-jar-plugin","version":"3.4.1","pluginClassName":null},{"__type":"DefaultPlugin","groupId":"org.apache.maven.plugins","artefactId":"maven-surefire-plugin","version":"3.0.0-M5","pluginClassName":null},{"__type":"DefaultPlugin","groupId":"org.apache.maven.plugins","artefactId":"maven-install-plugin","version":"3.1.2","pluginClassName":null},{"__type":"DefaultPlugin","groupId":"org.apache.maven.plugins","artefactId":"maven-deploy-plugin","version":"2.8.2","pluginClassName":null},{"__type":"DefaultPlugin","groupId":"org.apache.maven.plugins","artefactId":"maven-site-plugin","version":"3.12.1","pluginClassName":null}],"version":"3.9.12","encoding":"UTF-8","name":"maven","subModules":[],"simpleModuleName":null,"parentModuleName":"com.paritytrading.parity:parity-parent","location":"/home/jbergqvist/diffblue/paritytrading-parity/libraries/file","fullModuleName":"com.paritytrading.parity:parity-file"}}
10:21:54.577 [INFO]   [Measuring]   [maven:out]         [com.diffblue.cover.buildsystem.config.a.a] out: [INFO] ------------------------------------------------------------------------
10:21:54.577 [INFO]   [Measuring]   [maven:out]         [com.diffblue.cover.buildsystem.config.a.a] out: [INFO] BUILD SUCCESS
10:21:54.577 [INFO]   [Measuring]   [maven:out]         [com.diffblue.cover.buildsystem.config.a.a] out: [INFO] ------------------------------------------------------------------------
10:21:54.577 [INFO]   [Measuring]   [maven:out]         [com.diffblue.cover.buildsystem.config.a.a] out: [INFO] Total time:  2.250 s
10:21:54.577 [INFO]   [Measuring]   [maven:out]         [com.diffblue.cover.buildsystem.config.a.a] out: [INFO] Finished at: 2026-01-20T10:21:54Z
10:21:54.577 [INFO]   [Measuring]   [maven:out]         [com.diffblue.cover.buildsystem.config.a.a] out: [INFO] ------------------------------------------------------------------------
10:21:54.579 [INFO]   [Measuring]   [maven:out]         [com.diffblue.cover.buildsystem.internal.f.f] deserializing line [DIFFBLUE]{"__type":"com.diffblue.cover.buildsystem.model.ProjectInfoMessage","projectName":"com.paritytrading.parity:parity-file","productionSources":["/home/jbergqvist/diffblue/paritytrading-parity/libraries/file/src/main/java","/home/jbergqvist/diffblue/paritytrading-parity/libraries/file/target/generated-sources/annotations"],"testSources":["/home/jbergqvist/diffblue/paritytrading-parity/libraries/file/src/test/java","/home/jbergqvist/diffblue/paritytrading-parity/libraries/file/target/generated-test-sources/test-annotations"],"location":"/home/jbergqvist/diffblue/paritytrading-parity/libraries/file"}
10:21:54.615 [INFO]   [Measuring]   [main]              [com.diffblue.cover.buildsystem.internal.f.d] maven:err process not stopped, joining thread
10:21:54.615 [INFO]   [Measuring]   [main]              [com.diffblue.cover.buildsystem.internal.f.d] maven:out process not stopped, joining thread
10:21:54.615 [DEBUG]  [Measuring]   [main]              [com.diffblue.cover.buildsystem.config.a.a] Executor spent 3s on command "/home/jbergqvist/.sdkman/candidates/maven/current/bin/mvn -Dmaven.ext.class.path=/opt/cover/cover-buildsystem-maven-spy-jar-with-dependencies.jar -Dcom.diffblue.cover.skipTests=true -DskipTestOptimizer --batch-mode --projects=com.paritytrading.parity:parity-file --global-settings=/home/jbergqvist/.sdkman/candidates/maven/current/conf/settings.xml org.apache.maven.plugins:maven-checkstyle-plugin:check -Dcheckstyle.failOnViolation=false org.jacoco:jacoco-maven-plugin:0.8.11:prepare-agent -Djacoco.skip=false test -DfailIfNoTests=false -Dsurefire.failIfNoSpecifiedTests=false -Dmaven.test.failure.ignore=True -Dtest=!*DiffblueTest,**/Test*.java,**/*Test.java,**/*Tests.java,**/*TestCase.java -Dgroups=MaintainedByDiffblue,ContributionFromDiffblue org.jacoco:jacoco-maven-plugin:0.8.11:report -Djacoco.skip=false"
10:21:54.625 [INFO]   [Measuring]   [main]              [com.diffblue.cover.ui.controller.p] JaCoCo report file created in /home/jbergqvist/diffblue/paritytrading-parity/libraries/file/.diffblue/reports/diffblue-tests-jacoco-report.xml
10:21:54.642 [INFO]   [Measuring]   [main]              [com.diffblue.cover.ui.controller.q] Calculating coverage from manual tests.
10:21:54.643 [DEBUG]  [Measuring]   [main]              [com.diffblue.cover.buildsystem.config.registry.Registry] checking if /home/jbergqvist/diffblue/paritytrading-parity/libraries/file/DiffblueBuild.yaml exists...
10:21:54.643 [DEBUG]  [Measuring]   [main]              [com.diffblue.cover.buildsystem.config.registry.Registry] checking if /home/jbergqvist/diffblue/paritytrading-parity/libraries/file/DiffblueBuild.yml exists...
10:21:54.643 [DEBUG]  [Measuring]   [main]              [com.diffblue.cover.buildsystem.config.registry.Registry] checking if /home/jbergqvist/diffblue/paritytrading-parity/DiffblueBuild.yaml exists...
10:21:54.643 [DEBUG]  [Measuring]   [main]              [com.diffblue.cover.buildsystem.config.registry.Registry] checking if /home/jbergqvist/diffblue/paritytrading-parity/DiffblueBuild.yml exists...
10:21:54.643 [INFO]   [Measuring]   [main]              [com.diffblue.cover.buildsystem.config.registry.Registry] Using default build rules as no custom rules found in any of [/home/jbergqvist/diffblue/paritytrading-parity/libraries/file, /home/jbergqvist/diffblue/paritytrading-parity]
10:21:54.643 [DEBUG]  [Measuring]   [main]              [com.diffblue.cover.buildsystem.config.registry.Registry] Build execution request for Coverage Phase
10:21:54.643 [INFO]   [Measuring]   [main]              [com.diffblue.cover.buildsystem.config.a.a] Attempting to invoke mvnw in working directory: /home/jbergqvist/diffblue/paritytrading-parity
10:21:54.644 [INFO]   [Measuring]   [main]              [com.diffblue.cover.buildsystem.config.a.a] Attempting to invoke /home/jbergqvist/.sdkman/candidates/maven/current/bin/mvn in working directory: /home/jbergqvist/diffblue/paritytrading-parity
10:21:54.644 [INFO]   [Measuring]   [main]              [com.diffblue.cover.buildsystem.config.a.a] Started "/home/jbergqvist/.sdkman/candidates/maven/current/bin/mvn -Dmaven.ext.class.path=/opt/cover/cover-buildsystem-maven-spy-jar-with-dependencies.jar -Dcom.diffblue.cover.skipTests=true -DskipTestOptimizer --batch-mode --projects=com.paritytrading.parity:parity-file --global-settings=/home/jbergqvist/.sdkman/candidates/maven/current/conf/settings.xml org.apache.maven.plugins:maven-checkstyle-plugin:check -Dcheckstyle.failOnViolation=false org.jacoco:jacoco-maven-plugin:0.8.11:prepare-agent -Djacoco.skip=false test -DfailIfNoTests=false -Dsurefire.failIfNoSpecifiedTests=false -Dmaven.test.failure.ignore=True -Dtest=!*DiffblueTest,**/Test*.java,**/*Test.java,**/*Tests.java,**/*TestCase.java -DexcludedGroups=MaintainedByDiffblue,ContributionFromDiffblue org.jacoco:jacoco-maven-plugin:0.8.11:report -Djacoco.skip=false"
10:21:55.433 [INFO]   [Measuring]   [maven:out]         [com.diffblue.cover.buildsystem.config.a.a] out: [INFO] Scanning for projects...
10:21:55.585 [INFO]   [Measuring]   [maven:out]         [com.diffblue.cover.buildsystem.config.a.a] out: [INFO] 
10:21:55.585 [INFO]   [Measuring]   [maven:out]         [com.diffblue.cover.buildsystem.config.a.a] out: [INFO] ----------------< com.paritytrading.parity:parity-file >----------------
10:21:55.585 [INFO]   [Measuring]   [maven:out]         [com.diffblue.cover.buildsystem.config.a.a] out: [INFO] Building Parity File Formats 0.7.1-SNAPSHOT
10:21:55.585 [INFO]   [Measuring]   [maven:out]         [com.diffblue.cover.buildsystem.config.a.a] out: [INFO]   from pom.xml
10:21:55.585 [INFO]   [Measuring]   [maven:out]         [com.diffblue.cover.buildsystem.config.a.a] out: [INFO] --------------------------------[ jar ]---------------------------------
10:21:55.848 [INFO]   [Measuring]   [maven:out]         [com.diffblue.cover.buildsystem.internal.f.f] deserializing line [DIFFBLUE]{"__type":"com.diffblue.cover.buildsystem.model.DefaultEventMessage","project":"com.paritytrading.parity:parity-file","goal":"check","cause":null,"state":"STARTED"}
10:21:55.850 [INFO]   [Measuring]   [maven:out]         [com.diffblue.cover.buildsystem.config.a.a] out: [INFO] 
10:21:55.850 [INFO]   [Measuring]   [maven:out]         [com.diffblue.cover.buildsystem.config.a.a] out: [INFO] --- checkstyle:3.1.0:check (default-cli) @ parity-file ---
10:21:56.273 [INFO]   [Measuring]   [maven:out]         [com.diffblue.cover.buildsystem.internal.f.f] deserializing line [DIFFBLUE]{"__type":"com.diffblue.cover.buildsystem.model.DefaultEventMessage","project":"com.paritytrading.parity:parity-file","goal":"check","cause":null,"state":"SUCCESS"}
10:21:56.275 [INFO]   [Measuring]   [maven:out]         [com.diffblue.cover.buildsystem.internal.f.f] deserializing line [DIFFBLUE]{"__type":"com.diffblue.cover.buildsystem.model.DefaultEventMessage","project":"com.paritytrading.parity:parity-file","goal":"prepare-agent","cause":null,"state":"STARTED"}
10:21:56.276 [INFO]   [Measuring]   [maven:out]         [com.diffblue.cover.buildsystem.config.a.a] out: [INFO] 
10:21:56.276 [INFO]   [Measuring]   [maven:out]         [com.diffblue.cover.buildsystem.config.a.a] out: [INFO] --- jacoco:0.8.11:prepare-agent (default-cli) @ parity-file ---
10:21:56.316 [INFO]   [Measuring]   [maven:out]         [com.diffblue.cover.buildsystem.config.a.a] out: [INFO] argLine set to -javaagent:/home/jbergqvist/.m2/repository/org/jacoco/org.jacoco.agent/0.8.11/org.jacoco.agent-0.8.11-runtime.jar=destfile=/home/jbergqvist/diffblue/paritytrading-parity/libraries/file/target/jacoco.exec
10:21:56.318 [INFO]   [Measuring]   [maven:out]         [com.diffblue.cover.buildsystem.internal.f.f] deserializing line [DIFFBLUE]{"__type":"com.diffblue.cover.buildsystem.model.DefaultEventMessage","project":"com.paritytrading.parity:parity-file","goal":"prepare-agent","cause":null,"state":"SUCCESS"}
10:21:56.319 [INFO]   [Measuring]   [maven:out]         [com.diffblue.cover.buildsystem.internal.f.f] deserializing line [DIFFBLUE]{"__type":"com.diffblue.cover.buildsystem.model.DefaultEventMessage","project":"com.paritytrading.parity:parity-file","goal":"enforce","cause":null,"state":"STARTED"}
10:21:56.320 [INFO]   [Measuring]   [maven:out]         [com.diffblue.cover.buildsystem.config.a.a] out: [INFO] 
10:21:56.320 [INFO]   [Measuring]   [maven:out]         [com.diffblue.cover.buildsystem.config.a.a] out: [INFO] --- enforcer:1.0:enforce (enforce-maven) @ parity-file ---
10:21:56.378 [INFO]   [Measuring]   [maven:out]         [com.diffblue.cover.buildsystem.internal.f.f] deserializing line [DIFFBLUE]{"__type":"com.diffblue.cover.buildsystem.model.DefaultEventMessage","project":"com.paritytrading.parity:parity-file","goal":"enforce","cause":null,"state":"SUCCESS"}
10:21:56.379 [INFO]   [Measuring]   [maven:out]         [com.diffblue.cover.buildsystem.internal.f.f] deserializing line [DIFFBLUE]{"__type":"com.diffblue.cover.buildsystem.model.DefaultEventMessage","project":"com.paritytrading.parity:parity-file","goal":"resources","cause":null,"state":"STARTED"}
10:21:56.379 [INFO]   [Measuring]   [maven:out]         [com.diffblue.cover.buildsystem.config.a.a] out: [INFO] 
10:21:56.379 [INFO]   [Measuring]   [maven:out]         [com.diffblue.cover.buildsystem.config.a.a] out: [INFO] --- resources:3.3.1:resources (default-resources) @ parity-file ---
10:21:56.412 [INFO]   [Measuring]   [maven:out]         [com.diffblue.cover.buildsystem.config.a.a] out: [INFO] skip non existing resourceDirectory /home/jbergqvist/diffblue/paritytrading-parity/libraries/file/src/main/resources
10:21:56.413 [INFO]   [Measuring]   [maven:out]         [com.diffblue.cover.buildsystem.internal.f.f] deserializing line [DIFFBLUE]{"__type":"com.diffblue.cover.buildsystem.model.DefaultEventMessage","project":"com.paritytrading.parity:parity-file","goal":"resources","cause":null,"state":"SUCCESS"}
10:21:56.415 [INFO]   [Measuring]   [maven:out]         [com.diffblue.cover.buildsystem.internal.f.f] deserializing line [DIFFBLUE]{"__type":"com.diffblue.cover.buildsystem.model.DefaultEventMessage","project":"com.paritytrading.parity:parity-file","goal":"compile","cause":null,"state":"STARTED"}
10:21:56.415 [INFO]   [Measuring]   [maven:out]         [com.diffblue.cover.buildsystem.config.a.a] out: [INFO] 
10:21:56.416 [INFO]   [Measuring]   [maven:out]         [com.diffblue.cover.buildsystem.config.a.a] out: [INFO] --- compiler:3.8.0:compile (default-compile) @ parity-file ---
10:21:56.502 [INFO]   [Measuring]   [maven:out]         [com.diffblue.cover.buildsystem.config.a.a] out: [INFO] Changes detected - recompiling the module!
10:21:56.505 [INFO]   [Measuring]   [maven:out]         [com.diffblue.cover.buildsystem.config.a.a] out: [INFO] Compiling 4 source files to /home/jbergqvist/diffblue/paritytrading-parity/libraries/file/target/classes
10:21:56.806 [INFO]   [Measuring]   [maven:out]         [com.diffblue.cover.buildsystem.internal.f.f] deserializing line [DIFFBLUE]{"__type":"com.diffblue.cover.buildsystem.model.DefaultEventMessage","project":"com.paritytrading.parity:parity-file","goal":"compile","cause":null,"state":"SUCCESS"}
10:21:56.807 [INFO]   [Measuring]   [maven:out]         [com.diffblue.cover.buildsystem.internal.f.f] deserializing line [DIFFBLUE]{"__type":"com.diffblue.cover.buildsystem.model.DefaultEventMessage","project":"com.paritytrading.parity:parity-file","goal":"testResources","cause":null,"state":"STARTED"}
10:21:56.808 [INFO]   [Measuring]   [maven:out]         [com.diffblue.cover.buildsystem.config.a.a] out: [INFO] 
10:21:56.808 [INFO]   [Measuring]   [maven:out]         [com.diffblue.cover.buildsystem.config.a.a] out: [INFO] --- resources:3.3.1:testResources (default-testResources) @ parity-file ---
10:21:56.809 [INFO]   [Measuring]   [maven:out]         [com.diffblue.cover.buildsystem.config.a.a] out: [INFO] skip non existing resourceDirectory /home/jbergqvist/diffblue/paritytrading-parity/libraries/file/src/test/resources
10:21:56.810 [INFO]   [Measuring]   [maven:out]         [com.diffblue.cover.buildsystem.internal.f.f] deserializing line [DIFFBLUE]{"__type":"com.diffblue.cover.buildsystem.model.DefaultEventMessage","project":"com.paritytrading.parity:parity-file","goal":"testResources","cause":null,"state":"SUCCESS"}
10:21:56.811 [INFO]   [Measuring]   [maven:out]         [com.diffblue.cover.buildsystem.internal.f.f] deserializing line [DIFFBLUE]{"__type":"com.diffblue.cover.buildsystem.model.DefaultEventMessage","project":"com.paritytrading.parity:parity-file","goal":"testCompile","cause":null,"state":"STARTED"}
10:21:56.812 [INFO]   [Measuring]   [maven:out]         [com.diffblue.cover.buildsystem.config.a.a] out: [INFO] 
10:21:56.812 [INFO]   [Measuring]   [maven:out]         [com.diffblue.cover.buildsystem.config.a.a] out: [INFO] --- compiler:3.8.0:testCompile (default-testCompile) @ parity-file ---
10:21:56.815 [INFO]   [Measuring]   [maven:out]         [com.diffblue.cover.buildsystem.config.a.a] out: [INFO] Nothing to compile - all classes are up to date
10:21:56.816 [INFO]   [Measuring]   [maven:out]         [com.diffblue.cover.buildsystem.internal.f.f] deserializing line [DIFFBLUE]{"__type":"com.diffblue.cover.buildsystem.model.DefaultEventMessage","project":"com.paritytrading.parity:parity-file","goal":"testCompile","cause":null,"state":"SUCCESS"}
10:21:56.817 [INFO]   [Measuring]   [maven:out]         [com.diffblue.cover.buildsystem.internal.f.f] deserializing line [DIFFBLUE]{"__type":"com.diffblue.cover.buildsystem.model.DefaultEventMessage","project":"com.paritytrading.parity:parity-file","goal":"test","cause":null,"state":"STARTED"}
10:21:56.818 [INFO]   [Measuring]   [maven:out]         [com.diffblue.cover.buildsystem.config.a.a] out: [INFO] 
10:21:56.818 [INFO]   [Measuring]   [maven:out]         [com.diffblue.cover.buildsystem.config.a.a] out: [INFO] --- surefire:3.0.0-M5:test (default-test) @ parity-file ---
10:21:56.978 [INFO]   [Measuring]   [maven:out]         [com.diffblue.cover.buildsystem.config.a.a] out: [INFO] 
10:21:56.978 [INFO]   [Measuring]   [maven:out]         [com.diffblue.cover.buildsystem.config.a.a] out: [INFO] -------------------------------------------------------
10:21:56.978 [INFO]   [Measuring]   [maven:out]         [com.diffblue.cover.buildsystem.config.a.a] out: [INFO]  T E S T S
10:21:56.978 [INFO]   [Measuring]   [maven:out]         [com.diffblue.cover.buildsystem.config.a.a] out: [INFO] -------------------------------------------------------
10:21:57.512 [INFO]   [Measuring]   [maven:out]         [com.diffblue.cover.buildsystem.config.a.a] out: [INFO] Running com.paritytrading.parity.file.taq.TAQWriterTest
10:21:57.568 [INFO]   [Measuring]   [maven:out]         [com.diffblue.cover.buildsystem.config.a.a] out: [INFO] Tests run: 2, Failures: 0, Errors: 0, Skipped: 0, Time elapsed: 0.052 s - in com.paritytrading.parity.file.taq.TAQWriterTest
10:21:57.592 [INFO]   [Measuring]   [maven:out]         [com.diffblue.cover.buildsystem.config.a.a] out: [INFO] 
10:21:57.593 [INFO]   [Measuring]   [maven:out]         [com.diffblue.cover.buildsystem.config.a.a] out: [INFO] Results:
10:21:57.593 [INFO]   [Measuring]   [maven:out]         [com.diffblue.cover.buildsystem.config.a.a] out: [INFO] 
10:21:57.593 [INFO]   [Measuring]   [maven:out]         [com.diffblue.cover.buildsystem.config.a.a] out: [INFO] Tests run: 2, Failures: 0, Errors: 0, Skipped: 0
10:21:57.593 [INFO]   [Measuring]   [maven:out]         [com.diffblue.cover.buildsystem.config.a.a] out: [INFO] 
10:21:57.597 [INFO]   [Measuring]   [maven:out]         [com.diffblue.cover.buildsystem.internal.f.f] deserializing line [DIFFBLUE]{"__type":"com.diffblue.cover.buildsystem.model.DefaultEventMessage","project":"com.paritytrading.parity:parity-file","goal":"test","cause":null,"state":"SUCCESS"}
10:21:57.597 [INFO]   [Measuring]   [maven:out]         [com.diffblue.cover.buildsystem.internal.f.f] deserializing line [DIFFBLUE]{"__type":"com.diffblue.cover.buildsystem.model.DefaultEventMessage","project":"com.paritytrading.parity:parity-file","goal":"report","cause":null,"state":"STARTED"}
10:21:57.598 [INFO]   [Measuring]   [maven:out]         [com.diffblue.cover.buildsystem.config.a.a] out: [INFO] 
10:21:57.598 [INFO]   [Measuring]   [maven:out]         [com.diffblue.cover.buildsystem.config.a.a] out: [INFO] --- jacoco:0.8.11:report (default-cli) @ parity-file ---
10:21:57.601 [INFO]   [Measuring]   [maven:out]         [com.diffblue.cover.buildsystem.config.a.a] out: [INFO] Loading execution data file /home/jbergqvist/diffblue/paritytrading-parity/libraries/file/target/jacoco.exec
10:21:57.646 [INFO]   [Measuring]   [maven:out]         [com.diffblue.cover.buildsystem.config.a.a] out: [INFO] Analyzed bundle 'Parity File Formats' with 5 classes
10:21:57.670 [INFO]   [Measuring]   [maven:out]         [com.diffblue.cover.buildsystem.internal.f.f] deserializing line [DIFFBLUE]{"__type":"com.diffblue.cover.buildsystem.model.DefaultEventMessage","project":"com.paritytrading.parity:parity-file","goal":"report","cause":null,"state":"SUCCESS"}
10:21:57.696 [INFO]   [Measuring]   [maven:out]         [com.diffblue.cover.buildsystem.internal.f.f] deserializing line [DIFFBLUE]{"__type":"com.diffblue.cover.buildsystem.model.DefaultProjectModuleMessage","project":{"__type":"DefaultProjectModule","junitReport":["/home/jbergqvist/diffblue/paritytrading-parity/libraries/file/target/surefire-reports"],"jacocoReport":["/home/jbergqvist/diffblue/paritytrading-parity/libraries/file/target/site/jacoco/jacoco.xml"],"jacocoDestFile":["/home/jbergqvist/diffblue/paritytrading-parity/libraries/file/target/jacoco.exec"],"jacocoFormats":["xml"],"jacocoSkipped":false,"classpath":["/home/jbergqvist/diffblue/paritytrading-parity/libraries/file/target/classes","/home/jbergqvist/.m2/repository/org/junit/jupiter/junit-jupiter/5.7.0/junit-jupiter-5.7.0.jar","/home/jbergqvist/.m2/repository/org/junit/jupiter/junit-jupiter-api/5.7.0/junit-jupiter-api-5.7.0.jar","/home/jbergqvist/.m2/repository/org/apiguardian/apiguardian-api/1.1.0/apiguardian-api-1.1.0.jar","/home/jbergqvist/.m2/repository/org/opentest4j/opentest4j/1.2.0/opentest4j-1.2.0.jar","/home/jbergqvist/.m2/repository/org/junit/platform/junit-platform-commons/1.7.0/junit-platform-commons-1.7.0.jar","/home/jbergqvist/.m2/repository/org/junit/jupiter/junit-jupiter-params/5.7.0/junit-jupiter-params-5.7.0.jar","/home/jbergqvist/.m2/repository/org/junit/jupiter/junit-jupiter-engine/5.7.0/junit-jupiter-engine-5.7.0.jar","/home/jbergqvist/.m2/repository/org/junit/platform/junit-platform-engine/1.7.0/junit-platform-engine-1.7.0.jar","/home/jbergqvist/.m2/repository/com/diffblue/cover/cover-annotations/1.9.0/cover-annotations-1.9.0.jar","/home/jbergqvist/.m2/repository/org/mockito/mockito-core/4.11.0/mockito-core-4.11.0.jar","/home/jbergqvist/.m2/repository/net/bytebuddy/byte-buddy/1.12.19/byte-buddy-1.12.19.jar","/home/jbergqvist/.m2/repository/net/bytebuddy/byte-buddy-agent/1.12.19/byte-buddy-agent-1.12.19.jar","/home/jbergqvist/.m2/repository/org/objenesis/objenesis/3.3/objenesis-3.3.jar","/home/jbergqvist/.m2/repository/org/mockito/mockito-junit-jupiter/4.11.0/mockito-junit-jupiter-4.11.0.jar"],"complianceLevel":"1.8","productionSources":["/home/jbergqvist/diffblue/paritytrading-parity/libraries/file/src/main/java"],"testSources":["/home/jbergqvist/diffblue/paritytrading-parity/libraries/file/src/test/java"],"productionClasses":"/home/jbergqvist/diffblue/paritytrading-parity/libraries/file/target/classes","testClasses":"/home/jbergqvist/diffblue/paritytrading-parity/libraries/file/target/test-classes","sourceToBuildPathMap":null,"testSourceToBuildPathMap":null,"buildDirectory":"/home/jbergqvist/diffblue/paritytrading-parity/libraries/file/target","plugins":[{"__type":"DefaultPlugin","groupId":"org.apache.maven.plugins","artefactId":"maven-enforcer-plugin","version":"1.0","pluginClassName":null},{"__type":"DefaultPlugin","groupId":"org.apache.maven.plugins","artefactId":"maven-checkstyle-plugin","version":"3.1.0","pluginClassName":null},{"__type":"DefaultPlugin","groupId":"org.apache.maven.plugins","artefactId":"maven-compiler-plugin","version":"3.8.0","pluginClassName":null},{"__type":"DefaultPlugin","groupId":"org.apache.maven.plugins","artefactId":"maven-javadoc-plugin","version":"3.0.1","pluginClassName":null},{"__type":"DefaultPlugin","groupId":"org.apache.maven.plugins","artefactId":"maven-release-plugin","version":"2.5.3","pluginClassName":null},{"__type":"DefaultPlugin","groupId":"org.apache.maven.plugins","artefactId":"maven-clean-plugin","version":"3.2.0","pluginClassName":null},{"__type":"DefaultPlugin","groupId":"org.apache.maven.plugins","artefactId":"maven-resources-plugin","version":"3.3.1","pluginClassName":null},{"__type":"DefaultPlugin","groupId":"org.apache.maven.plugins","artefactId":"maven-jar-plugin","version":"3.4.1","pluginClassName":null},{"__type":"DefaultPlugin","groupId":"org.apache.maven.plugins","artefactId":"maven-surefire-plugin","version":"3.0.0-M5","pluginClassName":null},{"__type":"DefaultPlugin","groupId":"org.apache.maven.plugins","artefactId":"maven-install-plugin","version":"3.1.2","pluginClassName":null},{"__type":"DefaultPlugin","groupId":"org.apache.maven.plugins","artefactId":"maven-deploy-plugin","version":"2.8.2","pluginClassName":null},{"__type":"DefaultPlugin","groupId":"org.apache.maven.plugins","artefactId":"maven-site-plugin","version":"3.12.1","pluginClassName":null}],"version":"3.9.12","encoding":"UTF-8","name":"maven","subModules":[],"simpleModuleName":null,"parentModuleName":"com.paritytrading.parity:parity-parent","location":"/home/jbergqvist/diffblue/paritytrading-parity/libraries/file","fullModuleName":"com.paritytrading.parity:parity-file"}}
10:21:57.698 [INFO]   [Measuring]   [maven:out]         [com.diffblue.cover.buildsystem.config.a.a] out: [INFO] ------------------------------------------------------------------------
10:21:57.698 [INFO]   [Measuring]   [maven:out]         [com.diffblue.cover.buildsystem.config.a.a] out: [INFO] BUILD SUCCESS
10:21:57.698 [INFO]   [Measuring]   [maven:out]         [com.diffblue.cover.buildsystem.config.a.a] out: [INFO] ------------------------------------------------------------------------
10:21:57.698 [INFO]   [Measuring]   [maven:out]         [com.diffblue.cover.buildsystem.config.a.a] out: [INFO] Total time:  2.281 s
10:21:57.699 [INFO]   [Measuring]   [maven:out]         [com.diffblue.cover.buildsystem.config.a.a] out: [INFO] Finished at: 2026-01-20T10:21:57Z
10:21:57.699 [INFO]   [Measuring]   [maven:out]         [com.diffblue.cover.buildsystem.config.a.a] out: [INFO] ------------------------------------------------------------------------
10:21:57.700 [INFO]   [Measuring]   [maven:out]         [com.diffblue.cover.buildsystem.internal.f.f] deserializing line [DIFFBLUE]{"__type":"com.diffblue.cover.buildsystem.model.ProjectInfoMessage","projectName":"com.paritytrading.parity:parity-file","productionSources":["/home/jbergqvist/diffblue/paritytrading-parity/libraries/file/src/main/java","/home/jbergqvist/diffblue/paritytrading-parity/libraries/file/target/generated-sources/annotations"],"testSources":["/home/jbergqvist/diffblue/paritytrading-parity/libraries/file/src/test/java","/home/jbergqvist/diffblue/paritytrading-parity/libraries/file/target/generated-test-sources/test-annotations"],"location":"/home/jbergqvist/diffblue/paritytrading-parity/libraries/file"}
10:21:57.776 [INFO]   [Measuring]   [main]              [com.diffblue.cover.buildsystem.internal.f.d] maven:err process not stopped, joining thread
10:21:57.776 [INFO]   [Measuring]   [main]              [com.diffblue.cover.buildsystem.internal.f.d] maven:out process not stopped, joining thread
10:21:57.777 [DEBUG]  [Measuring]   [main]              [com.diffblue.cover.buildsystem.config.a.a] Executor spent 3s on command "/home/jbergqvist/.sdkman/candidates/maven/current/bin/mvn -Dmaven.ext.class.path=/opt/cover/cover-buildsystem-maven-spy-jar-with-dependencies.jar -Dcom.diffblue.cover.skipTests=true -DskipTestOptimizer --batch-mode --projects=com.paritytrading.parity:parity-file --global-settings=/home/jbergqvist/.sdkman/candidates/maven/current/conf/settings.xml org.apache.maven.plugins:maven-checkstyle-plugin:check -Dcheckstyle.failOnViolation=false org.jacoco:jacoco-maven-plugin:0.8.11:prepare-agent -Djacoco.skip=false test -DfailIfNoTests=false -Dsurefire.failIfNoSpecifiedTests=false -Dmaven.test.failure.ignore=True -Dtest=!*DiffblueTest,**/Test*.java,**/*Test.java,**/*Tests.java,**/*TestCase.java -DexcludedGroups=MaintainedByDiffblue,ContributionFromDiffblue org.jacoco:jacoco-maven-plugin:0.8.11:report -Djacoco.skip=false"
10:21:57.780 [INFO]   [Measuring]   [main]              [com.diffblue.cover.ui.controller.p] JaCoCo report file created in /home/jbergqvist/diffblue/paritytrading-parity/libraries/file/.diffblue/reports/manual-tests-jacoco-report.xml
10:21:57.786 [INFO]   [Measuring]   [main]              [com.diffblue.cover.ui.controller.r] 
10:21:57.797 [INFO]   [Measuring]   [main]              [com.diffblue.cover.ui.controller.r] Diffblue tests cover 108 of 117 lines to cover (92.3%)
10:21:57.802 [INFO]   [Measuring]   [main]              [com.diffblue.cover.ui.controller.r] Manual tests cover 103 of 117 lines to cover (88.0%)
10:21:57.811 [DEBUG]  [Measuring]   [main]              [com.diffblue.cover.ui.report.linecount.JavaParserFileLineCountCalculator] /home/jbergqvist/diffblue/paritytrading-parity/libraries/file/src/main/java/com/paritytrading/parity/file/taq/TAQConfig.java successfully parsed: - Total line count: 85
10:21:57.812 [DEBUG]  [Measuring]   [main]              [com.diffblue.cover.ui.report.linecount.JavaParserFileLineCountCalculator] /home/jbergqvist/diffblue/paritytrading-parity/libraries/file/src/main/java/com/paritytrading/parity/file/taq/package-info.java successfully parsed: - Total line count: 1
10:21:57.817 [DEBUG]  [Measuring]   [main]              [com.diffblue.cover.ui.report.linecount.JavaParserFileLineCountCalculator] /home/jbergqvist/diffblue/paritytrading-parity/libraries/file/src/main/java/com/paritytrading/parity/file/taq/TAQWriter.java successfully parsed: - Total line count: 134
10:21:57.820 [DEBUG]  [Measuring]   [main]              [com.diffblue.cover.ui.report.linecount.JavaParserFileLineCountCalculator] /home/jbergqvist/diffblue/paritytrading-parity/libraries/file/src/main/java/com/paritytrading/parity/file/taq/TAQ.java successfully parsed: - Total line count: 29
10:21:57.830 [DEBUG]  [Reporting]   [main]              [com.diffblue.cover.report.StructuredReportManager] Run metrics:
Total time:                44.6s
Environment detection:      0.7s ( 1.5%)
Indexing:                   0.3s ( 0.7%)
Entry points:               0.6s ( 1.4%)
Test generation:           20.4s (45.8%)
  - Index query:            1.3s ( 2.8%)
Test verification:          2.2s ( 4.9%)
Test validation:            5.0s (11.2%)
Other:                     15.4s (34.5%)
Time to first test:        16.8s (37.8%)
Time to last test:         29.4s (66.0%)
10:21:57.835 [DEBUG]  [Reporting]   [main]              [com.diffblue.cover.report.TraceLogTimingsReportListener] Timings per method:
00m 03s 208ms | com.paritytrading.parity.file.taq.TAQ$Quote{<init>}
00m 00s 177ms | com.paritytrading.parity.file.taq.TAQ$Trade{<init>}
00m 01s 928ms | com.paritytrading.parity.file.taq.TAQConfig{getEncoding}
00m 02s 558ms | com.paritytrading.parity.file.taq.TAQConfig{getPriceFormat}
00m 01s 471ms | com.paritytrading.parity.file.taq.TAQConfig{getSizeFormat}
00m 00s 278ms | com.paritytrading.parity.file.taq.TAQConfig$Builder{build, setEncoding}
00m 00s 709ms | com.paritytrading.parity.file.taq.TAQConfig$Builder{<init>}
00m 00s 518ms | com.paritytrading.parity.file.taq.TAQConfig$Builder{setPriceFractionDigits}
00m 02s 789ms | com.paritytrading.parity.file.taq.TAQConfig$Builder{setPriceFractionDigits}
00m 00s 495ms | com.paritytrading.parity.file.taq.TAQConfig$Builder{setSizeFractionDigits}
00m 00s 578ms | com.paritytrading.parity.file.taq.TAQConfig$Builder{setSizeFractionDigits}
00m 00s 170ms | com.paritytrading.parity.file.taq.TAQWriter{getBuffer, getConfig, getPosition, getSink}
00m 00s 455ms | com.paritytrading.parity.file.taq.TAQWriter{<init>}
00m 00s 636ms | com.paritytrading.parity.file.taq.TAQWriter{<init>}
00m 01s 941ms | com.paritytrading.parity.file.taq.TAQWriter{<init>}
00m 02s 241ms | com.paritytrading.parity.file.taq.TAQWriter{<init>}
00m 00s 293ms | com.paritytrading.parity.file.taq.TAQWriter{close}
00m 00s 240ms | com.paritytrading.parity.file.taq.TAQWriter{flush}
00m 03s 459ms | com.paritytrading.parity.file.taq.TAQWriter{write}
00m 02s 442ms | com.paritytrading.parity.file.taq.TAQWriter{write}
00m 01s 253ms | Indexing
10:21:57.838 [DEBUG]  [Reporting]   [main]              [com.diffblue.cover.report.TraceLogTimingsReportListener] Timing signature:    73.9s (   10.2s (13.8%)    10.0s (13.5%) (    0.4s ( 0.6%)     4.3s ( 5.8%) (    0.6s ( 0.8%)     2.3s ( 3.1%) (    1.8s ( 2.5%) (    0.1s ( 0.1%)     1.5s ( 2.0%)     0.2s ( 0.3%))     0.3s ( 0.4%) (    0.0s ( 0.0%)     0.3s ( 0.4%)     0.0s ( 0.0%))     0.1s ( 0.2%) (    0.0s ( 0.0%)     0.1s ( 0.1%)     0.0s ( 0.0%))     0.0s ( 0.1%)     0.0s ( 0.0%)     0.0s ( 0.0%)     0.0s ( 0.0%) (    0.0s ( 0.0%)     0.0s ( 0.0%)     0.0s ( 0.0%)))     0.0s ( 0.0%)     1.2s ( 1.7%)     0.1s ( 0.2%))     2.0s ( 2.7%)     0.0s ( 0.0%)     1.3s ( 1.7%)     2.0s ( 2.7%))    25.0s (33.8%)    11.0s (14.9%)    17.8s (24.1%)
10:21:57.920 [INFO]   [Reporting]   [main]              [com.diffblue.cover.ui.controller.r] Writing JSON report to /home/jbergqvist/diffblue/paritytrading-parity/libraries/file/.diffblue/reports/report.json
10:21:57.924 [DEBUG]  [Reporting]   [main]              [com.diffblue.cover.commons.configuration.e] Property cover.includeTouchedFilesInReportJson has not been set, using default value false
10:21:58.060 [INFO]   [Reporting]   [main]              [com.diffblue.cover.ui.controller.ak] 
10:21:58.060 [INFO]   [Reporting]   [main]              [com.diffblue.cover.ui.controller.ak] Log file: /home/jbergqvist/diffblue/paritytrading-parity/.diffblue/log/user-20260120T102105.log
10:21:58.061 [INFO]   [Reporting]   [main]              [com.diffblue.cover.ui.controller.ak] Finished in 44s
