10:21:07.035 [INFO]   [Preparing]   Diffblue Cover 2025.12.02-74144f0-licensed
10:21:07.036 [INFO]   [Preparing]   Running: dcover create -B --include-modules com.paritytrading.parity:parity-file --coverage-reports
10:21:07.036 [INFO]   [Preparing]   
10:21:07.036 [INFO]   [Preparing]   Command: create
10:21:07.037 [INFO]   [Preparing]   Create tests for the specified package/class/method.
10:21:07.037 [INFO]   [Preparing]   
10:21:11.177 [INFO]   [Checking]    Maven Using ${maven.home} of: /home/jbergqvist/.sdkman/candidates/maven/current.
10:21:11.179 [INFO]   [Checking]    Maven Executing: /bin/sh -c cd /home/jbergqvist/diffblue/paritytrading-parity && /home/jbergqvist/.sdkman/candidates/maven/3.9.12/bin/mvn -B -version
10:21:11.415 [INFO]   [Checking]    Standard output of build tool (Maven)
10:21:11.416 [INFO]   [Checking]    > Apache Maven 3.9.12 (848fbb4bf2d427b72bdb2471c22fced7ebd9a7a1)
10:21:11.416 [INFO]   [Checking]    > Maven home: /home/jbergqvist/.sdkman/candidates/maven/3.9.12
10:21:11.416 [INFO]   [Checking]    > Java version: 1.8.0_472, vendor: Amazon.com Inc., runtime: /home/jbergqvist/.sdkman/candidates/java/8.0.472-amzn/jre
10:21:11.416 [INFO]   [Checking]    > Default locale: en_GB, platform encoding: UTF-8
10:21:11.416 [INFO]   [Checking]    > OS name: "linux", version: "6.8.0-90-generic", arch: "amd64", family: "unix"
10:21:11.419 [INFO]   [Checking]    Using default build rules as no custom rules found in any of [/home/jbergqvist/diffblue/paritytrading-parity]
10:21:11.424 [INFO]   [Checking]    Attempting to invoke mvnw in working directory: /home/jbergqvist/diffblue/paritytrading-parity
10:21:11.425 [INFO]   [Checking]    Attempting to invoke /home/jbergqvist/.sdkman/candidates/maven/current/bin/mvn in working directory: /home/jbergqvist/diffblue/paritytrading-parity
10:21:11.425 [INFO]   [Checking]    Started "/home/jbergqvist/.sdkman/candidates/maven/current/bin/mvn -Dmaven.ext.class.path=/opt/cover/cover-buildsystem-maven-spy-jar-with-dependencies.jar -Dcom.diffblue.cover.skipTests=true -DskipTestOptimizer --batch-mode --global-settings=/home/jbergqvist/.sdkman/candidates/maven/current/conf/settings.xml dependency:build-classpath"
10:21:12.192 [INFO]   [Checking]    out: [INFO] Scanning for projects...
10:21:12.282 [INFO]   [Checking]    out: [INFO] ------------------------------------------------------------------------
10:21:12.282 [INFO]   [Checking]    out: [INFO] Reactor Build Order:
10:21:12.282 [INFO]   [Checking]    out: [INFO] 
10:21:12.282 [INFO]   [Checking]    out: [INFO] Parity (Parent)                                                    [pom]
10:21:12.283 [INFO]   [Checking]    out: [INFO] Parity Order Book                                                  [jar]
10:21:12.283 [INFO]   [Checking]    out: [INFO] Parity File Formats                                                [jar]
10:21:12.283 [INFO]   [Checking]    out: [INFO] Parity Matching Algorithm                                          [jar]
10:21:12.283 [INFO]   [Checking]    out: [INFO] Parity Network Protocols                                           [jar]
10:21:12.283 [INFO]   [Checking]    out: [INFO] Parity Utilities                                                   [jar]
10:21:12.283 [INFO]   [Checking]    out: [INFO] Parity Terminal Client                                             [jar]
10:21:12.283 [INFO]   [Checking]    out: [INFO] Parity FIX Gateway                                                 [jar]
10:21:12.283 [INFO]   [Checking]    out: [INFO] Parity Trade Reporter                                              [jar]
10:21:12.283 [INFO]   [Checking]    out: [INFO] Parity Trading System                                              [jar]
10:21:12.283 [INFO]   [Checking]    out: [INFO] Parity Stock Ticker                                                [jar]
10:21:12.284 [INFO]   [Checking]    out: [INFO] Parity Order Book Performance Test                                 [jar]
10:21:12.284 [INFO]   [Checking]    out: [INFO] Parity Matching Algorithm Performance Test                         [jar]
10:21:12.337 [INFO]   [Checking]    out: [INFO] 
10:21:12.337 [INFO]   [Checking]    out: [INFO] ---------------< com.paritytrading.parity:parity-parent >---------------
10:21:12.337 [INFO]   [Checking]    out: [INFO] Building Parity (Parent) 0.7.1-SNAPSHOT                           [1/13]
10:21:12.337 [INFO]   [Checking]    out: [INFO]   from pom.xml
10:21:12.337 [INFO]   [Checking]    out: [INFO] --------------------------------[ pom ]---------------------------------
10:21:12.497 [INFO]   [Checking]    deserializing line [DIFFBLUE]{"__type":"com.diffblue.cover.buildsystem.model.DefaultEventMessage","project":"com.paritytrading.parity:parity-parent","goal":"build-classpath","cause":null,"state":"STARTED"}
10:21:12.548 [INFO]   [Checking]    out: [INFO] 
10:21:12.548 [INFO]   [Checking]    out: [INFO] --- dependency:3.1.1:build-classpath (default-cli) @ parity-parent ---
10:21:12.916 [INFO]   [Checking]    out: [INFO] No dependencies found.
10:21:12.917 [INFO]   [Checking]    out: [INFO] Dependencies classpath:
10:21:12.917 [INFO]   [Checking]    out: 
10:21:12.919 [INFO]   [Checking]    deserializing line [DIFFBLUE]{"__type":"com.diffblue.cover.buildsystem.model.DefaultEventMessage","project":"com.paritytrading.parity:parity-parent","goal":"build-classpath","cause":null,"state":"SUCCESS"}
10:21:12.922 [INFO]   [Checking]    out: [INFO] 
10:21:12.922 [INFO]   [Checking]    out: [INFO] ----------------< com.paritytrading.parity:parity-book >----------------
10:21:12.922 [INFO]   [Checking]    out: [INFO] Building Parity Order Book 0.7.1-SNAPSHOT                         [2/13]
10:21:12.922 [INFO]   [Checking]    out: [INFO]   from libraries/book/pom.xml
10:21:12.922 [INFO]   [Checking]    out: [INFO] --------------------------------[ jar ]---------------------------------
10:21:12.956 [INFO]   [Checking]    deserializing line [DIFFBLUE]{"__type":"com.diffblue.cover.buildsystem.model.DefaultEventMessage","project":"com.paritytrading.parity:parity-book","goal":"build-classpath","cause":null,"state":"STARTED"}
10:21:12.960 [INFO]   [Checking]    out: [INFO] 
10:21:12.960 [INFO]   [Checking]    out: [INFO] --- dependency:3.1.1:build-classpath (default-cli) @ parity-book ---
10:21:12.960 [INFO]   [Checking]    out: [INFO] Dependencies classpath:
10:21:12.961 [INFO]   [Checking]    out: /home/jbergqvist/.m2/repository/it/unimi/dsi/fastutil/8.1.0/fastutil-8.1.0.jar:/home/jbergqvist/.m2/repository/org/apache/commons/commons-lang3/3.12.0/commons-lang3-3.12.0.jar:/home/jbergqvist/.m2/repository/org/junit/jupiter/junit-jupiter/5.7.0/junit-jupiter-5.7.0.jar:/home/jbergqvist/.m2/repository/org/junit/jupiter/junit-jupiter-api/5.7.0/junit-jupiter-api-5.7.0.jar:/home/jbergqvist/.m2/repository/org/apiguardian/apiguardian-api/1.1.0/apiguardian-api-1.1.0.jar:/home/jbergqvist/.m2/repository/org/opentest4j/opentest4j/1.2.0/opentest4j-1.2.0.jar:/home/jbergqvist/.m2/repository/org/junit/platform/junit-platform-commons/1.7.0/junit-platform-commons-1.7.0.jar:/home/jbergqvist/.m2/repository/org/junit/jupiter/junit-jupiter-params/5.7.0/junit-jupiter-params-5.7.0.jar:/home/jbergqvist/.m2/repository/org/junit/jupiter/junit-jupiter-engine/5.7.0/junit-jupiter-engine-5.7.0.jar:/home/jbergqvist/.m2/repository/org/junit/platform/junit-platform-engine/1.7.0/junit-platform-engine-1.7.0.jar:/home/jbergqvist/.m2/repository/com/diffblue/cover/cover-annotations/1.9.0/cover-annotations-1.9.0.jar:/home/jbergqvist/.m2/repository/org/mockito/mockito-core/4.11.0/mockito-core-4.11.0.jar:/home/jbergqvist/.m2/repository/net/bytebuddy/byte-buddy/1.12.19/byte-buddy-1.12.19.jar:/home/jbergqvist/.m2/repository/net/bytebuddy/byte-buddy-agent/1.12.19/byte-buddy-agent-1.12.19.jar:/home/jbergqvist/.m2/repository/org/objenesis/objenesis/3.3/objenesis-3.3.jar:/home/jbergqvist/.m2/repository/org/mockito/mockito-junit-jupiter/4.11.0/mockito-junit-jupiter-4.11.0.jar
10:21:12.961 [INFO]   [Checking]    deserializing line [DIFFBLUE]{"__type":"com.diffblue.cover.buildsystem.model.DefaultEventMessage","project":"com.paritytrading.parity:parity-book","goal":"build-classpath","cause":null,"state":"SUCCESS"}
10:21:12.964 [INFO]   [Checking]    out: [INFO] 
10:21:12.964 [INFO]   [Checking]    out: [INFO] ----------------< com.paritytrading.parity:parity-file >----------------
10:21:12.964 [INFO]   [Checking]    out: [INFO] Building Parity File Formats 0.7.1-SNAPSHOT                       [3/13]
10:21:12.964 [INFO]   [Checking]    out: [INFO]   from libraries/file/pom.xml
10:21:12.964 [INFO]   [Checking]    out: [INFO] --------------------------------[ jar ]---------------------------------
10:21:12.967 [INFO]   [Checking]    deserializing line [DIFFBLUE]{"__type":"com.diffblue.cover.buildsystem.model.DefaultEventMessage","project":"com.paritytrading.parity:parity-file","goal":"build-classpath","cause":null,"state":"STARTED"}
10:21:12.971 [INFO]   [Checking]    out: [INFO] 
10:21:12.971 [INFO]   [Checking]    out: [INFO] --- dependency:3.1.1:build-classpath (default-cli) @ parity-file ---
10:21:12.972 [INFO]   [Checking]    out: [INFO] Dependencies classpath:
10:21:12.972 [INFO]   [Checking]    out: /home/jbergqvist/.m2/repository/org/junit/jupiter/junit-jupiter/5.7.0/junit-jupiter-5.7.0.jar:/home/jbergqvist/.m2/repository/org/junit/jupiter/junit-jupiter-api/5.7.0/junit-jupiter-api-5.7.0.jar:/home/jbergqvist/.m2/repository/org/apiguardian/apiguardian-api/1.1.0/apiguardian-api-1.1.0.jar:/home/jbergqvist/.m2/repository/org/opentest4j/opentest4j/1.2.0/opentest4j-1.2.0.jar:/home/jbergqvist/.m2/repository/org/junit/platform/junit-platform-commons/1.7.0/junit-platform-commons-1.7.0.jar:/home/jbergqvist/.m2/repository/org/junit/jupiter/junit-jupiter-params/5.7.0/junit-jupiter-params-5.7.0.jar:/home/jbergqvist/.m2/repository/org/junit/jupiter/junit-jupiter-engine/5.7.0/junit-jupiter-engine-5.7.0.jar:/home/jbergqvist/.m2/repository/org/junit/platform/junit-platform-engine/1.7.0/junit-platform-engine-1.7.0.jar:/home/jbergqvist/.m2/repository/com/diffblue/cover/cover-annotations/1.9.0/cover-annotations-1.9.0.jar:/home/jbergqvist/.m2/repository/org/mockito/mockito-core/4.11.0/mockito-core-4.11.0.jar:/home/jbergqvist/.m2/repository/net/bytebuddy/byte-buddy/1.12.19/byte-buddy-1.12.19.jar:/home/jbergqvist/.m2/repository/net/bytebuddy/byte-buddy-agent/1.12.19/byte-buddy-agent-1.12.19.jar:/home/jbergqvist/.m2/repository/org/objenesis/objenesis/3.3/objenesis-3.3.jar:/home/jbergqvist/.m2/repository/org/mockito/mockito-junit-jupiter/4.11.0/mockito-junit-jupiter-4.11.0.jar
10:21:12.972 [INFO]   [Checking]    deserializing line [DIFFBLUE]{"__type":"com.diffblue.cover.buildsystem.model.DefaultEventMessage","project":"com.paritytrading.parity:parity-file","goal":"build-classpath","cause":null,"state":"SUCCESS"}
10:21:12.976 [INFO]   [Checking]    out: [INFO] 
10:21:12.977 [INFO]   [Checking]    out: [INFO] ---------------< com.paritytrading.parity:parity-match >----------------
10:21:12.977 [INFO]   [Checking]    out: [INFO] Building Parity Matching Algorithm 0.7.1-SNAPSHOT                 [4/13]
10:21:12.977 [INFO]   [Checking]    out: [INFO]   from libraries/match/pom.xml
10:21:12.977 [INFO]   [Checking]    out: [INFO] --------------------------------[ jar ]---------------------------------
10:21:12.979 [INFO]   [Checking]    deserializing line [DIFFBLUE]{"__type":"com.diffblue.cover.buildsystem.model.DefaultEventMessage","project":"com.paritytrading.parity:parity-match","goal":"build-classpath","cause":null,"state":"STARTED"}
10:21:12.982 [INFO]   [Checking]    out: [INFO] 
10:21:12.983 [INFO]   [Checking]    out: [INFO] --- dependency:3.1.1:build-classpath (default-cli) @ parity-match ---
10:21:12.983 [INFO]   [Checking]    out: [INFO] Dependencies classpath:
10:21:12.983 [INFO]   [Checking]    out: /home/jbergqvist/.m2/repository/it/unimi/dsi/fastutil/8.1.0/fastutil-8.1.0.jar:/home/jbergqvist/.m2/repository/org/apache/commons/commons-lang3/3.12.0/commons-lang3-3.12.0.jar:/home/jbergqvist/.m2/repository/org/junit/jupiter/junit-jupiter/5.7.0/junit-jupiter-5.7.0.jar:/home/jbergqvist/.m2/repository/org/junit/jupiter/junit-jupiter-api/5.7.0/junit-jupiter-api-5.7.0.jar:/home/jbergqvist/.m2/repository/org/apiguardian/apiguardian-api/1.1.0/apiguardian-api-1.1.0.jar:/home/jbergqvist/.m2/repository/org/opentest4j/opentest4j/1.2.0/opentest4j-1.2.0.jar:/home/jbergqvist/.m2/repository/org/junit/platform/junit-platform-commons/1.7.0/junit-platform-commons-1.7.0.jar:/home/jbergqvist/.m2/repository/org/junit/jupiter/junit-jupiter-params/5.7.0/junit-jupiter-params-5.7.0.jar:/home/jbergqvist/.m2/repository/org/junit/jupiter/junit-jupiter-engine/5.7.0/junit-jupiter-engine-5.7.0.jar:/home/jbergqvist/.m2/repository/org/junit/platform/junit-platform-engine/1.7.0/junit-platform-engine-1.7.0.jar:/home/jbergqvist/.m2/repository/com/diffblue/cover/cover-annotations/1.9.0/cover-annotations-1.9.0.jar:/home/jbergqvist/.m2/repository/org/mockito/mockito-core/4.11.0/mockito-core-4.11.0.jar:/home/jbergqvist/.m2/repository/net/bytebuddy/byte-buddy/1.12.19/byte-buddy-1.12.19.jar:/home/jbergqvist/.m2/repository/net/bytebuddy/byte-buddy-agent/1.12.19/byte-buddy-agent-1.12.19.jar:/home/jbergqvist/.m2/repository/org/objenesis/objenesis/3.3/objenesis-3.3.jar:/home/jbergqvist/.m2/repository/org/mockito/mockito-junit-jupiter/4.11.0/mockito-junit-jupiter-4.11.0.jar
10:21:12.983 [INFO]   [Checking]    deserializing line [DIFFBLUE]{"__type":"com.diffblue.cover.buildsystem.model.DefaultEventMessage","project":"com.paritytrading.parity:parity-match","goal":"build-classpath","cause":null,"state":"SUCCESS"}
10:21:12.986 [INFO]   [Checking]    out: [INFO] 
10:21:12.986 [INFO]   [Checking]    out: [INFO] ----------------< com.paritytrading.parity:parity-net >-----------------
10:21:12.986 [INFO]   [Checking]    out: [INFO] Building Parity Network Protocols 0.7.1-SNAPSHOT                  [5/13]
10:21:12.986 [INFO]   [Checking]    out: [INFO]   from libraries/net/pom.xml
10:21:12.986 [INFO]   [Checking]    out: [INFO] --------------------------------[ jar ]---------------------------------
10:21:12.993 [INFO]   [Checking]    deserializing line [DIFFBLUE]{"__type":"com.diffblue.cover.buildsystem.model.DefaultEventMessage","project":"com.paritytrading.parity:parity-net","goal":"build-classpath","cause":null,"state":"STARTED"}
10:21:12.996 [INFO]   [Checking]    out: [INFO] 
10:21:12.997 [INFO]   [Checking]    out: [INFO] --- dependency:3.1.1:build-classpath (default-cli) @ parity-net ---
10:21:12.997 [INFO]   [Checking]    out: [INFO] Dependencies classpath:
10:21:12.997 [INFO]   [Checking]    out: /home/jbergqvist/.m2/repository/com/paritytrading/nassau/nassau-core/0.13.0/nassau-core-0.13.0.jar:/home/jbergqvist/.m2/repository/com/paritytrading/foundation/foundation/0.3.0/foundation-0.3.0.jar:/home/jbergqvist/.m2/repository/com/diffblue/cover/cover-annotations/1.9.0/cover-annotations-1.9.0.jar:/home/jbergqvist/.m2/repository/org/junit/jupiter/junit-jupiter-engine/5.13.4/junit-jupiter-engine-5.13.4.jar:/home/jbergqvist/.m2/repository/org/junit/platform/junit-platform-engine/1.13.4/junit-platform-engine-1.13.4.jar:/home/jbergqvist/.m2/repository/org/opentest4j/opentest4j/1.3.0/opentest4j-1.3.0.jar:/home/jbergqvist/.m2/repository/org/junit/platform/junit-platform-commons/1.13.4/junit-platform-commons-1.13.4.jar:/home/jbergqvist/.m2/repository/org/junit/jupiter/junit-jupiter-api/5.13.4/junit-jupiter-api-5.13.4.jar:/home/jbergqvist/.m2/repository/org/apiguardian/apiguardian-api/1.1.2/apiguardian-api-1.1.2.jar:/home/jbergqvist/.m2/repository/org/mockito/mockito-core/4.11.0/mockito-core-4.11.0.jar:/home/jbergqvist/.m2/repository/net/bytebuddy/byte-buddy/1.12.19/byte-buddy-1.12.19.jar:/home/jbergqvist/.m2/repository/net/bytebuddy/byte-buddy-agent/1.12.19/byte-buddy-agent-1.12.19.jar:/home/jbergqvist/.m2/repository/org/objenesis/objenesis/3.3/objenesis-3.3.jar:/home/jbergqvist/.m2/repository/org/mockito/mockito-junit-jupiter/4.11.0/mockito-junit-jupiter-4.11.0.jar
10:21:12.997 [INFO]   [Checking]    deserializing line [DIFFBLUE]{"__type":"com.diffblue.cover.buildsystem.model.DefaultEventMessage","project":"com.paritytrading.parity:parity-net","goal":"build-classpath","cause":null,"state":"SUCCESS"}
10:21:12.999 [INFO]   [Checking]    out: [INFO] 
10:21:12.999 [INFO]   [Checking]    out: [INFO] ----------------< com.paritytrading.parity:parity-util >----------------
10:21:12.999 [INFO]   [Checking]    out: [INFO] Building Parity Utilities 0.7.1-SNAPSHOT                          [6/13]
10:21:13.000 [INFO]   [Checking]    out: [INFO]   from libraries/util/pom.xml
10:21:13.000 [INFO]   [Checking]    out: [INFO] --------------------------------[ jar ]---------------------------------
10:21:13.001 [INFO]   [Checking]    deserializing line [DIFFBLUE]{"__type":"com.diffblue.cover.buildsystem.model.DefaultEventMessage","project":"com.paritytrading.parity:parity-util","goal":"build-classpath","cause":null,"state":"STARTED"}
10:21:13.003 [INFO]   [Checking]    out: [INFO] 
10:21:13.003 [INFO]   [Checking]    out: [INFO] --- dependency:3.1.1:build-classpath (default-cli) @ parity-util ---
10:21:13.003 [INFO]   [Checking]    out: [INFO] Dependencies classpath:
10:21:13.003 [INFO]   [Checking]    out: /home/jbergqvist/.m2/repository/com/paritytrading/foundation/foundation/0.3.0/foundation-0.3.0.jar:/home/jbergqvist/.m2/repository/com/typesafe/config/1.3.1/config-1.3.1.jar:/home/jbergqvist/.m2/repository/org/junit/jupiter/junit-jupiter/5.7.0/junit-jupiter-5.7.0.jar:/home/jbergqvist/.m2/repository/org/junit/jupiter/junit-jupiter-api/5.7.0/junit-jupiter-api-5.7.0.jar:/home/jbergqvist/.m2/repository/org/apiguardian/apiguardian-api/1.1.0/apiguardian-api-1.1.0.jar:/home/jbergqvist/.m2/repository/org/opentest4j/opentest4j/1.2.0/opentest4j-1.2.0.jar:/home/jbergqvist/.m2/repository/org/junit/platform/junit-platform-commons/1.7.0/junit-platform-commons-1.7.0.jar:/home/jbergqvist/.m2/repository/org/junit/jupiter/junit-jupiter-params/5.7.0/junit-jupiter-params-5.7.0.jar:/home/jbergqvist/.m2/repository/org/junit/jupiter/junit-jupiter-engine/5.7.0/junit-jupiter-engine-5.7.0.jar:/home/jbergqvist/.m2/repository/org/junit/platform/junit-platform-engine/1.7.0/junit-platform-engine-1.7.0.jar:/home/jbergqvist/.m2/repository/com/diffblue/cover/cover-annotations/1.9.0/cover-annotations-1.9.0.jar:/home/jbergqvist/.m2/repository/org/mockito/mockito-core/4.11.0/mockito-core-4.11.0.jar:/home/jbergqvist/.m2/repository/net/bytebuddy/byte-buddy/1.12.19/byte-buddy-1.12.19.jar:/home/jbergqvist/.m2/repository/net/bytebuddy/byte-buddy-agent/1.12.19/byte-buddy-agent-1.12.19.jar:/home/jbergqvist/.m2/repository/org/objenesis/objenesis/3.3/objenesis-3.3.jar:/home/jbergqvist/.m2/repository/org/mockito/mockito-junit-jupiter/4.11.0/mockito-junit-jupiter-4.11.0.jar
10:21:13.003 [INFO]   [Checking]    deserializing line [DIFFBLUE]{"__type":"com.diffblue.cover.buildsystem.model.DefaultEventMessage","project":"com.paritytrading.parity:parity-util","goal":"build-classpath","cause":null,"state":"SUCCESS"}
10:21:13.005 [INFO]   [Checking]    out: [INFO] 
10:21:13.006 [INFO]   [Checking]    out: [INFO] ---------------< com.paritytrading.parity:parity-client >---------------
10:21:13.006 [INFO]   [Checking]    out: [INFO] Building Parity Terminal Client 0.7.1-SNAPSHOT                    [7/13]
10:21:13.006 [INFO]   [Checking]    out: [INFO]   from applications/client/pom.xml
10:21:13.006 [INFO]   [Checking]    out: [INFO] --------------------------------[ jar ]---------------------------------
10:21:13.015 [INFO]   [Checking]    deserializing line [DIFFBLUE]{"__type":"com.diffblue.cover.buildsystem.model.DefaultEventMessage","project":"com.paritytrading.parity:parity-client","goal":"build-classpath","cause":null,"state":"STARTED"}
10:21:13.018 [INFO]   [Checking]    out: [INFO] 
10:21:13.018 [INFO]   [Checking]    out: [INFO] --- dependency:3.1.1:build-classpath (default-cli) @ parity-client ---
10:21:13.018 [INFO]   [Checking]    out: [INFO] Dependencies classpath:
10:21:13.018 [INFO]   [Checking]    out: /home/jbergqvist/.m2/repository/com/paritytrading/parity/parity-net/0.7.1-SNAPSHOT/parity-net-0.7.1-SNAPSHOT.jar:/home/jbergqvist/.m2/repository/com/paritytrading/parity/parity-util/0.7.1-SNAPSHOT/parity-util-0.7.1-SNAPSHOT.jar:/home/jbergqvist/.m2/repository/com/paritytrading/foundation/foundation/0.3.0/foundation-0.3.0.jar:/home/jbergqvist/.m2/repository/com/paritytrading/nassau/nassau-core/0.13.0/nassau-core-0.13.0.jar:/home/jbergqvist/.m2/repository/com/typesafe/config/1.3.1/config-1.3.1.jar:/home/jbergqvist/.m2/repository/org/jline/jline-reader/3.8.0/jline-reader-3.8.0.jar:/home/jbergqvist/.m2/repository/org/jline/jline-terminal/3.8.0/jline-terminal-3.8.0.jar:/home/jbergqvist/.m2/repository/org/jvirtanen/config/config-extras/0.2.0/config-extras-0.2.0.jar:/home/jbergqvist/.m2/repository/org/jvirtanen/util/util-extras/0.2.0/util-extras-0.2.0.jar:/home/jbergqvist/.m2/repository/com/diffblue/cover/cover-annotations/1.9.0/cover-annotations-1.9.0.jar:/home/jbergqvist/.m2/repository/org/junit/jupiter/junit-jupiter-engine/5.13.4/junit-jupiter-engine-5.13.4.jar:/home/jbergqvist/.m2/repository/org/junit/platform/junit-platform-engine/1.13.4/junit-platform-engine-1.13.4.jar:/home/jbergqvist/.m2/repository/org/opentest4j/opentest4j/1.3.0/opentest4j-1.3.0.jar:/home/jbergqvist/.m2/repository/org/junit/platform/junit-platform-commons/1.13.4/junit-platform-commons-1.13.4.jar:/home/jbergqvist/.m2/repository/org/junit/jupiter/junit-jupiter-api/5.13.4/junit-jupiter-api-5.13.4.jar:/home/jbergqvist/.m2/repository/org/apiguardian/apiguardian-api/1.1.2/apiguardian-api-1.1.2.jar:/home/jbergqvist/.m2/repository/org/mockito/mockito-core/4.11.0/mockito-core-4.11.0.jar:/home/jbergqvist/.m2/repository/net/bytebuddy/byte-buddy/1.12.19/byte-buddy-1.12.19.jar:/home/jbergqvist/.m2/repository/net/bytebuddy/byte-buddy-agent/1.12.19/byte-buddy-agent-1.12.19.jar:/home/jbergqvist/.m2/repository/org/objenesis/objenesis/3.3/objenesis-3.3.jar:/home/jbergqvist/.m2/repository/org/mockito/mockito-junit-jupiter/4.11.0/mockito-junit-jupiter-4.11.0.jar
10:21:13.018 [INFO]   [Checking]    deserializing line [DIFFBLUE]{"__type":"com.diffblue.cover.buildsystem.model.DefaultEventMessage","project":"com.paritytrading.parity:parity-client","goal":"build-classpath","cause":null,"state":"SUCCESS"}
10:21:13.020 [INFO]   [Checking]    out: [INFO] 
10:21:13.020 [INFO]   [Checking]    out: [INFO] ----------------< com.paritytrading.parity:parity-fix >-----------------
10:21:13.020 [INFO]   [Checking]    out: [INFO] Building Parity FIX Gateway 0.7.1-SNAPSHOT                        [8/13]
10:21:13.020 [INFO]   [Checking]    out: [INFO]   from applications/fix/pom.xml
10:21:13.020 [INFO]   [Checking]    out: [INFO] --------------------------------[ jar ]---------------------------------
10:21:13.025 [INFO]   [Checking]    deserializing line [DIFFBLUE]{"__type":"com.diffblue.cover.buildsystem.model.DefaultEventMessage","project":"com.paritytrading.parity:parity-fix","goal":"build-classpath","cause":null,"state":"STARTED"}
10:21:13.027 [INFO]   [Checking]    out: [INFO] 
10:21:13.027 [INFO]   [Checking]    out: [INFO] --- dependency:3.1.1:build-classpath (default-cli) @ parity-fix ---
10:21:13.027 [INFO]   [Checking]    out: [INFO] Dependencies classpath:
10:21:13.027 [INFO]   [Checking]    out: /home/jbergqvist/.m2/repository/com/paritytrading/parity/parity-net/0.7.1-SNAPSHOT/parity-net-0.7.1-SNAPSHOT.jar:/home/jbergqvist/.m2/repository/com/paritytrading/parity/parity-util/0.7.1-SNAPSHOT/parity-util-0.7.1-SNAPSHOT.jar:/home/jbergqvist/.m2/repository/com/paritytrading/foundation/foundation/0.3.0/foundation-0.3.0.jar:/home/jbergqvist/.m2/repository/com/paritytrading/nassau/nassau-core/0.13.0/nassau-core-0.13.0.jar:/home/jbergqvist/.m2/repository/com/paritytrading/philadelphia/philadelphia-core/1.2.0/philadelphia-core-1.2.0.jar:/home/jbergqvist/.m2/repository/com/paritytrading/philadelphia/philadelphia-fix44/1.2.0/philadelphia-fix44-1.2.0.jar:/home/jbergqvist/.m2/repository/com/typesafe/config/1.3.1/config-1.3.1.jar:/home/jbergqvist/.m2/repository/joda-time/joda-time/2.10.6/joda-time-2.10.6.jar:/home/jbergqvist/.m2/repository/org/jvirtanen/config/config-extras/0.2.0/config-extras-0.2.0.jar:/home/jbergqvist/.m2/repository/org/jvirtanen/util/util-extras/0.2.0/util-extras-0.2.0.jar:/home/jbergqvist/.m2/repository/com/diffblue/cover/cover-annotations/1.9.0/cover-annotations-1.9.0.jar:/home/jbergqvist/.m2/repository/org/junit/jupiter/junit-jupiter-engine/5.13.4/junit-jupiter-engine-5.13.4.jar:/home/jbergqvist/.m2/repository/org/junit/platform/junit-platform-engine/1.13.4/junit-platform-engine-1.13.4.jar:/home/jbergqvist/.m2/repository/org/opentest4j/opentest4j/1.3.0/opentest4j-1.3.0.jar:/home/jbergqvist/.m2/repository/org/junit/platform/junit-platform-commons/1.13.4/junit-platform-commons-1.13.4.jar:/home/jbergqvist/.m2/repository/org/junit/jupiter/junit-jupiter-api/5.13.4/junit-jupiter-api-5.13.4.jar:/home/jbergqvist/.m2/repository/org/apiguardian/apiguardian-api/1.1.2/apiguardian-api-1.1.2.jar:/home/jbergqvist/.m2/repository/org/mockito/mockito-core/4.11.0/mockito-core-4.11.0.jar:/home/jbergqvist/.m2/repository/net/bytebuddy/byte-buddy/1.12.19/byte-buddy-1.12.19.jar:/home/jbergqvist/.m2/repository/net/bytebuddy/byte-buddy-agent/1.12.19/byte-buddy-agent-1.12.19.jar:/home/jbergqvist/.m2/repository/org/objenesis/objenesis/3.3/objenesis-3.3.jar:/home/jbergqvist/.m2/repository/org/mockito/mockito-junit-jupiter/4.11.0/mockito-junit-jupiter-4.11.0.jar
10:21:13.027 [INFO]   [Checking]    deserializing line [DIFFBLUE]{"__type":"com.diffblue.cover.buildsystem.model.DefaultEventMessage","project":"com.paritytrading.parity:parity-fix","goal":"build-classpath","cause":null,"state":"SUCCESS"}
10:21:13.029 [INFO]   [Checking]    out: [INFO] 
10:21:13.029 [INFO]   [Checking]    out: [INFO] --------------< com.paritytrading.parity:parity-reporter >--------------
10:21:13.029 [INFO]   [Checking]    out: [INFO] Building Parity Trade Reporter 0.7.1-SNAPSHOT                     [9/13]
10:21:13.030 [INFO]   [Checking]    out: [INFO]   from applications/reporter/pom.xml
10:21:13.030 [INFO]   [Checking]    out: [INFO] --------------------------------[ jar ]---------------------------------
10:21:13.033 [INFO]   [Checking]    deserializing line [DIFFBLUE]{"__type":"com.diffblue.cover.buildsystem.model.DefaultEventMessage","project":"com.paritytrading.parity:parity-reporter","goal":"build-classpath","cause":null,"state":"STARTED"}
10:21:13.034 [INFO]   [Checking]    out: [INFO] 
10:21:13.035 [INFO]   [Checking]    out: [INFO] --- dependency:3.1.1:build-classpath (default-cli) @ parity-reporter ---
10:21:13.035 [INFO]   [Checking]    out: [INFO] Dependencies classpath:
10:21:13.035 [INFO]   [Checking]    out: /home/jbergqvist/.m2/repository/com/paritytrading/parity/parity-net/0.7.1-SNAPSHOT/parity-net-0.7.1-SNAPSHOT.jar:/home/jbergqvist/.m2/repository/com/paritytrading/parity/parity-util/0.7.1-SNAPSHOT/parity-util-0.7.1-SNAPSHOT.jar:/home/jbergqvist/.m2/repository/com/paritytrading/foundation/foundation/0.3.0/foundation-0.3.0.jar:/home/jbergqvist/.m2/repository/com/paritytrading/nassau/nassau-core/0.13.0/nassau-core-0.13.0.jar:/home/jbergqvist/.m2/repository/com/paritytrading/nassau/nassau-util/0.13.0/nassau-util-0.13.0.jar:/home/jbergqvist/.m2/repository/com/typesafe/config/1.3.1/config-1.3.1.jar:/home/jbergqvist/.m2/repository/org/jvirtanen/config/config-extras/0.2.0/config-extras-0.2.0.jar:/home/jbergqvist/.m2/repository/org/jvirtanen/util/util-extras/0.2.0/util-extras-0.2.0.jar:/home/jbergqvist/.m2/repository/com/diffblue/cover/cover-annotations/1.9.0/cover-annotations-1.9.0.jar:/home/jbergqvist/.m2/repository/org/junit/jupiter/junit-jupiter-engine/5.13.4/junit-jupiter-engine-5.13.4.jar:/home/jbergqvist/.m2/repository/org/junit/platform/junit-platform-engine/1.13.4/junit-platform-engine-1.13.4.jar:/home/jbergqvist/.m2/repository/org/opentest4j/opentest4j/1.3.0/opentest4j-1.3.0.jar:/home/jbergqvist/.m2/repository/org/junit/platform/junit-platform-commons/1.13.4/junit-platform-commons-1.13.4.jar:/home/jbergqvist/.m2/repository/org/junit/jupiter/junit-jupiter-api/5.13.4/junit-jupiter-api-5.13.4.jar:/home/jbergqvist/.m2/repository/org/apiguardian/apiguardian-api/1.1.2/apiguardian-api-1.1.2.jar:/home/jbergqvist/.m2/repository/org/mockito/mockito-core/4.11.0/mockito-core-4.11.0.jar:/home/jbergqvist/.m2/repository/net/bytebuddy/byte-buddy/1.12.19/byte-buddy-1.12.19.jar:/home/jbergqvist/.m2/repository/net/bytebuddy/byte-buddy-agent/1.12.19/byte-buddy-agent-1.12.19.jar:/home/jbergqvist/.m2/repository/org/objenesis/objenesis/3.3/objenesis-3.3.jar:/home/jbergqvist/.m2/repository/org/mockito/mockito-junit-jupiter/4.11.0/mockito-junit-jupiter-4.11.0.jar
10:21:13.035 [INFO]   [Checking]    deserializing line [DIFFBLUE]{"__type":"com.diffblue.cover.buildsystem.model.DefaultEventMessage","project":"com.paritytrading.parity:parity-reporter","goal":"build-classpath","cause":null,"state":"SUCCESS"}
10:21:13.037 [INFO]   [Checking]    out: [INFO] 
10:21:13.037 [INFO]   [Checking]    out: [INFO] ---------------< com.paritytrading.parity:parity-system >---------------
10:21:13.037 [INFO]   [Checking]    out: [INFO] Building Parity Trading System 0.7.1-SNAPSHOT                    [10/13]
10:21:13.037 [INFO]   [Checking]    out: [INFO]   from applications/system/pom.xml
10:21:13.037 [INFO]   [Checking]    out: [INFO] --------------------------------[ jar ]---------------------------------
10:21:13.040 [INFO]   [Checking]    deserializing line [DIFFBLUE]{"__type":"com.diffblue.cover.buildsystem.model.DefaultEventMessage","project":"com.paritytrading.parity:parity-system","goal":"build-classpath","cause":null,"state":"STARTED"}
10:21:13.043 [INFO]   [Checking]    out: [INFO] 
10:21:13.043 [INFO]   [Checking]    out: [INFO] --- dependency:3.1.1:build-classpath (default-cli) @ parity-system ---
10:21:13.043 [INFO]   [Checking]    out: [INFO] Dependencies classpath:
10:21:13.043 [INFO]   [Checking]    out: /home/jbergqvist/.m2/repository/com/paritytrading/parity/parity-match/0.7.1-SNAPSHOT/parity-match-0.7.1-SNAPSHOT.jar:/home/jbergqvist/.m2/repository/com/paritytrading/parity/parity-net/0.7.1-SNAPSHOT/parity-net-0.7.1-SNAPSHOT.jar:/home/jbergqvist/.m2/repository/com/paritytrading/foundation/foundation/0.3.0/foundation-0.3.0.jar:/home/jbergqvist/.m2/repository/com/paritytrading/nassau/nassau-core/0.13.0/nassau-core-0.13.0.jar:/home/jbergqvist/.m2/repository/com/typesafe/config/1.3.1/config-1.3.1.jar:/home/jbergqvist/.m2/repository/it/unimi/dsi/fastutil/8.1.0/fastutil-8.1.0.jar:/home/jbergqvist/.m2/repository/org/jvirtanen/config/config-extras/0.2.0/config-extras-0.2.0.jar:/home/jbergqvist/.m2/repository/org/jvirtanen/util/util-extras/0.2.0/util-extras-0.2.0.jar:/home/jbergqvist/.m2/repository/com/diffblue/cover/cover-annotations/1.9.0/cover-annotations-1.9.0.jar:/home/jbergqvist/.m2/repository/org/junit/jupiter/junit-jupiter-engine/5.13.4/junit-jupiter-engine-5.13.4.jar:/home/jbergqvist/.m2/repository/org/junit/platform/junit-platform-engine/1.13.4/junit-platform-engine-1.13.4.jar:/home/jbergqvist/.m2/repository/org/opentest4j/opentest4j/1.3.0/opentest4j-1.3.0.jar:/home/jbergqvist/.m2/repository/org/junit/platform/junit-platform-commons/1.13.4/junit-platform-commons-1.13.4.jar:/home/jbergqvist/.m2/repository/org/junit/jupiter/junit-jupiter-api/5.13.4/junit-jupiter-api-5.13.4.jar:/home/jbergqvist/.m2/repository/org/apiguardian/apiguardian-api/1.1.2/apiguardian-api-1.1.2.jar:/home/jbergqvist/.m2/repository/org/mockito/mockito-core/4.11.0/mockito-core-4.11.0.jar:/home/jbergqvist/.m2/repository/net/bytebuddy/byte-buddy/1.12.19/byte-buddy-1.12.19.jar:/home/jbergqvist/.m2/repository/net/bytebuddy/byte-buddy-agent/1.12.19/byte-buddy-agent-1.12.19.jar:/home/jbergqvist/.m2/repository/org/objenesis/objenesis/3.3/objenesis-3.3.jar:/home/jbergqvist/.m2/repository/org/mockito/mockito-junit-jupiter/4.11.0/mockito-junit-jupiter-4.11.0.jar
10:21:13.044 [INFO]   [Checking]    deserializing line [DIFFBLUE]{"__type":"com.diffblue.cover.buildsystem.model.DefaultEventMessage","project":"com.paritytrading.parity:parity-system","goal":"build-classpath","cause":null,"state":"SUCCESS"}
10:21:13.045 [INFO]   [Checking]    out: [INFO] 
10:21:13.045 [INFO]   [Checking]    out: [INFO] ---------------< com.paritytrading.parity:parity-ticker >---------------
10:21:13.045 [INFO]   [Checking]    out: [INFO] Building Parity Stock Ticker 0.7.1-SNAPSHOT                      [11/13]
10:21:13.046 [INFO]   [Checking]    out: [INFO]   from applications/ticker/pom.xml
10:21:13.046 [INFO]   [Checking]    out: [INFO] --------------------------------[ jar ]---------------------------------
10:21:13.051 [INFO]   [Checking]    deserializing line [DIFFBLUE]{"__type":"com.diffblue.cover.buildsystem.model.DefaultEventMessage","project":"com.paritytrading.parity:parity-ticker","goal":"build-classpath","cause":null,"state":"STARTED"}
10:21:13.053 [INFO]   [Checking]    out: [INFO] 
10:21:13.053 [INFO]   [Checking]    out: [INFO] --- dependency:3.1.1:build-classpath (default-cli) @ parity-ticker ---
10:21:13.053 [INFO]   [Checking]    out: [INFO] Dependencies classpath:
10:21:13.053 [INFO]   [Checking]    out: /home/jbergqvist/.m2/repository/com/paritytrading/parity/parity-book/0.7.1-SNAPSHOT/parity-book-0.7.1-SNAPSHOT.jar:/home/jbergqvist/.m2/repository/it/unimi/dsi/fastutil/8.1.0/fastutil-8.1.0.jar:/home/jbergqvist/.m2/repository/com/paritytrading/parity/parity-file/0.7.1-SNAPSHOT/parity-file-0.7.1-SNAPSHOT.jar:/home/jbergqvist/.m2/repository/com/paritytrading/parity/parity-net/0.7.1-SNAPSHOT/parity-net-0.7.1-SNAPSHOT.jar:/home/jbergqvist/.m2/repository/com/paritytrading/parity/parity-util/0.7.1-SNAPSHOT/parity-util-0.7.1-SNAPSHOT.jar:/home/jbergqvist/.m2/repository/com/paritytrading/foundation/foundation/0.3.0/foundation-0.3.0.jar:/home/jbergqvist/.m2/repository/com/paritytrading/nassau/nassau-core/0.13.0/nassau-core-0.13.0.jar:/home/jbergqvist/.m2/repository/com/paritytrading/nassau/nassau-util/0.13.0/nassau-util-0.13.0.jar:/home/jbergqvist/.m2/repository/com/typesafe/config/1.3.1/config-1.3.1.jar:/home/jbergqvist/.m2/repository/org/jvirtanen/config/config-extras/0.2.0/config-extras-0.2.0.jar:/home/jbergqvist/.m2/repository/org/jvirtanen/util/util-extras/0.2.0/util-extras-0.2.0.jar:/home/jbergqvist/.m2/repository/com/diffblue/cover/cover-annotations/1.9.0/cover-annotations-1.9.0.jar:/home/jbergqvist/.m2/repository/org/junit/jupiter/junit-jupiter-engine/5.13.4/junit-jupiter-engine-5.13.4.jar:/home/jbergqvist/.m2/repository/org/junit/platform/junit-platform-engine/1.13.4/junit-platform-engine-1.13.4.jar:/home/jbergqvist/.m2/repository/org/opentest4j/opentest4j/1.3.0/opentest4j-1.3.0.jar:/home/jbergqvist/.m2/repository/org/junit/platform/junit-platform-commons/1.13.4/junit-platform-commons-1.13.4.jar:/home/jbergqvist/.m2/repository/org/junit/jupiter/junit-jupiter-api/5.13.4/junit-jupiter-api-5.13.4.jar:/home/jbergqvist/.m2/repository/org/apiguardian/apiguardian-api/1.1.2/apiguardian-api-1.1.2.jar:/home/jbergqvist/.m2/repository/org/mockito/mockito-core/4.11.0/mockito-core-4.11.0.jar:/home/jbergqvist/.m2/repository/net/bytebuddy/byte-buddy/1.12.19/byte-buddy-1.12.19.jar:/home/jbergqvist/.m2/repository/net/bytebuddy/byte-buddy-agent/1.12.19/byte-buddy-agent-1.12.19.jar:/home/jbergqvist/.m2/repository/org/objenesis/objenesis/3.3/objenesis-3.3.jar:/home/jbergqvist/.m2/repository/org/mockito/mockito-junit-jupiter/4.11.0/mockito-junit-jupiter-4.11.0.jar
10:21:13.053 [INFO]   [Checking]    deserializing line [DIFFBLUE]{"__type":"com.diffblue.cover.buildsystem.model.DefaultEventMessage","project":"com.paritytrading.parity:parity-ticker","goal":"build-classpath","cause":null,"state":"SUCCESS"}
10:21:13.055 [INFO]   [Checking]    out: [INFO] 
10:21:13.055 [INFO]   [Checking]    out: [INFO] -----------< com.paritytrading.parity:parity-book-perf-test >-----------
10:21:13.055 [INFO]   [Checking]    out: [INFO] Building Parity Order Book Performance Test 0.7.1-SNAPSHOT       [12/13]
10:21:13.055 [INFO]   [Checking]    out: [INFO]   from tests/book-perf-test/pom.xml
10:21:13.055 [INFO]   [Checking]    out: [INFO] --------------------------------[ jar ]---------------------------------
10:21:13.063 [INFO]   [Checking]    deserializing line [DIFFBLUE]{"__type":"com.diffblue.cover.buildsystem.model.DefaultEventMessage","project":"com.paritytrading.parity:parity-book-perf-test","goal":"build-classpath","cause":null,"state":"STARTED"}
10:21:13.065 [INFO]   [Checking]    out: [INFO] 
10:21:13.065 [INFO]   [Checking]    out: [INFO] --- dependency:3.1.1:build-classpath (default-cli) @ parity-book-perf-test ---
10:21:13.065 [INFO]   [Checking]    out: [INFO] Dependencies classpath:
10:21:13.065 [INFO]   [Checking]    out: /home/jbergqvist/.m2/repository/com/paritytrading/parity/parity-book/0.7.1-SNAPSHOT/parity-book-0.7.1-SNAPSHOT.jar:/home/jbergqvist/.m2/repository/it/unimi/dsi/fastutil/8.1.0/fastutil-8.1.0.jar:/home/jbergqvist/.m2/repository/org/openjdk/jmh/jmh-core/1.19/jmh-core-1.19.jar:/home/jbergqvist/.m2/repository/net/sf/jopt-simple/jopt-simple/4.6/jopt-simple-4.6.jar:/home/jbergqvist/.m2/repository/org/apache/commons/commons-math3/3.2/commons-math3-3.2.jar:/home/jbergqvist/.m2/repository/com/diffblue/cover/cover-annotations/1.9.0/cover-annotations-1.9.0.jar:/home/jbergqvist/.m2/repository/org/openjdk/jmh/jmh-generator-annprocess/1.19/jmh-generator-annprocess-1.19.jar:/home/jbergqvist/.m2/repository/org/junit/jupiter/junit-jupiter-engine/5.13.4/junit-jupiter-engine-5.13.4.jar:/home/jbergqvist/.m2/repository/org/junit/platform/junit-platform-engine/1.13.4/junit-platform-engine-1.13.4.jar:/home/jbergqvist/.m2/repository/org/opentest4j/opentest4j/1.3.0/opentest4j-1.3.0.jar:/home/jbergqvist/.m2/repository/org/junit/platform/junit-platform-commons/1.13.4/junit-platform-commons-1.13.4.jar:/home/jbergqvist/.m2/repository/org/junit/jupiter/junit-jupiter-api/5.13.4/junit-jupiter-api-5.13.4.jar:/home/jbergqvist/.m2/repository/org/apiguardian/apiguardian-api/1.1.2/apiguardian-api-1.1.2.jar:/home/jbergqvist/.m2/repository/org/mockito/mockito-core/4.11.0/mockito-core-4.11.0.jar:/home/jbergqvist/.m2/repository/net/bytebuddy/byte-buddy/1.12.19/byte-buddy-1.12.19.jar:/home/jbergqvist/.m2/repository/net/bytebuddy/byte-buddy-agent/1.12.19/byte-buddy-agent-1.12.19.jar:/home/jbergqvist/.m2/repository/org/objenesis/objenesis/3.3/objenesis-3.3.jar:/home/jbergqvist/.m2/repository/org/mockito/mockito-junit-jupiter/4.11.0/mockito-junit-jupiter-4.11.0.jar
10:21:13.065 [INFO]   [Checking]    deserializing line [DIFFBLUE]{"__type":"com.diffblue.cover.buildsystem.model.DefaultEventMessage","project":"com.paritytrading.parity:parity-book-perf-test","goal":"build-classpath","cause":null,"state":"SUCCESS"}
10:21:13.067 [INFO]   [Checking]    out: [INFO] 
10:21:13.067 [INFO]   [Checking]    out: [INFO] ----------< com.paritytrading.parity:parity-match-perf-test >-----------
10:21:13.067 [INFO]   [Checking]    out: [INFO] Building Parity Matching Algorithm Performance Test 0.7.1-SNAPSHOT [13/13]
10:21:13.067 [INFO]   [Checking]    out: [INFO]   from tests/match-perf-test/pom.xml
10:21:13.067 [INFO]   [Checking]    out: [INFO] --------------------------------[ jar ]---------------------------------
10:21:13.071 [INFO]   [Checking]    deserializing line [DIFFBLUE]{"__type":"com.diffblue.cover.buildsystem.model.DefaultEventMessage","project":"com.paritytrading.parity:parity-match-perf-test","goal":"build-classpath","cause":null,"state":"STARTED"}
10:21:13.073 [INFO]   [Checking]    out: [INFO] 
10:21:13.074 [INFO]   [Checking]    out: [INFO] --- dependency:3.1.1:build-classpath (default-cli) @ parity-match-perf-test ---
10:21:13.074 [INFO]   [Checking]    out: [INFO] Dependencies classpath:
10:21:13.074 [INFO]   [Checking]    out: /home/jbergqvist/.m2/repository/com/paritytrading/parity/parity-match/0.7.1-SNAPSHOT/parity-match-0.7.1-SNAPSHOT.jar:/home/jbergqvist/.m2/repository/it/unimi/dsi/fastutil/8.1.0/fastutil-8.1.0.jar:/home/jbergqvist/.m2/repository/org/openjdk/jmh/jmh-core/1.19/jmh-core-1.19.jar:/home/jbergqvist/.m2/repository/net/sf/jopt-simple/jopt-simple/4.6/jopt-simple-4.6.jar:/home/jbergqvist/.m2/repository/org/apache/commons/commons-math3/3.2/commons-math3-3.2.jar:/home/jbergqvist/.m2/repository/com/diffblue/cover/cover-annotations/1.9.0/cover-annotations-1.9.0.jar:/home/jbergqvist/.m2/repository/org/openjdk/jmh/jmh-generator-annprocess/1.19/jmh-generator-annprocess-1.19.jar:/home/jbergqvist/.m2/repository/org/junit/jupiter/junit-jupiter-engine/5.13.4/junit-jupiter-engine-5.13.4.jar:/home/jbergqvist/.m2/repository/org/junit/platform/junit-platform-engine/1.13.4/junit-platform-engine-1.13.4.jar:/home/jbergqvist/.m2/repository/org/opentest4j/opentest4j/1.3.0/opentest4j-1.3.0.jar:/home/jbergqvist/.m2/repository/org/junit/platform/junit-platform-commons/1.13.4/junit-platform-commons-1.13.4.jar:/home/jbergqvist/.m2/repository/org/junit/jupiter/junit-jupiter-api/5.13.4/junit-jupiter-api-5.13.4.jar:/home/jbergqvist/.m2/repository/org/apiguardian/apiguardian-api/1.1.2/apiguardian-api-1.1.2.jar:/home/jbergqvist/.m2/repository/org/mockito/mockito-core/4.11.0/mockito-core-4.11.0.jar:/home/jbergqvist/.m2/repository/net/bytebuddy/byte-buddy/1.12.19/byte-buddy-1.12.19.jar:/home/jbergqvist/.m2/repository/net/bytebuddy/byte-buddy-agent/1.12.19/byte-buddy-agent-1.12.19.jar:/home/jbergqvist/.m2/repository/org/objenesis/objenesis/3.3/objenesis-3.3.jar:/home/jbergqvist/.m2/repository/org/mockito/mockito-junit-jupiter/4.11.0/mockito-junit-jupiter-4.11.0.jar
10:21:13.074 [INFO]   [Checking]    deserializing line [DIFFBLUE]{"__type":"com.diffblue.cover.buildsystem.model.DefaultEventMessage","project":"com.paritytrading.parity:parity-match-perf-test","goal":"build-classpath","cause":null,"state":"SUCCESS"}
10:21:13.104 [INFO]   [Checking]    deserializing line [DIFFBLUE]{"__type":"com.diffblue.cover.buildsystem.model.DefaultProjectModuleMessage","project":{"__type":"DefaultProjectModule","junitReport":["/home/jbergqvist/diffblue/paritytrading-parity/target/surefire-reports"],"jacocoReport":["/home/jbergqvist/diffblue/paritytrading-parity/target/site/jacoco/jacoco.xml"],"jacocoDestFile":["/home/jbergqvist/diffblue/paritytrading-parity/target/jacoco.exec"],"jacocoFormats":["xml"],"jacocoSkipped":false,"classpath":["/home/jbergqvist/diffblue/paritytrading-parity/target/classes"],"complianceLevel":"1.8","productionSources":["/home/jbergqvist/diffblue/paritytrading-parity/src/main/java"],"testSources":["/home/jbergqvist/diffblue/paritytrading-parity/src/test/java"],"productionClasses":"/home/jbergqvist/diffblue/paritytrading-parity/target/classes","testClasses":"/home/jbergqvist/diffblue/paritytrading-parity/target/test-classes","sourceToBuildPathMap":null,"testSourceToBuildPathMap":null,"buildDirectory":"/home/jbergqvist/diffblue/paritytrading-parity/target","plugins":[{"__type":"DefaultPlugin","groupId":"org.apache.maven.plugins","artefactId":"maven-enforcer-plugin","version":"1.0","pluginClassName":null},{"__type":"DefaultPlugin","groupId":"org.apache.maven.plugins","artefactId":"maven-checkstyle-plugin","version":"3.1.0","pluginClassName":null},{"__type":"DefaultPlugin","groupId":"org.apache.maven.plugins","artefactId":"maven-compiler-plugin","version":"3.8.0","pluginClassName":null},{"__type":"DefaultPlugin","groupId":"org.apache.maven.plugins","artefactId":"maven-javadoc-plugin","version":"3.0.1","pluginClassName":null},{"__type":"DefaultPlugin","groupId":"org.apache.maven.plugins","artefactId":"maven-release-plugin","version":"2.5.3","pluginClassName":null},{"__type":"DefaultPlugin","groupId":"org.apache.maven.plugins","artefactId":"maven-clean-plugin","version":"3.2.0","pluginClassName":null},{"__type":"DefaultPlugin","groupId":"org.apache.maven.plugins","artefactId":"maven-install-plugin","version":"3.1.2","pluginClassName":null},{"__type":"DefaultPlugin","groupId":"org.apache.maven.plugins","artefactId":"maven-deploy-plugin","version":"2.8.2","pluginClassName":null},{"__type":"DefaultPlugin","groupId":"org.apache.maven.plugins","artefactId":"maven-site-plugin","version":"3.12.1","pluginClassName":null}],"version":"3.9.12","encoding":"UTF-8","name":"maven","subModules":[{"__type":"DefaultProjectModule","junitReport":["/home/jbergqvist/diffblue/paritytrading-parity/libraries/book/target/surefire-reports"],"jacocoReport":["/home/jbergqvist/diffblue/paritytrading-parity/libraries/book/target/site/jacoco/jacoco.xml"],"jacocoDestFile":["/home/jbergqvist/diffblue/paritytrading-parity/libraries/book/target/jacoco.exec"],"jacocoFormats":["xml"],"jacocoSkipped":false,"classpath":["/home/jbergqvist/diffblue/paritytrading-parity/libraries/book/target/classes","/home/jbergqvist/.m2/repository/it/unimi/dsi/fastutil/8.1.0/fastutil-8.1.0.jar","/home/jbergqvist/.m2/repository/org/apache/commons/commons-lang3/3.12.0/commons-lang3-3.12.0.jar","/home/jbergqvist/.m2/repository/org/junit/jupiter/junit-jupiter/5.7.0/junit-jupiter-5.7.0.jar","/home/jbergqvist/.m2/repository/org/junit/jupiter/junit-jupiter-api/5.7.0/junit-jupiter-api-5.7.0.jar","/home/jbergqvist/.m2/repository/org/apiguardian/apiguardian-api/1.1.0/apiguardian-api-1.1.0.jar","/home/jbergqvist/.m2/repository/org/opentest4j/opentest4j/1.2.0/opentest4j-1.2.0.jar","/home/jbergqvist/.m2/repository/org/junit/platform/junit-platform-commons/1.7.0/junit-platform-commons-1.7.0.jar","/home/jbergqvist/.m2/repository/org/junit/jupiter/junit-jupiter-params/5.7.0/junit-jupiter-params-5.7.0.jar","/home/jbergqvist/.m2/repository/org/junit/jupiter/junit-jupiter-engine/5.7.0/junit-jupiter-engine-5.7.0.jar","/home/jbergqvist/.m2/repository/org/junit/platform/junit-platform-engine/1.7.0/junit-platform-engine-1.7.0.jar","/home/jbergqvist/.m2/repository/com/diffblue/cover/cover-annotations/1.9.0/cover-annotations-1.9.0.jar","/home/jbergqvist/.m2/repository/org/mockito/mockito-core/4.11.0/mockito-core-4.11.0.jar","/home/jbergqvist/.m2/repository/net/bytebuddy/byte-buddy/1.12.19/byte-buddy-1.12.19.jar","/home/jbergqvist/.m2/repository/net/bytebuddy/byte-buddy-agent/1.12.19/byte-buddy-agent-1.12.19.jar","/home/jbergqvist/.m2/repository/org/objenesis/objenesis/3.3/objenesis-3.3.jar","/home/jbergqvist/.m2/repository/org/mockito/mockito-junit-jupiter/4.11.0/mockito-junit-jupiter-4.11.0.jar"],"complianceLevel":"1.8","productionSources":["/home/jbergqvist/diffblue/paritytrading-parity/libraries/book/src/main/java"],"testSources":["/home/jbergqvist/diffblue/paritytrading-parity/libraries/book/src/test/java"],"productionClasses":"/home/jbergqvist/diffblue/paritytrading-parity/libraries/book/target/classes","testClasses":"/home/jbergqvist/diffblue/paritytrading-parity/libraries/book/target/test-classes","sourceToBuildPathMap":null,"testSourceToBuildPathMap":null,"buildDirectory":"/home/jbergqvist/diffblue/paritytrading-parity/libraries/book/target","plugins":[{"__type":"DefaultPlugin","groupId":"org.apache.maven.plugins","artefactId":"maven-enforcer-plugin","version":"1.0","pluginClassName":null},{"__type":"DefaultPlugin","groupId":"org.apache.maven.plugins","artefactId":"maven-checkstyle-plugin","version":"3.1.0","pluginClassName":null},{"__type":"DefaultPlugin","groupId":"org.apache.maven.plugins","artefactId":"maven-compiler-plugin","version":"3.8.0","pluginClassName":null},{"__type":"DefaultPlugin","groupId":"org.apache.maven.plugins","artefactId":"maven-javadoc-plugin","version":"3.0.1","pluginClassName":null},{"__type":"DefaultPlugin","groupId":"org.apache.maven.plugins","artefactId":"maven-release-plugin","version":"2.5.3","pluginClassName":null},{"__type":"DefaultPlugin","groupId":"org.apache.maven.plugins","artefactId":"maven-clean-plugin","version":"3.2.0","pluginClassName":null},{"__type":"DefaultPlugin","groupId":"org.apache.maven.plugins","artefactId":"maven-resources-plugin","version":"3.3.1","pluginClassName":null},{"__type":"DefaultPlugin","groupId":"org.apache.maven.plugins","artefactId":"maven-jar-plugin","version":"3.4.1","pluginClassName":null},{"__type":"DefaultPlugin","groupId":"org.apache.maven.plugins","artefactId":"maven-surefire-plugin","version":"3.0.0-M5","pluginClassName":null},{"__type":"DefaultPlugin","groupId":"org.apache.maven.plugins","artefactId":"maven-install-plugin","version":"3.1.2","pluginClassName":null},{"__type":"DefaultPlugin","groupId":"org.apache.maven.plugins","artefactId":"maven-deploy-plugin","version":"2.8.2","pluginClassName":null},{"__type":"DefaultPlugin","groupId":"org.apache.maven.plugins","artefactId":"maven-site-plugin","version":"3.12.1","pluginClassName":null}],"version":"3.9.12","encoding":"UTF-8","name":"maven","subModules":[],"simpleModuleName":null,"parentModuleName":"com.paritytrading.parity:parity-parent","location":"/home/jbergqvist/diffblue/paritytrading-parity/libraries/book","fullModuleName":"com.paritytrading.parity:parity-book"},{"__type":"DefaultProjectModule","junitReport":["/home/jbergqvist/diffblue/paritytrading-parity/libraries/file/target/surefire-reports"],"jacocoReport":["/home/jbergqvist/diffblue/paritytrading-parity/libraries/file/target/site/jacoco/jacoco.xml"],"jacocoDestFile":["/home/jbergqvist/diffblue/paritytrading-parity/libraries/file/target/jacoco.exec"],"jacocoFormats":["xml"],"jacocoSkipped":false,"classpath":["/home/jbergqvist/diffblue/paritytrading-parity/libraries/file/target/classes","/home/jbergqvist/.m2/repository/org/junit/jupiter/junit-jupiter/5.7.0/junit-jupiter-5.7.0.jar","/home/jbergqvist/.m2/repository/org/junit/jupiter/junit-jupiter-api/5.7.0/junit-jupiter-api-5.7.0.jar","/home/jbergqvist/.m2/repository/org/apiguardian/apiguardian-api/1.1.0/apiguardian-api-1.1.0.jar","/home/jbergqvist/.m2/repository/org/opentest4j/opentest4j/1.2.0/opentest4j-1.2.0.jar","/home/jbergqvist/.m2/repository/org/junit/platform/junit-platform-commons/1.7.0/junit-platform-commons-1.7.0.jar","/home/jbergqvist/.m2/repository/org/junit/jupiter/junit-jupiter-params/5.7.0/junit-jupiter-params-5.7.0.jar","/home/jbergqvist/.m2/repository/org/junit/jupiter/junit-jupiter-engine/5.7.0/junit-jupiter-engine-5.7.0.jar","/home/jbergqvist/.m2/repository/org/junit/platform/junit-platform-engine/1.7.0/junit-platform-engine-1.7.0.jar","/home/jbergqvist/.m2/repository/com/diffblue/cover/cover-annotations/1.9.0/cover-annotations-1.9.0.jar","/home/jbergqvist/.m2/repository/org/mockito/mockito-core/4.11.0/mockito-core-4.11.0.jar","/home/jbergqvist/.m2/repository/net/bytebuddy/byte-buddy/1.12.19/byte-buddy-1.12.19.jar","/home/jbergqvist/.m2/repository/net/bytebuddy/byte-buddy-agent/1.12.19/byte-buddy-agent-1.12.19.jar","/home/jbergqvist/.m2/repository/org/objenesis/objenesis/3.3/objenesis-3.3.jar","/home/jbergqvist/.m2/repository/org/mockito/mockito-junit-jupiter/4.11.0/mockito-junit-jupiter-4.11.0.jar"],"complianceLevel":"1.8","productionSources":["/home/jbergqvist/diffblue/paritytrading-parity/libraries/file/src/main/java"],"testSources":["/home/jbergqvist/diffblue/paritytrading-parity/libraries/file/src/test/java"],"productionClasses":"/home/jbergqvist/diffblue/paritytrading-parity/libraries/file/target/classes","testClasses":"/home/jbergqvist/diffblue/paritytrading-parity/libraries/file/target/test-classes","sourceToBuildPathMap":null,"testSourceToBuildPathMap":null,"buildDirectory":"/home/jbergqvist/diffblue/paritytrading-parity/libraries/file/target","plugins":[{"__type":"DefaultPlugin","groupId":"org.apache.maven.plugins","artefactId":"maven-enforcer-plugin","version":"1.0","pluginClassName":null},{"__type":"DefaultPlugin","groupId":"org.apache.maven.plugins","artefactId":"maven-checkstyle-plugin","version":"3.1.0","pluginClassName":null},{"__type":"DefaultPlugin","groupId":"org.apache.maven.plugins","artefactId":"maven-compiler-plugin","version":"3.8.0","pluginClassName":null},{"__type":"DefaultPlugin","groupId":"org.apache.maven.plugins","artefactId":"maven-javadoc-plugin","version":"3.0.1","pluginClassName":null},{"__type":"DefaultPlugin","groupId":"org.apache.maven.plugins","artefactId":"maven-release-plugin","version":"2.5.3","pluginClassName":null},{"__type":"DefaultPlugin","groupId":"org.apache.maven.plugins","artefactId":"maven-clean-plugin","version":"3.2.0","pluginClassName":null},{"__type":"DefaultPlugin","groupId":"org.apache.maven.plugins","artefactId":"maven-resources-plugin","version":"3.3.1","pluginClassName":null},{"__type":"DefaultPlugin","groupId":"org.apache.maven.plugins","artefactId":"maven-jar-plugin","version":"3.4.1","pluginClassName":null},{"__type":"DefaultPlugin","groupId":"org.apache.maven.plugins","artefactId":"maven-surefire-plugin","version":"3.0.0-M5","pluginClassName":null},{"__type":"DefaultPlugin","groupId":"org.apache.maven.plugins","artefactId":"maven-install-plugin","version":"3.1.2","pluginClassName":null},{"__type":"DefaultPlugin","groupId":"org.apache.maven.plugins","artefactId":"maven-deploy-plugin","version":"2.8.2","pluginClassName":null},{"__type":"DefaultPlugin","groupId":"org.apache.maven.plugins","artefactId":"maven-site-plugin","version":"3.12.1","pluginClassName":null}],"version":"3.9.12","encoding":"UTF-8","name":"maven","subModules":[],"simpleModuleName":null,"parentModuleName":"com.paritytrading.parity:parity-parent","location":"/home/jbergqvist/diffblue/paritytrading-parity/libraries/file","fullModuleName":"com.paritytrading.parity:parity-file"},{"__type":"DefaultProjectModule","junitReport":["/home/jbergqvist/diffblue/paritytrading-parity/libraries/match/target/surefire-reports"],"jacocoReport":["/home/jbergqvist/diffblue/paritytrading-parity/libraries/match/target/site/jacoco/jacoco.xml"],"jacocoDestFile":["/home/jbergqvist/diffblue/paritytrading-parity/libraries/match/target/jacoco.exec"],"jacocoFormats":["xml"],"jacocoSkipped":false,"classpath":["/home/jbergqvist/diffblue/paritytrading-parity/libraries/match/target/classes","/home/jbergqvist/.m2/repository/it/unimi/dsi/fastutil/8.1.0/fastutil-8.1.0.jar","/home/jbergqvist/.m2/repository/org/apache/commons/commons-lang3/3.12.0/commons-lang3-3.12.0.jar","/home/jbergqvist/.m2/repository/org/junit/jupiter/junit-jupiter/5.7.0/junit-jupiter-5.7.0.jar","/home/jbergqvist/.m2/repository/org/junit/jupiter/junit-jupiter-api/5.7.0/junit-jupiter-api-5.7.0.jar","/home/jbergqvist/.m2/repository/org/apiguardian/apiguardian-api/1.1.0/apiguardian-api-1.1.0.jar","/home/jbergqvist/.m2/repository/org/opentest4j/opentest4j/1.2.0/opentest4j-1.2.0.jar","/home/jbergqvist/.m2/repository/org/junit/platform/junit-platform-commons/1.7.0/junit-platform-commons-1.7.0.jar","/home/jbergqvist/.m2/repository/org/junit/jupiter/junit-jupiter-params/5.7.0/junit-jupiter-params-5.7.0.jar","/home/jbergqvist/.m2/repository/org/junit/jupiter/junit-jupiter-engine/5.7.0/junit-jupiter-engine-5.7.0.jar","/home/jbergqvist/.m2/repository/org/junit/platform/junit-platform-engine/1.7.0/junit-platform-engine-1.7.0.jar","/home/jbergqvist/.m2/repository/com/diffblue/cover/cover-annotations/1.9.0/cover-annotations-1.9.0.jar","/home/jbergqvist/.m2/repository/org/mockito/mockito-core/4.11.0/mockito-core-4.11.0.jar","/home/jbergqvist/.m2/repository/net/bytebuddy/byte-buddy/1.12.19/byte-buddy-1.12.19.jar","/home/jbergqvist/.m2/repository/net/bytebuddy/byte-buddy-agent/1.12.19/byte-buddy-agent-1.12.19.jar","/home/jbergqvist/.m2/repository/org/objenesis/objenesis/3.3/objenesis-3.3.jar","/home/jbergqvist/.m2/repository/org/mockito/mockito-junit-jupiter/4.11.0/mockito-junit-jupiter-4.11.0.jar"],"complianceLevel":"1.8","productionSources":["/home/jbergqvist/diffblue/paritytrading-parity/libraries/match/src/main/java"],"testSources":["/home/jbergqvist/diffblue/paritytrading-parity/libraries/match/src/test/java"],"productionClasses":"/home/jbergqvist/diffblue/paritytrading-parity/libraries/match/target/classes","testClasses":"/home/jbergqvist/diffblue/paritytrading-parity/libraries/match/target/test-classes","sourceToBuildPathMap":null,"testSourceToBuildPathMap":null,"buildDirectory":"/home/jbergqvist/diffblue/paritytrading-parity/libraries/match/target","plugins":[{"__type":"DefaultPlugin","groupId":"org.apache.maven.plugins","artefactId":"maven-enforcer-plugin","version":"1.0","pluginClassName":null},{"__type":"DefaultPlugin","groupId":"org.apache.maven.plugins","artefactId":"maven-checkstyle-plugin","version":"3.1.0","pluginClassName":null},{"__type":"DefaultPlugin","groupId":"org.apache.maven.plugins","artefactId":"maven-compiler-plugin","version":"3.8.0","pluginClassName":null},{"__type":"DefaultPlugin","groupId":"org.apache.maven.plugins","artefactId":"maven-javadoc-plugin","version":"3.0.1","pluginClassName":null},{"__type":"DefaultPlugin","groupId":"org.apache.maven.plugins","artefactId":"maven-release-plugin","version":"2.5.3","pluginClassName":null},{"__type":"DefaultPlugin","groupId":"org.apache.maven.plugins","artefactId":"maven-clean-plugin","version":"3.2.0","pluginClassName":null},{"__type":"DefaultPlugin","groupId":"org.apache.maven.plugins","artefactId":"maven-resources-plugin","version":"3.3.1","pluginClassName":null},{"__type":"DefaultPlugin","groupId":"org.apache.maven.plugins","artefactId":"maven-jar-plugin","version":"3.4.1","pluginClassName":null},{"__type":"DefaultPlugin","groupId":"org.apache.maven.plugins","artefactId":"maven-surefire-plugin","version":"3.0.0-M5","pluginClassName":null},{"__type":"DefaultPlugin","groupId":"org.apache.maven.plugins","artefactId":"maven-install-plugin","version":"3.1.2","pluginClassName":null},{"__type":"DefaultPlugin","groupId":"org.apache.maven.plugins","artefactId":"maven-deploy-plugin","version":"2.8.2","pluginClassName":null},{"__type":"DefaultPlugin","groupId":"org.apache.maven.plugins","artefactId":"maven-site-plugin","version":"3.12.1","pluginClassName":null}],"version":"3.9.12","encoding":"UTF-8","name":"maven","subModules":[],"simpleModuleName":null,"parentModuleName":"com.paritytrading.parity:parity-parent","location":"/home/jbergqvist/diffblue/paritytrading-parity/libraries/match","fullModuleName":"com.paritytrading.parity:parity-match"},{"__type":"DefaultProjectModule","junitReport":["/home/jbergqvist/diffblue/paritytrading-parity/libraries/net/target/surefire-reports"],"jacocoReport":["/home/jbergqvist/diffblue/paritytrading-parity/libraries/net/target/site/jacoco/jacoco.xml"],"jacocoDestFile":["/home/jbergqvist/diffblue/paritytrading-parity/libraries/net/target/jacoco.exec"],"jacocoFormats":["xml"],"jacocoSkipped":false,"classpath":["/home/jbergqvist/diffblue/paritytrading-parity/libraries/net/target/classes","/home/jbergqvist/.m2/repository/com/paritytrading/nassau/nassau-core/0.13.0/nassau-core-0.13.0.jar","/home/jbergqvist/.m2/repository/com/paritytrading/foundation/foundation/0.3.0/foundation-0.3.0.jar","/home/jbergqvist/.m2/repository/com/diffblue/cover/cover-annotations/1.9.0/cover-annotations-1.9.0.jar","/home/jbergqvist/.m2/repository/org/junit/jupiter/junit-jupiter-engine/5.13.4/junit-jupiter-engine-5.13.4.jar","/home/jbergqvist/.m2/repository/org/junit/platform/junit-platform-engine/1.13.4/junit-platform-engine-1.13.4.jar","/home/jbergqvist/.m2/repository/org/opentest4j/opentest4j/1.3.0/opentest4j-1.3.0.jar","/home/jbergqvist/.m2/repository/org/junit/platform/junit-platform-commons/1.13.4/junit-platform-commons-1.13.4.jar","/home/jbergqvist/.m2/repository/org/junit/jupiter/junit-jupiter-api/5.13.4/junit-jupiter-api-5.13.4.jar","/home/jbergqvist/.m2/repository/org/apiguardian/apiguardian-api/1.1.2/apiguardian-api-1.1.2.jar","/home/jbergqvist/.m2/repository/org/mockito/mockito-core/4.11.0/mockito-core-4.11.0.jar","/home/jbergqvist/.m2/repository/net/bytebuddy/byte-buddy/1.12.19/byte-buddy-1.12.19.jar","/home/jbergqvist/.m2/repository/net/bytebuddy/byte-buddy-agent/1.12.19/byte-buddy-agent-1.12.19.jar","/home/jbergqvist/.m2/repository/org/objenesis/objenesis/3.3/objenesis-3.3.jar","/home/jbergqvist/.m2/repository/org/mockito/mockito-junit-jupiter/4.11.0/mockito-junit-jupiter-4.11.0.jar"],"complianceLevel":"1.8","productionSources":["/home/jbergqvist/diffblue/paritytrading-parity/libraries/net/src/main/java"],"testSources":["/home/jbergqvist/diffblue/paritytrading-parity/libraries/net/src/test/java"],"productionClasses":"/home/jbergqvist/diffblue/paritytrading-parity/libraries/net/target/classes","testClasses":"/home/jbergqvist/diffblue/paritytrading-parity/libraries/net/target/test-classes","sourceToBuildPathMap":null,"testSourceToBuildPathMap":null,"buildDirectory":"/home/jbergqvist/diffblue/paritytrading-parity/libraries/net/target","plugins":[{"__type":"DefaultPlugin","groupId":"org.apache.maven.plugins","artefactId":"maven-enforcer-plugin","version":"1.0","pluginClassName":null},{"__type":"DefaultPlugin","groupId":"org.apache.maven.plugins","artefactId":"maven-checkstyle-plugin","version":"3.1.0","pluginClassName":null},{"__type":"DefaultPlugin","groupId":"org.apache.maven.plugins","artefactId":"maven-compiler-plugin","version":"3.8.0","pluginClassName":null},{"__type":"DefaultPlugin","groupId":"org.apache.maven.plugins","artefactId":"maven-javadoc-plugin","version":"3.0.1","pluginClassName":null},{"__type":"DefaultPlugin","groupId":"org.apache.maven.plugins","artefactId":"maven-release-plugin","version":"2.5.3","pluginClassName":null},{"__type":"DefaultPlugin","groupId":"org.apache.maven.plugins","artefactId":"maven-clean-plugin","version":"3.2.0","pluginClassName":null},{"__type":"DefaultPlugin","groupId":"org.apache.maven.plugins","artefactId":"maven-resources-plugin","version":"3.3.1","pluginClassName":null},{"__type":"DefaultPlugin","groupId":"org.apache.maven.plugins","artefactId":"maven-jar-plugin","version":"3.4.1","pluginClassName":null},{"__type":"DefaultPlugin","groupId":"org.apache.maven.plugins","artefactId":"maven-surefire-plugin","version":"3.0.0-M5","pluginClassName":null},{"__type":"DefaultPlugin","groupId":"org.apache.maven.plugins","artefactId":"maven-install-plugin","version":"3.1.2","pluginClassName":null},{"__type":"DefaultPlugin","groupId":"org.apache.maven.plugins","artefactId":"maven-deploy-plugin","version":"2.8.2","pluginClassName":null},{"__type":"DefaultPlugin","groupId":"org.apache.maven.plugins","artefactId":"maven-site-plugin","version":"3.12.1","pluginClassName":null}],"version":"3.9.12","encoding":"UTF-8","name":"maven","subModules":[],"simpleModuleName":null,"parentModuleName":"com.paritytrading.parity:parity-parent","location":"/home/jbergqvist/diffblue/paritytrading-parity/libraries/net","fullModuleName":"com.paritytrading.parity:parity-net"},{"__type":"DefaultProjectModule","junitReport":["/home/jbergqvist/diffblue/paritytrading-parity/libraries/util/target/surefire-reports"],"jacocoReport":["/home/jbergqvist/diffblue/paritytrading-parity/libraries/util/target/site/jacoco/jacoco.xml"],"jacocoDestFile":["/home/jbergqvist/diffblue/paritytrading-parity/libraries/util/target/jacoco.exec"],"jacocoFormats":["xml"],"jacocoSkipped":false,"classpath":["/home/jbergqvist/diffblue/paritytrading-parity/libraries/util/target/classes","/home/jbergqvist/.m2/repository/com/paritytrading/foundation/foundation/0.3.0/foundation-0.3.0.jar","/home/jbergqvist/.m2/repository/com/typesafe/config/1.3.1/config-1.3.1.jar","/home/jbergqvist/.m2/repository/org/junit/jupiter/junit-jupiter/5.7.0/junit-jupiter-5.7.0.jar","/home/jbergqvist/.m2/repository/org/junit/jupiter/junit-jupiter-api/5.7.0/junit-jupiter-api-5.7.0.jar","/home/jbergqvist/.m2/repository/org/apiguardian/apiguardian-api/1.1.0/apiguardian-api-1.1.0.jar","/home/jbergqvist/.m2/repository/org/opentest4j/opentest4j/1.2.0/opentest4j-1.2.0.jar","/home/jbergqvist/.m2/repository/org/junit/platform/junit-platform-commons/1.7.0/junit-platform-commons-1.7.0.jar","/home/jbergqvist/.m2/repository/org/junit/jupiter/junit-jupiter-params/5.7.0/junit-jupiter-params-5.7.0.jar","/home/jbergqvist/.m2/repository/org/junit/jupiter/junit-jupiter-engine/5.7.0/junit-jupiter-engine-5.7.0.jar","/home/jbergqvist/.m2/repository/org/junit/platform/junit-platform-engine/1.7.0/junit-platform-engine-1.7.0.jar","/home/jbergqvist/.m2/repository/com/diffblue/cover/cover-annotations/1.9.0/cover-annotations-1.9.0.jar","/home/jbergqvist/.m2/repository/org/mockito/mockito-core/4.11.0/mockito-core-4.11.0.jar","/home/jbergqvist/.m2/repository/net/bytebuddy/byte-buddy/1.12.19/byte-buddy-1.12.19.jar","/home/jbergqvist/.m2/repository/net/bytebuddy/byte-buddy-agent/1.12.19/byte-buddy-agent-1.12.19.jar","/home/jbergqvist/.m2/repository/org/objenesis/objenesis/3.3/objenesis-3.3.jar","/home/jbergqvist/.m2/repository/org/mockito/mockito-junit-jupiter/4.11.0/mockito-junit-jupiter-4.11.0.jar"],"complianceLevel":"1.8","productionSources":["/home/jbergqvist/diffblue/paritytrading-parity/libraries/util/src/main/java"],"testSources":["/home/jbergqvist/diffblue/paritytrading-parity/libraries/util/src/test/java"],"productionClasses":"/home/jbergqvist/diffblue/paritytrading-parity/libraries/util/target/classes","testClasses":"/home/jbergqvist/diffblue/paritytrading-parity/libraries/util/target/test-classes","sourceToBuildPathMap":null,"testSourceToBuildPathMap":null,"buildDirectory":"/home/jbergqvist/diffblue/paritytrading-parity/libraries/util/target","plugins":[{"__type":"DefaultPlugin","groupId":"org.apache.maven.plugins","artefactId":"maven-enforcer-plugin","version":"1.0","pluginClassName":null},{"__type":"DefaultPlugin","groupId":"org.apache.maven.plugins","artefactId":"maven-checkstyle-plugin","version":"3.1.0","pluginClassName":null},{"__type":"DefaultPlugin","groupId":"org.apache.maven.plugins","artefactId":"maven-compiler-plugin","version":"3.8.0","pluginClassName":null},{"__type":"DefaultPlugin","groupId":"org.apache.maven.plugins","artefactId":"maven-javadoc-plugin","version":"3.0.1","pluginClassName":null},{"__type":"DefaultPlugin","groupId":"org.apache.maven.plugins","artefactId":"maven-release-plugin","version":"2.5.3","pluginClassName":null},{"__type":"DefaultPlugin","groupId":"org.apache.maven.plugins","artefactId":"maven-clean-plugin","version":"3.2.0","pluginClassName":null},{"__type":"DefaultPlugin","groupId":"org.apache.maven.plugins","artefactId":"maven-resources-plugin","version":"3.3.1","pluginClassName":null},{"__type":"DefaultPlugin","groupId":"org.apache.maven.plugins","artefactId":"maven-jar-plugin","version":"3.4.1","pluginClassName":null},{"__type":"DefaultPlugin","groupId":"org.apache.maven.plugins","artefactId":"maven-surefire-plugin","version":"3.0.0-M5","pluginClassName":null},{"__type":"DefaultPlugin","groupId":"org.apache.maven.plugins","artefactId":"maven-install-plugin","version":"3.1.2","pluginClassName":null},{"__type":"DefaultPlugin","groupId":"org.apache.maven.plugins","artefactId":"maven-deploy-plugin","version":"2.8.2","pluginClassName":null},{"__type":"DefaultPlugin","groupId":"org.apache.maven.plugins","artefactId":"maven-site-plugin","version":"3.12.1","pluginClassName":null}],"version":"3.9.12","encoding":"UTF-8","name":"maven","subModules":[],"simpleModuleName":null,"parentModuleName":"com.paritytrading.parity:parity-parent","location":"/home/jbergqvist/diffblue/paritytrading-parity/libraries/util","fullModuleName":"com.paritytrading.parity:parity-util"},{"__type":"DefaultProjectModule","junitReport":["/home/jbergqvist/diffblue/paritytrading-parity/applications/client/target/surefire-reports"],"jacocoReport":["/home/jbergqvist/diffblue/paritytrading-parity/applications/client/target/site/jacoco/jacoco.xml"],"jacocoDestFile":["/home/jbergqvist/diffblue/paritytrading-parity/applications/client/target/jacoco.exec"],"jacocoFormats":["xml"],"jacocoSkipped":false,"classpath":["/home/jbergqvist/diffblue/paritytrading-parity/applications/client/target/classes","/home/jbergqvist/.m2/repository/com/paritytrading/parity/parity-net/0.7.1-SNAPSHOT/parity-net-0.7.1-SNAPSHOT.jar","/home/jbergqvist/.m2/repository/com/paritytrading/parity/parity-util/0.7.1-SNAPSHOT/parity-util-0.7.1-SNAPSHOT.jar","/home/jbergqvist/.m2/repository/com/paritytrading/foundation/foundation/0.3.0/foundation-0.3.0.jar","/home/jbergqvist/.m2/repository/com/paritytrading/nassau/nassau-core/0.13.0/nassau-core-0.13.0.jar","/home/jbergqvist/.m2/repository/com/typesafe/config/1.3.1/config-1.3.1.jar","/home/jbergqvist/.m2/repository/org/jline/jline-reader/3.8.0/jline-reader-3.8.0.jar","/home/jbergqvist/.m2/repository/org/jline/jline-terminal/3.8.0/jline-terminal-3.8.0.jar","/home/jbergqvist/.m2/repository/org/jvirtanen/config/config-extras/0.2.0/config-extras-0.2.0.jar","/home/jbergqvist/.m2/repository/org/jvirtanen/util/util-extras/0.2.0/util-extras-0.2.0.jar","/home/jbergqvist/.m2/repository/com/diffblue/cover/cover-annotations/1.9.0/cover-annotations-1.9.0.jar","/home/jbergqvist/.m2/repository/org/junit/jupiter/junit-jupiter-engine/5.13.4/junit-jupiter-engine-5.13.4.jar","/home/jbergqvist/.m2/repository/org/junit/platform/junit-platform-engine/1.13.4/junit-platform-engine-1.13.4.jar","/home/jbergqvist/.m2/repository/org/opentest4j/opentest4j/1.3.0/opentest4j-1.3.0.jar","/home/jbergqvist/.m2/repository/org/junit/platform/junit-platform-commons/1.13.4/junit-platform-commons-1.13.4.jar","/home/jbergqvist/.m2/repository/org/junit/jupiter/junit-jupiter-api/5.13.4/junit-jupiter-api-5.13.4.jar","/home/jbergqvist/.m2/repository/org/apiguardian/apiguardian-api/1.1.2/apiguardian-api-1.1.2.jar","/home/jbergqvist/.m2/repository/org/mockito/mockito-core/4.11.0/mockito-core-4.11.0.jar","/home/jbergqvist/.m2/repository/net/bytebuddy/byte-buddy/1.12.19/byte-buddy-1.12.19.jar","/home/jbergqvist/.m2/repository/net/bytebuddy/byte-buddy-agent/1.12.19/byte-buddy-agent-1.12.19.jar","/home/jbergqvist/.m2/repository/org/objenesis/objenesis/3.3/objenesis-3.3.jar","/home/jbergqvist/.m2/repository/org/mockito/mockito-junit-jupiter/4.11.0/mockito-junit-jupiter-4.11.0.jar"],"complianceLevel":"1.8","productionSources":["/home/jbergqvist/diffblue/paritytrading-parity/applications/client/src/main/java"],"testSources":["/home/jbergqvist/diffblue/paritytrading-parity/applications/client/src/test/java"],"productionClasses":"/home/jbergqvist/diffblue/paritytrading-parity/applications/client/target/classes","testClasses":"/home/jbergqvist/diffblue/paritytrading-parity/applications/client/target/test-classes","sourceToBuildPathMap":null,"testSourceToBuildPathMap":null,"buildDirectory":"/home/jbergqvist/diffblue/paritytrading-parity/applications/client/target","plugins":[{"__type":"DefaultPlugin","groupId":"org.apache.maven.plugins","artefactId":"maven-enforcer-plugin","version":"1.0","pluginClassName":null},{"__type":"DefaultPlugin","groupId":"org.apache.maven.plugins","artefactId":"maven-checkstyle-plugin","version":"3.1.0","pluginClassName":null},{"__type":"DefaultPlugin","groupId":"org.apache.maven.plugins","artefactId":"maven-compiler-plugin","version":"3.8.0","pluginClassName":null},{"__type":"DefaultPlugin","groupId":"org.apache.maven.plugins","artefactId":"maven-javadoc-plugin","version":"3.0.1","pluginClassName":null},{"__type":"DefaultPlugin","groupId":"org.apache.maven.plugins","artefactId":"maven-release-plugin","version":"2.5.3","pluginClassName":null},{"__type":"DefaultPlugin","groupId":"org.apache.maven.plugins","artefactId":"maven-deploy-plugin","version":"2.8.2","pluginClassName":null},{"__type":"DefaultPlugin","groupId":"org.apache.maven.plugins","artefactId":"maven-shade-plugin","version":"3.2.1","pluginClassName":null},{"__type":"DefaultPlugin","groupId":"org.apache.maven.plugins","artefactId":"maven-clean-plugin","version":"3.2.0","pluginClassName":null},{"__type":"DefaultPlugin","groupId":"org.apache.maven.plugins","artefactId":"maven-resources-plugin","version":"3.3.1","pluginClassName":null},{"__type":"DefaultPlugin","groupId":"org.apache.maven.plugins","artefactId":"maven-jar-plugin","version":"3.4.1","pluginClassName":null},{"__type":"DefaultPlugin","groupId":"org.apache.maven.plugins","artefactId":"maven-surefire-plugin","version":"3.0.0-M5","pluginClassName":null},{"__type":"DefaultPlugin","groupId":"org.apache.maven.plugins","artefactId":"maven-install-plugin","version":"3.1.2","pluginClassName":null},{"__type":"DefaultPlugin","groupId":"org.apache.maven.plugins","artefactId":"maven-site-plugin","version":"3.12.1","pluginClassName":null}],"version":"3.9.12","encoding":"UTF-8","name":"maven","subModules":[],"simpleModuleName":null,"parentModuleName":"com.paritytrading.parity:parity-parent","location":"/home/jbergqvist/diffblue/paritytrading-parity/applications/client","fullModuleName":"com.paritytrading.parity:parity-client"},{"__type":"DefaultProjectModule","junitReport":["/home/jbergqvist/diffblue/paritytrading-parity/applications/fix/target/surefire-reports"],"jacocoReport":["/home/jbergqvist/diffblue/paritytrading-parity/applications/fix/target/site/jacoco/jacoco.xml"],"jacocoDestFile":["/home/jbergqvist/diffblue/paritytrading-parity/applications/fix/target/jacoco.exec"],"jacocoFormats":["xml"],"jacocoSkipped":false,"classpath":["/home/jbergqvist/diffblue/paritytrading-parity/applications/fix/target/classes","/home/jbergqvist/.m2/repository/com/paritytrading/parity/parity-net/0.7.1-SNAPSHOT/parity-net-0.7.1-SNAPSHOT.jar","/home/jbergqvist/.m2/repository/com/paritytrading/parity/parity-util/0.7.1-SNAPSHOT/parity-util-0.7.1-SNAPSHOT.jar","/home/jbergqvist/.m2/repository/com/paritytrading/foundation/foundation/0.3.0/foundation-0.3.0.jar","/home/jbergqvist/.m2/repository/com/paritytrading/nassau/nassau-core/0.13.0/nassau-core-0.13.0.jar","/home/jbergqvist/.m2/repository/com/paritytrading/philadelphia/philadelphia-core/1.2.0/philadelphia-core-1.2.0.jar","/home/jbergqvist/.m2/repository/com/paritytrading/philadelphia/philadelphia-fix44/1.2.0/philadelphia-fix44-1.2.0.jar","/home/jbergqvist/.m2/repository/com/typesafe/config/1.3.1/config-1.3.1.jar","/home/jbergqvist/.m2/repository/joda-time/joda-time/2.10.6/joda-time-2.10.6.jar","/home/jbergqvist/.m2/repository/org/jvirtanen/config/config-extras/0.2.0/config-extras-0.2.0.jar","/home/jbergqvist/.m2/repository/org/jvirtanen/util/util-extras/0.2.0/util-extras-0.2.0.jar","/home/jbergqvist/.m2/repository/com/diffblue/cover/cover-annotations/1.9.0/cover-annotations-1.9.0.jar","/home/jbergqvist/.m2/repository/org/junit/jupiter/junit-jupiter-engine/5.13.4/junit-jupiter-engine-5.13.4.jar","/home/jbergqvist/.m2/repository/org/junit/platform/junit-platform-engine/1.13.4/junit-platform-engine-1.13.4.jar","/home/jbergqvist/.m2/repository/org/opentest4j/opentest4j/1.3.0/opentest4j-1.3.0.jar","/home/jbergqvist/.m2/repository/org/junit/platform/junit-platform-commons/1.13.4/junit-platform-commons-1.13.4.jar","/home/jbergqvist/.m2/repository/org/junit/jupiter/junit-jupiter-api/5.13.4/junit-jupiter-api-5.13.4.jar","/home/jbergqvist/.m2/repository/org/apiguardian/apiguardian-api/1.1.2/apiguardian-api-1.1.2.jar","/home/jbergqvist/.m2/repository/org/mockito/mockito-core/4.11.0/mockito-core-4.11.0.jar","/home/jbergqvist/.m2/repository/net/bytebuddy/byte-buddy/1.12.19/byte-buddy-1.12.19.jar","/home/jbergqvist/.m2/repository/net/bytebuddy/byte-buddy-agent/1.12.19/byte-buddy-agent-1.12.19.jar","/home/jbergqvist/.m2/repository/org/objenesis/objenesis/3.3/objenesis-3.3.jar","/home/jbergqvist/.m2/repository/org/mockito/mockito-junit-jupiter/4.11.0/mockito-junit-jupiter-4.11.0.jar"],"complianceLevel":"1.8","productionSources":["/home/jbergqvist/diffblue/paritytrading-parity/applications/fix/src/main/java"],"testSources":["/home/jbergqvist/diffblue/paritytrading-parity/applications/fix/src/test/java"],"productionClasses":"/home/jbergqvist/diffblue/paritytrading-parity/applications/fix/target/classes","testClasses":"/home/jbergqvist/diffblue/paritytrading-parity/applications/fix/target/test-classes","sourceToBuildPathMap":null,"testSourceToBuildPathMap":null,"buildDirectory":"/home/jbergqvist/diffblue/paritytrading-parity/applications/fix/target","plugins":[{"__type":"DefaultPlugin","groupId":"org.apache.maven.plugins","artefactId":"maven-enforcer-plugin","version":"1.0","pluginClassName":null},{"__type":"DefaultPlugin","groupId":"org.apache.maven.plugins","artefactId":"maven-checkstyle-plugin","version":"3.1.0","pluginClassName":null},{"__type":"DefaultPlugin","groupId":"org.apache.maven.plugins","artefactId":"maven-compiler-plugin","version":"3.8.0","pluginClassName":null},{"__type":"DefaultPlugin","groupId":"org.apache.maven.plugins","artefactId":"maven-javadoc-plugin","version":"3.0.1","pluginClassName":null},{"__type":"DefaultPlugin","groupId":"org.apache.maven.plugins","artefactId":"maven-release-plugin","version":"2.5.3","pluginClassName":null},{"__type":"DefaultPlugin","groupId":"org.apache.maven.plugins","artefactId":"maven-deploy-plugin","version":"2.8.2","pluginClassName":null},{"__type":"DefaultPlugin","groupId":"org.apache.maven.plugins","artefactId":"maven-shade-plugin","version":"3.2.1","pluginClassName":null},{"__type":"DefaultPlugin","groupId":"org.apache.maven.plugins","artefactId":"maven-clean-plugin","version":"3.2.0","pluginClassName":null},{"__type":"DefaultPlugin","groupId":"org.apache.maven.plugins","artefactId":"maven-resources-plugin","version":"3.3.1","pluginClassName":null},{"__type":"DefaultPlugin","groupId":"org.apache.maven.plugins","artefactId":"maven-jar-plugin","version":"3.4.1","pluginClassName":null},{"__type":"DefaultPlugin","groupId":"org.apache.maven.plugins","artefactId":"maven-surefire-plugin","version":"3.0.0-M5","pluginClassName":null},{"__type":"DefaultPlugin","groupId":"org.apache.maven.plugins","artefactId":"maven-install-plugin","version":"3.1.2","pluginClassName":null},{"__type":"DefaultPlugin","groupId":"org.apache.maven.plugins","artefactId":"maven-site-plugin","version":"3.12.1","pluginClassName":null}],"version":"3.9.12","encoding":"UTF-8","name":"maven","subModules":[],"simpleModuleName":null,"parentModuleName":"com.paritytrading.parity:parity-parent","location":"/home/jbergqvist/diffblue/paritytrading-parity/applications/fix","fullModuleName":"com.paritytrading.parity:parity-fix"},{"__type":"DefaultProjectModule","junitReport":["/home/jbergqvist/diffblue/paritytrading-parity/applications/reporter/target/surefire-reports"],"jacocoReport":["/home/jbergqvist/diffblue/paritytrading-parity/applications/reporter/target/site/jacoco/jacoco.xml"],"jacocoDestFile":["/home/jbergqvist/diffblue/paritytrading-parity/applications/reporter/target/jacoco.exec"],"jacocoFormats":["xml"],"jacocoSkipped":false,"classpath":["/home/jbergqvist/diffblue/paritytrading-parity/applications/reporter/target/classes","/home/jbergqvist/.m2/repository/com/paritytrading/parity/parity-net/0.7.1-SNAPSHOT/parity-net-0.7.1-SNAPSHOT.jar","/home/jbergqvist/.m2/repository/com/paritytrading/parity/parity-util/0.7.1-SNAPSHOT/parity-util-0.7.1-SNAPSHOT.jar","/home/jbergqvist/.m2/repository/com/paritytrading/foundation/foundation/0.3.0/foundation-0.3.0.jar","/home/jbergqvist/.m2/repository/com/paritytrading/nassau/nassau-core/0.13.0/nassau-core-0.13.0.jar","/home/jbergqvist/.m2/repository/com/paritytrading/nassau/nassau-util/0.13.0/nassau-util-0.13.0.jar","/home/jbergqvist/.m2/repository/com/typesafe/config/1.3.1/config-1.3.1.jar","/home/jbergqvist/.m2/repository/org/jvirtanen/config/config-extras/0.2.0/config-extras-0.2.0.jar","/home/jbergqvist/.m2/repository/org/jvirtanen/util/util-extras/0.2.0/util-extras-0.2.0.jar","/home/jbergqvist/.m2/repository/com/diffblue/cover/cover-annotations/1.9.0/cover-annotations-1.9.0.jar","/home/jbergqvist/.m2/repository/org/junit/jupiter/junit-jupiter-engine/5.13.4/junit-jupiter-engine-5.13.4.jar","/home/jbergqvist/.m2/repository/org/junit/platform/junit-platform-engine/1.13.4/junit-platform-engine-1.13.4.jar","/home/jbergqvist/.m2/repository/org/opentest4j/opentest4j/1.3.0/opentest4j-1.3.0.jar","/home/jbergqvist/.m2/repository/org/junit/platform/junit-platform-commons/1.13.4/junit-platform-commons-1.13.4.jar","/home/jbergqvist/.m2/repository/org/junit/jupiter/junit-jupiter-api/5.13.4/junit-jupiter-api-5.13.4.jar","/home/jbergqvist/.m2/repository/org/apiguardian/apiguardian-api/1.1.2/apiguardian-api-1.1.2.jar","/home/jbergqvist/.m2/repository/org/mockito/mockito-core/4.11.0/mockito-core-4.11.0.jar","/home/jbergqvist/.m2/repository/net/bytebuddy/byte-buddy/1.12.19/byte-buddy-1.12.19.jar","/home/jbergqvist/.m2/repository/net/bytebuddy/byte-buddy-agent/1.12.19/byte-buddy-agent-1.12.19.jar","/home/jbergqvist/.m2/repository/org/objenesis/objenesis/3.3/objenesis-3.3.jar","/home/jbergqvist/.m2/repository/org/mockito/mockito-junit-jupiter/4.11.0/mockito-junit-jupiter-4.11.0.jar"],"complianceLevel":"1.8","productionSources":["/home/jbergqvist/diffblue/paritytrading-parity/applications/reporter/src/main/java"],"testSources":["/home/jbergqvist/diffblue/paritytrading-parity/applications/reporter/src/test/java"],"productionClasses":"/home/jbergqvist/diffblue/paritytrading-parity/applications/reporter/target/classes","testClasses":"/home/jbergqvist/diffblue/paritytrading-parity/applications/reporter/target/test-classes","sourceToBuildPathMap":null,"testSourceToBuildPathMap":null,"buildDirectory":"/home/jbergqvist/diffblue/paritytrading-parity/applications/reporter/target","plugins":[{"__type":"DefaultPlugin","groupId":"org.apache.maven.plugins","artefactId":"maven-enforcer-plugin","version":"1.0","pluginClassName":null},{"__type":"DefaultPlugin","groupId":"org.apache.maven.plugins","artefactId":"maven-checkstyle-plugin","version":"3.1.0","pluginClassName":null},{"__type":"DefaultPlugin","groupId":"org.apache.maven.plugins","artefactId":"maven-compiler-plugin","version":"3.8.0","pluginClassName":null},{"__type":"DefaultPlugin","groupId":"org.apache.maven.plugins","artefactId":"maven-javadoc-plugin","version":"3.0.1","pluginClassName":null},{"__type":"DefaultPlugin","groupId":"org.apache.maven.plugins","artefactId":"maven-release-plugin","version":"2.5.3","pluginClassName":null},{"__type":"DefaultPlugin","groupId":"org.apache.maven.plugins","artefactId":"maven-deploy-plugin","version":"2.8.2","pluginClassName":null},{"__type":"DefaultPlugin","groupId":"org.apache.maven.plugins","artefactId":"maven-shade-plugin","version":"3.2.1","pluginClassName":null},{"__type":"DefaultPlugin","groupId":"org.apache.maven.plugins","artefactId":"maven-clean-plugin","version":"3.2.0","pluginClassName":null},{"__type":"DefaultPlugin","groupId":"org.apache.maven.plugins","artefactId":"maven-resources-plugin","version":"3.3.1","pluginClassName":null},{"__type":"DefaultPlugin","groupId":"org.apache.maven.plugins","artefactId":"maven-jar-plugin","version":"3.4.1","pluginClassName":null},{"__type":"DefaultPlugin","groupId":"org.apache.maven.plugins","artefactId":"maven-surefire-plugin","version":"3.0.0-M5","pluginClassName":null},{"__type":"DefaultPlugin","groupId":"org.apache.maven.plugins","artefactId":"maven-install-plugin","version":"3.1.2","pluginClassName":null},{"__type":"DefaultPlugin","groupId":"org.apache.maven.plugins","artefactId":"maven-site-plugin","version":"3.12.1","pluginClassName":null}],"version":"3.9.12","encoding":"UTF-8","name":"maven","subModules":[],"simpleModuleName":null,"parentModuleName":"com.paritytrading.parity:parity-parent","location":"/home/jbergqvist/diffblue/paritytrading-parity/applications/reporter","fullModuleName":"com.paritytrading.parity:parity-reporter"},{"__type":"DefaultProjectModule","junitReport":["/home/jbergqvist/diffblue/paritytrading-parity/applications/system/target/surefire-reports"],"jacocoReport":["/home/jbergqvist/diffblue/paritytrading-parity/applications/system/target/site/jacoco/jacoco.xml"],"jacocoDestFile":["/home/jbergqvist/diffblue/paritytrading-parity/applications/system/target/jacoco.exec"],"jacocoFormats":["xml"],"jacocoSkipped":false,"classpath":["/home/jbergqvist/diffblue/paritytrading-parity/applications/system/target/classes","/home/jbergqvist/.m2/repository/com/paritytrading/parity/parity-match/0.7.1-SNAPSHOT/parity-match-0.7.1-SNAPSHOT.jar","/home/jbergqvist/.m2/repository/com/paritytrading/parity/parity-net/0.7.1-SNAPSHOT/parity-net-0.7.1-SNAPSHOT.jar","/home/jbergqvist/.m2/repository/com/paritytrading/foundation/foundation/0.3.0/foundation-0.3.0.jar","/home/jbergqvist/.m2/repository/com/paritytrading/nassau/nassau-core/0.13.0/nassau-core-0.13.0.jar","/home/jbergqvist/.m2/repository/com/typesafe/config/1.3.1/config-1.3.1.jar","/home/jbergqvist/.m2/repository/it/unimi/dsi/fastutil/8.1.0/fastutil-8.1.0.jar","/home/jbergqvist/.m2/repository/org/jvirtanen/config/config-extras/0.2.0/config-extras-0.2.0.jar","/home/jbergqvist/.m2/repository/org/jvirtanen/util/util-extras/0.2.0/util-extras-0.2.0.jar","/home/jbergqvist/.m2/repository/com/diffblue/cover/cover-annotations/1.9.0/cover-annotations-1.9.0.jar","/home/jbergqvist/.m2/repository/org/junit/jupiter/junit-jupiter-engine/5.13.4/junit-jupiter-engine-5.13.4.jar","/home/jbergqvist/.m2/repository/org/junit/platform/junit-platform-engine/1.13.4/junit-platform-engine-1.13.4.jar","/home/jbergqvist/.m2/repository/org/opentest4j/opentest4j/1.3.0/opentest4j-1.3.0.jar","/home/jbergqvist/.m2/repository/org/junit/platform/junit-platform-commons/1.13.4/junit-platform-commons-1.13.4.jar","/home/jbergqvist/.m2/repository/org/junit/jupiter/junit-jupiter-api/5.13.4/junit-jupiter-api-5.13.4.jar","/home/jbergqvist/.m2/repository/org/apiguardian/apiguardian-api/1.1.2/apiguardian-api-1.1.2.jar","/home/jbergqvist/.m2/repository/org/mockito/mockito-core/4.11.0/mockito-core-4.11.0.jar","/home/jbergqvist/.m2/repository/net/bytebuddy/byte-buddy/1.12.19/byte-buddy-1.12.19.jar","/home/jbergqvist/.m2/repository/net/bytebuddy/byte-buddy-agent/1.12.19/byte-buddy-agent-1.12.19.jar","/home/jbergqvist/.m2/repository/org/objenesis/objenesis/3.3/objenesis-3.3.jar","/home/jbergqvist/.m2/repository/org/mockito/mockito-junit-jupiter/4.11.0/mockito-junit-jupiter-4.11.0.jar"],"complianceLevel":"1.8","productionSources":["/home/jbergqvist/diffblue/paritytrading-parity/applications/system/src/main/java"],"testSources":["/home/jbergqvist/diffblue/paritytrading-parity/applications/system/src/test/java"],"productionClasses":"/home/jbergqvist/diffblue/paritytrading-parity/applications/system/target/classes","testClasses":"/home/jbergqvist/diffblue/paritytrading-parity/applications/system/target/test-classes","sourceToBuildPathMap":null,"testSourceToBuildPathMap":null,"buildDirectory":"/home/jbergqvist/diffblue/paritytrading-parity/applications/system/target","plugins":[{"__type":"DefaultPlugin","groupId":"org.apache.maven.plugins","artefactId":"maven-enforcer-plugin","version":"1.0","pluginClassName":null},{"__type":"DefaultPlugin","groupId":"org.apache.maven.plugins","artefactId":"maven-checkstyle-plugin","version":"3.1.0","pluginClassName":null},{"__type":"DefaultPlugin","groupId":"org.apache.maven.plugins","artefactId":"maven-compiler-plugin","version":"3.8.0","pluginClassName":null},{"__type":"DefaultPlugin","groupId":"org.apache.maven.plugins","artefactId":"maven-javadoc-plugin","version":"3.0.1","pluginClassName":null},{"__type":"DefaultPlugin","groupId":"org.apache.maven.plugins","artefactId":"maven-release-plugin","version":"2.5.3","pluginClassName":null},{"__type":"DefaultPlugin","groupId":"org.apache.maven.plugins","artefactId":"maven-deploy-plugin","version":"2.8.2","pluginClassName":null},{"__type":"DefaultPlugin","groupId":"org.apache.maven.plugins","artefactId":"maven-shade-plugin","version":"3.2.1","pluginClassName":null},{"__type":"DefaultPlugin","groupId":"org.apache.maven.plugins","artefactId":"maven-clean-plugin","version":"3.2.0","pluginClassName":null},{"__type":"DefaultPlugin","groupId":"org.apache.maven.plugins","artefactId":"maven-resources-plugin","version":"3.3.1","pluginClassName":null},{"__type":"DefaultPlugin","groupId":"org.apache.maven.plugins","artefactId":"maven-jar-plugin","version":"3.4.1","pluginClassName":null},{"__type":"DefaultPlugin","groupId":"org.apache.maven.plugins","artefactId":"maven-surefire-plugin","version":"3.0.0-M5","pluginClassName":null},{"__type":"DefaultPlugin","groupId":"org.apache.maven.plugins","artefactId":"maven-install-plugin","version":"3.1.2","pluginClassName":null},{"__type":"DefaultPlugin","groupId":"org.apache.maven.plugins","artefactId":"maven-site-plugin","version":"3.12.1","pluginClassName":null}],"version":"3.9.12","encoding":"UTF-8","name":"maven","subModules":[],"simpleModuleName":null,"parentModuleName":"com.paritytrading.parity:parity-parent","location":"/home/jbergqvist/diffblue/paritytrading-parity/applications/system","fullModuleName":"com.paritytrading.parity:parity-system"},{"__type":"DefaultProjectModule","junitReport":["/home/jbergqvist/diffblue/paritytrading-parity/applications/ticker/target/surefire-reports"],"jacocoReport":["/home/jbergqvist/diffblue/paritytrading-parity/applications/ticker/target/site/jacoco/jacoco.xml"],"jacocoDestFile":["/home/jbergqvist/diffblue/paritytrading-parity/applications/ticker/target/jacoco.exec"],"jacocoFormats":["xml"],"jacocoSkipped":false,"classpath":["/home/jbergqvist/diffblue/paritytrading-parity/applications/ticker/target/classes","/home/jbergqvist/.m2/repository/com/paritytrading/parity/parity-book/0.7.1-SNAPSHOT/parity-book-0.7.1-SNAPSHOT.jar","/home/jbergqvist/.m2/repository/it/unimi/dsi/fastutil/8.1.0/fastutil-8.1.0.jar","/home/jbergqvist/.m2/repository/com/paritytrading/parity/parity-file/0.7.1-SNAPSHOT/parity-file-0.7.1-SNAPSHOT.jar","/home/jbergqvist/.m2/repository/com/paritytrading/parity/parity-net/0.7.1-SNAPSHOT/parity-net-0.7.1-SNAPSHOT.jar","/home/jbergqvist/.m2/repository/com/paritytrading/parity/parity-util/0.7.1-SNAPSHOT/parity-util-0.7.1-SNAPSHOT.jar","/home/jbergqvist/.m2/repository/com/paritytrading/foundation/foundation/0.3.0/foundation-0.3.0.jar","/home/jbergqvist/.m2/repository/com/paritytrading/nassau/nassau-core/0.13.0/nassau-core-0.13.0.jar","/home/jbergqvist/.m2/repository/com/paritytrading/nassau/nassau-util/0.13.0/nassau-util-0.13.0.jar","/home/jbergqvist/.m2/repository/com/typesafe/config/1.3.1/config-1.3.1.jar","/home/jbergqvist/.m2/repository/org/jvirtanen/config/config-extras/0.2.0/config-extras-0.2.0.jar","/home/jbergqvist/.m2/repository/org/jvirtanen/util/util-extras/0.2.0/util-extras-0.2.0.jar","/home/jbergqvist/.m2/repository/com/diffblue/cover/cover-annotations/1.9.0/cover-annotations-1.9.0.jar","/home/jbergqvist/.m2/repository/org/junit/jupiter/junit-jupiter-engine/5.13.4/junit-jupiter-engine-5.13.4.jar","/home/jbergqvist/.m2/repository/org/junit/platform/junit-platform-engine/1.13.4/junit-platform-engine-1.13.4.jar","/home/jbergqvist/.m2/repository/org/opentest4j/opentest4j/1.3.0/opentest4j-1.3.0.jar","/home/jbergqvist/.m2/repository/org/junit/platform/junit-platform-commons/1.13.4/junit-platform-commons-1.13.4.jar","/home/jbergqvist/.m2/repository/org/junit/jupiter/junit-jupiter-api/5.13.4/junit-jupiter-api-5.13.4.jar","/home/jbergqvist/.m2/repository/org/apiguardian/apiguardian-api/1.1.2/apiguardian-api-1.1.2.jar","/home/jbergqvist/.m2/repository/org/mockito/mockito-core/4.11.0/mockito-core-4.11.0.jar","/home/jbergqvist/.m2/repository/net/bytebuddy/byte-buddy/1.12.19/byte-buddy-1.12.19.jar","/home/jbergqvist/.m2/repository/net/bytebuddy/byte-buddy-agent/1.12.19/byte-buddy-agent-1.12.19.jar","/home/jbergqvist/.m2/repository/org/objenesis/objenesis/3.3/objenesis-3.3.jar","/home/jbergqvist/.m2/repository/org/mockito/mockito-junit-jupiter/4.11.0/mockito-junit-jupiter-4.11.0.jar"],"complianceLevel":"1.8","productionSources":["/home/jbergqvist/diffblue/paritytrading-parity/applications/ticker/src/main/java"],"testSources":["/home/jbergqvist/diffblue/paritytrading-parity/applications/ticker/src/test/java"],"productionClasses":"/home/jbergqvist/diffblue/paritytrading-parity/applications/ticker/target/classes","testClasses":"/home/jbergqvist/diffblue/paritytrading-parity/applications/ticker/target/test-classes","sourceToBuildPathMap":null,"testSourceToBuildPathMap":null,"buildDirectory":"/home/jbergqvist/diffblue/paritytrading-parity/applications/ticker/target","plugins":[{"__type":"DefaultPlugin","groupId":"org.apache.maven.plugins","artefactId":"maven-enforcer-plugin","version":"1.0","pluginClassName":null},{"__type":"DefaultPlugin","groupId":"org.apache.maven.plugins","artefactId":"maven-checkstyle-plugin","version":"3.1.0","pluginClassName":null},{"__type":"DefaultPlugin","groupId":"org.apache.maven.plugins","artefactId":"maven-compiler-plugin","version":"3.8.0","pluginClassName":null},{"__type":"DefaultPlugin","groupId":"org.apache.maven.plugins","artefactId":"maven-javadoc-plugin","version":"3.0.1","pluginClassName":null},{"__type":"DefaultPlugin","groupId":"org.apache.maven.plugins","artefactId":"maven-release-plugin","version":"2.5.3","pluginClassName":null},{"__type":"DefaultPlugin","groupId":"org.apache.maven.plugins","artefactId":"maven-deploy-plugin","version":"2.8.2","pluginClassName":null},{"__type":"DefaultPlugin","groupId":"org.apache.maven.plugins","artefactId":"maven-shade-plugin","version":"3.2.1","pluginClassName":null},{"__type":"DefaultPlugin","groupId":"org.apache.maven.plugins","artefactId":"maven-clean-plugin","version":"3.2.0","pluginClassName":null},{"__type":"DefaultPlugin","groupId":"org.apache.maven.plugins","artefactId":"maven-resources-plugin","version":"3.3.1","pluginClassName":null},{"__type":"DefaultPlugin","groupId":"org.apache.maven.plugins","artefactId":"maven-jar-plugin","version":"3.4.1","pluginClassName":null},{"__type":"DefaultPlugin","groupId":"org.apache.maven.plugins","artefactId":"maven-surefire-plugin","version":"3.0.0-M5","pluginClassName":null},{"__type":"DefaultPlugin","groupId":"org.apache.maven.plugins","artefactId":"maven-install-plugin","version":"3.1.2","pluginClassName":null},{"__type":"DefaultPlugin","groupId":"org.apache.maven.plugins","artefactId":"maven-site-plugin","version":"3.12.1","pluginClassName":null}],"version":"3.9.12","encoding":"UTF-8","name":"maven","subModules":[],"simpleModuleName":null,"parentModuleName":"com.paritytrading.parity:parity-parent","location":"/home/jbergqvist/diffblue/paritytrading-parity/applications/ticker","fullModuleName":"com.paritytrading.parity:parity-ticker"},{"__type":"DefaultProjectModule","junitReport":["/home/jbergqvist/diffblue/paritytrading-parity/tests/book-perf-test/target/surefire-reports"],"jacocoReport":["/home/jbergqvist/diffblue/paritytrading-parity/tests/book-perf-test/target/site/jacoco/jacoco.xml"],"jacocoDestFile":["/home/jbergqvist/diffblue/paritytrading-parity/tests/book-perf-test/target/jacoco.exec"],"jacocoFormats":["xml"],"jacocoSkipped":false,"classpath":["/home/jbergqvist/diffblue/paritytrading-parity/tests/book-perf-test/target/classes","/home/jbergqvist/.m2/repository/com/paritytrading/parity/parity-book/0.7.1-SNAPSHOT/parity-book-0.7.1-SNAPSHOT.jar","/home/jbergqvist/.m2/repository/it/unimi/dsi/fastutil/8.1.0/fastutil-8.1.0.jar","/home/jbergqvist/.m2/repository/org/openjdk/jmh/jmh-core/1.19/jmh-core-1.19.jar","/home/jbergqvist/.m2/repository/net/sf/jopt-simple/jopt-simple/4.6/jopt-simple-4.6.jar","/home/jbergqvist/.m2/repository/org/apache/commons/commons-math3/3.2/commons-math3-3.2.jar","/home/jbergqvist/.m2/repository/com/diffblue/cover/cover-annotations/1.9.0/cover-annotations-1.9.0.jar","/home/jbergqvist/.m2/repository/org/openjdk/jmh/jmh-generator-annprocess/1.19/jmh-generator-annprocess-1.19.jar","/home/jbergqvist/.m2/repository/org/junit/jupiter/junit-jupiter-engine/5.13.4/junit-jupiter-engine-5.13.4.jar","/home/jbergqvist/.m2/repository/org/junit/platform/junit-platform-engine/1.13.4/junit-platform-engine-1.13.4.jar","/home/jbergqvist/.m2/repository/org/opentest4j/opentest4j/1.3.0/opentest4j-1.3.0.jar","/home/jbergqvist/.m2/repository/org/junit/platform/junit-platform-commons/1.13.4/junit-platform-commons-1.13.4.jar","/home/jbergqvist/.m2/repository/org/junit/jupiter/junit-jupiter-api/5.13.4/junit-jupiter-api-5.13.4.jar","/home/jbergqvist/.m2/repository/org/apiguardian/apiguardian-api/1.1.2/apiguardian-api-1.1.2.jar","/home/jbergqvist/.m2/repository/org/mockito/mockito-core/4.11.0/mockito-core-4.11.0.jar","/home/jbergqvist/.m2/repository/net/bytebuddy/byte-buddy/1.12.19/byte-buddy-1.12.19.jar","/home/jbergqvist/.m2/repository/net/bytebuddy/byte-buddy-agent/1.12.19/byte-buddy-agent-1.12.19.jar","/home/jbergqvist/.m2/repository/org/objenesis/objenesis/3.3/objenesis-3.3.jar","/home/jbergqvist/.m2/repository/org/mockito/mockito-junit-jupiter/4.11.0/mockito-junit-jupiter-4.11.0.jar"],"complianceLevel":"1.8","productionSources":["/home/jbergqvist/diffblue/paritytrading-parity/tests/book-perf-test/src/main/java"],"testSources":["/home/jbergqvist/diffblue/paritytrading-parity/tests/book-perf-test/src/test/java"],"productionClasses":"/home/jbergqvist/diffblue/paritytrading-parity/tests/book-perf-test/target/classes","testClasses":"/home/jbergqvist/diffblue/paritytrading-parity/tests/book-perf-test/target/test-classes","sourceToBuildPathMap":null,"testSourceToBuildPathMap":null,"buildDirectory":"/home/jbergqvist/diffblue/paritytrading-parity/tests/book-perf-test/target","plugins":[{"__type":"DefaultPlugin","groupId":"org.apache.maven.plugins","artefactId":"maven-enforcer-plugin","version":"1.0","pluginClassName":null},{"__type":"DefaultPlugin","groupId":"org.apache.maven.plugins","artefactId":"maven-checkstyle-plugin","version":"3.1.0","pluginClassName":null},{"__type":"DefaultPlugin","groupId":"org.apache.maven.plugins","artefactId":"maven-compiler-plugin","version":"3.8.0","pluginClassName":null},{"__type":"DefaultPlugin","groupId":"org.apache.maven.plugins","artefactId":"maven-javadoc-plugin","version":"3.0.1","pluginClassName":null},{"__type":"DefaultPlugin","groupId":"org.apache.maven.plugins","artefactId":"maven-release-plugin","version":"2.5.3","pluginClassName":null},{"__type":"DefaultPlugin","groupId":"org.apache.maven.plugins","artefactId":"maven-deploy-plugin","version":"2.8.2","pluginClassName":null},{"__type":"DefaultPlugin","groupId":"org.apache.maven.plugins","artefactId":"maven-shade-plugin","version":"3.2.1","pluginClassName":null},{"__type":"DefaultPlugin","groupId":"org.apache.maven.plugins","artefactId":"maven-clean-plugin","version":"3.2.0","pluginClassName":null},{"__type":"DefaultPlugin","groupId":"org.apache.maven.plugins","artefactId":"maven-resources-plugin","version":"3.3.1","pluginClassName":null},{"__type":"DefaultPlugin","groupId":"org.apache.maven.plugins","artefactId":"maven-jar-plugin","version":"3.4.1","pluginClassName":null},{"__type":"DefaultPlugin","groupId":"org.apache.maven.plugins","artefactId":"maven-surefire-plugin","version":"3.0.0-M5","pluginClassName":null},{"__type":"DefaultPlugin","groupId":"org.apache.maven.plugins","artefactId":"maven-install-plugin","version":"3.1.2","pluginClassName":null},{"__type":"DefaultPlugin","groupId":"org.apache.maven.plugins","artefactId":"maven-site-plugin","version":"3.12.1","pluginClassName":null}],"version":"3.9.12","encoding":"UTF-8","name":"maven","subModules":[],"simpleModuleName":null,"parentModuleName":"com.paritytrading.parity:parity-parent","location":"/home/jbergqvist/diffblue/paritytrading-parity/tests/book-perf-test","fullModuleName":"com.paritytrading.parity:parity-book-perf-test"},{"__type":"DefaultProjectModule","junitReport":["/home/jbergqvist/diffblue/paritytrading-parity/tests/match-perf-test/target/surefire-reports"],"jacocoReport":["/home/jbergqvist/diffblue/paritytrading-parity/tests/match-perf-test/target/site/jacoco/jacoco.xml"],"jacocoDestFile":["/home/jbergqvist/diffblue/paritytrading-parity/tests/match-perf-test/target/jacoco.exec"],"jacocoFormats":["xml"],"jacocoSkipped":false,"classpath":["/home/jbergqvist/diffblue/paritytrading-parity/tests/match-perf-test/target/classes","/home/jbergqvist/.m2/repository/com/paritytrading/parity/parity-match/0.7.1-SNAPSHOT/parity-match-0.7.1-SNAPSHOT.jar","/home/jbergqvist/.m2/repository/it/unimi/dsi/fastutil/8.1.0/fastutil-8.1.0.jar","/home/jbergqvist/.m2/repository/org/openjdk/jmh/jmh-core/1.19/jmh-core-1.19.jar","/home/jbergqvist/.m2/repository/net/sf/jopt-simple/jopt-simple/4.6/jopt-simple-4.6.jar","/home/jbergqvist/.m2/repository/org/apache/commons/commons-math3/3.2/commons-math3-3.2.jar","/home/jbergqvist/.m2/repository/com/diffblue/cover/cover-annotations/1.9.0/cover-annotations-1.9.0.jar","/home/jbergqvist/.m2/repository/org/openjdk/jmh/jmh-generator-annprocess/1.19/jmh-generator-annprocess-1.19.jar","/home/jbergqvist/.m2/repository/org/junit/jupiter/junit-jupiter-engine/5.13.4/junit-jupiter-engine-5.13.4.jar","/home/jbergqvist/.m2/repository/org/junit/platform/junit-platform-engine/1.13.4/junit-platform-engine-1.13.4.jar","/home/jbergqvist/.m2/repository/org/opentest4j/opentest4j/1.3.0/opentest4j-1.3.0.jar","/home/jbergqvist/.m2/repository/org/junit/platform/junit-platform-commons/1.13.4/junit-platform-commons-1.13.4.jar","/home/jbergqvist/.m2/repository/org/junit/jupiter/junit-jupiter-api/5.13.4/junit-jupiter-api-5.13.4.jar","/home/jbergqvist/.m2/repository/org/apiguardian/apiguardian-api/1.1.2/apiguardian-api-1.1.2.jar","/home/jbergqvist/.m2/repository/org/mockito/mockito-core/4.11.0/mockito-core-4.11.0.jar","/home/jbergqvist/.m2/repository/net/bytebuddy/byte-buddy/1.12.19/byte-buddy-1.12.19.jar","/home/jbergqvist/.m2/repository/net/bytebuddy/byte-buddy-agent/1.12.19/byte-buddy-agent-1.12.19.jar","/home/jbergqvist/.m2/repository/org/objenesis/objenesis/3.3/objenesis-3.3.jar","/home/jbergqvist/.m2/repository/org/mockito/mockito-junit-jupiter/4.11.0/mockito-junit-jupiter-4.11.0.jar"],"complianceLevel":"1.8","productionSources":["/home/jbergqvist/diffblue/paritytrading-parity/tests/match-perf-test/src/main/java"],"testSources":["/home/jbergqvist/diffblue/paritytrading-parity/tests/match-perf-test/src/test/java"],"productionClasses":"/home/jbergqvist/diffblue/paritytrading-parity/tests/match-perf-test/target/classes","testClasses":"/home/jbergqvist/diffblue/paritytrading-parity/tests/match-perf-test/target/test-classes","sourceToBuildPathMap":null,"testSourceToBuildPathMap":null,"buildDirectory":"/home/jbergqvist/diffblue/paritytrading-parity/tests/match-perf-test/target","plugins":[{"__type":"DefaultPlugin","groupId":"org.apache.maven.plugins","artefactId":"maven-enforcer-plugin","version":"1.0","pluginClassName":null},{"__type":"DefaultPlugin","groupId":"org.apache.maven.plugins","artefactId":"maven-checkstyle-plugin","version":"3.1.0","pluginClassName":null},{"__type":"DefaultPlugin","groupId":"org.apache.maven.plugins","artefactId":"maven-compiler-plugin","version":"3.8.0","pluginClassName":null},{"__type":"DefaultPlugin","groupId":"org.apache.maven.plugins","artefactId":"maven-javadoc-plugin","version":"3.0.1","pluginClassName":null},{"__type":"DefaultPlugin","groupId":"org.apache.maven.plugins","artefactId":"maven-release-plugin","version":"2.5.3","pluginClassName":null},{"__type":"DefaultPlugin","groupId":"org.apache.maven.plugins","artefactId":"maven-deploy-plugin","version":"2.8.2","pluginClassName":null},{"__type":"DefaultPlugin","groupId":"org.apache.maven.plugins","artefactId":"maven-shade-plugin","version":"3.2.1","pluginClassName":null},{"__type":"DefaultPlugin","groupId":"org.apache.maven.plugins","artefactId":"maven-clean-plugin","version":"3.2.0","pluginClassName":null},{"__type":"DefaultPlugin","groupId":"org.apache.maven.plugins","artefactId":"maven-resources-plugin","version":"3.3.1","pluginClassName":null},{"__type":"DefaultPlugin","groupId":"org.apache.maven.plugins","artefactId":"maven-jar-plugin","version":"3.4.1","pluginClassName":null},{"__type":"DefaultPlugin","groupId":"org.apache.maven.plugins","artefactId":"maven-surefire-plugin","version":"3.0.0-M5","pluginClassName":null},{"__type":"DefaultPlugin","groupId":"org.apache.maven.plugins","artefactId":"maven-install-plugin","version":"3.1.2","pluginClassName":null},{"__type":"DefaultPlugin","groupId":"org.apache.maven.plugins","artefactId":"maven-site-plugin","version":"3.12.1","pluginClassName":null}],"version":"3.9.12","encoding":"UTF-8","name":"maven","subModules":[],"simpleModuleName":null,"parentModuleName":"com.paritytrading.parity:parity-parent","location":"/home/jbergqvist/diffblue/paritytrading-parity/tests/match-perf-test","fullModuleName":"com.paritytrading.parity:parity-match-perf-test"}],"simpleModuleName":null,"parentModuleName":"org.sonatype.oss:oss-parent","location":"/home/jbergqvist/diffblue/paritytrading-parity","fullModuleName":"com.paritytrading.parity:parity-parent"}}
10:21:13.123 [INFO]   [Checking]    out: [INFO] ------------------------------------------------------------------------
10:21:13.124 [INFO]   [Checking]    out: [INFO] Reactor Summary for Parity (Parent) 0.7.1-SNAPSHOT:
10:21:13.124 [INFO]   [Checking]    out: [INFO] 
10:21:13.124 [INFO]   [Checking]    out: [INFO] Parity (Parent) .................................... SUCCESS [  0.583 s]
10:21:13.124 [INFO]   [Checking]    out: [INFO] Parity Order Book .................................. SUCCESS [  0.041 s]
10:21:13.124 [INFO]   [Checking]    out: [INFO] Parity File Formats ................................ SUCCESS [  0.011 s]
10:21:13.124 [INFO]   [Checking]    out: [INFO] Parity Matching Algorithm .......................... SUCCESS [  0.012 s]
10:21:13.124 [INFO]   [Checking]    out: [INFO] Parity Network Protocols ........................... SUCCESS [  0.013 s]
10:21:13.124 [INFO]   [Checking]    out: [INFO] Parity Utilities ................................... SUCCESS [  0.007 s]
10:21:13.124 [INFO]   [Checking]    out: [INFO] Parity Terminal Client ............................. SUCCESS [  0.014 s]
10:21:13.124 [INFO]   [Checking]    out: [INFO] Parity FIX Gateway ................................. SUCCESS [  0.010 s]
10:21:13.124 [INFO]   [Checking]    out: [INFO] Parity Trade Reporter .............................. SUCCESS [  0.007 s]
10:21:13.124 [INFO]   [Checking]    out: [INFO] Parity Trading System .............................. SUCCESS [  0.010 s]
10:21:13.124 [INFO]   [Checking]    out: [INFO] Parity Stock Ticker ................................ SUCCESS [  0.009 s]
10:21:13.124 [INFO]   [Checking]    out: [INFO] Parity Order Book Performance Test ................. SUCCESS [  0.012 s]
10:21:13.124 [INFO]   [Checking]    out: [INFO] Parity Matching Algorithm Performance Test ......... SUCCESS [  0.009 s]
10:21:13.124 [INFO]   [Checking]    out: [INFO] ------------------------------------------------------------------------
10:21:13.124 [INFO]   [Checking]    out: [INFO] BUILD SUCCESS
10:21:13.125 [INFO]   [Checking]    out: [INFO] ------------------------------------------------------------------------
10:21:13.125 [INFO]   [Checking]    out: [INFO] Total time:  0.931 s
10:21:13.125 [INFO]   [Checking]    out: [INFO] Finished at: 2026-01-20T10:21:13Z
10:21:13.125 [INFO]   [Checking]    out: [INFO] ------------------------------------------------------------------------
10:21:13.125 [INFO]   [Checking]    deserializing line [DIFFBLUE]{"__type":"com.diffblue.cover.buildsystem.model.ProjectInfoMessage","projectName":"com.paritytrading.parity:parity-parent","productionSources":["/home/jbergqvist/diffblue/paritytrading-parity/src/main/java"],"testSources":["/home/jbergqvist/diffblue/paritytrading-parity/src/test/java"],"location":"/home/jbergqvist/diffblue/paritytrading-parity"}
10:21:13.126 [INFO]   [Checking]    deserializing line [DIFFBLUE]{"__type":"com.diffblue.cover.buildsystem.model.ProjectInfoMessage","projectName":"com.paritytrading.parity:parity-book","productionSources":["/home/jbergqvist/diffblue/paritytrading-parity/libraries/book/src/main/java"],"testSources":["/home/jbergqvist/diffblue/paritytrading-parity/libraries/book/src/test/java"],"location":"/home/jbergqvist/diffblue/paritytrading-parity/libraries/book"}
10:21:13.127 [INFO]   [Checking]    deserializing line [DIFFBLUE]{"__type":"com.diffblue.cover.buildsystem.model.ProjectInfoMessage","projectName":"com.paritytrading.parity:parity-file","productionSources":["/home/jbergqvist/diffblue/paritytrading-parity/libraries/file/src/main/java"],"testSources":["/home/jbergqvist/diffblue/paritytrading-parity/libraries/file/src/test/java"],"location":"/home/jbergqvist/diffblue/paritytrading-parity/libraries/file"}
10:21:13.127 [INFO]   [Checking]    deserializing line [DIFFBLUE]{"__type":"com.diffblue.cover.buildsystem.model.ProjectInfoMessage","projectName":"com.paritytrading.parity:parity-match","productionSources":["/home/jbergqvist/diffblue/paritytrading-parity/libraries/match/src/main/java"],"testSources":["/home/jbergqvist/diffblue/paritytrading-parity/libraries/match/src/test/java"],"location":"/home/jbergqvist/diffblue/paritytrading-parity/libraries/match"}
10:21:13.128 [INFO]   [Checking]    deserializing line [DIFFBLUE]{"__type":"com.diffblue.cover.buildsystem.model.ProjectInfoMessage","projectName":"com.paritytrading.parity:parity-net","productionSources":["/home/jbergqvist/diffblue/paritytrading-parity/libraries/net/src/main/java"],"testSources":["/home/jbergqvist/diffblue/paritytrading-parity/libraries/net/src/test/java"],"location":"/home/jbergqvist/diffblue/paritytrading-parity/libraries/net"}
10:21:13.129 [INFO]   [Checking]    deserializing line [DIFFBLUE]{"__type":"com.diffblue.cover.buildsystem.model.ProjectInfoMessage","projectName":"com.paritytrading.parity:parity-util","productionSources":["/home/jbergqvist/diffblue/paritytrading-parity/libraries/util/src/main/java"],"testSources":["/home/jbergqvist/diffblue/paritytrading-parity/libraries/util/src/test/java"],"location":"/home/jbergqvist/diffblue/paritytrading-parity/libraries/util"}
10:21:13.130 [INFO]   [Checking]    deserializing line [DIFFBLUE]{"__type":"com.diffblue.cover.buildsystem.model.ProjectInfoMessage","projectName":"com.paritytrading.parity:parity-client","productionSources":["/home/jbergqvist/diffblue/paritytrading-parity/applications/client/src/main/java"],"testSources":["/home/jbergqvist/diffblue/paritytrading-parity/applications/client/src/test/java"],"location":"/home/jbergqvist/diffblue/paritytrading-parity/applications/client"}
10:21:13.130 [INFO]   [Checking]    deserializing line [DIFFBLUE]{"__type":"com.diffblue.cover.buildsystem.model.ProjectInfoMessage","projectName":"com.paritytrading.parity:parity-fix","productionSources":["/home/jbergqvist/diffblue/paritytrading-parity/applications/fix/src/main/java"],"testSources":["/home/jbergqvist/diffblue/paritytrading-parity/applications/fix/src/test/java"],"location":"/home/jbergqvist/diffblue/paritytrading-parity/applications/fix"}
10:21:13.131 [INFO]   [Checking]    deserializing line [DIFFBLUE]{"__type":"com.diffblue.cover.buildsystem.model.ProjectInfoMessage","projectName":"com.paritytrading.parity:parity-reporter","productionSources":["/home/jbergqvist/diffblue/paritytrading-parity/applications/reporter/src/main/java"],"testSources":["/home/jbergqvist/diffblue/paritytrading-parity/applications/reporter/src/test/java"],"location":"/home/jbergqvist/diffblue/paritytrading-parity/applications/reporter"}
10:21:13.132 [INFO]   [Checking]    deserializing line [DIFFBLUE]{"__type":"com.diffblue.cover.buildsystem.model.ProjectInfoMessage","projectName":"com.paritytrading.parity:parity-system","productionSources":["/home/jbergqvist/diffblue/paritytrading-parity/applications/system/src/main/java"],"testSources":["/home/jbergqvist/diffblue/paritytrading-parity/applications/system/src/test/java"],"location":"/home/jbergqvist/diffblue/paritytrading-parity/applications/system"}
10:21:13.133 [INFO]   [Checking]    deserializing line [DIFFBLUE]{"__type":"com.diffblue.cover.buildsystem.model.ProjectInfoMessage","projectName":"com.paritytrading.parity:parity-ticker","productionSources":["/home/jbergqvist/diffblue/paritytrading-parity/applications/ticker/src/main/java"],"testSources":["/home/jbergqvist/diffblue/paritytrading-parity/applications/ticker/src/test/java"],"location":"/home/jbergqvist/diffblue/paritytrading-parity/applications/ticker"}
10:21:13.133 [INFO]   [Checking]    deserializing line [DIFFBLUE]{"__type":"com.diffblue.cover.buildsystem.model.ProjectInfoMessage","projectName":"com.paritytrading.parity:parity-book-perf-test","productionSources":["/home/jbergqvist/diffblue/paritytrading-parity/tests/book-perf-test/src/main/java"],"testSources":["/home/jbergqvist/diffblue/paritytrading-parity/tests/book-perf-test/src/test/java"],"location":"/home/jbergqvist/diffblue/paritytrading-parity/tests/book-perf-test"}
10:21:13.134 [INFO]   [Checking]    deserializing line [DIFFBLUE]{"__type":"com.diffblue.cover.buildsystem.model.ProjectInfoMessage","projectName":"com.paritytrading.parity:parity-match-perf-test","productionSources":["/home/jbergqvist/diffblue/paritytrading-parity/tests/match-perf-test/src/main/java"],"testSources":["/home/jbergqvist/diffblue/paritytrading-parity/tests/match-perf-test/src/test/java"],"location":"/home/jbergqvist/diffblue/paritytrading-parity/tests/match-perf-test"}
10:21:13.159 [INFO]   [Checking]    maven:err process not stopped, joining thread
10:21:13.159 [INFO]   [Checking]    maven:out process not stopped, joining thread
10:21:13.160 [INFO]   [Checking]    Deserializing project module message
10:21:13.160 [INFO]   [Checking]    deserializing line [DIFFBLUE]{"__type":"com.diffblue.cover.buildsystem.model.DefaultEventMessage","project":"com.paritytrading.parity:parity-parent","goal":"build-classpath","cause":null,"state":"STARTED"}
10:21:13.162 [INFO]   [Checking]    deserializing line [DIFFBLUE]{"__type":"com.diffblue.cover.buildsystem.model.DefaultEventMessage","project":"com.paritytrading.parity:parity-parent","goal":"build-classpath","cause":null,"state":"SUCCESS"}
10:21:13.163 [INFO]   [Checking]    deserializing line [DIFFBLUE]{"__type":"com.diffblue.cover.buildsystem.model.DefaultEventMessage","project":"com.paritytrading.parity:parity-book","goal":"build-classpath","cause":null,"state":"STARTED"}
10:21:13.164 [INFO]   [Checking]    deserializing line [DIFFBLUE]{"__type":"com.diffblue.cover.buildsystem.model.DefaultEventMessage","project":"com.paritytrading.parity:parity-book","goal":"build-classpath","cause":null,"state":"SUCCESS"}
10:21:13.166 [INFO]   [Checking]    deserializing line [DIFFBLUE]{"__type":"com.diffblue.cover.buildsystem.model.DefaultEventMessage","project":"com.paritytrading.parity:parity-file","goal":"build-classpath","cause":null,"state":"STARTED"}
10:21:13.167 [INFO]   [Checking]    deserializing line [DIFFBLUE]{"__type":"com.diffblue.cover.buildsystem.model.DefaultEventMessage","project":"com.paritytrading.parity:parity-file","goal":"build-classpath","cause":null,"state":"SUCCESS"}
10:21:13.169 [INFO]   [Checking]    deserializing line [DIFFBLUE]{"__type":"com.diffblue.cover.buildsystem.model.DefaultEventMessage","project":"com.paritytrading.parity:parity-match","goal":"build-classpath","cause":null,"state":"STARTED"}
10:21:13.170 [INFO]   [Checking]    deserializing line [DIFFBLUE]{"__type":"com.diffblue.cover.buildsystem.model.DefaultEventMessage","project":"com.paritytrading.parity:parity-match","goal":"build-classpath","cause":null,"state":"SUCCESS"}
10:21:13.172 [INFO]   [Checking]    deserializing line [DIFFBLUE]{"__type":"com.diffblue.cover.buildsystem.model.DefaultEventMessage","project":"com.paritytrading.parity:parity-net","goal":"build-classpath","cause":null,"state":"STARTED"}
10:21:13.173 [INFO]   [Checking]    deserializing line [DIFFBLUE]{"__type":"com.diffblue.cover.buildsystem.model.DefaultEventMessage","project":"com.paritytrading.parity:parity-net","goal":"build-classpath","cause":null,"state":"SUCCESS"}
10:21:13.174 [INFO]   [Checking]    deserializing line [DIFFBLUE]{"__type":"com.diffblue.cover.buildsystem.model.DefaultEventMessage","project":"com.paritytrading.parity:parity-util","goal":"build-classpath","cause":null,"state":"STARTED"}
10:21:13.176 [INFO]   [Checking]    deserializing line [DIFFBLUE]{"__type":"com.diffblue.cover.buildsystem.model.DefaultEventMessage","project":"com.paritytrading.parity:parity-util","goal":"build-classpath","cause":null,"state":"SUCCESS"}
10:21:13.178 [INFO]   [Checking]    deserializing line [DIFFBLUE]{"__type":"com.diffblue.cover.buildsystem.model.DefaultEventMessage","project":"com.paritytrading.parity:parity-client","goal":"build-classpath","cause":null,"state":"STARTED"}
10:21:13.179 [INFO]   [Checking]    deserializing line [DIFFBLUE]{"__type":"com.diffblue.cover.buildsystem.model.DefaultEventMessage","project":"com.paritytrading.parity:parity-client","goal":"build-classpath","cause":null,"state":"SUCCESS"}
10:21:13.181 [INFO]   [Checking]    deserializing line [DIFFBLUE]{"__type":"com.diffblue.cover.buildsystem.model.DefaultEventMessage","project":"com.paritytrading.parity:parity-fix","goal":"build-classpath","cause":null,"state":"STARTED"}
10:21:13.182 [INFO]   [Checking]    deserializing line [DIFFBLUE]{"__type":"com.diffblue.cover.buildsystem.model.DefaultEventMessage","project":"com.paritytrading.parity:parity-fix","goal":"build-classpath","cause":null,"state":"SUCCESS"}
10:21:13.183 [INFO]   [Checking]    deserializing line [DIFFBLUE]{"__type":"com.diffblue.cover.buildsystem.model.DefaultEventMessage","project":"com.paritytrading.parity:parity-reporter","goal":"build-classpath","cause":null,"state":"STARTED"}
10:21:13.185 [INFO]   [Checking]    deserializing line [DIFFBLUE]{"__type":"com.diffblue.cover.buildsystem.model.DefaultEventMessage","project":"com.paritytrading.parity:parity-reporter","goal":"build-classpath","cause":null,"state":"SUCCESS"}
10:21:13.187 [INFO]   [Checking]    deserializing line [DIFFBLUE]{"__type":"com.diffblue.cover.buildsystem.model.DefaultEventMessage","project":"com.paritytrading.parity:parity-system","goal":"build-classpath","cause":null,"state":"STARTED"}
10:21:13.188 [INFO]   [Checking]    deserializing line [DIFFBLUE]{"__type":"com.diffblue.cover.buildsystem.model.DefaultEventMessage","project":"com.paritytrading.parity:parity-system","goal":"build-classpath","cause":null,"state":"SUCCESS"}
10:21:13.189 [INFO]   [Checking]    deserializing line [DIFFBLUE]{"__type":"com.diffblue.cover.buildsystem.model.DefaultEventMessage","project":"com.paritytrading.parity:parity-ticker","goal":"build-classpath","cause":null,"state":"STARTED"}
10:21:13.190 [INFO]   [Checking]    deserializing line [DIFFBLUE]{"__type":"com.diffblue.cover.buildsystem.model.DefaultEventMessage","project":"com.paritytrading.parity:parity-ticker","goal":"build-classpath","cause":null,"state":"SUCCESS"}
10:21:13.191 [INFO]   [Checking]    deserializing line [DIFFBLUE]{"__type":"com.diffblue.cover.buildsystem.model.DefaultEventMessage","project":"com.paritytrading.parity:parity-book-perf-test","goal":"build-classpath","cause":null,"state":"STARTED"}
10:21:13.192 [INFO]   [Checking]    deserializing line [DIFFBLUE]{"__type":"com.diffblue.cover.buildsystem.model.DefaultEventMessage","project":"com.paritytrading.parity:parity-book-perf-test","goal":"build-classpath","cause":null,"state":"SUCCESS"}
10:21:13.193 [INFO]   [Checking]    deserializing line [DIFFBLUE]{"__type":"com.diffblue.cover.buildsystem.model.DefaultEventMessage","project":"com.paritytrading.parity:parity-match-perf-test","goal":"build-classpath","cause":null,"state":"STARTED"}
10:21:13.194 [INFO]   [Checking]    deserializing line [DIFFBLUE]{"__type":"com.diffblue.cover.buildsystem.model.DefaultEventMessage","project":"com.paritytrading.parity:parity-match-perf-test","goal":"build-classpath","cause":null,"state":"SUCCESS"}
10:21:13.195 [INFO]   [Checking]    deserializing line [DIFFBLUE]{"__type":"com.diffblue.cover.buildsystem.model.DefaultProjectModuleMessage","project":{"__type":"DefaultProjectModule","junitReport":["/home/jbergqvist/diffblue/paritytrading-parity/target/surefire-reports"],"jacocoReport":["/home/jbergqvist/diffblue/paritytrading-parity/target/site/jacoco/jacoco.xml"],"jacocoDestFile":["/home/jbergqvist/diffblue/paritytrading-parity/target/jacoco.exec"],"jacocoFormats":["xml"],"jacocoSkipped":false,"classpath":["/home/jbergqvist/diffblue/paritytrading-parity/target/classes"],"complianceLevel":"1.8","productionSources":["/home/jbergqvist/diffblue/paritytrading-parity/src/main/java"],"testSources":["/home/jbergqvist/diffblue/paritytrading-parity/src/test/java"],"productionClasses":"/home/jbergqvist/diffblue/paritytrading-parity/target/classes","testClasses":"/home/jbergqvist/diffblue/paritytrading-parity/target/test-classes","sourceToBuildPathMap":null,"testSourceToBuildPathMap":null,"buildDirectory":"/home/jbergqvist/diffblue/paritytrading-parity/target","plugins":[{"__type":"DefaultPlugin","groupId":"org.apache.maven.plugins","artefactId":"maven-enforcer-plugin","version":"1.0","pluginClassName":null},{"__type":"DefaultPlugin","groupId":"org.apache.maven.plugins","artefactId":"maven-checkstyle-plugin","version":"3.1.0","pluginClassName":null},{"__type":"DefaultPlugin","groupId":"org.apache.maven.plugins","artefactId":"maven-compiler-plugin","version":"3.8.0","pluginClassName":null},{"__type":"DefaultPlugin","groupId":"org.apache.maven.plugins","artefactId":"maven-javadoc-plugin","version":"3.0.1","pluginClassName":null},{"__type":"DefaultPlugin","groupId":"org.apache.maven.plugins","artefactId":"maven-release-plugin","version":"2.5.3","pluginClassName":null},{"__type":"DefaultPlugin","groupId":"org.apache.maven.plugins","artefactId":"maven-clean-plugin","version":"3.2.0","pluginClassName":null},{"__type":"DefaultPlugin","groupId":"org.apache.maven.plugins","artefactId":"maven-install-plugin","version":"3.1.2","pluginClassName":null},{"__type":"DefaultPlugin","groupId":"org.apache.maven.plugins","artefactId":"maven-deploy-plugin","version":"2.8.2","pluginClassName":null},{"__type":"DefaultPlugin","groupId":"org.apache.maven.plugins","artefactId":"maven-site-plugin","version":"3.12.1","pluginClassName":null}],"version":"3.9.12","encoding":"UTF-8","name":"maven","subModules":[{"__type":"DefaultProjectModule","junitReport":["/home/jbergqvist/diffblue/paritytrading-parity/libraries/book/target/surefire-reports"],"jacocoReport":["/home/jbergqvist/diffblue/paritytrading-parity/libraries/book/target/site/jacoco/jacoco.xml"],"jacocoDestFile":["/home/jbergqvist/diffblue/paritytrading-parity/libraries/book/target/jacoco.exec"],"jacocoFormats":["xml"],"jacocoSkipped":false,"classpath":["/home/jbergqvist/diffblue/paritytrading-parity/libraries/book/target/classes","/home/jbergqvist/.m2/repository/it/unimi/dsi/fastutil/8.1.0/fastutil-8.1.0.jar","/home/jbergqvist/.m2/repository/org/apache/commons/commons-lang3/3.12.0/commons-lang3-3.12.0.jar","/home/jbergqvist/.m2/repository/org/junit/jupiter/junit-jupiter/5.7.0/junit-jupiter-5.7.0.jar","/home/jbergqvist/.m2/repository/org/junit/jupiter/junit-jupiter-api/5.7.0/junit-jupiter-api-5.7.0.jar","/home/jbergqvist/.m2/repository/org/apiguardian/apiguardian-api/1.1.0/apiguardian-api-1.1.0.jar","/home/jbergqvist/.m2/repository/org/opentest4j/opentest4j/1.2.0/opentest4j-1.2.0.jar","/home/jbergqvist/.m2/repository/org/junit/platform/junit-platform-commons/1.7.0/junit-platform-commons-1.7.0.jar","/home/jbergqvist/.m2/repository/org/junit/jupiter/junit-jupiter-params/5.7.0/junit-jupiter-params-5.7.0.jar","/home/jbergqvist/.m2/repository/org/junit/jupiter/junit-jupiter-engine/5.7.0/junit-jupiter-engine-5.7.0.jar","/home/jbergqvist/.m2/repository/org/junit/platform/junit-platform-engine/1.7.0/junit-platform-engine-1.7.0.jar","/home/jbergqvist/.m2/repository/com/diffblue/cover/cover-annotations/1.9.0/cover-annotations-1.9.0.jar","/home/jbergqvist/.m2/repository/org/mockito/mockito-core/4.11.0/mockito-core-4.11.0.jar","/home/jbergqvist/.m2/repository/net/bytebuddy/byte-buddy/1.12.19/byte-buddy-1.12.19.jar","/home/jbergqvist/.m2/repository/net/bytebuddy/byte-buddy-agent/1.12.19/byte-buddy-agent-1.12.19.jar","/home/jbergqvist/.m2/repository/org/objenesis/objenesis/3.3/objenesis-3.3.jar","/home/jbergqvist/.m2/repository/org/mockito/mockito-junit-jupiter/4.11.0/mockito-junit-jupiter-4.11.0.jar"],"complianceLevel":"1.8","productionSources":["/home/jbergqvist/diffblue/paritytrading-parity/libraries/book/src/main/java"],"testSources":["/home/jbergqvist/diffblue/paritytrading-parity/libraries/book/src/test/java"],"productionClasses":"/home/jbergqvist/diffblue/paritytrading-parity/libraries/book/target/classes","testClasses":"/home/jbergqvist/diffblue/paritytrading-parity/libraries/book/target/test-classes","sourceToBuildPathMap":null,"testSourceToBuildPathMap":null,"buildDirectory":"/home/jbergqvist/diffblue/paritytrading-parity/libraries/book/target","plugins":[{"__type":"DefaultPlugin","groupId":"org.apache.maven.plugins","artefactId":"maven-enforcer-plugin","version":"1.0","pluginClassName":null},{"__type":"DefaultPlugin","groupId":"org.apache.maven.plugins","artefactId":"maven-checkstyle-plugin","version":"3.1.0","pluginClassName":null},{"__type":"DefaultPlugin","groupId":"org.apache.maven.plugins","artefactId":"maven-compiler-plugin","version":"3.8.0","pluginClassName":null},{"__type":"DefaultPlugin","groupId":"org.apache.maven.plugins","artefactId":"maven-javadoc-plugin","version":"3.0.1","pluginClassName":null},{"__type":"DefaultPlugin","groupId":"org.apache.maven.plugins","artefactId":"maven-release-plugin","version":"2.5.3","pluginClassName":null},{"__type":"DefaultPlugin","groupId":"org.apache.maven.plugins","artefactId":"maven-clean-plugin","version":"3.2.0","pluginClassName":null},{"__type":"DefaultPlugin","groupId":"org.apache.maven.plugins","artefactId":"maven-resources-plugin","version":"3.3.1","pluginClassName":null},{"__type":"DefaultPlugin","groupId":"org.apache.maven.plugins","artefactId":"maven-jar-plugin","version":"3.4.1","pluginClassName":null},{"__type":"DefaultPlugin","groupId":"org.apache.maven.plugins","artefactId":"maven-surefire-plugin","version":"3.0.0-M5","pluginClassName":null},{"__type":"DefaultPlugin","groupId":"org.apache.maven.plugins","artefactId":"maven-install-plugin","version":"3.1.2","pluginClassName":null},{"__type":"DefaultPlugin","groupId":"org.apache.maven.plugins","artefactId":"maven-deploy-plugin","version":"2.8.2","pluginClassName":null},{"__type":"DefaultPlugin","groupId":"org.apache.maven.plugins","artefactId":"maven-site-plugin","version":"3.12.1","pluginClassName":null}],"version":"3.9.12","encoding":"UTF-8","name":"maven","subModules":[],"simpleModuleName":null,"parentModuleName":"com.paritytrading.parity:parity-parent","location":"/home/jbergqvist/diffblue/paritytrading-parity/libraries/book","fullModuleName":"com.paritytrading.parity:parity-book"},{"__type":"DefaultProjectModule","junitReport":["/home/jbergqvist/diffblue/paritytrading-parity/libraries/file/target/surefire-reports"],"jacocoReport":["/home/jbergqvist/diffblue/paritytrading-parity/libraries/file/target/site/jacoco/jacoco.xml"],"jacocoDestFile":["/home/jbergqvist/diffblue/paritytrading-parity/libraries/file/target/jacoco.exec"],"jacocoFormats":["xml"],"jacocoSkipped":false,"classpath":["/home/jbergqvist/diffblue/paritytrading-parity/libraries/file/target/classes","/home/jbergqvist/.m2/repository/org/junit/jupiter/junit-jupiter/5.7.0/junit-jupiter-5.7.0.jar","/home/jbergqvist/.m2/repository/org/junit/jupiter/junit-jupiter-api/5.7.0/junit-jupiter-api-5.7.0.jar","/home/jbergqvist/.m2/repository/org/apiguardian/apiguardian-api/1.1.0/apiguardian-api-1.1.0.jar","/home/jbergqvist/.m2/repository/org/opentest4j/opentest4j/1.2.0/opentest4j-1.2.0.jar","/home/jbergqvist/.m2/repository/org/junit/platform/junit-platform-commons/1.7.0/junit-platform-commons-1.7.0.jar","/home/jbergqvist/.m2/repository/org/junit/jupiter/junit-jupiter-params/5.7.0/junit-jupiter-params-5.7.0.jar","/home/jbergqvist/.m2/repository/org/junit/jupiter/junit-jupiter-engine/5.7.0/junit-jupiter-engine-5.7.0.jar","/home/jbergqvist/.m2/repository/org/junit/platform/junit-platform-engine/1.7.0/junit-platform-engine-1.7.0.jar","/home/jbergqvist/.m2/repository/com/diffblue/cover/cover-annotations/1.9.0/cover-annotations-1.9.0.jar","/home/jbergqvist/.m2/repository/org/mockito/mockito-core/4.11.0/mockito-core-4.11.0.jar","/home/jbergqvist/.m2/repository/net/bytebuddy/byte-buddy/1.12.19/byte-buddy-1.12.19.jar","/home/jbergqvist/.m2/repository/net/bytebuddy/byte-buddy-agent/1.12.19/byte-buddy-agent-1.12.19.jar","/home/jbergqvist/.m2/repository/org/objenesis/objenesis/3.3/objenesis-3.3.jar","/home/jbergqvist/.m2/repository/org/mockito/mockito-junit-jupiter/4.11.0/mockito-junit-jupiter-4.11.0.jar"],"complianceLevel":"1.8","productionSources":["/home/jbergqvist/diffblue/paritytrading-parity/libraries/file/src/main/java"],"testSources":["/home/jbergqvist/diffblue/paritytrading-parity/libraries/file/src/test/java"],"productionClasses":"/home/jbergqvist/diffblue/paritytrading-parity/libraries/file/target/classes","testClasses":"/home/jbergqvist/diffblue/paritytrading-parity/libraries/file/target/test-classes","sourceToBuildPathMap":null,"testSourceToBuildPathMap":null,"buildDirectory":"/home/jbergqvist/diffblue/paritytrading-parity/libraries/file/target","plugins":[{"__type":"DefaultPlugin","groupId":"org.apache.maven.plugins","artefactId":"maven-enforcer-plugin","version":"1.0","pluginClassName":null},{"__type":"DefaultPlugin","groupId":"org.apache.maven.plugins","artefactId":"maven-checkstyle-plugin","version":"3.1.0","pluginClassName":null},{"__type":"DefaultPlugin","groupId":"org.apache.maven.plugins","artefactId":"maven-compiler-plugin","version":"3.8.0","pluginClassName":null},{"__type":"DefaultPlugin","groupId":"org.apache.maven.plugins","artefactId":"maven-javadoc-plugin","version":"3.0.1","pluginClassName":null},{"__type":"DefaultPlugin","groupId":"org.apache.maven.plugins","artefactId":"maven-release-plugin","version":"2.5.3","pluginClassName":null},{"__type":"DefaultPlugin","groupId":"org.apache.maven.plugins","artefactId":"maven-clean-plugin","version":"3.2.0","pluginClassName":null},{"__type":"DefaultPlugin","groupId":"org.apache.maven.plugins","artefactId":"maven-resources-plugin","version":"3.3.1","pluginClassName":null},{"__type":"DefaultPlugin","groupId":"org.apache.maven.plugins","artefactId":"maven-jar-plugin","version":"3.4.1","pluginClassName":null},{"__type":"DefaultPlugin","groupId":"org.apache.maven.plugins","artefactId":"maven-surefire-plugin","version":"3.0.0-M5","pluginClassName":null},{"__type":"DefaultPlugin","groupId":"org.apache.maven.plugins","artefactId":"maven-install-plugin","version":"3.1.2","pluginClassName":null},{"__type":"DefaultPlugin","groupId":"org.apache.maven.plugins","artefactId":"maven-deploy-plugin","version":"2.8.2","pluginClassName":null},{"__type":"DefaultPlugin","groupId":"org.apache.maven.plugins","artefactId":"maven-site-plugin","version":"3.12.1","pluginClassName":null}],"version":"3.9.12","encoding":"UTF-8","name":"maven","subModules":[],"simpleModuleName":null,"parentModuleName":"com.paritytrading.parity:parity-parent","location":"/home/jbergqvist/diffblue/paritytrading-parity/libraries/file","fullModuleName":"com.paritytrading.parity:parity-file"},{"__type":"DefaultProjectModule","junitReport":["/home/jbergqvist/diffblue/paritytrading-parity/libraries/match/target/surefire-reports"],"jacocoReport":["/home/jbergqvist/diffblue/paritytrading-parity/libraries/match/target/site/jacoco/jacoco.xml"],"jacocoDestFile":["/home/jbergqvist/diffblue/paritytrading-parity/libraries/match/target/jacoco.exec"],"jacocoFormats":["xml"],"jacocoSkipped":false,"classpath":["/home/jbergqvist/diffblue/paritytrading-parity/libraries/match/target/classes","/home/jbergqvist/.m2/repository/it/unimi/dsi/fastutil/8.1.0/fastutil-8.1.0.jar","/home/jbergqvist/.m2/repository/org/apache/commons/commons-lang3/3.12.0/commons-lang3-3.12.0.jar","/home/jbergqvist/.m2/repository/org/junit/jupiter/junit-jupiter/5.7.0/junit-jupiter-5.7.0.jar","/home/jbergqvist/.m2/repository/org/junit/jupiter/junit-jupiter-api/5.7.0/junit-jupiter-api-5.7.0.jar","/home/jbergqvist/.m2/repository/org/apiguardian/apiguardian-api/1.1.0/apiguardian-api-1.1.0.jar","/home/jbergqvist/.m2/repository/org/opentest4j/opentest4j/1.2.0/opentest4j-1.2.0.jar","/home/jbergqvist/.m2/repository/org/junit/platform/junit-platform-commons/1.7.0/junit-platform-commons-1.7.0.jar","/home/jbergqvist/.m2/repository/org/junit/jupiter/junit-jupiter-params/5.7.0/junit-jupiter-params-5.7.0.jar","/home/jbergqvist/.m2/repository/org/junit/jupiter/junit-jupiter-engine/5.7.0/junit-jupiter-engine-5.7.0.jar","/home/jbergqvist/.m2/repository/org/junit/platform/junit-platform-engine/1.7.0/junit-platform-engine-1.7.0.jar","/home/jbergqvist/.m2/repository/com/diffblue/cover/cover-annotations/1.9.0/cover-annotations-1.9.0.jar","/home/jbergqvist/.m2/repository/org/mockito/mockito-core/4.11.0/mockito-core-4.11.0.jar","/home/jbergqvist/.m2/repository/net/bytebuddy/byte-buddy/1.12.19/byte-buddy-1.12.19.jar","/home/jbergqvist/.m2/repository/net/bytebuddy/byte-buddy-agent/1.12.19/byte-buddy-agent-1.12.19.jar","/home/jbergqvist/.m2/repository/org/objenesis/objenesis/3.3/objenesis-3.3.jar","/home/jbergqvist/.m2/repository/org/mockito/mockito-junit-jupiter/4.11.0/mockito-junit-jupiter-4.11.0.jar"],"complianceLevel":"1.8","productionSources":["/home/jbergqvist/diffblue/paritytrading-parity/libraries/match/src/main/java"],"testSources":["/home/jbergqvist/diffblue/paritytrading-parity/libraries/match/src/test/java"],"productionClasses":"/home/jbergqvist/diffblue/paritytrading-parity/libraries/match/target/classes","testClasses":"/home/jbergqvist/diffblue/paritytrading-parity/libraries/match/target/test-classes","sourceToBuildPathMap":null,"testSourceToBuildPathMap":null,"buildDirectory":"/home/jbergqvist/diffblue/paritytrading-parity/libraries/match/target","plugins":[{"__type":"DefaultPlugin","groupId":"org.apache.maven.plugins","artefactId":"maven-enforcer-plugin","version":"1.0","pluginClassName":null},{"__type":"DefaultPlugin","groupId":"org.apache.maven.plugins","artefactId":"maven-checkstyle-plugin","version":"3.1.0","pluginClassName":null},{"__type":"DefaultPlugin","groupId":"org.apache.maven.plugins","artefactId":"maven-compiler-plugin","version":"3.8.0","pluginClassName":null},{"__type":"DefaultPlugin","groupId":"org.apache.maven.plugins","artefactId":"maven-javadoc-plugin","version":"3.0.1","pluginClassName":null},{"__type":"DefaultPlugin","groupId":"org.apache.maven.plugins","artefactId":"maven-release-plugin","version":"2.5.3","pluginClassName":null},{"__type":"DefaultPlugin","groupId":"org.apache.maven.plugins","artefactId":"maven-clean-plugin","version":"3.2.0","pluginClassName":null},{"__type":"DefaultPlugin","groupId":"org.apache.maven.plugins","artefactId":"maven-resources-plugin","version":"3.3.1","pluginClassName":null},{"__type":"DefaultPlugin","groupId":"org.apache.maven.plugins","artefactId":"maven-jar-plugin","version":"3.4.1","pluginClassName":null},{"__type":"DefaultPlugin","groupId":"org.apache.maven.plugins","artefactId":"maven-surefire-plugin","version":"3.0.0-M5","pluginClassName":null},{"__type":"DefaultPlugin","groupId":"org.apache.maven.plugins","artefactId":"maven-install-plugin","version":"3.1.2","pluginClassName":null},{"__type":"DefaultPlugin","groupId":"org.apache.maven.plugins","artefactId":"maven-deploy-plugin","version":"2.8.2","pluginClassName":null},{"__type":"DefaultPlugin","groupId":"org.apache.maven.plugins","artefactId":"maven-site-plugin","version":"3.12.1","pluginClassName":null}],"version":"3.9.12","encoding":"UTF-8","name":"maven","subModules":[],"simpleModuleName":null,"parentModuleName":"com.paritytrading.parity:parity-parent","location":"/home/jbergqvist/diffblue/paritytrading-parity/libraries/match","fullModuleName":"com.paritytrading.parity:parity-match"},{"__type":"DefaultProjectModule","junitReport":["/home/jbergqvist/diffblue/paritytrading-parity/libraries/net/target/surefire-reports"],"jacocoReport":["/home/jbergqvist/diffblue/paritytrading-parity/libraries/net/target/site/jacoco/jacoco.xml"],"jacocoDestFile":["/home/jbergqvist/diffblue/paritytrading-parity/libraries/net/target/jacoco.exec"],"jacocoFormats":["xml"],"jacocoSkipped":false,"classpath":["/home/jbergqvist/diffblue/paritytrading-parity/libraries/net/target/classes","/home/jbergqvist/.m2/repository/com/paritytrading/nassau/nassau-core/0.13.0/nassau-core-0.13.0.jar","/home/jbergqvist/.m2/repository/com/paritytrading/foundation/foundation/0.3.0/foundation-0.3.0.jar","/home/jbergqvist/.m2/repository/com/diffblue/cover/cover-annotations/1.9.0/cover-annotations-1.9.0.jar","/home/jbergqvist/.m2/repository/org/junit/jupiter/junit-jupiter-engine/5.13.4/junit-jupiter-engine-5.13.4.jar","/home/jbergqvist/.m2/repository/org/junit/platform/junit-platform-engine/1.13.4/junit-platform-engine-1.13.4.jar","/home/jbergqvist/.m2/repository/org/opentest4j/opentest4j/1.3.0/opentest4j-1.3.0.jar","/home/jbergqvist/.m2/repository/org/junit/platform/junit-platform-commons/1.13.4/junit-platform-commons-1.13.4.jar","/home/jbergqvist/.m2/repository/org/junit/jupiter/junit-jupiter-api/5.13.4/junit-jupiter-api-5.13.4.jar","/home/jbergqvist/.m2/repository/org/apiguardian/apiguardian-api/1.1.2/apiguardian-api-1.1.2.jar","/home/jbergqvist/.m2/repository/org/mockito/mockito-core/4.11.0/mockito-core-4.11.0.jar","/home/jbergqvist/.m2/repository/net/bytebuddy/byte-buddy/1.12.19/byte-buddy-1.12.19.jar","/home/jbergqvist/.m2/repository/net/bytebuddy/byte-buddy-agent/1.12.19/byte-buddy-agent-1.12.19.jar","/home/jbergqvist/.m2/repository/org/objenesis/objenesis/3.3/objenesis-3.3.jar","/home/jbergqvist/.m2/repository/org/mockito/mockito-junit-jupiter/4.11.0/mockito-junit-jupiter-4.11.0.jar"],"complianceLevel":"1.8","productionSources":["/home/jbergqvist/diffblue/paritytrading-parity/libraries/net/src/main/java"],"testSources":["/home/jbergqvist/diffblue/paritytrading-parity/libraries/net/src/test/java"],"productionClasses":"/home/jbergqvist/diffblue/paritytrading-parity/libraries/net/target/classes","testClasses":"/home/jbergqvist/diffblue/paritytrading-parity/libraries/net/target/test-classes","sourceToBuildPathMap":null,"testSourceToBuildPathMap":null,"buildDirectory":"/home/jbergqvist/diffblue/paritytrading-parity/libraries/net/target","plugins":[{"__type":"DefaultPlugin","groupId":"org.apache.maven.plugins","artefactId":"maven-enforcer-plugin","version":"1.0","pluginClassName":null},{"__type":"DefaultPlugin","groupId":"org.apache.maven.plugins","artefactId":"maven-checkstyle-plugin","version":"3.1.0","pluginClassName":null},{"__type":"DefaultPlugin","groupId":"org.apache.maven.plugins","artefactId":"maven-compiler-plugin","version":"3.8.0","pluginClassName":null},{"__type":"DefaultPlugin","groupId":"org.apache.maven.plugins","artefactId":"maven-javadoc-plugin","version":"3.0.1","pluginClassName":null},{"__type":"DefaultPlugin","groupId":"org.apache.maven.plugins","artefactId":"maven-release-plugin","version":"2.5.3","pluginClassName":null},{"__type":"DefaultPlugin","groupId":"org.apache.maven.plugins","artefactId":"maven-clean-plugin","version":"3.2.0","pluginClassName":null},{"__type":"DefaultPlugin","groupId":"org.apache.maven.plugins","artefactId":"maven-resources-plugin","version":"3.3.1","pluginClassName":null},{"__type":"DefaultPlugin","groupId":"org.apache.maven.plugins","artefactId":"maven-jar-plugin","version":"3.4.1","pluginClassName":null},{"__type":"DefaultPlugin","groupId":"org.apache.maven.plugins","artefactId":"maven-surefire-plugin","version":"3.0.0-M5","pluginClassName":null},{"__type":"DefaultPlugin","groupId":"org.apache.maven.plugins","artefactId":"maven-install-plugin","version":"3.1.2","pluginClassName":null},{"__type":"DefaultPlugin","groupId":"org.apache.maven.plugins","artefactId":"maven-deploy-plugin","version":"2.8.2","pluginClassName":null},{"__type":"DefaultPlugin","groupId":"org.apache.maven.plugins","artefactId":"maven-site-plugin","version":"3.12.1","pluginClassName":null}],"version":"3.9.12","encoding":"UTF-8","name":"maven","subModules":[],"simpleModuleName":null,"parentModuleName":"com.paritytrading.parity:parity-parent","location":"/home/jbergqvist/diffblue/paritytrading-parity/libraries/net","fullModuleName":"com.paritytrading.parity:parity-net"},{"__type":"DefaultProjectModule","junitReport":["/home/jbergqvist/diffblue/paritytrading-parity/libraries/util/target/surefire-reports"],"jacocoReport":["/home/jbergqvist/diffblue/paritytrading-parity/libraries/util/target/site/jacoco/jacoco.xml"],"jacocoDestFile":["/home/jbergqvist/diffblue/paritytrading-parity/libraries/util/target/jacoco.exec"],"jacocoFormats":["xml"],"jacocoSkipped":false,"classpath":["/home/jbergqvist/diffblue/paritytrading-parity/libraries/util/target/classes","/home/jbergqvist/.m2/repository/com/paritytrading/foundation/foundation/0.3.0/foundation-0.3.0.jar","/home/jbergqvist/.m2/repository/com/typesafe/config/1.3.1/config-1.3.1.jar","/home/jbergqvist/.m2/repository/org/junit/jupiter/junit-jupiter/5.7.0/junit-jupiter-5.7.0.jar","/home/jbergqvist/.m2/repository/org/junit/jupiter/junit-jupiter-api/5.7.0/junit-jupiter-api-5.7.0.jar","/home/jbergqvist/.m2/repository/org/apiguardian/apiguardian-api/1.1.0/apiguardian-api-1.1.0.jar","/home/jbergqvist/.m2/repository/org/opentest4j/opentest4j/1.2.0/opentest4j-1.2.0.jar","/home/jbergqvist/.m2/repository/org/junit/platform/junit-platform-commons/1.7.0/junit-platform-commons-1.7.0.jar","/home/jbergqvist/.m2/repository/org/junit/jupiter/junit-jupiter-params/5.7.0/junit-jupiter-params-5.7.0.jar","/home/jbergqvist/.m2/repository/org/junit/jupiter/junit-jupiter-engine/5.7.0/junit-jupiter-engine-5.7.0.jar","/home/jbergqvist/.m2/repository/org/junit/platform/junit-platform-engine/1.7.0/junit-platform-engine-1.7.0.jar","/home/jbergqvist/.m2/repository/com/diffblue/cover/cover-annotations/1.9.0/cover-annotations-1.9.0.jar","/home/jbergqvist/.m2/repository/org/mockito/mockito-core/4.11.0/mockito-core-4.11.0.jar","/home/jbergqvist/.m2/repository/net/bytebuddy/byte-buddy/1.12.19/byte-buddy-1.12.19.jar","/home/jbergqvist/.m2/repository/net/bytebuddy/byte-buddy-agent/1.12.19/byte-buddy-agent-1.12.19.jar","/home/jbergqvist/.m2/repository/org/objenesis/objenesis/3.3/objenesis-3.3.jar","/home/jbergqvist/.m2/repository/org/mockito/mockito-junit-jupiter/4.11.0/mockito-junit-jupiter-4.11.0.jar"],"complianceLevel":"1.8","productionSources":["/home/jbergqvist/diffblue/paritytrading-parity/libraries/util/src/main/java"],"testSources":["/home/jbergqvist/diffblue/paritytrading-parity/libraries/util/src/test/java"],"productionClasses":"/home/jbergqvist/diffblue/paritytrading-parity/libraries/util/target/classes","testClasses":"/home/jbergqvist/diffblue/paritytrading-parity/libraries/util/target/test-classes","sourceToBuildPathMap":null,"testSourceToBuildPathMap":null,"buildDirectory":"/home/jbergqvist/diffblue/paritytrading-parity/libraries/util/target","plugins":[{"__type":"DefaultPlugin","groupId":"org.apache.maven.plugins","artefactId":"maven-enforcer-plugin","version":"1.0","pluginClassName":null},{"__type":"DefaultPlugin","groupId":"org.apache.maven.plugins","artefactId":"maven-checkstyle-plugin","version":"3.1.0","pluginClassName":null},{"__type":"DefaultPlugin","groupId":"org.apache.maven.plugins","artefactId":"maven-compiler-plugin","version":"3.8.0","pluginClassName":null},{"__type":"DefaultPlugin","groupId":"org.apache.maven.plugins","artefactId":"maven-javadoc-plugin","version":"3.0.1","pluginClassName":null},{"__type":"DefaultPlugin","groupId":"org.apache.maven.plugins","artefactId":"maven-release-plugin","version":"2.5.3","pluginClassName":null},{"__type":"DefaultPlugin","groupId":"org.apache.maven.plugins","artefactId":"maven-clean-plugin","version":"3.2.0","pluginClassName":null},{"__type":"DefaultPlugin","groupId":"org.apache.maven.plugins","artefactId":"maven-resources-plugin","version":"3.3.1","pluginClassName":null},{"__type":"DefaultPlugin","groupId":"org.apache.maven.plugins","artefactId":"maven-jar-plugin","version":"3.4.1","pluginClassName":null},{"__type":"DefaultPlugin","groupId":"org.apache.maven.plugins","artefactId":"maven-surefire-plugin","version":"3.0.0-M5","pluginClassName":null},{"__type":"DefaultPlugin","groupId":"org.apache.maven.plugins","artefactId":"maven-install-plugin","version":"3.1.2","pluginClassName":null},{"__type":"DefaultPlugin","groupId":"org.apache.maven.plugins","artefactId":"maven-deploy-plugin","version":"2.8.2","pluginClassName":null},{"__type":"DefaultPlugin","groupId":"org.apache.maven.plugins","artefactId":"maven-site-plugin","version":"3.12.1","pluginClassName":null}],"version":"3.9.12","encoding":"UTF-8","name":"maven","subModules":[],"simpleModuleName":null,"parentModuleName":"com.paritytrading.parity:parity-parent","location":"/home/jbergqvist/diffblue/paritytrading-parity/libraries/util","fullModuleName":"com.paritytrading.parity:parity-util"},{"__type":"DefaultProjectModule","junitReport":["/home/jbergqvist/diffblue/paritytrading-parity/applications/client/target/surefire-reports"],"jacocoReport":["/home/jbergqvist/diffblue/paritytrading-parity/applications/client/target/site/jacoco/jacoco.xml"],"jacocoDestFile":["/home/jbergqvist/diffblue/paritytrading-parity/applications/client/target/jacoco.exec"],"jacocoFormats":["xml"],"jacocoSkipped":false,"classpath":["/home/jbergqvist/diffblue/paritytrading-parity/applications/client/target/classes","/home/jbergqvist/.m2/repository/com/paritytrading/parity/parity-net/0.7.1-SNAPSHOT/parity-net-0.7.1-SNAPSHOT.jar","/home/jbergqvist/.m2/repository/com/paritytrading/parity/parity-util/0.7.1-SNAPSHOT/parity-util-0.7.1-SNAPSHOT.jar","/home/jbergqvist/.m2/repository/com/paritytrading/foundation/foundation/0.3.0/foundation-0.3.0.jar","/home/jbergqvist/.m2/repository/com/paritytrading/nassau/nassau-core/0.13.0/nassau-core-0.13.0.jar","/home/jbergqvist/.m2/repository/com/typesafe/config/1.3.1/config-1.3.1.jar","/home/jbergqvist/.m2/repository/org/jline/jline-reader/3.8.0/jline-reader-3.8.0.jar","/home/jbergqvist/.m2/repository/org/jline/jline-terminal/3.8.0/jline-terminal-3.8.0.jar","/home/jbergqvist/.m2/repository/org/jvirtanen/config/config-extras/0.2.0/config-extras-0.2.0.jar","/home/jbergqvist/.m2/repository/org/jvirtanen/util/util-extras/0.2.0/util-extras-0.2.0.jar","/home/jbergqvist/.m2/repository/com/diffblue/cover/cover-annotations/1.9.0/cover-annotations-1.9.0.jar","/home/jbergqvist/.m2/repository/org/junit/jupiter/junit-jupiter-engine/5.13.4/junit-jupiter-engine-5.13.4.jar","/home/jbergqvist/.m2/repository/org/junit/platform/junit-platform-engine/1.13.4/junit-platform-engine-1.13.4.jar","/home/jbergqvist/.m2/repository/org/opentest4j/opentest4j/1.3.0/opentest4j-1.3.0.jar","/home/jbergqvist/.m2/repository/org/junit/platform/junit-platform-commons/1.13.4/junit-platform-commons-1.13.4.jar","/home/jbergqvist/.m2/repository/org/junit/jupiter/junit-jupiter-api/5.13.4/junit-jupiter-api-5.13.4.jar","/home/jbergqvist/.m2/repository/org/apiguardian/apiguardian-api/1.1.2/apiguardian-api-1.1.2.jar","/home/jbergqvist/.m2/repository/org/mockito/mockito-core/4.11.0/mockito-core-4.11.0.jar","/home/jbergqvist/.m2/repository/net/bytebuddy/byte-buddy/1.12.19/byte-buddy-1.12.19.jar","/home/jbergqvist/.m2/repository/net/bytebuddy/byte-buddy-agent/1.12.19/byte-buddy-agent-1.12.19.jar","/home/jbergqvist/.m2/repository/org/objenesis/objenesis/3.3/objenesis-3.3.jar","/home/jbergqvist/.m2/repository/org/mockito/mockito-junit-jupiter/4.11.0/mockito-junit-jupiter-4.11.0.jar"],"complianceLevel":"1.8","productionSources":["/home/jbergqvist/diffblue/paritytrading-parity/applications/client/src/main/java"],"testSources":["/home/jbergqvist/diffblue/paritytrading-parity/applications/client/src/test/java"],"productionClasses":"/home/jbergqvist/diffblue/paritytrading-parity/applications/client/target/classes","testClasses":"/home/jbergqvist/diffblue/paritytrading-parity/applications/client/target/test-classes","sourceToBuildPathMap":null,"testSourceToBuildPathMap":null,"buildDirectory":"/home/jbergqvist/diffblue/paritytrading-parity/applications/client/target","plugins":[{"__type":"DefaultPlugin","groupId":"org.apache.maven.plugins","artefactId":"maven-enforcer-plugin","version":"1.0","pluginClassName":null},{"__type":"DefaultPlugin","groupId":"org.apache.maven.plugins","artefactId":"maven-checkstyle-plugin","version":"3.1.0","pluginClassName":null},{"__type":"DefaultPlugin","groupId":"org.apache.maven.plugins","artefactId":"maven-compiler-plugin","version":"3.8.0","pluginClassName":null},{"__type":"DefaultPlugin","groupId":"org.apache.maven.plugins","artefactId":"maven-javadoc-plugin","version":"3.0.1","pluginClassName":null},{"__type":"DefaultPlugin","groupId":"org.apache.maven.plugins","artefactId":"maven-release-plugin","version":"2.5.3","pluginClassName":null},{"__type":"DefaultPlugin","groupId":"org.apache.maven.plugins","artefactId":"maven-deploy-plugin","version":"2.8.2","pluginClassName":null},{"__type":"DefaultPlugin","groupId":"org.apache.maven.plugins","artefactId":"maven-shade-plugin","version":"3.2.1","pluginClassName":null},{"__type":"DefaultPlugin","groupId":"org.apache.maven.plugins","artefactId":"maven-clean-plugin","version":"3.2.0","pluginClassName":null},{"__type":"DefaultPlugin","groupId":"org.apache.maven.plugins","artefactId":"maven-resources-plugin","version":"3.3.1","pluginClassName":null},{"__type":"DefaultPlugin","groupId":"org.apache.maven.plugins","artefactId":"maven-jar-plugin","version":"3.4.1","pluginClassName":null},{"__type":"DefaultPlugin","groupId":"org.apache.maven.plugins","artefactId":"maven-surefire-plugin","version":"3.0.0-M5","pluginClassName":null},{"__type":"DefaultPlugin","groupId":"org.apache.maven.plugins","artefactId":"maven-install-plugin","version":"3.1.2","pluginClassName":null},{"__type":"DefaultPlugin","groupId":"org.apache.maven.plugins","artefactId":"maven-site-plugin","version":"3.12.1","pluginClassName":null}],"version":"3.9.12","encoding":"UTF-8","name":"maven","subModules":[],"simpleModuleName":null,"parentModuleName":"com.paritytrading.parity:parity-parent","location":"/home/jbergqvist/diffblue/paritytrading-parity/applications/client","fullModuleName":"com.paritytrading.parity:parity-client"},{"__type":"DefaultProjectModule","junitReport":["/home/jbergqvist/diffblue/paritytrading-parity/applications/fix/target/surefire-reports"],"jacocoReport":["/home/jbergqvist/diffblue/paritytrading-parity/applications/fix/target/site/jacoco/jacoco.xml"],"jacocoDestFile":["/home/jbergqvist/diffblue/paritytrading-parity/applications/fix/target/jacoco.exec"],"jacocoFormats":["xml"],"jacocoSkipped":false,"classpath":["/home/jbergqvist/diffblue/paritytrading-parity/applications/fix/target/classes","/home/jbergqvist/.m2/repository/com/paritytrading/parity/parity-net/0.7.1-SNAPSHOT/parity-net-0.7.1-SNAPSHOT.jar","/home/jbergqvist/.m2/repository/com/paritytrading/parity/parity-util/0.7.1-SNAPSHOT/parity-util-0.7.1-SNAPSHOT.jar","/home/jbergqvist/.m2/repository/com/paritytrading/foundation/foundation/0.3.0/foundation-0.3.0.jar","/home/jbergqvist/.m2/repository/com/paritytrading/nassau/nassau-core/0.13.0/nassau-core-0.13.0.jar","/home/jbergqvist/.m2/repository/com/paritytrading/philadelphia/philadelphia-core/1.2.0/philadelphia-core-1.2.0.jar","/home/jbergqvist/.m2/repository/com/paritytrading/philadelphia/philadelphia-fix44/1.2.0/philadelphia-fix44-1.2.0.jar","/home/jbergqvist/.m2/repository/com/typesafe/config/1.3.1/config-1.3.1.jar","/home/jbergqvist/.m2/repository/joda-time/joda-time/2.10.6/joda-time-2.10.6.jar","/home/jbergqvist/.m2/repository/org/jvirtanen/config/config-extras/0.2.0/config-extras-0.2.0.jar","/home/jbergqvist/.m2/repository/org/jvirtanen/util/util-extras/0.2.0/util-extras-0.2.0.jar","/home/jbergqvist/.m2/repository/com/diffblue/cover/cover-annotations/1.9.0/cover-annotations-1.9.0.jar","/home/jbergqvist/.m2/repository/org/junit/jupiter/junit-jupiter-engine/5.13.4/junit-jupiter-engine-5.13.4.jar","/home/jbergqvist/.m2/repository/org/junit/platform/junit-platform-engine/1.13.4/junit-platform-engine-1.13.4.jar","/home/jbergqvist/.m2/repository/org/opentest4j/opentest4j/1.3.0/opentest4j-1.3.0.jar","/home/jbergqvist/.m2/repository/org/junit/platform/junit-platform-commons/1.13.4/junit-platform-commons-1.13.4.jar","/home/jbergqvist/.m2/repository/org/junit/jupiter/junit-jupiter-api/5.13.4/junit-jupiter-api-5.13.4.jar","/home/jbergqvist/.m2/repository/org/apiguardian/apiguardian-api/1.1.2/apiguardian-api-1.1.2.jar","/home/jbergqvist/.m2/repository/org/mockito/mockito-core/4.11.0/mockito-core-4.11.0.jar","/home/jbergqvist/.m2/repository/net/bytebuddy/byte-buddy/1.12.19/byte-buddy-1.12.19.jar","/home/jbergqvist/.m2/repository/net/bytebuddy/byte-buddy-agent/1.12.19/byte-buddy-agent-1.12.19.jar","/home/jbergqvist/.m2/repository/org/objenesis/objenesis/3.3/objenesis-3.3.jar","/home/jbergqvist/.m2/repository/org/mockito/mockito-junit-jupiter/4.11.0/mockito-junit-jupiter-4.11.0.jar"],"complianceLevel":"1.8","productionSources":["/home/jbergqvist/diffblue/paritytrading-parity/applications/fix/src/main/java"],"testSources":["/home/jbergqvist/diffblue/paritytrading-parity/applications/fix/src/test/java"],"productionClasses":"/home/jbergqvist/diffblue/paritytrading-parity/applications/fix/target/classes","testClasses":"/home/jbergqvist/diffblue/paritytrading-parity/applications/fix/target/test-classes","sourceToBuildPathMap":null,"testSourceToBuildPathMap":null,"buildDirectory":"/home/jbergqvist/diffblue/paritytrading-parity/applications/fix/target","plugins":[{"__type":"DefaultPlugin","groupId":"org.apache.maven.plugins","artefactId":"maven-enforcer-plugin","version":"1.0","pluginClassName":null},{"__type":"DefaultPlugin","groupId":"org.apache.maven.plugins","artefactId":"maven-checkstyle-plugin","version":"3.1.0","pluginClassName":null},{"__type":"DefaultPlugin","groupId":"org.apache.maven.plugins","artefactId":"maven-compiler-plugin","version":"3.8.0","pluginClassName":null},{"__type":"DefaultPlugin","groupId":"org.apache.maven.plugins","artefactId":"maven-javadoc-plugin","version":"3.0.1","pluginClassName":null},{"__type":"DefaultPlugin","groupId":"org.apache.maven.plugins","artefactId":"maven-release-plugin","version":"2.5.3","pluginClassName":null},{"__type":"DefaultPlugin","groupId":"org.apache.maven.plugins","artefactId":"maven-deploy-plugin","version":"2.8.2","pluginClassName":null},{"__type":"DefaultPlugin","groupId":"org.apache.maven.plugins","artefactId":"maven-shade-plugin","version":"3.2.1","pluginClassName":null},{"__type":"DefaultPlugin","groupId":"org.apache.maven.plugins","artefactId":"maven-clean-plugin","version":"3.2.0","pluginClassName":null},{"__type":"DefaultPlugin","groupId":"org.apache.maven.plugins","artefactId":"maven-resources-plugin","version":"3.3.1","pluginClassName":null},{"__type":"DefaultPlugin","groupId":"org.apache.maven.plugins","artefactId":"maven-jar-plugin","version":"3.4.1","pluginClassName":null},{"__type":"DefaultPlugin","groupId":"org.apache.maven.plugins","artefactId":"maven-surefire-plugin","version":"3.0.0-M5","pluginClassName":null},{"__type":"DefaultPlugin","groupId":"org.apache.maven.plugins","artefactId":"maven-install-plugin","version":"3.1.2","pluginClassName":null},{"__type":"DefaultPlugin","groupId":"org.apache.maven.plugins","artefactId":"maven-site-plugin","version":"3.12.1","pluginClassName":null}],"version":"3.9.12","encoding":"UTF-8","name":"maven","subModules":[],"simpleModuleName":null,"parentModuleName":"com.paritytrading.parity:parity-parent","location":"/home/jbergqvist/diffblue/paritytrading-parity/applications/fix","fullModuleName":"com.paritytrading.parity:parity-fix"},{"__type":"DefaultProjectModule","junitReport":["/home/jbergqvist/diffblue/paritytrading-parity/applications/reporter/target/surefire-reports"],"jacocoReport":["/home/jbergqvist/diffblue/paritytrading-parity/applications/reporter/target/site/jacoco/jacoco.xml"],"jacocoDestFile":["/home/jbergqvist/diffblue/paritytrading-parity/applications/reporter/target/jacoco.exec"],"jacocoFormats":["xml"],"jacocoSkipped":false,"classpath":["/home/jbergqvist/diffblue/paritytrading-parity/applications/reporter/target/classes","/home/jbergqvist/.m2/repository/com/paritytrading/parity/parity-net/0.7.1-SNAPSHOT/parity-net-0.7.1-SNAPSHOT.jar","/home/jbergqvist/.m2/repository/com/paritytrading/parity/parity-util/0.7.1-SNAPSHOT/parity-util-0.7.1-SNAPSHOT.jar","/home/jbergqvist/.m2/repository/com/paritytrading/foundation/foundation/0.3.0/foundation-0.3.0.jar","/home/jbergqvist/.m2/repository/com/paritytrading/nassau/nassau-core/0.13.0/nassau-core-0.13.0.jar","/home/jbergqvist/.m2/repository/com/paritytrading/nassau/nassau-util/0.13.0/nassau-util-0.13.0.jar","/home/jbergqvist/.m2/repository/com/typesafe/config/1.3.1/config-1.3.1.jar","/home/jbergqvist/.m2/repository/org/jvirtanen/config/config-extras/0.2.0/config-extras-0.2.0.jar","/home/jbergqvist/.m2/repository/org/jvirtanen/util/util-extras/0.2.0/util-extras-0.2.0.jar","/home/jbergqvist/.m2/repository/com/diffblue/cover/cover-annotations/1.9.0/cover-annotations-1.9.0.jar","/home/jbergqvist/.m2/repository/org/junit/jupiter/junit-jupiter-engine/5.13.4/junit-jupiter-engine-5.13.4.jar","/home/jbergqvist/.m2/repository/org/junit/platform/junit-platform-engine/1.13.4/junit-platform-engine-1.13.4.jar","/home/jbergqvist/.m2/repository/org/opentest4j/opentest4j/1.3.0/opentest4j-1.3.0.jar","/home/jbergqvist/.m2/repository/org/junit/platform/junit-platform-commons/1.13.4/junit-platform-commons-1.13.4.jar","/home/jbergqvist/.m2/repository/org/junit/jupiter/junit-jupiter-api/5.13.4/junit-jupiter-api-5.13.4.jar","/home/jbergqvist/.m2/repository/org/apiguardian/apiguardian-api/1.1.2/apiguardian-api-1.1.2.jar","/home/jbergqvist/.m2/repository/org/mockito/mockito-core/4.11.0/mockito-core-4.11.0.jar","/home/jbergqvist/.m2/repository/net/bytebuddy/byte-buddy/1.12.19/byte-buddy-1.12.19.jar","/home/jbergqvist/.m2/repository/net/bytebuddy/byte-buddy-agent/1.12.19/byte-buddy-agent-1.12.19.jar","/home/jbergqvist/.m2/repository/org/objenesis/objenesis/3.3/objenesis-3.3.jar","/home/jbergqvist/.m2/repository/org/mockito/mockito-junit-jupiter/4.11.0/mockito-junit-jupiter-4.11.0.jar"],"complianceLevel":"1.8","productionSources":["/home/jbergqvist/diffblue/paritytrading-parity/applications/reporter/src/main/java"],"testSources":["/home/jbergqvist/diffblue/paritytrading-parity/applications/reporter/src/test/java"],"productionClasses":"/home/jbergqvist/diffblue/paritytrading-parity/applications/reporter/target/classes","testClasses":"/home/jbergqvist/diffblue/paritytrading-parity/applications/reporter/target/test-classes","sourceToBuildPathMap":null,"testSourceToBuildPathMap":null,"buildDirectory":"/home/jbergqvist/diffblue/paritytrading-parity/applications/reporter/target","plugins":[{"__type":"DefaultPlugin","groupId":"org.apache.maven.plugins","artefactId":"maven-enforcer-plugin","version":"1.0","pluginClassName":null},{"__type":"DefaultPlugin","groupId":"org.apache.maven.plugins","artefactId":"maven-checkstyle-plugin","version":"3.1.0","pluginClassName":null},{"__type":"DefaultPlugin","groupId":"org.apache.maven.plugins","artefactId":"maven-compiler-plugin","version":"3.8.0","pluginClassName":null},{"__type":"DefaultPlugin","groupId":"org.apache.maven.plugins","artefactId":"maven-javadoc-plugin","version":"3.0.1","pluginClassName":null},{"__type":"DefaultPlugin","groupId":"org.apache.maven.plugins","artefactId":"maven-release-plugin","version":"2.5.3","pluginClassName":null},{"__type":"DefaultPlugin","groupId":"org.apache.maven.plugins","artefactId":"maven-deploy-plugin","version":"2.8.2","pluginClassName":null},{"__type":"DefaultPlugin","groupId":"org.apache.maven.plugins","artefactId":"maven-shade-plugin","version":"3.2.1","pluginClassName":null},{"__type":"DefaultPlugin","groupId":"org.apache.maven.plugins","artefactId":"maven-clean-plugin","version":"3.2.0","pluginClassName":null},{"__type":"DefaultPlugin","groupId":"org.apache.maven.plugins","artefactId":"maven-resources-plugin","version":"3.3.1","pluginClassName":null},{"__type":"DefaultPlugin","groupId":"org.apache.maven.plugins","artefactId":"maven-jar-plugin","version":"3.4.1","pluginClassName":null},{"__type":"DefaultPlugin","groupId":"org.apache.maven.plugins","artefactId":"maven-surefire-plugin","version":"3.0.0-M5","pluginClassName":null},{"__type":"DefaultPlugin","groupId":"org.apache.maven.plugins","artefactId":"maven-install-plugin","version":"3.1.2","pluginClassName":null},{"__type":"DefaultPlugin","groupId":"org.apache.maven.plugins","artefactId":"maven-site-plugin","version":"3.12.1","pluginClassName":null}],"version":"3.9.12","encoding":"UTF-8","name":"maven","subModules":[],"simpleModuleName":null,"parentModuleName":"com.paritytrading.parity:parity-parent","location":"/home/jbergqvist/diffblue/paritytrading-parity/applications/reporter","fullModuleName":"com.paritytrading.parity:parity-reporter"},{"__type":"DefaultProjectModule","junitReport":["/home/jbergqvist/diffblue/paritytrading-parity/applications/system/target/surefire-reports"],"jacocoReport":["/home/jbergqvist/diffblue/paritytrading-parity/applications/system/target/site/jacoco/jacoco.xml"],"jacocoDestFile":["/home/jbergqvist/diffblue/paritytrading-parity/applications/system/target/jacoco.exec"],"jacocoFormats":["xml"],"jacocoSkipped":false,"classpath":["/home/jbergqvist/diffblue/paritytrading-parity/applications/system/target/classes","/home/jbergqvist/.m2/repository/com/paritytrading/parity/parity-match/0.7.1-SNAPSHOT/parity-match-0.7.1-SNAPSHOT.jar","/home/jbergqvist/.m2/repository/com/paritytrading/parity/parity-net/0.7.1-SNAPSHOT/parity-net-0.7.1-SNAPSHOT.jar","/home/jbergqvist/.m2/repository/com/paritytrading/foundation/foundation/0.3.0/foundation-0.3.0.jar","/home/jbergqvist/.m2/repository/com/paritytrading/nassau/nassau-core/0.13.0/nassau-core-0.13.0.jar","/home/jbergqvist/.m2/repository/com/typesafe/config/1.3.1/config-1.3.1.jar","/home/jbergqvist/.m2/repository/it/unimi/dsi/fastutil/8.1.0/fastutil-8.1.0.jar","/home/jbergqvist/.m2/repository/org/jvirtanen/config/config-extras/0.2.0/config-extras-0.2.0.jar","/home/jbergqvist/.m2/repository/org/jvirtanen/util/util-extras/0.2.0/util-extras-0.2.0.jar","/home/jbergqvist/.m2/repository/com/diffblue/cover/cover-annotations/1.9.0/cover-annotations-1.9.0.jar","/home/jbergqvist/.m2/repository/org/junit/jupiter/junit-jupiter-engine/5.13.4/junit-jupiter-engine-5.13.4.jar","/home/jbergqvist/.m2/repository/org/junit/platform/junit-platform-engine/1.13.4/junit-platform-engine-1.13.4.jar","/home/jbergqvist/.m2/repository/org/opentest4j/opentest4j/1.3.0/opentest4j-1.3.0.jar","/home/jbergqvist/.m2/repository/org/junit/platform/junit-platform-commons/1.13.4/junit-platform-commons-1.13.4.jar","/home/jbergqvist/.m2/repository/org/junit/jupiter/junit-jupiter-api/5.13.4/junit-jupiter-api-5.13.4.jar","/home/jbergqvist/.m2/repository/org/apiguardian/apiguardian-api/1.1.2/apiguardian-api-1.1.2.jar","/home/jbergqvist/.m2/repository/org/mockito/mockito-core/4.11.0/mockito-core-4.11.0.jar","/home/jbergqvist/.m2/repository/net/bytebuddy/byte-buddy/1.12.19/byte-buddy-1.12.19.jar","/home/jbergqvist/.m2/repository/net/bytebuddy/byte-buddy-agent/1.12.19/byte-buddy-agent-1.12.19.jar","/home/jbergqvist/.m2/repository/org/objenesis/objenesis/3.3/objenesis-3.3.jar","/home/jbergqvist/.m2/repository/org/mockito/mockito-junit-jupiter/4.11.0/mockito-junit-jupiter-4.11.0.jar"],"complianceLevel":"1.8","productionSources":["/home/jbergqvist/diffblue/paritytrading-parity/applications/system/src/main/java"],"testSources":["/home/jbergqvist/diffblue/paritytrading-parity/applications/system/src/test/java"],"productionClasses":"/home/jbergqvist/diffblue/paritytrading-parity/applications/system/target/classes","testClasses":"/home/jbergqvist/diffblue/paritytrading-parity/applications/system/target/test-classes","sourceToBuildPathMap":null,"testSourceToBuildPathMap":null,"buildDirectory":"/home/jbergqvist/diffblue/paritytrading-parity/applications/system/target","plugins":[{"__type":"DefaultPlugin","groupId":"org.apache.maven.plugins","artefactId":"maven-enforcer-plugin","version":"1.0","pluginClassName":null},{"__type":"DefaultPlugin","groupId":"org.apache.maven.plugins","artefactId":"maven-checkstyle-plugin","version":"3.1.0","pluginClassName":null},{"__type":"DefaultPlugin","groupId":"org.apache.maven.plugins","artefactId":"maven-compiler-plugin","version":"3.8.0","pluginClassName":null},{"__type":"DefaultPlugin","groupId":"org.apache.maven.plugins","artefactId":"maven-javadoc-plugin","version":"3.0.1","pluginClassName":null},{"__type":"DefaultPlugin","groupId":"org.apache.maven.plugins","artefactId":"maven-release-plugin","version":"2.5.3","pluginClassName":null},{"__type":"DefaultPlugin","groupId":"org.apache.maven.plugins","artefactId":"maven-deploy-plugin","version":"2.8.2","pluginClassName":null},{"__type":"DefaultPlugin","groupId":"org.apache.maven.plugins","artefactId":"maven-shade-plugin","version":"3.2.1","pluginClassName":null},{"__type":"DefaultPlugin","groupId":"org.apache.maven.plugins","artefactId":"maven-clean-plugin","version":"3.2.0","pluginClassName":null},{"__type":"DefaultPlugin","groupId":"org.apache.maven.plugins","artefactId":"maven-resources-plugin","version":"3.3.1","pluginClassName":null},{"__type":"DefaultPlugin","groupId":"org.apache.maven.plugins","artefactId":"maven-jar-plugin","version":"3.4.1","pluginClassName":null},{"__type":"DefaultPlugin","groupId":"org.apache.maven.plugins","artefactId":"maven-surefire-plugin","version":"3.0.0-M5","pluginClassName":null},{"__type":"DefaultPlugin","groupId":"org.apache.maven.plugins","artefactId":"maven-install-plugin","version":"3.1.2","pluginClassName":null},{"__type":"DefaultPlugin","groupId":"org.apache.maven.plugins","artefactId":"maven-site-plugin","version":"3.12.1","pluginClassName":null}],"version":"3.9.12","encoding":"UTF-8","name":"maven","subModules":[],"simpleModuleName":null,"parentModuleName":"com.paritytrading.parity:parity-parent","location":"/home/jbergqvist/diffblue/paritytrading-parity/applications/system","fullModuleName":"com.paritytrading.parity:parity-system"},{"__type":"DefaultProjectModule","junitReport":["/home/jbergqvist/diffblue/paritytrading-parity/applications/ticker/target/surefire-reports"],"jacocoReport":["/home/jbergqvist/diffblue/paritytrading-parity/applications/ticker/target/site/jacoco/jacoco.xml"],"jacocoDestFile":["/home/jbergqvist/diffblue/paritytrading-parity/applications/ticker/target/jacoco.exec"],"jacocoFormats":["xml"],"jacocoSkipped":false,"classpath":["/home/jbergqvist/diffblue/paritytrading-parity/applications/ticker/target/classes","/home/jbergqvist/.m2/repository/com/paritytrading/parity/parity-book/0.7.1-SNAPSHOT/parity-book-0.7.1-SNAPSHOT.jar","/home/jbergqvist/.m2/repository/it/unimi/dsi/fastutil/8.1.0/fastutil-8.1.0.jar","/home/jbergqvist/.m2/repository/com/paritytrading/parity/parity-file/0.7.1-SNAPSHOT/parity-file-0.7.1-SNAPSHOT.jar","/home/jbergqvist/.m2/repository/com/paritytrading/parity/parity-net/0.7.1-SNAPSHOT/parity-net-0.7.1-SNAPSHOT.jar","/home/jbergqvist/.m2/repository/com/paritytrading/parity/parity-util/0.7.1-SNAPSHOT/parity-util-0.7.1-SNAPSHOT.jar","/home/jbergqvist/.m2/repository/com/paritytrading/foundation/foundation/0.3.0/foundation-0.3.0.jar","/home/jbergqvist/.m2/repository/com/paritytrading/nassau/nassau-core/0.13.0/nassau-core-0.13.0.jar","/home/jbergqvist/.m2/repository/com/paritytrading/nassau/nassau-util/0.13.0/nassau-util-0.13.0.jar","/home/jbergqvist/.m2/repository/com/typesafe/config/1.3.1/config-1.3.1.jar","/home/jbergqvist/.m2/repository/org/jvirtanen/config/config-extras/0.2.0/config-extras-0.2.0.jar","/home/jbergqvist/.m2/repository/org/jvirtanen/util/util-extras/0.2.0/util-extras-0.2.0.jar","/home/jbergqvist/.m2/repository/com/diffblue/cover/cover-annotations/1.9.0/cover-annotations-1.9.0.jar","/home/jbergqvist/.m2/repository/org/junit/jupiter/junit-jupiter-engine/5.13.4/junit-jupiter-engine-5.13.4.jar","/home/jbergqvist/.m2/repository/org/junit/platform/junit-platform-engine/1.13.4/junit-platform-engine-1.13.4.jar","/home/jbergqvist/.m2/repository/org/opentest4j/opentest4j/1.3.0/opentest4j-1.3.0.jar","/home/jbergqvist/.m2/repository/org/junit/platform/junit-platform-commons/1.13.4/junit-platform-commons-1.13.4.jar","/home/jbergqvist/.m2/repository/org/junit/jupiter/junit-jupiter-api/5.13.4/junit-jupiter-api-5.13.4.jar","/home/jbergqvist/.m2/repository/org/apiguardian/apiguardian-api/1.1.2/apiguardian-api-1.1.2.jar","/home/jbergqvist/.m2/repository/org/mockito/mockito-core/4.11.0/mockito-core-4.11.0.jar","/home/jbergqvist/.m2/repository/net/bytebuddy/byte-buddy/1.12.19/byte-buddy-1.12.19.jar","/home/jbergqvist/.m2/repository/net/bytebuddy/byte-buddy-agent/1.12.19/byte-buddy-agent-1.12.19.jar","/home/jbergqvist/.m2/repository/org/objenesis/objenesis/3.3/objenesis-3.3.jar","/home/jbergqvist/.m2/repository/org/mockito/mockito-junit-jupiter/4.11.0/mockito-junit-jupiter-4.11.0.jar"],"complianceLevel":"1.8","productionSources":["/home/jbergqvist/diffblue/paritytrading-parity/applications/ticker/src/main/java"],"testSources":["/home/jbergqvist/diffblue/paritytrading-parity/applications/ticker/src/test/java"],"productionClasses":"/home/jbergqvist/diffblue/paritytrading-parity/applications/ticker/target/classes","testClasses":"/home/jbergqvist/diffblue/paritytrading-parity/applications/ticker/target/test-classes","sourceToBuildPathMap":null,"testSourceToBuildPathMap":null,"buildDirectory":"/home/jbergqvist/diffblue/paritytrading-parity/applications/ticker/target","plugins":[{"__type":"DefaultPlugin","groupId":"org.apache.maven.plugins","artefactId":"maven-enforcer-plugin","version":"1.0","pluginClassName":null},{"__type":"DefaultPlugin","groupId":"org.apache.maven.plugins","artefactId":"maven-checkstyle-plugin","version":"3.1.0","pluginClassName":null},{"__type":"DefaultPlugin","groupId":"org.apache.maven.plugins","artefactId":"maven-compiler-plugin","version":"3.8.0","pluginClassName":null},{"__type":"DefaultPlugin","groupId":"org.apache.maven.plugins","artefactId":"maven-javadoc-plugin","version":"3.0.1","pluginClassName":null},{"__type":"DefaultPlugin","groupId":"org.apache.maven.plugins","artefactId":"maven-release-plugin","version":"2.5.3","pluginClassName":null},{"__type":"DefaultPlugin","groupId":"org.apache.maven.plugins","artefactId":"maven-deploy-plugin","version":"2.8.2","pluginClassName":null},{"__type":"DefaultPlugin","groupId":"org.apache.maven.plugins","artefactId":"maven-shade-plugin","version":"3.2.1","pluginClassName":null},{"__type":"DefaultPlugin","groupId":"org.apache.maven.plugins","artefactId":"maven-clean-plugin","version":"3.2.0","pluginClassName":null},{"__type":"DefaultPlugin","groupId":"org.apache.maven.plugins","artefactId":"maven-resources-plugin","version":"3.3.1","pluginClassName":null},{"__type":"DefaultPlugin","groupId":"org.apache.maven.plugins","artefactId":"maven-jar-plugin","version":"3.4.1","pluginClassName":null},{"__type":"DefaultPlugin","groupId":"org.apache.maven.plugins","artefactId":"maven-surefire-plugin","version":"3.0.0-M5","pluginClassName":null},{"__type":"DefaultPlugin","groupId":"org.apache.maven.plugins","artefactId":"maven-install-plugin","version":"3.1.2","pluginClassName":null},{"__type":"DefaultPlugin","groupId":"org.apache.maven.plugins","artefactId":"maven-site-plugin","version":"3.12.1","pluginClassName":null}],"version":"3.9.12","encoding":"UTF-8","name":"maven","subModules":[],"simpleModuleName":null,"parentModuleName":"com.paritytrading.parity:parity-parent","location":"/home/jbergqvist/diffblue/paritytrading-parity/applications/ticker","fullModuleName":"com.paritytrading.parity:parity-ticker"},{"__type":"DefaultProjectModule","junitReport":["/home/jbergqvist/diffblue/paritytrading-parity/tests/book-perf-test/target/surefire-reports"],"jacocoReport":["/home/jbergqvist/diffblue/paritytrading-parity/tests/book-perf-test/target/site/jacoco/jacoco.xml"],"jacocoDestFile":["/home/jbergqvist/diffblue/paritytrading-parity/tests/book-perf-test/target/jacoco.exec"],"jacocoFormats":["xml"],"jacocoSkipped":false,"classpath":["/home/jbergqvist/diffblue/paritytrading-parity/tests/book-perf-test/target/classes","/home/jbergqvist/.m2/repository/com/paritytrading/parity/parity-book/0.7.1-SNAPSHOT/parity-book-0.7.1-SNAPSHOT.jar","/home/jbergqvist/.m2/repository/it/unimi/dsi/fastutil/8.1.0/fastutil-8.1.0.jar","/home/jbergqvist/.m2/repository/org/openjdk/jmh/jmh-core/1.19/jmh-core-1.19.jar","/home/jbergqvist/.m2/repository/net/sf/jopt-simple/jopt-simple/4.6/jopt-simple-4.6.jar","/home/jbergqvist/.m2/repository/org/apache/commons/commons-math3/3.2/commons-math3-3.2.jar","/home/jbergqvist/.m2/repository/com/diffblue/cover/cover-annotations/1.9.0/cover-annotations-1.9.0.jar","/home/jbergqvist/.m2/repository/org/openjdk/jmh/jmh-generator-annprocess/1.19/jmh-generator-annprocess-1.19.jar","/home/jbergqvist/.m2/repository/org/junit/jupiter/junit-jupiter-engine/5.13.4/junit-jupiter-engine-5.13.4.jar","/home/jbergqvist/.m2/repository/org/junit/platform/junit-platform-engine/1.13.4/junit-platform-engine-1.13.4.jar","/home/jbergqvist/.m2/repository/org/opentest4j/opentest4j/1.3.0/opentest4j-1.3.0.jar","/home/jbergqvist/.m2/repository/org/junit/platform/junit-platform-commons/1.13.4/junit-platform-commons-1.13.4.jar","/home/jbergqvist/.m2/repository/org/junit/jupiter/junit-jupiter-api/5.13.4/junit-jupiter-api-5.13.4.jar","/home/jbergqvist/.m2/repository/org/apiguardian/apiguardian-api/1.1.2/apiguardian-api-1.1.2.jar","/home/jbergqvist/.m2/repository/org/mockito/mockito-core/4.11.0/mockito-core-4.11.0.jar","/home/jbergqvist/.m2/repository/net/bytebuddy/byte-buddy/1.12.19/byte-buddy-1.12.19.jar","/home/jbergqvist/.m2/repository/net/bytebuddy/byte-buddy-agent/1.12.19/byte-buddy-agent-1.12.19.jar","/home/jbergqvist/.m2/repository/org/objenesis/objenesis/3.3/objenesis-3.3.jar","/home/jbergqvist/.m2/repository/org/mockito/mockito-junit-jupiter/4.11.0/mockito-junit-jupiter-4.11.0.jar"],"complianceLevel":"1.8","productionSources":["/home/jbergqvist/diffblue/paritytrading-parity/tests/book-perf-test/src/main/java"],"testSources":["/home/jbergqvist/diffblue/paritytrading-parity/tests/book-perf-test/src/test/java"],"productionClasses":"/home/jbergqvist/diffblue/paritytrading-parity/tests/book-perf-test/target/classes","testClasses":"/home/jbergqvist/diffblue/paritytrading-parity/tests/book-perf-test/target/test-classes","sourceToBuildPathMap":null,"testSourceToBuildPathMap":null,"buildDirectory":"/home/jbergqvist/diffblue/paritytrading-parity/tests/book-perf-test/target","plugins":[{"__type":"DefaultPlugin","groupId":"org.apache.maven.plugins","artefactId":"maven-enforcer-plugin","version":"1.0","pluginClassName":null},{"__type":"DefaultPlugin","groupId":"org.apache.maven.plugins","artefactId":"maven-checkstyle-plugin","version":"3.1.0","pluginClassName":null},{"__type":"DefaultPlugin","groupId":"org.apache.maven.plugins","artefactId":"maven-compiler-plugin","version":"3.8.0","pluginClassName":null},{"__type":"DefaultPlugin","groupId":"org.apache.maven.plugins","artefactId":"maven-javadoc-plugin","version":"3.0.1","pluginClassName":null},{"__type":"DefaultPlugin","groupId":"org.apache.maven.plugins","artefactId":"maven-release-plugin","version":"2.5.3","pluginClassName":null},{"__type":"DefaultPlugin","groupId":"org.apache.maven.plugins","artefactId":"maven-deploy-plugin","version":"2.8.2","pluginClassName":null},{"__type":"DefaultPlugin","groupId":"org.apache.maven.plugins","artefactId":"maven-shade-plugin","version":"3.2.1","pluginClassName":null},{"__type":"DefaultPlugin","groupId":"org.apache.maven.plugins","artefactId":"maven-clean-plugin","version":"3.2.0","pluginClassName":null},{"__type":"DefaultPlugin","groupId":"org.apache.maven.plugins","artefactId":"maven-resources-plugin","version":"3.3.1","pluginClassName":null},{"__type":"DefaultPlugin","groupId":"org.apache.maven.plugins","artefactId":"maven-jar-plugin","version":"3.4.1","pluginClassName":null},{"__type":"DefaultPlugin","groupId":"org.apache.maven.plugins","artefactId":"maven-surefire-plugin","version":"3.0.0-M5","pluginClassName":null},{"__type":"DefaultPlugin","groupId":"org.apache.maven.plugins","artefactId":"maven-install-plugin","version":"3.1.2","pluginClassName":null},{"__type":"DefaultPlugin","groupId":"org.apache.maven.plugins","artefactId":"maven-site-plugin","version":"3.12.1","pluginClassName":null}],"version":"3.9.12","encoding":"UTF-8","name":"maven","subModules":[],"simpleModuleName":null,"parentModuleName":"com.paritytrading.parity:parity-parent","location":"/home/jbergqvist/diffblue/paritytrading-parity/tests/book-perf-test","fullModuleName":"com.paritytrading.parity:parity-book-perf-test"},{"__type":"DefaultProjectModule","junitReport":["/home/jbergqvist/diffblue/paritytrading-parity/tests/match-perf-test/target/surefire-reports"],"jacocoReport":["/home/jbergqvist/diffblue/paritytrading-parity/tests/match-perf-test/target/site/jacoco/jacoco.xml"],"jacocoDestFile":["/home/jbergqvist/diffblue/paritytrading-parity/tests/match-perf-test/target/jacoco.exec"],"jacocoFormats":["xml"],"jacocoSkipped":false,"classpath":["/home/jbergqvist/diffblue/paritytrading-parity/tests/match-perf-test/target/classes","/home/jbergqvist/.m2/repository/com/paritytrading/parity/parity-match/0.7.1-SNAPSHOT/parity-match-0.7.1-SNAPSHOT.jar","/home/jbergqvist/.m2/repository/it/unimi/dsi/fastutil/8.1.0/fastutil-8.1.0.jar","/home/jbergqvist/.m2/repository/org/openjdk/jmh/jmh-core/1.19/jmh-core-1.19.jar","/home/jbergqvist/.m2/repository/net/sf/jopt-simple/jopt-simple/4.6/jopt-simple-4.6.jar","/home/jbergqvist/.m2/repository/org/apache/commons/commons-math3/3.2/commons-math3-3.2.jar","/home/jbergqvist/.m2/repository/com/diffblue/cover/cover-annotations/1.9.0/cover-annotations-1.9.0.jar","/home/jbergqvist/.m2/repository/org/openjdk/jmh/jmh-generator-annprocess/1.19/jmh-generator-annprocess-1.19.jar","/home/jbergqvist/.m2/repository/org/junit/jupiter/junit-jupiter-engine/5.13.4/junit-jupiter-engine-5.13.4.jar","/home/jbergqvist/.m2/repository/org/junit/platform/junit-platform-engine/1.13.4/junit-platform-engine-1.13.4.jar","/home/jbergqvist/.m2/repository/org/opentest4j/opentest4j/1.3.0/opentest4j-1.3.0.jar","/home/jbergqvist/.m2/repository/org/junit/platform/junit-platform-commons/1.13.4/junit-platform-commons-1.13.4.jar","/home/jbergqvist/.m2/repository/org/junit/jupiter/junit-jupiter-api/5.13.4/junit-jupiter-api-5.13.4.jar","/home/jbergqvist/.m2/repository/org/apiguardian/apiguardian-api/1.1.2/apiguardian-api-1.1.2.jar","/home/jbergqvist/.m2/repository/org/mockito/mockito-core/4.11.0/mockito-core-4.11.0.jar","/home/jbergqvist/.m2/repository/net/bytebuddy/byte-buddy/1.12.19/byte-buddy-1.12.19.jar","/home/jbergqvist/.m2/repository/net/bytebuddy/byte-buddy-agent/1.12.19/byte-buddy-agent-1.12.19.jar","/home/jbergqvist/.m2/repository/org/objenesis/objenesis/3.3/objenesis-3.3.jar","/home/jbergqvist/.m2/repository/org/mockito/mockito-junit-jupiter/4.11.0/mockito-junit-jupiter-4.11.0.jar"],"complianceLevel":"1.8","productionSources":["/home/jbergqvist/diffblue/paritytrading-parity/tests/match-perf-test/src/main/java"],"testSources":["/home/jbergqvist/diffblue/paritytrading-parity/tests/match-perf-test/src/test/java"],"productionClasses":"/home/jbergqvist/diffblue/paritytrading-parity/tests/match-perf-test/target/classes","testClasses":"/home/jbergqvist/diffblue/paritytrading-parity/tests/match-perf-test/target/test-classes","sourceToBuildPathMap":null,"testSourceToBuildPathMap":null,"buildDirectory":"/home/jbergqvist/diffblue/paritytrading-parity/tests/match-perf-test/target","plugins":[{"__type":"DefaultPlugin","groupId":"org.apache.maven.plugins","artefactId":"maven-enforcer-plugin","version":"1.0","pluginClassName":null},{"__type":"DefaultPlugin","groupId":"org.apache.maven.plugins","artefactId":"maven-checkstyle-plugin","version":"3.1.0","pluginClassName":null},{"__type":"DefaultPlugin","groupId":"org.apache.maven.plugins","artefactId":"maven-compiler-plugin","version":"3.8.0","pluginClassName":null},{"__type":"DefaultPlugin","groupId":"org.apache.maven.plugins","artefactId":"maven-javadoc-plugin","version":"3.0.1","pluginClassName":null},{"__type":"DefaultPlugin","groupId":"org.apache.maven.plugins","artefactId":"maven-release-plugin","version":"2.5.3","pluginClassName":null},{"__type":"DefaultPlugin","groupId":"org.apache.maven.plugins","artefactId":"maven-deploy-plugin","version":"2.8.2","pluginClassName":null},{"__type":"DefaultPlugin","groupId":"org.apache.maven.plugins","artefactId":"maven-shade-plugin","version":"3.2.1","pluginClassName":null},{"__type":"DefaultPlugin","groupId":"org.apache.maven.plugins","artefactId":"maven-clean-plugin","version":"3.2.0","pluginClassName":null},{"__type":"DefaultPlugin","groupId":"org.apache.maven.plugins","artefactId":"maven-resources-plugin","version":"3.3.1","pluginClassName":null},{"__type":"DefaultPlugin","groupId":"org.apache.maven.plugins","artefactId":"maven-jar-plugin","version":"3.4.1","pluginClassName":null},{"__type":"DefaultPlugin","groupId":"org.apache.maven.plugins","artefactId":"maven-surefire-plugin","version":"3.0.0-M5","pluginClassName":null},{"__type":"DefaultPlugin","groupId":"org.apache.maven.plugins","artefactId":"maven-install-plugin","version":"3.1.2","pluginClassName":null},{"__type":"DefaultPlugin","groupId":"org.apache.maven.plugins","artefactId":"maven-site-plugin","version":"3.12.1","pluginClassName":null}],"version":"3.9.12","encoding":"UTF-8","name":"maven","subModules":[],"simpleModuleName":null,"parentModuleName":"com.paritytrading.parity:parity-parent","location":"/home/jbergqvist/diffblue/paritytrading-parity/tests/match-perf-test","fullModuleName":"com.paritytrading.parity:parity-match-perf-test"}],"simpleModuleName":null,"parentModuleName":"org.sonatype.oss:oss-parent","location":"/home/jbergqvist/diffblue/paritytrading-parity","fullModuleName":"com.paritytrading.parity:parity-parent"}}
10:21:13.202 [INFO]   [Checking]    deserializing line [DIFFBLUE]{"__type":"com.diffblue.cover.buildsystem.model.ProjectInfoMessage","projectName":"com.paritytrading.parity:parity-parent","productionSources":["/home/jbergqvist/diffblue/paritytrading-parity/src/main/java"],"testSources":["/home/jbergqvist/diffblue/paritytrading-parity/src/test/java"],"location":"/home/jbergqvist/diffblue/paritytrading-parity"}
10:21:13.204 [INFO]   [Checking]    deserializing line [DIFFBLUE]{"__type":"com.diffblue.cover.buildsystem.model.ProjectInfoMessage","projectName":"com.paritytrading.parity:parity-book","productionSources":["/home/jbergqvist/diffblue/paritytrading-parity/libraries/book/src/main/java"],"testSources":["/home/jbergqvist/diffblue/paritytrading-parity/libraries/book/src/test/java"],"location":"/home/jbergqvist/diffblue/paritytrading-parity/libraries/book"}
10:21:13.205 [INFO]   [Checking]    deserializing line [DIFFBLUE]{"__type":"com.diffblue.cover.buildsystem.model.ProjectInfoMessage","projectName":"com.paritytrading.parity:parity-file","productionSources":["/home/jbergqvist/diffblue/paritytrading-parity/libraries/file/src/main/java"],"testSources":["/home/jbergqvist/diffblue/paritytrading-parity/libraries/file/src/test/java"],"location":"/home/jbergqvist/diffblue/paritytrading-parity/libraries/file"}
10:21:13.206 [INFO]   [Checking]    deserializing line [DIFFBLUE]{"__type":"com.diffblue.cover.buildsystem.model.ProjectInfoMessage","projectName":"com.paritytrading.parity:parity-match","productionSources":["/home/jbergqvist/diffblue/paritytrading-parity/libraries/match/src/main/java"],"testSources":["/home/jbergqvist/diffblue/paritytrading-parity/libraries/match/src/test/java"],"location":"/home/jbergqvist/diffblue/paritytrading-parity/libraries/match"}
10:21:13.206 [INFO]   [Checking]    deserializing line [DIFFBLUE]{"__type":"com.diffblue.cover.buildsystem.model.ProjectInfoMessage","projectName":"com.paritytrading.parity:parity-net","productionSources":["/home/jbergqvist/diffblue/paritytrading-parity/libraries/net/src/main/java"],"testSources":["/home/jbergqvist/diffblue/paritytrading-parity/libraries/net/src/test/java"],"location":"/home/jbergqvist/diffblue/paritytrading-parity/libraries/net"}
10:21:13.207 [INFO]   [Checking]    deserializing line [DIFFBLUE]{"__type":"com.diffblue.cover.buildsystem.model.ProjectInfoMessage","projectName":"com.paritytrading.parity:parity-util","productionSources":["/home/jbergqvist/diffblue/paritytrading-parity/libraries/util/src/main/java"],"testSources":["/home/jbergqvist/diffblue/paritytrading-parity/libraries/util/src/test/java"],"location":"/home/jbergqvist/diffblue/paritytrading-parity/libraries/util"}
10:21:13.209 [INFO]   [Checking]    deserializing line [DIFFBLUE]{"__type":"com.diffblue.cover.buildsystem.model.ProjectInfoMessage","projectName":"com.paritytrading.parity:parity-client","productionSources":["/home/jbergqvist/diffblue/paritytrading-parity/applications/client/src/main/java"],"testSources":["/home/jbergqvist/diffblue/paritytrading-parity/applications/client/src/test/java"],"location":"/home/jbergqvist/diffblue/paritytrading-parity/applications/client"}
10:21:13.209 [INFO]   [Checking]    deserializing line [DIFFBLUE]{"__type":"com.diffblue.cover.buildsystem.model.ProjectInfoMessage","projectName":"com.paritytrading.parity:parity-fix","productionSources":["/home/jbergqvist/diffblue/paritytrading-parity/applications/fix/src/main/java"],"testSources":["/home/jbergqvist/diffblue/paritytrading-parity/applications/fix/src/test/java"],"location":"/home/jbergqvist/diffblue/paritytrading-parity/applications/fix"}
10:21:13.210 [INFO]   [Checking]    deserializing line [DIFFBLUE]{"__type":"com.diffblue.cover.buildsystem.model.ProjectInfoMessage","projectName":"com.paritytrading.parity:parity-reporter","productionSources":["/home/jbergqvist/diffblue/paritytrading-parity/applications/reporter/src/main/java"],"testSources":["/home/jbergqvist/diffblue/paritytrading-parity/applications/reporter/src/test/java"],"location":"/home/jbergqvist/diffblue/paritytrading-parity/applications/reporter"}
10:21:13.210 [INFO]   [Checking]    deserializing line [DIFFBLUE]{"__type":"com.diffblue.cover.buildsystem.model.ProjectInfoMessage","projectName":"com.paritytrading.parity:parity-system","productionSources":["/home/jbergqvist/diffblue/paritytrading-parity/applications/system/src/main/java"],"testSources":["/home/jbergqvist/diffblue/paritytrading-parity/applications/system/src/test/java"],"location":"/home/jbergqvist/diffblue/paritytrading-parity/applications/system"}
10:21:13.211 [INFO]   [Checking]    deserializing line [DIFFBLUE]{"__type":"com.diffblue.cover.buildsystem.model.ProjectInfoMessage","projectName":"com.paritytrading.parity:parity-ticker","productionSources":["/home/jbergqvist/diffblue/paritytrading-parity/applications/ticker/src/main/java"],"testSources":["/home/jbergqvist/diffblue/paritytrading-parity/applications/ticker/src/test/java"],"location":"/home/jbergqvist/diffblue/paritytrading-parity/applications/ticker"}
10:21:13.211 [INFO]   [Checking]    deserializing line [DIFFBLUE]{"__type":"com.diffblue.cover.buildsystem.model.ProjectInfoMessage","projectName":"com.paritytrading.parity:parity-book-perf-test","productionSources":["/home/jbergqvist/diffblue/paritytrading-parity/tests/book-perf-test/src/main/java"],"testSources":["/home/jbergqvist/diffblue/paritytrading-parity/tests/book-perf-test/src/test/java"],"location":"/home/jbergqvist/diffblue/paritytrading-parity/tests/book-perf-test"}
10:21:13.212 [INFO]   [Checking]    deserializing line [DIFFBLUE]{"__type":"com.diffblue.cover.buildsystem.model.ProjectInfoMessage","projectName":"com.paritytrading.parity:parity-match-perf-test","productionSources":["/home/jbergqvist/diffblue/paritytrading-parity/tests/match-perf-test/src/main/java"],"testSources":["/home/jbergqvist/diffblue/paritytrading-parity/tests/match-perf-test/src/test/java"],"location":"/home/jbergqvist/diffblue/paritytrading-parity/tests/match-perf-test"}
10:21:13.213 [INFO]   [Checking]    Found 1 ProjectModuleMessages (ignoring buildSrc projects)
10:21:13.213 [INFO]   [Checking]    Found module com.paritytrading.parity:parity-parent in the working directory /home/jbergqvist/diffblue/paritytrading-parity
10:21:13.213 [INFO]   [Checking]    deserialized project module is present? true
10:21:13.234 [INFO]   [Checking]    Operating System: Linux amd64 6.8.0-90-generic
10:21:13.234 [INFO]   [Checking]    Default charset: UTF-8
10:21:13.234 [INFO]   [Checking]    Default locale: en_GB
10:21:13.234 [INFO]   [Checking]    Default time zone: Europe/London
10:21:13.244 [INFO]   [Checking]    Selected modules:
10:21:13.244 [INFO]   [Checking]    - com.paritytrading.parity:parity-file
10:21:13.244 [INFO]   [Checking]    
10:21:13.247 [INFO]   [Checking]    
10:21:13.247 [INFO]   [Checking]    [1/1] Creating tests for module: com.paritytrading.parity:parity-file
10:21:13.247 [INFO]   [Checking]    =====================================================================
10:21:13.248 [INFO]   [Checking]    
10:21:13.248 [INFO]   [Checking]    Detecting environment:
10:21:13.248 [INFO]   [Checking]    ----------------------
10:21:13.308 [INFO]   [Checking]    Detected Java version 1.8.0_472
10:21:13.319 [INFO]   [Checking]    Maven Using ${maven.home} of: /home/jbergqvist/.sdkman/candidates/maven/current.
10:21:13.320 [INFO]   [Checking]    Maven Executing: /bin/sh -c cd /home/jbergqvist/diffblue/paritytrading-parity && /home/jbergqvist/.sdkman/candidates/maven/3.9.12/bin/mvn -B -version
10:21:13.465 [INFO]   [Checking]    Standard output of build tool (Maven)
10:21:13.465 [INFO]   [Checking]    > Apache Maven 3.9.12 (848fbb4bf2d427b72bdb2471c22fced7ebd9a7a1)
10:21:13.465 [INFO]   [Checking]    > Maven home: /home/jbergqvist/.sdkman/candidates/maven/3.9.12
10:21:13.465 [INFO]   [Checking]    > Java version: 1.8.0_472, vendor: Amazon.com Inc., runtime: /home/jbergqvist/.sdkman/candidates/java/8.0.472-amzn/jre
10:21:13.465 [INFO]   [Checking]    > Default locale: en_GB, platform encoding: UTF-8
10:21:13.465 [INFO]   [Checking]    > OS name: "linux", version: "6.8.0-90-generic", arch: "amd64", family: "unix"
10:21:13.465 [INFO]   [Checking]    Detected build system: Maven 3.9.12
10:21:13.470 [INFO]   [Checking]    Operating System: Linux amd64 6.8.0-90-generic
10:21:13.470 [INFO]   [Checking]    Default charset: UTF-8
10:21:13.470 [INFO]   [Checking]    Default locale: en_GB
10:21:13.470 [INFO]   [Checking]    Default time zone: Europe/London
10:21:13.472 [INFO]   [Checking]    Selected build system: Maven
10:21:13.479 [INFO]   [Checking]    Selected classpath from build system maven
10:21:13.480 [INFO]   [Checking]    Expanded classpath: 
/home/jbergqvist/diffblue/paritytrading-parity/libraries/file/target/test-classes (test build path)
/home/jbergqvist/diffblue/paritytrading-parity/libraries/file/target/classes (code under test)
/home/jbergqvist/.m2/repository/org/junit/jupiter/junit-jupiter/5.7.0/junit-jupiter-5.7.0.jar
/home/jbergqvist/.m2/repository/org/junit/jupiter/junit-jupiter-api/5.7.0/junit-jupiter-api-5.7.0.jar
/home/jbergqvist/.m2/repository/org/apiguardian/apiguardian-api/1.1.0/apiguardian-api-1.1.0.jar
/home/jbergqvist/.m2/repository/org/opentest4j/opentest4j/1.2.0/opentest4j-1.2.0.jar
/home/jbergqvist/.m2/repository/org/junit/platform/junit-platform-commons/1.7.0/junit-platform-commons-1.7.0.jar
/home/jbergqvist/.m2/repository/org/junit/jupiter/junit-jupiter-params/5.7.0/junit-jupiter-params-5.7.0.jar
/home/jbergqvist/.m2/repository/org/junit/jupiter/junit-jupiter-engine/5.7.0/junit-jupiter-engine-5.7.0.jar
/home/jbergqvist/.m2/repository/org/junit/platform/junit-platform-engine/1.7.0/junit-platform-engine-1.7.0.jar
/home/jbergqvist/.m2/repository/com/diffblue/cover/cover-annotations/1.9.0/cover-annotations-1.9.0.jar
/home/jbergqvist/.m2/repository/org/mockito/mockito-core/4.11.0/mockito-core-4.11.0.jar
/home/jbergqvist/.m2/repository/net/bytebuddy/byte-buddy/1.12.19/byte-buddy-1.12.19.jar
/home/jbergqvist/.m2/repository/net/bytebuddy/byte-buddy-agent/1.12.19/byte-buddy-agent-1.12.19.jar
/home/jbergqvist/.m2/repository/org/objenesis/objenesis/3.3/objenesis-3.3.jar
/home/jbergqvist/.m2/repository/org/mockito/mockito-junit-jupiter/4.11.0/mockito-junit-jupiter-4.11.0.jar
10:21:13.493 [INFO]   [Checking]    Detected test framework: JUnit Jupiter API 5.7.0
10:21:13.495 [INFO]   [Checking]    Detected JUnit Jupiter Engine version 5.7.0
10:21:13.497 [INFO]   [Checking]    Detected JUnit Jupiter Params version 5.7.0
10:21:13.514 [INFO]   [Checking]    Detected Mockito Core version 4.11.0
10:21:13.607 [INFO]   [Checking]    Indexing...
10:21:13.911 [INFO]   [Checking]    Selected test output directory: /home/jbergqvist/diffblue/paritytrading-parity/libraries/file/src/test/java
10:21:13.922 [INFO]   [Checking]    Using default build rules as no custom rules found in any of [/home/jbergqvist/diffblue/paritytrading-parity/libraries/file, /home/jbergqvist/diffblue/paritytrading-parity]
10:21:13.924 [INFO]   [Checking]    Attempting to invoke mvnw in working directory: /home/jbergqvist/diffblue/paritytrading-parity
10:21:13.925 [INFO]   [Checking]    Attempting to invoke /home/jbergqvist/.sdkman/candidates/maven/current/bin/mvn in working directory: /home/jbergqvist/diffblue/paritytrading-parity
10:21:13.925 [INFO]   [Checking]    Started "/home/jbergqvist/.sdkman/candidates/maven/current/bin/mvn -Dmaven.ext.class.path=/opt/cover/cover-buildsystem-maven-spy-jar-with-dependencies.jar -Dcom.diffblue.cover.skipTests=true -DskipTestOptimizer --batch-mode --projects=com.paritytrading.parity:parity-file --global-settings=/home/jbergqvist/.sdkman/candidates/maven/current/conf/settings.xml -Dcheckstyle.skip=true test -DfailIfNoTests=false -Dsurefire.failIfNoSpecifiedTests=false -Dmaven.test.failure.ignore=True -Dtest=DummyJupiterDiffblueTest"
10:21:14.713 [INFO]   [Checking]    out: [INFO] Scanning for projects...
10:21:14.814 [INFO]   [Checking]    out: [INFO] 
10:21:14.814 [INFO]   [Checking]    out: [INFO] ----------------< com.paritytrading.parity:parity-file >----------------
10:21:14.814 [INFO]   [Checking]    out: [INFO] Building Parity File Formats 0.7.1-SNAPSHOT
10:21:14.814 [INFO]   [Checking]    out: [INFO]   from pom.xml
10:21:14.814 [INFO]   [Checking]    out: [INFO] --------------------------------[ jar ]---------------------------------
10:21:15.072 [INFO]   [Checking]    deserializing line [DIFFBLUE]{"__type":"com.diffblue.cover.buildsystem.model.DefaultEventMessage","project":"com.paritytrading.parity:parity-file","goal":"enforce","cause":null,"state":"STARTED"}
10:21:15.075 [INFO]   [Checking]    out: [INFO] 
10:21:15.075 [INFO]   [Checking]    out: [INFO] --- enforcer:1.0:enforce (enforce-maven) @ parity-file ---
10:21:15.218 [INFO]   [Checking]    deserializing line [DIFFBLUE]{"__type":"com.diffblue.cover.buildsystem.model.DefaultEventMessage","project":"com.paritytrading.parity:parity-file","goal":"enforce","cause":null,"state":"SUCCESS"}
10:21:15.220 [INFO]   [Checking]    deserializing line [DIFFBLUE]{"__type":"com.diffblue.cover.buildsystem.model.DefaultEventMessage","project":"com.paritytrading.parity:parity-file","goal":"resources","cause":null,"state":"STARTED"}
10:21:15.221 [INFO]   [Checking]    out: [INFO] 
10:21:15.221 [INFO]   [Checking]    out: [INFO] --- resources:3.3.1:resources (default-resources) @ parity-file ---
10:21:15.266 [INFO]   [Checking]    out: [INFO] skip non existing resourceDirectory /home/jbergqvist/diffblue/paritytrading-parity/libraries/file/src/main/resources
10:21:15.267 [INFO]   [Checking]    deserializing line [DIFFBLUE]{"__type":"com.diffblue.cover.buildsystem.model.DefaultEventMessage","project":"com.paritytrading.parity:parity-file","goal":"resources","cause":null,"state":"SUCCESS"}
10:21:15.269 [INFO]   [Checking]    deserializing line [DIFFBLUE]{"__type":"com.diffblue.cover.buildsystem.model.DefaultEventMessage","project":"com.paritytrading.parity:parity-file","goal":"compile","cause":null,"state":"STARTED"}
10:21:15.269 [INFO]   [Checking]    out: [INFO] 
10:21:15.269 [INFO]   [Checking]    out: [INFO] --- compiler:3.8.0:compile (default-compile) @ parity-file ---
10:21:15.396 [INFO]   [Checking]    out: [INFO] Changes detected - recompiling the module!
10:21:15.399 [INFO]   [Checking]    out: [INFO] Compiling 4 source files to /home/jbergqvist/diffblue/paritytrading-parity/libraries/file/target/classes
10:21:15.655 [INFO]   [Checking]    deserializing line [DIFFBLUE]{"__type":"com.diffblue.cover.buildsystem.model.DefaultEventMessage","project":"com.paritytrading.parity:parity-file","goal":"compile","cause":null,"state":"SUCCESS"}
10:21:15.656 [INFO]   [Checking]    deserializing line [DIFFBLUE]{"__type":"com.diffblue.cover.buildsystem.model.DefaultEventMessage","project":"com.paritytrading.parity:parity-file","goal":"testResources","cause":null,"state":"STARTED"}
10:21:15.657 [INFO]   [Checking]    out: [INFO] 
10:21:15.657 [INFO]   [Checking]    out: [INFO] --- resources:3.3.1:testResources (default-testResources) @ parity-file ---
10:21:15.657 [INFO]   [Checking]    out: [INFO] skip non existing resourceDirectory /home/jbergqvist/diffblue/paritytrading-parity/libraries/file/src/test/resources
10:21:15.658 [INFO]   [Checking]    deserializing line [DIFFBLUE]{"__type":"com.diffblue.cover.buildsystem.model.DefaultEventMessage","project":"com.paritytrading.parity:parity-file","goal":"testResources","cause":null,"state":"SUCCESS"}
10:21:15.659 [INFO]   [Checking]    deserializing line [DIFFBLUE]{"__type":"com.diffblue.cover.buildsystem.model.DefaultEventMessage","project":"com.paritytrading.parity:parity-file","goal":"testCompile","cause":null,"state":"STARTED"}
10:21:15.660 [INFO]   [Checking]    out: [INFO] 
10:21:15.660 [INFO]   [Checking]    out: [INFO] --- compiler:3.8.0:testCompile (default-testCompile) @ parity-file ---
10:21:15.664 [INFO]   [Checking]    out: [INFO] Changes detected - recompiling the module!
10:21:15.664 [INFO]   [Checking]    out: [INFO] Compiling 6 source files to /home/jbergqvist/diffblue/paritytrading-parity/libraries/file/target/test-classes
10:21:15.763 [INFO]   [Checking]    out: [INFO] /home/jbergqvist/diffblue/paritytrading-parity/libraries/file/src/test/java/com/paritytrading/parity/file/taq/TAQConfigDiffblueTest.java: /home/jbergqvist/diffblue/paritytrading-parity/libraries/file/src/test/java/com/paritytrading/parity/file/taq/TAQConfigDiffblueTest.java uses unchecked or unsafe operations.
10:21:15.763 [INFO]   [Checking]    out: [INFO] /home/jbergqvist/diffblue/paritytrading-parity/libraries/file/src/test/java/com/paritytrading/parity/file/taq/TAQConfigDiffblueTest.java: Recompile with -Xlint:unchecked for details.
10:21:15.764 [INFO]   [Checking]    deserializing line [DIFFBLUE]{"__type":"com.diffblue.cover.buildsystem.model.DefaultEventMessage","project":"com.paritytrading.parity:parity-file","goal":"testCompile","cause":null,"state":"SUCCESS"}
10:21:15.766 [INFO]   [Checking]    deserializing line [DIFFBLUE]{"__type":"com.diffblue.cover.buildsystem.model.DefaultEventMessage","project":"com.paritytrading.parity:parity-file","goal":"test","cause":null,"state":"STARTED"}
10:21:15.767 [INFO]   [Checking]    out: [INFO] 
10:21:15.767 [INFO]   [Checking]    out: [INFO] --- surefire:3.0.0-M5:test (default-test) @ parity-file ---
10:21:16.033 [INFO]   [Checking]    out: [INFO] 
10:21:16.033 [INFO]   [Checking]    out: [INFO] -------------------------------------------------------
10:21:16.033 [INFO]   [Checking]    out: [INFO]  T E S T S
10:21:16.033 [INFO]   [Checking]    out: [INFO] -------------------------------------------------------
10:21:16.351 [INFO]   [Checking]    out: [INFO] Running DummyJupiterDiffblueTest
10:21:16.379 [INFO]   [Checking]    out: [INFO] Tests run: 1, Failures: 0, Errors: 0, Skipped: 0, Time elapsed: 0.025 s - in DummyJupiterDiffblueTest
10:21:16.392 [INFO]   [Checking]    out: [INFO] 
10:21:16.392 [INFO]   [Checking]    out: [INFO] Results:
10:21:16.392 [INFO]   [Checking]    out: [INFO] 
10:21:16.392 [INFO]   [Checking]    out: [INFO] Tests run: 1, Failures: 0, Errors: 0, Skipped: 0
10:21:16.392 [INFO]   [Checking]    out: [INFO] 
10:21:16.396 [INFO]   [Checking]    deserializing line [DIFFBLUE]{"__type":"com.diffblue.cover.buildsystem.model.DefaultEventMessage","project":"com.paritytrading.parity:parity-file","goal":"test","cause":null,"state":"SUCCESS"}
10:21:16.425 [INFO]   [Checking]    deserializing line [DIFFBLUE]{"__type":"com.diffblue.cover.buildsystem.model.DefaultProjectModuleMessage","project":{"__type":"DefaultProjectModule","junitReport":["/home/jbergqvist/diffblue/paritytrading-parity/libraries/file/target/surefire-reports"],"jacocoReport":["/home/jbergqvist/diffblue/paritytrading-parity/libraries/file/target/site/jacoco/jacoco.xml"],"jacocoDestFile":["/home/jbergqvist/diffblue/paritytrading-parity/libraries/file/target/jacoco.exec"],"jacocoFormats":["xml"],"jacocoSkipped":false,"classpath":["/home/jbergqvist/diffblue/paritytrading-parity/libraries/file/target/classes","/home/jbergqvist/.m2/repository/org/junit/jupiter/junit-jupiter/5.7.0/junit-jupiter-5.7.0.jar","/home/jbergqvist/.m2/repository/org/junit/jupiter/junit-jupiter-api/5.7.0/junit-jupiter-api-5.7.0.jar","/home/jbergqvist/.m2/repository/org/apiguardian/apiguardian-api/1.1.0/apiguardian-api-1.1.0.jar","/home/jbergqvist/.m2/repository/org/opentest4j/opentest4j/1.2.0/opentest4j-1.2.0.jar","/home/jbergqvist/.m2/repository/org/junit/platform/junit-platform-commons/1.7.0/junit-platform-commons-1.7.0.jar","/home/jbergqvist/.m2/repository/org/junit/jupiter/junit-jupiter-params/5.7.0/junit-jupiter-params-5.7.0.jar","/home/jbergqvist/.m2/repository/org/junit/jupiter/junit-jupiter-engine/5.7.0/junit-jupiter-engine-5.7.0.jar","/home/jbergqvist/.m2/repository/org/junit/platform/junit-platform-engine/1.7.0/junit-platform-engine-1.7.0.jar","/home/jbergqvist/.m2/repository/com/diffblue/cover/cover-annotations/1.9.0/cover-annotations-1.9.0.jar","/home/jbergqvist/.m2/repository/org/mockito/mockito-core/4.11.0/mockito-core-4.11.0.jar","/home/jbergqvist/.m2/repository/net/bytebuddy/byte-buddy/1.12.19/byte-buddy-1.12.19.jar","/home/jbergqvist/.m2/repository/net/bytebuddy/byte-buddy-agent/1.12.19/byte-buddy-agent-1.12.19.jar","/home/jbergqvist/.m2/repository/org/objenesis/objenesis/3.3/objenesis-3.3.jar","/home/jbergqvist/.m2/repository/org/mockito/mockito-junit-jupiter/4.11.0/mockito-junit-jupiter-4.11.0.jar"],"complianceLevel":"1.8","productionSources":["/home/jbergqvist/diffblue/paritytrading-parity/libraries/file/src/main/java"],"testSources":["/home/jbergqvist/diffblue/paritytrading-parity/libraries/file/src/test/java"],"productionClasses":"/home/jbergqvist/diffblue/paritytrading-parity/libraries/file/target/classes","testClasses":"/home/jbergqvist/diffblue/paritytrading-parity/libraries/file/target/test-classes","sourceToBuildPathMap":null,"testSourceToBuildPathMap":null,"buildDirectory":"/home/jbergqvist/diffblue/paritytrading-parity/libraries/file/target","plugins":[{"__type":"DefaultPlugin","groupId":"org.apache.maven.plugins","artefactId":"maven-enforcer-plugin","version":"1.0","pluginClassName":null},{"__type":"DefaultPlugin","groupId":"org.apache.maven.plugins","artefactId":"maven-checkstyle-plugin","version":"3.1.0","pluginClassName":null},{"__type":"DefaultPlugin","groupId":"org.apache.maven.plugins","artefactId":"maven-compiler-plugin","version":"3.8.0","pluginClassName":null},{"__type":"DefaultPlugin","groupId":"org.apache.maven.plugins","artefactId":"maven-javadoc-plugin","version":"3.0.1","pluginClassName":null},{"__type":"DefaultPlugin","groupId":"org.apache.maven.plugins","artefactId":"maven-release-plugin","version":"2.5.3","pluginClassName":null},{"__type":"DefaultPlugin","groupId":"org.apache.maven.plugins","artefactId":"maven-clean-plugin","version":"3.2.0","pluginClassName":null},{"__type":"DefaultPlugin","groupId":"org.apache.maven.plugins","artefactId":"maven-resources-plugin","version":"3.3.1","pluginClassName":null},{"__type":"DefaultPlugin","groupId":"org.apache.maven.plugins","artefactId":"maven-jar-plugin","version":"3.4.1","pluginClassName":null},{"__type":"DefaultPlugin","groupId":"org.apache.maven.plugins","artefactId":"maven-surefire-plugin","version":"3.0.0-M5","pluginClassName":null},{"__type":"DefaultPlugin","groupId":"org.apache.maven.plugins","artefactId":"maven-install-plugin","version":"3.1.2","pluginClassName":null},{"__type":"DefaultPlugin","groupId":"org.apache.maven.plugins","artefactId":"maven-deploy-plugin","version":"2.8.2","pluginClassName":null},{"__type":"DefaultPlugin","groupId":"org.apache.maven.plugins","artefactId":"maven-site-plugin","version":"3.12.1","pluginClassName":null}],"version":"3.9.12","encoding":"UTF-8","name":"maven","subModules":[],"simpleModuleName":null,"parentModuleName":"com.paritytrading.parity:parity-parent","location":"/home/jbergqvist/diffblue/paritytrading-parity/libraries/file","fullModuleName":"com.paritytrading.parity:parity-file"}}
10:21:16.429 [INFO]   [Checking]    out: [INFO] ------------------------------------------------------------------------
10:21:16.430 [INFO]   [Checking]    out: [INFO] BUILD SUCCESS
10:21:16.430 [INFO]   [Checking]    out: [INFO] ------------------------------------------------------------------------
10:21:16.430 [INFO]   [Checking]    out: [INFO] Total time:  1.730 s
10:21:16.430 [INFO]   [Checking]    out: [INFO] Finished at: 2026-01-20T10:21:16Z
10:21:16.430 [INFO]   [Checking]    out: [INFO] ------------------------------------------------------------------------
10:21:16.430 [INFO]   [Checking]    deserializing line [DIFFBLUE]{"__type":"com.diffblue.cover.buildsystem.model.ProjectInfoMessage","projectName":"com.paritytrading.parity:parity-file","productionSources":["/home/jbergqvist/diffblue/paritytrading-parity/libraries/file/src/main/java","/home/jbergqvist/diffblue/paritytrading-parity/libraries/file/target/generated-sources/annotations"],"testSources":["/home/jbergqvist/diffblue/paritytrading-parity/libraries/file/src/test/java","/home/jbergqvist/diffblue/paritytrading-parity/libraries/file/target/generated-test-sources/test-annotations"],"location":"/home/jbergqvist/diffblue/paritytrading-parity/libraries/file"}
10:21:16.465 [INFO]   [Checking]    maven:err process not stopped, joining thread
10:21:16.466 [INFO]   [Checking]    maven:out process not stopped, joining thread
10:21:16.480 [INFO]   [Checking]    Selected test framework: JUnit Jupiter API
10:21:16.483 [INFO]   [Checking]    Detected Mockito JUnit Jupiter version 4.11.0
10:21:16.496 [INFO]   [Checking]    Using default build rules as no custom rules found in any of [/home/jbergqvist/diffblue/paritytrading-parity/libraries/file, /home/jbergqvist/diffblue/paritytrading-parity]
10:21:16.497 [INFO]   [Checking]    Attempting to invoke mvnw in working directory: /home/jbergqvist/diffblue/paritytrading-parity
10:21:16.497 [INFO]   [Checking]    Attempting to invoke /home/jbergqvist/.sdkman/candidates/maven/current/bin/mvn in working directory: /home/jbergqvist/diffblue/paritytrading-parity
10:21:16.498 [INFO]   [Checking]    Started "/home/jbergqvist/.sdkman/candidates/maven/current/bin/mvn -Dmaven.ext.class.path=/opt/cover/cover-buildsystem-maven-spy-jar-with-dependencies.jar -Dcom.diffblue.cover.skipTests=true -DskipTestOptimizer --batch-mode --projects=com.paritytrading.parity:parity-file --global-settings=/home/jbergqvist/.sdkman/candidates/maven/current/conf/settings.xml -Dcheckstyle.skip=true test -DfailIfNoTests=false -Dsurefire.failIfNoSpecifiedTests=false -Dmaven.test.failure.ignore=True -Dtest=DummyJUnitJupiterLauncherDiffblueTest7763059934992154041"
10:21:17.296 [INFO]   [Checking]    out: [INFO] Scanning for projects...
10:21:17.395 [INFO]   [Checking]    out: [INFO] 
10:21:17.395 [INFO]   [Checking]    out: [INFO] ----------------< com.paritytrading.parity:parity-file >----------------
10:21:17.395 [INFO]   [Checking]    out: [INFO] Building Parity File Formats 0.7.1-SNAPSHOT
10:21:17.395 [INFO]   [Checking]    out: [INFO]   from pom.xml
10:21:17.395 [INFO]   [Checking]    out: [INFO] --------------------------------[ jar ]---------------------------------
10:21:17.660 [INFO]   [Checking]    deserializing line [DIFFBLUE]{"__type":"com.diffblue.cover.buildsystem.model.DefaultEventMessage","project":"com.paritytrading.parity:parity-file","goal":"enforce","cause":null,"state":"STARTED"}
10:21:17.662 [INFO]   [Checking]    out: [INFO] 
10:21:17.662 [INFO]   [Checking]    out: [INFO] --- enforcer:1.0:enforce (enforce-maven) @ parity-file ---
10:21:17.784 [INFO]   [Checking]    deserializing line [DIFFBLUE]{"__type":"com.diffblue.cover.buildsystem.model.DefaultEventMessage","project":"com.paritytrading.parity:parity-file","goal":"enforce","cause":null,"state":"SUCCESS"}
10:21:17.786 [INFO]   [Checking]    deserializing line [DIFFBLUE]{"__type":"com.diffblue.cover.buildsystem.model.DefaultEventMessage","project":"com.paritytrading.parity:parity-file","goal":"resources","cause":null,"state":"STARTED"}
10:21:17.787 [INFO]   [Checking]    out: [INFO] 
10:21:17.787 [INFO]   [Checking]    out: [INFO] --- resources:3.3.1:resources (default-resources) @ parity-file ---
10:21:17.833 [INFO]   [Checking]    out: [INFO] skip non existing resourceDirectory /home/jbergqvist/diffblue/paritytrading-parity/libraries/file/src/main/resources
10:21:17.834 [INFO]   [Checking]    deserializing line [DIFFBLUE]{"__type":"com.diffblue.cover.buildsystem.model.DefaultEventMessage","project":"com.paritytrading.parity:parity-file","goal":"resources","cause":null,"state":"SUCCESS"}
10:21:17.836 [INFO]   [Checking]    deserializing line [DIFFBLUE]{"__type":"com.diffblue.cover.buildsystem.model.DefaultEventMessage","project":"com.paritytrading.parity:parity-file","goal":"compile","cause":null,"state":"STARTED"}
10:21:17.837 [INFO]   [Checking]    out: [INFO] 
10:21:17.837 [INFO]   [Checking]    out: [INFO] --- compiler:3.8.0:compile (default-compile) @ parity-file ---
10:21:17.964 [INFO]   [Checking]    out: [INFO] Changes detected - recompiling the module!
10:21:17.967 [INFO]   [Checking]    out: [INFO] Compiling 4 source files to /home/jbergqvist/diffblue/paritytrading-parity/libraries/file/target/classes
10:21:18.207 [INFO]   [Checking]    deserializing line [DIFFBLUE]{"__type":"com.diffblue.cover.buildsystem.model.DefaultEventMessage","project":"com.paritytrading.parity:parity-file","goal":"compile","cause":null,"state":"SUCCESS"}
10:21:18.209 [INFO]   [Checking]    deserializing line [DIFFBLUE]{"__type":"com.diffblue.cover.buildsystem.model.DefaultEventMessage","project":"com.paritytrading.parity:parity-file","goal":"testResources","cause":null,"state":"STARTED"}
10:21:18.209 [INFO]   [Checking]    out: [INFO] 
10:21:18.209 [INFO]   [Checking]    out: [INFO] --- resources:3.3.1:testResources (default-testResources) @ parity-file ---
10:21:18.210 [INFO]   [Checking]    out: [INFO] skip non existing resourceDirectory /home/jbergqvist/diffblue/paritytrading-parity/libraries/file/src/test/resources
10:21:18.211 [INFO]   [Checking]    deserializing line [DIFFBLUE]{"__type":"com.diffblue.cover.buildsystem.model.DefaultEventMessage","project":"com.paritytrading.parity:parity-file","goal":"testResources","cause":null,"state":"SUCCESS"}
10:21:18.212 [INFO]   [Checking]    deserializing line [DIFFBLUE]{"__type":"com.diffblue.cover.buildsystem.model.DefaultEventMessage","project":"com.paritytrading.parity:parity-file","goal":"testCompile","cause":null,"state":"STARTED"}
10:21:18.213 [INFO]   [Checking]    out: [INFO] 
10:21:18.213 [INFO]   [Checking]    out: [INFO] --- compiler:3.8.0:testCompile (default-testCompile) @ parity-file ---
10:21:18.215 [INFO]   [Checking]    out: [INFO] Changes detected - recompiling the module!
10:21:18.216 [INFO]   [Checking]    out: [INFO] Compiling 6 source files to /home/jbergqvist/diffblue/paritytrading-parity/libraries/file/target/test-classes
10:21:18.323 [INFO]   [Checking]    out: [INFO] /home/jbergqvist/diffblue/paritytrading-parity/libraries/file/src/test/java/com/paritytrading/parity/file/taq/TAQConfigDiffblueTest.java: /home/jbergqvist/diffblue/paritytrading-parity/libraries/file/src/test/java/com/paritytrading/parity/file/taq/TAQConfigDiffblueTest.java uses unchecked or unsafe operations.
10:21:18.324 [INFO]   [Checking]    out: [INFO] /home/jbergqvist/diffblue/paritytrading-parity/libraries/file/src/test/java/com/paritytrading/parity/file/taq/TAQConfigDiffblueTest.java: Recompile with -Xlint:unchecked for details.
10:21:18.325 [INFO]   [Checking]    deserializing line [DIFFBLUE]{"__type":"com.diffblue.cover.buildsystem.model.DefaultEventMessage","project":"com.paritytrading.parity:parity-file","goal":"testCompile","cause":null,"state":"SUCCESS"}
10:21:18.327 [INFO]   [Checking]    deserializing line [DIFFBLUE]{"__type":"com.diffblue.cover.buildsystem.model.DefaultEventMessage","project":"com.paritytrading.parity:parity-file","goal":"test","cause":null,"state":"STARTED"}
10:21:18.328 [INFO]   [Checking]    out: [INFO] 
10:21:18.328 [INFO]   [Checking]    out: [INFO] --- surefire:3.0.0-M5:test (default-test) @ parity-file ---
10:21:18.638 [INFO]   [Checking]    out: [INFO] 
10:21:18.638 [INFO]   [Checking]    out: [INFO] -------------------------------------------------------
10:21:18.638 [INFO]   [Checking]    out: [INFO]  T E S T S
10:21:18.638 [INFO]   [Checking]    out: [INFO] -------------------------------------------------------
10:21:18.960 [INFO]   [Checking]    out: [INFO] Running DummyJUnitJupiterLauncherDiffblueTest7763059934992154041
10:21:18.990 [INFO]   [Checking]    out: [INFO] Tests run: 1, Failures: 0, Errors: 0, Skipped: 0, Time elapsed: 0.028 s - in DummyJUnitJupiterLauncherDiffblueTest7763059934992154041
10:21:18.997 [INFO]   [Checking]    out: [INFO] 
10:21:18.997 [INFO]   [Checking]    out: [INFO] Results:
10:21:18.997 [INFO]   [Checking]    out: [INFO] 
10:21:18.997 [INFO]   [Checking]    out: [INFO] Tests run: 1, Failures: 0, Errors: 0, Skipped: 0
10:21:18.997 [INFO]   [Checking]    out: [INFO] 
10:21:19.000 [INFO]   [Checking]    deserializing line [DIFFBLUE]{"__type":"com.diffblue.cover.buildsystem.model.DefaultEventMessage","project":"com.paritytrading.parity:parity-file","goal":"test","cause":null,"state":"SUCCESS"}
10:21:19.028 [INFO]   [Checking]    deserializing line [DIFFBLUE]{"__type":"com.diffblue.cover.buildsystem.model.DefaultProjectModuleMessage","project":{"__type":"DefaultProjectModule","junitReport":["/home/jbergqvist/diffblue/paritytrading-parity/libraries/file/target/surefire-reports"],"jacocoReport":["/home/jbergqvist/diffblue/paritytrading-parity/libraries/file/target/site/jacoco/jacoco.xml"],"jacocoDestFile":["/home/jbergqvist/diffblue/paritytrading-parity/libraries/file/target/jacoco.exec"],"jacocoFormats":["xml"],"jacocoSkipped":false,"classpath":["/home/jbergqvist/diffblue/paritytrading-parity/libraries/file/target/classes","/home/jbergqvist/.m2/repository/org/junit/jupiter/junit-jupiter/5.7.0/junit-jupiter-5.7.0.jar","/home/jbergqvist/.m2/repository/org/junit/jupiter/junit-jupiter-api/5.7.0/junit-jupiter-api-5.7.0.jar","/home/jbergqvist/.m2/repository/org/apiguardian/apiguardian-api/1.1.0/apiguardian-api-1.1.0.jar","/home/jbergqvist/.m2/repository/org/opentest4j/opentest4j/1.2.0/opentest4j-1.2.0.jar","/home/jbergqvist/.m2/repository/org/junit/platform/junit-platform-commons/1.7.0/junit-platform-commons-1.7.0.jar","/home/jbergqvist/.m2/repository/org/junit/jupiter/junit-jupiter-params/5.7.0/junit-jupiter-params-5.7.0.jar","/home/jbergqvist/.m2/repository/org/junit/jupiter/junit-jupiter-engine/5.7.0/junit-jupiter-engine-5.7.0.jar","/home/jbergqvist/.m2/repository/org/junit/platform/junit-platform-engine/1.7.0/junit-platform-engine-1.7.0.jar","/home/jbergqvist/.m2/repository/com/diffblue/cover/cover-annotations/1.9.0/cover-annotations-1.9.0.jar","/home/jbergqvist/.m2/repository/org/mockito/mockito-core/4.11.0/mockito-core-4.11.0.jar","/home/jbergqvist/.m2/repository/net/bytebuddy/byte-buddy/1.12.19/byte-buddy-1.12.19.jar","/home/jbergqvist/.m2/repository/net/bytebuddy/byte-buddy-agent/1.12.19/byte-buddy-agent-1.12.19.jar","/home/jbergqvist/.m2/repository/org/objenesis/objenesis/3.3/objenesis-3.3.jar","/home/jbergqvist/.m2/repository/org/mockito/mockito-junit-jupiter/4.11.0/mockito-junit-jupiter-4.11.0.jar"],"complianceLevel":"1.8","productionSources":["/home/jbergqvist/diffblue/paritytrading-parity/libraries/file/src/main/java"],"testSources":["/home/jbergqvist/diffblue/paritytrading-parity/libraries/file/src/test/java"],"productionClasses":"/home/jbergqvist/diffblue/paritytrading-parity/libraries/file/target/classes","testClasses":"/home/jbergqvist/diffblue/paritytrading-parity/libraries/file/target/test-classes","sourceToBuildPathMap":null,"testSourceToBuildPathMap":null,"buildDirectory":"/home/jbergqvist/diffblue/paritytrading-parity/libraries/file/target","plugins":[{"__type":"DefaultPlugin","groupId":"org.apache.maven.plugins","artefactId":"maven-enforcer-plugin","version":"1.0","pluginClassName":null},{"__type":"DefaultPlugin","groupId":"org.apache.maven.plugins","artefactId":"maven-checkstyle-plugin","version":"3.1.0","pluginClassName":null},{"__type":"DefaultPlugin","groupId":"org.apache.maven.plugins","artefactId":"maven-compiler-plugin","version":"3.8.0","pluginClassName":null},{"__type":"DefaultPlugin","groupId":"org.apache.maven.plugins","artefactId":"maven-javadoc-plugin","version":"3.0.1","pluginClassName":null},{"__type":"DefaultPlugin","groupId":"org.apache.maven.plugins","artefactId":"maven-release-plugin","version":"2.5.3","pluginClassName":null},{"__type":"DefaultPlugin","groupId":"org.apache.maven.plugins","artefactId":"maven-clean-plugin","version":"3.2.0","pluginClassName":null},{"__type":"DefaultPlugin","groupId":"org.apache.maven.plugins","artefactId":"maven-resources-plugin","version":"3.3.1","pluginClassName":null},{"__type":"DefaultPlugin","groupId":"org.apache.maven.plugins","artefactId":"maven-jar-plugin","version":"3.4.1","pluginClassName":null},{"__type":"DefaultPlugin","groupId":"org.apache.maven.plugins","artefactId":"maven-surefire-plugin","version":"3.0.0-M5","pluginClassName":null},{"__type":"DefaultPlugin","groupId":"org.apache.maven.plugins","artefactId":"maven-install-plugin","version":"3.1.2","pluginClassName":null},{"__type":"DefaultPlugin","groupId":"org.apache.maven.plugins","artefactId":"maven-deploy-plugin","version":"2.8.2","pluginClassName":null},{"__type":"DefaultPlugin","groupId":"org.apache.maven.plugins","artefactId":"maven-site-plugin","version":"3.12.1","pluginClassName":null}],"version":"3.9.12","encoding":"UTF-8","name":"maven","subModules":[],"simpleModuleName":null,"parentModuleName":"com.paritytrading.parity:parity-parent","location":"/home/jbergqvist/diffblue/paritytrading-parity/libraries/file","fullModuleName":"com.paritytrading.parity:parity-file"}}
10:21:19.030 [INFO]   [Checking]    out: [INFO] ------------------------------------------------------------------------
10:21:19.031 [INFO]   [Checking]    out: [INFO] BUILD SUCCESS
10:21:19.031 [INFO]   [Checking]    out: [INFO] ------------------------------------------------------------------------
10:21:19.031 [INFO]   [Checking]    out: [INFO] Total time:  1.749 s
10:21:19.031 [INFO]   [Checking]    out: [INFO] Finished at: 2026-01-20T10:21:19Z
10:21:19.031 [INFO]   [Checking]    out: [INFO] ------------------------------------------------------------------------
10:21:19.031 [INFO]   [Checking]    deserializing line [DIFFBLUE]{"__type":"com.diffblue.cover.buildsystem.model.ProjectInfoMessage","projectName":"com.paritytrading.parity:parity-file","productionSources":["/home/jbergqvist/diffblue/paritytrading-parity/libraries/file/src/main/java","/home/jbergqvist/diffblue/paritytrading-parity/libraries/file/target/generated-sources/annotations"],"testSources":["/home/jbergqvist/diffblue/paritytrading-parity/libraries/file/src/test/java","/home/jbergqvist/diffblue/paritytrading-parity/libraries/file/target/generated-test-sources/test-annotations"],"location":"/home/jbergqvist/diffblue/paritytrading-parity/libraries/file"}
10:21:19.055 [INFO]   [Checking]    maven:err process not stopped, joining thread
10:21:19.056 [INFO]   [Checking]    maven:out process not stopped, joining thread
10:21:19.098 [INFO]   [Checking]    Detected JVM architecture: 64-Bit
10:21:19.117 [INFO]   [Checking]    Detected Cover Annotations version 1.9.0
10:21:19.195 [INFO]   [Checking]    Selected Java language compliance level: 1.8
10:21:19.196 [INFO]   [Checking]    Selected test validation: enabled
10:21:19.547 [INFO]   [Checking]    Prefixes for filtering classes/methods:
10:21:19.554 [INFO]   [Checking]    - com.paritytrading.parity.file.taq
10:21:19.555 [INFO]   [Checking]    Gathering methods to test...
10:21:19.859 [INFO]   [Reporting]   
10:21:19.860 [INFO]   [Reporting]   Environment summary for module: com.paritytrading.parity:parity-file
10:21:19.860 [INFO]   [Reporting]   --------------------------------------------------------------------
10:21:19.860 [INFO]   [Reporting]   Java version                   1.8.0_472                     SUCCESS        
10:21:19.860 [INFO]   [Reporting]   Build system                   Maven                         SUCCESS        
10:21:19.860 [INFO]   [Reporting]   Mocking Framework              Mockito Core 4.11.0           SUCCESS        
10:21:19.860 [INFO]   [Reporting]   Surefire version               3.0.0-M5                      SUCCESS        
10:21:19.860 [INFO]   [Reporting]   Testing framework              JUnit Jupiter                 SUCCESS        
10:21:19.860 [INFO]   [Reporting]   Mockito JUnit Jupiter version  4.11.0                        SUCCESS        
10:21:19.860 [INFO]   [Reporting]   JavaEE version                 Skipped                       -----          
10:21:19.860 [INFO]   [Reporting]   OSGi Annotations               Not Detected                  -----          
10:21:19.860 [INFO]   [Reporting]   Javax WS RS API                Not Detected                  -----          
10:21:19.860 [INFO]   [Reporting]   Jakarta RESTful WS API         Not Detected                  -----          
10:21:19.860 [INFO]   [Reporting]   Jersey Server                  Not Detected                  -----          
10:21:19.860 [INFO]   [Reporting]   Jersey Test Framework          Not Detected                  -----          
10:21:19.860 [INFO]   [Reporting]   Jersey Test Provider InMemory  Not Detected                  -----          
10:21:19.860 [INFO]   [Reporting]   Guice Framework                Not Detected                  -----          
10:21:19.860 [INFO]   [Reporting]   JaCoCo plugin version          0.8.11                        SUCCESS        
10:21:19.860 [INFO]   [Reporting]   Launcher                       JUnit Jupiter                 SUCCESS        
10:21:19.860 [INFO]   [Reporting]   Quarkus                        Not Detected                  -----          
10:21:19.860 [INFO]   [Reporting]   Test validation                Enabled                       SUCCESS        
10:21:19.860 [INFO]   [Reporting]   Hamcrest                       Not Detected                  -----          
10:21:19.860 [INFO]   [Reporting]   Spring Core                    Not Detected                  -----          
10:21:19.860 [INFO]   [Reporting]   Spring Boot                    Skipped                       -----          
10:21:19.860 [INFO]   [Reporting]   Spring Boot Starter Webflux    Skipped                       -----          
10:21:19.860 [INFO]   [Reporting]   Spring Boot Test Autoconfigure Skipped                       -----          
10:21:19.860 [INFO]   [Reporting]   Spring Boot Test               Skipped                       -----          
10:21:19.860 [INFO]   [Reporting]   Spring Web                     Skipped                       -----          
10:21:19.860 [INFO]   [Reporting]   Spring Security Web            Skipped                       -----          
10:21:19.861 [INFO]   [Reporting]   Spring Test                    Skipped                       -----          
10:21:19.861 [INFO]   [Reporting]   
10:21:19.861 [INFO]   [Reporting]   Environment check status: SUCCESS
10:21:20.076 [INFO]   [Creating]    Found 24 callable methods in 5 classes
10:21:20.076 [INFO]   [Creating]    
10:21:20.076 [INFO]   [Creating]    Creating tests:
10:21:20.076 [INFO]   [Creating]    ---------------
10:21:20.080 [INFO]   [Creating]    
================================================================================
= Starting analysis for class 'com.paritytrading.parity.file.taq.TAQ$Quote'
================================================================================
10:21:20.081 [INFO]   [Creating]    Filtering out non-testable methods...
10:21:20.604 [INFO]   [Creating]    Filtering of methods complete. Creating analysis request
10:21:20.605 [INFO]   [Creating]    Attempting to get service client, retry 1.
10:21:20.609 [INFO]   [Creating]    Starting monitoring server.
10:21:21.014 [INFO]   [Creating]    Monitoring server listening on localhost/127.0.0.1:40645
10:21:21.053 [INFO]   [Creating]    Starting analyzer server process...
10:21:21.053 [INFO]   [Creating]    Server command-line: /home/jbergqvist/.sdkman/candidates/java/8.0.472-amzn/jre/bin/java -XX:+IgnoreUnrecognizedVMOptions -Djdk.attach.allowAttachSelf=true -Djdk.jar.maxSignatureFileSize=100000000 -ea -javaagent:/opt/cover/launcher-shared-jar.jar -Dlogback.configurationFile=/tmp/diffblue/config/logback-remote-service.xml -Dcom.diffblue.springIsolationJar=/opt/cover/cover-isolation-layer.jar -Dcover.jar.path=/opt/cover/cover-service-analyzer.jar -Dcom.diffblue.assertionSuggestionJar=/opt/cover/cover-service-analyzer.jar -Dcover.main.class=com.diffblue.cover.service.analyzer.Main -jar /opt/cover/launcher-shared-jar.jar --service-lifespan 120 --monitoring-service-port 40645 --index-service-port 40645 --debug-log
10:21:21.054 [INFO]   [Creating]    Server started. Waiting up to 300 seconds for a connection to be established...
10:21:21.909 [INFO]   [Creating]    Starting new remote monitor client
10:21:22.233 [INFO]   [Creating]    Attempting to start remote server.
10:21:22.443 [INFO]   [Creating]    Server started, listening on localhost/127.0.0.1:43541
10:21:22.446 [INFO]   [Creating]    Expect analyzer service to be listening on port 43541.
10:21:22.633 [INFO]   [Creating]    Started analyzer service and client retrieved.
10:21:30.201 [INFO]   [Creating]         [1/24] com.paritytrading.parity.file.taq.TAQ$Quote.<init>
10:21:30.201 [INFO]   [Creating]         [1/24]   Tests created: 1
10:21:30.205 [INFO]   [Creating]    [1/5] com.paritytrading.parity.file.taq.TAQ$Quote
10:21:30.205 [INFO]   [Creating]    [1/5]   Tests created: 1
10:21:30.206 [INFO]   [Creating]    
================================================================================
= Starting analysis for class 'com.paritytrading.parity.file.taq.TAQ$Trade'
================================================================================
10:21:30.206 [INFO]   [Creating]    Filtering out non-testable methods...
10:21:30.208 [INFO]   [Creating]    Filtering of methods complete. Creating analysis request
10:21:30.208 [INFO]   [Creating]    Attempting to get service client, retry 1.
10:21:30.500 [INFO]   [Creating]         [2/24] com.paritytrading.parity.file.taq.TAQ$Trade.<init>
10:21:30.500 [INFO]   [Creating]         [2/24]   Tests created: 1
10:21:30.503 [INFO]   [Creating]    [2/5] com.paritytrading.parity.file.taq.TAQ$Trade
10:21:30.503 [INFO]   [Creating]    [2/5]   Tests created: 1
10:21:30.504 [INFO]   [Creating]    
================================================================================
= Starting analysis for class 'com.paritytrading.parity.file.taq.TAQConfig'
================================================================================
10:21:30.504 [INFO]   [Creating]    Filtering out non-testable methods...
10:21:30.515 [INFO]   [Creating]    Filtering of methods complete. Creating analysis request
10:21:30.515 [INFO]   [Creating]    Attempting to get service client, retry 1.
10:21:32.802 [INFO]   [Creating]         [3/24] com.paritytrading.parity.file.taq.TAQConfig.getEncoding
10:21:32.802 [INFO]   [Creating]         [3/24]   Tests created: 1
10:21:33.503 [INFO]   [Creating]         [4/24] com.paritytrading.parity.file.taq.TAQConfig.getPriceFormat
10:21:33.503 [INFO]   [Creating]         [4/24]   Tests created: 1
10:21:33.663 [INFO]   [Creating]         [5/24] com.paritytrading.parity.file.taq.TAQConfig.getSizeFormat
10:21:33.663 [INFO]   [Creating]         [5/24]   Tests created: 1
10:21:33.665 [INFO]   [Creating]    [3/5] com.paritytrading.parity.file.taq.TAQConfig
10:21:33.666 [INFO]   [Creating]    [3/5]   Tests created: 3
10:21:33.667 [INFO]   [Creating]    
================================================================================
= Starting analysis for class 'com.paritytrading.parity.file.taq.TAQConfig$Builder'
================================================================================
10:21:33.667 [INFO]   [Creating]    Filtering out non-testable methods...
10:21:33.680 [INFO]   [Creating]    Filtering of methods complete. Creating analysis request
10:21:33.680 [INFO]   [Creating]    Attempting to get service client, retry 1.
10:21:34.349 [INFO]   [Creating]         [6/24] com.paritytrading.parity.file.taq.TAQConfig$Builder.build
10:21:34.349 [INFO]   [Creating]         [7/24] com.paritytrading.parity.file.taq.TAQConfig$Builder.setEncoding
10:21:34.349 [INFO]   [Creating]         [7/24]   Tests created: 1
10:21:34.351 [INFO]   [Creating]         [8/24] com.paritytrading.parity.file.taq.TAQConfig$Builder.<init>
10:21:34.351 [INFO]   [Creating]         [8/24]   R003: Test did not increase coverage
10:21:34.351 [INFO]   [Creating]         [8/24]     Diffblue Cover could not find a test that improves the coverage already
10:21:34.351 [INFO]   [Creating]         [8/24]     provided by existing tests.
10:21:35.630 [INFO]   [Creating]         [9/24] com.paritytrading.parity.file.taq.TAQConfig$Builder.setPriceFractionDigits
10:21:35.630 [INFO]   [Creating]         [9/24]   Tests created: 1
10:21:36.418 [INFO]   [Creating]        [10/24] com.paritytrading.parity.file.taq.TAQConfig$Builder.setPriceFractionDigits
10:21:36.418 [INFO]   [Creating]        [10/24]   Tests created: 2
10:21:36.784 [INFO]   [Creating]        [11/24] com.paritytrading.parity.file.taq.TAQConfig$Builder.setSizeFractionDigits
10:21:36.784 [INFO]   [Creating]        [11/24]   Tests created: 1
10:21:37.250 [INFO]   [Creating]        [12/24] com.paritytrading.parity.file.taq.TAQConfig$Builder.setSizeFractionDigits
10:21:37.250 [INFO]   [Creating]        [12/24]   Tests created: 1
10:21:37.253 [INFO]   [Creating]    [4/5] com.paritytrading.parity.file.taq.TAQConfig$Builder
10:21:37.253 [INFO]   [Creating]    [4/5]   Tests created: 6
10:21:37.255 [INFO]   [Creating]    
================================================================================
= Starting analysis for class 'com.paritytrading.parity.file.taq.TAQWriter'
================================================================================
10:21:37.255 [INFO]   [Creating]    Filtering out non-testable methods...
10:21:37.272 [INFO]   [Creating]    Filtering of methods complete. Creating analysis request
10:21:37.272 [INFO]   [Creating]    Attempting to get service client, retry 1.
10:21:37.442 [INFO]   [Creating]        [13/24] com.paritytrading.parity.file.taq.TAQWriter.getBuffer
10:21:37.442 [INFO]   [Creating]        [14/24] com.paritytrading.parity.file.taq.TAQWriter.getConfig
10:21:37.442 [INFO]   [Creating]        [15/24] com.paritytrading.parity.file.taq.TAQWriter.getPosition
10:21:37.442 [INFO]   [Creating]        [16/24] com.paritytrading.parity.file.taq.TAQWriter.getSink
10:21:37.442 [INFO]   [Creating]        [16/24]   R020: Temporary files were created but not deleted
10:21:37.442 [INFO]   [Creating]        [16/24]     The method under test created the following temporary files without deleting
10:21:37.442 [INFO]   [Creating]        [16/24]     them:
10:21:37.442 [INFO]   [Creating]        [16/24]     - '/tmp/test.txt'
10:21:37.442 [INFO]   [Creating]        [16/24]     Please ensure that temporary files are deleted in the method under test.
10:21:37.442 [INFO]   [Creating]        [16/24]     See https://diff.blue/R020
10:21:38.759 [INFO]   [Creating]        [17/24] com.paritytrading.parity.file.taq.TAQWriter.<init>
10:21:38.759 [INFO]   [Creating]        [17/24]   R020: Temporary files were created but not deleted
10:21:38.759 [INFO]   [Creating]        [17/24]     The method under test created the following temporary files without deleting
10:21:38.759 [INFO]   [Creating]        [17/24]     them:
10:21:38.759 [INFO]   [Creating]        [17/24]     - '/tmp/test.txt'
10:21:38.759 [INFO]   [Creating]        [17/24]     Please ensure that temporary files are deleted in the method under test.
10:21:38.759 [INFO]   [Creating]        [17/24]     See https://diff.blue/R020
10:21:39.339 [INFO]   [Creating]        [18/24] com.paritytrading.parity.file.taq.TAQWriter.<init>
10:21:39.339 [INFO]   [Creating]        [18/24]   R020: Temporary files were created but not deleted
10:21:39.339 [INFO]   [Creating]        [18/24]     The method under test created the following temporary files without deleting
10:21:39.339 [INFO]   [Creating]        [18/24]     them:
10:21:39.339 [INFO]   [Creating]        [18/24]     - '/tmp/test.txt'
10:21:39.339 [INFO]   [Creating]        [18/24]     Please ensure that temporary files are deleted in the method under test.
10:21:39.339 [INFO]   [Creating]        [18/24]     See https://diff.blue/R020
10:21:40.099 [INFO]   [Creating]        [19/24] com.paritytrading.parity.file.taq.TAQWriter.<init>
10:21:40.100 [INFO]   [Creating]        [19/24]   Tests created: 1
10:21:40.353 [INFO]   [Creating]        [20/24] com.paritytrading.parity.file.taq.TAQWriter.<init>
10:21:40.353 [INFO]   [Creating]        [20/24]   Tests created: 1
10:21:40.493 [INFO]   [Creating]        [21/24] com.paritytrading.parity.file.taq.TAQWriter.close
10:21:40.493 [INFO]   [Creating]        [21/24]   Diffblue AI was unable to find a test
10:21:41.618 [INFO]   [Creating]        [22/24] com.paritytrading.parity.file.taq.TAQWriter.flush
10:21:41.618 [INFO]   [Creating]        [22/24]   Diffblue AI was unable to find a test
10:21:42.556 [INFO]   [Creating]        [23/24] com.paritytrading.parity.file.taq.TAQWriter.write
10:21:42.556 [INFO]   [Creating]        [23/24]   Tests created: 2
10:21:42.668 [INFO]   [Creating]        [24/24] com.paritytrading.parity.file.taq.TAQWriter.write
10:21:42.668 [INFO]   [Creating]        [24/24]   Tests created: 2
10:21:42.670 [INFO]   [Creating]    [5/5] com.paritytrading.parity.file.taq.TAQWriter
10:21:42.670 [INFO]   [Creating]    [5/5]   Tests created: 6
10:21:42.677 [INFO]   [Reporting]   
10:21:42.678 [INFO]   [Reporting]   Test creation summary for module: com.paritytrading.parity:parity-file
10:21:42.678 [INFO]   [Reporting]   ----------------------------------------------------------------------
10:21:42.678 [INFO]   [Reporting]   Total:                                              24 methods
10:21:42.678 [INFO]   [Reporting]   17 tests created for:                               15 methods
10:21:42.678 [INFO]   [Reporting]   
10:21:42.678 [INFO]   [Reporting]   No tests created for:                                9 methods
10:21:42.678 [INFO]   [Reporting]       6 R020: Temporary files were created but not deleted
10:21:42.678 [INFO]   [Reporting]       1 R003: Test did not increase coverage
10:21:42.783 [INFO]   [Validating]  
10:21:42.783 [INFO]   [Validating]  Running validation command.
10:21:42.784 [INFO]   [Validating]  Using default build rules as no custom rules found in any of [/home/jbergqvist/diffblue/paritytrading-parity/libraries/file, /home/jbergqvist/diffblue/paritytrading-parity]
10:21:42.784 [INFO]   [Validating]  Attempting to invoke mvnw in working directory: /home/jbergqvist/diffblue/paritytrading-parity
10:21:42.785 [INFO]   [Validating]  Attempting to invoke /home/jbergqvist/.sdkman/candidates/maven/current/bin/mvn in working directory: /home/jbergqvist/diffblue/paritytrading-parity
10:21:42.785 [INFO]   [Validating]  Started "/home/jbergqvist/.sdkman/candidates/maven/current/bin/mvn -Dmaven.ext.class.path=/opt/cover/cover-buildsystem-maven-spy-jar-with-dependencies.jar -Dcom.diffblue.cover.skipTests=true -DskipTestOptimizer --batch-mode --projects=com.paritytrading.parity:parity-file --global-settings=/home/jbergqvist/.sdkman/candidates/maven/current/conf/settings.xml org.apache.maven.plugins:maven-checkstyle-plugin:check -Dcheckstyle.failOnViolation=false validate --also-make"
10:21:43.548 [INFO]   [Validating]  out: [INFO] Scanning for projects...
10:21:43.642 [INFO]   [Validating]  out: [INFO] ------------------------------------------------------------------------
10:21:43.642 [INFO]   [Validating]  out: [INFO] Reactor Build Order:
10:21:43.642 [INFO]   [Validating]  out: [INFO] 
10:21:43.642 [INFO]   [Validating]  out: [INFO] Parity (Parent)                                                    [pom]
10:21:43.642 [INFO]   [Validating]  out: [INFO] Parity File Formats                                                [jar]
10:21:43.679 [INFO]   [Validating]  out: [INFO] 
10:21:43.679 [INFO]   [Validating]  out: [INFO] ---------------< com.paritytrading.parity:parity-parent >---------------
10:21:43.679 [INFO]   [Validating]  out: [INFO] Building Parity (Parent) 0.7.1-SNAPSHOT                            [1/2]
10:21:43.679 [INFO]   [Validating]  out: [INFO]   from pom.xml
10:21:43.679 [INFO]   [Validating]  out: [INFO] --------------------------------[ pom ]---------------------------------
10:21:43.851 [INFO]   [Validating]  deserializing line [DIFFBLUE]{"__type":"com.diffblue.cover.buildsystem.model.DefaultEventMessage","project":"com.paritytrading.parity:parity-parent","goal":"check","cause":null,"state":"STARTED"}
10:21:43.858 [INFO]   [Validating]  out: [INFO] 
10:21:43.858 [INFO]   [Validating]  out: [INFO] --- checkstyle:3.1.0:check (default-cli) @ parity-parent ---
10:21:44.307 [INFO]   [Validating]  deserializing line [DIFFBLUE]{"__type":"com.diffblue.cover.buildsystem.model.DefaultEventMessage","project":"com.paritytrading.parity:parity-parent","goal":"check","cause":null,"state":"SUCCESS"}
10:21:44.309 [INFO]   [Validating]  deserializing line [DIFFBLUE]{"__type":"com.diffblue.cover.buildsystem.model.DefaultEventMessage","project":"com.paritytrading.parity:parity-parent","goal":"enforce","cause":null,"state":"STARTED"}
10:21:44.310 [INFO]   [Validating]  out: [INFO] 
10:21:44.310 [INFO]   [Validating]  out: [INFO] --- enforcer:1.0:enforce (enforce-maven) @ parity-parent ---
10:21:44.383 [INFO]   [Validating]  deserializing line [DIFFBLUE]{"__type":"com.diffblue.cover.buildsystem.model.DefaultEventMessage","project":"com.paritytrading.parity:parity-parent","goal":"enforce","cause":null,"state":"SUCCESS"}
10:21:44.384 [INFO]   [Validating]  out: [INFO] 
10:21:44.385 [INFO]   [Validating]  out: [INFO] ----------------< com.paritytrading.parity:parity-file >----------------
10:21:44.385 [INFO]   [Validating]  out: [INFO] Building Parity File Formats 0.7.1-SNAPSHOT                        [2/2]
10:21:44.385 [INFO]   [Validating]  out: [INFO]   from libraries/file/pom.xml
10:21:44.385 [INFO]   [Validating]  out: [INFO] --------------------------------[ jar ]---------------------------------
10:21:44.401 [INFO]   [Validating]  deserializing line [DIFFBLUE]{"__type":"com.diffblue.cover.buildsystem.model.DefaultEventMessage","project":"com.paritytrading.parity:parity-file","goal":"check","cause":null,"state":"STARTED"}
10:21:44.402 [INFO]   [Validating]  out: [INFO] 
10:21:44.402 [INFO]   [Validating]  out: [INFO] --- checkstyle:3.1.0:check (default-cli) @ parity-file ---
10:21:44.469 [INFO]   [Validating]  deserializing line [DIFFBLUE]{"__type":"com.diffblue.cover.buildsystem.model.DefaultEventMessage","project":"com.paritytrading.parity:parity-file","goal":"check","cause":null,"state":"SUCCESS"}
10:21:44.470 [INFO]   [Validating]  deserializing line [DIFFBLUE]{"__type":"com.diffblue.cover.buildsystem.model.DefaultEventMessage","project":"com.paritytrading.parity:parity-file","goal":"enforce","cause":null,"state":"STARTED"}
10:21:44.471 [INFO]   [Validating]  out: [INFO] 
10:21:44.471 [INFO]   [Validating]  out: [INFO] --- enforcer:1.0:enforce (enforce-maven) @ parity-file ---
10:21:44.473 [INFO]   [Validating]  deserializing line [DIFFBLUE]{"__type":"com.diffblue.cover.buildsystem.model.DefaultEventMessage","project":"com.paritytrading.parity:parity-file","goal":"enforce","cause":null,"state":"SUCCESS"}
10:21:44.504 [INFO]   [Validating]  deserializing line [DIFFBLUE]{"__type":"com.diffblue.cover.buildsystem.model.DefaultProjectModuleMessage","project":{"__type":"DefaultProjectModule","junitReport":["/home/jbergqvist/diffblue/paritytrading-parity/target/surefire-reports"],"jacocoReport":["/home/jbergqvist/diffblue/paritytrading-parity/target/site/jacoco/jacoco.xml"],"jacocoDestFile":["/home/jbergqvist/diffblue/paritytrading-parity/target/jacoco.exec"],"jacocoFormats":["xml"],"jacocoSkipped":false,"classpath":["/home/jbergqvist/diffblue/paritytrading-parity/target/classes"],"complianceLevel":"1.8","productionSources":["/home/jbergqvist/diffblue/paritytrading-parity/src/main/java"],"testSources":["/home/jbergqvist/diffblue/paritytrading-parity/src/test/java"],"productionClasses":"/home/jbergqvist/diffblue/paritytrading-parity/target/classes","testClasses":"/home/jbergqvist/diffblue/paritytrading-parity/target/test-classes","sourceToBuildPathMap":null,"testSourceToBuildPathMap":null,"buildDirectory":"/home/jbergqvist/diffblue/paritytrading-parity/target","plugins":[{"__type":"DefaultPlugin","groupId":"org.apache.maven.plugins","artefactId":"maven-enforcer-plugin","version":"1.0","pluginClassName":null},{"__type":"DefaultPlugin","groupId":"org.apache.maven.plugins","artefactId":"maven-checkstyle-plugin","version":"3.1.0","pluginClassName":null},{"__type":"DefaultPlugin","groupId":"org.apache.maven.plugins","artefactId":"maven-compiler-plugin","version":"3.8.0","pluginClassName":null},{"__type":"DefaultPlugin","groupId":"org.apache.maven.plugins","artefactId":"maven-javadoc-plugin","version":"3.0.1","pluginClassName":null},{"__type":"DefaultPlugin","groupId":"org.apache.maven.plugins","artefactId":"maven-release-plugin","version":"2.5.3","pluginClassName":null},{"__type":"DefaultPlugin","groupId":"org.apache.maven.plugins","artefactId":"maven-clean-plugin","version":"3.2.0","pluginClassName":null},{"__type":"DefaultPlugin","groupId":"org.apache.maven.plugins","artefactId":"maven-install-plugin","version":"3.1.2","pluginClassName":null},{"__type":"DefaultPlugin","groupId":"org.apache.maven.plugins","artefactId":"maven-deploy-plugin","version":"2.8.2","pluginClassName":null},{"__type":"DefaultPlugin","groupId":"org.apache.maven.plugins","artefactId":"maven-site-plugin","version":"3.12.1","pluginClassName":null}],"version":"3.9.12","encoding":"UTF-8","name":"maven","subModules":[{"__type":"DefaultProjectModule","junitReport":["/home/jbergqvist/diffblue/paritytrading-parity/libraries/book/target/surefire-reports"],"jacocoReport":["/home/jbergqvist/diffblue/paritytrading-parity/libraries/book/target/site/jacoco/jacoco.xml"],"jacocoDestFile":["/home/jbergqvist/diffblue/paritytrading-parity/libraries/book/target/jacoco.exec"],"jacocoFormats":["xml"],"jacocoSkipped":false,"classpath":["/home/jbergqvist/diffblue/paritytrading-parity/libraries/book/target/classes"],"complianceLevel":"1.8","productionSources":["/home/jbergqvist/diffblue/paritytrading-parity/libraries/book/src/main/java"],"testSources":["/home/jbergqvist/diffblue/paritytrading-parity/libraries/book/src/test/java"],"productionClasses":"/home/jbergqvist/diffblue/paritytrading-parity/libraries/book/target/classes","testClasses":"/home/jbergqvist/diffblue/paritytrading-parity/libraries/book/target/test-classes","sourceToBuildPathMap":null,"testSourceToBuildPathMap":null,"buildDirectory":"/home/jbergqvist/diffblue/paritytrading-parity/libraries/book/target","plugins":[{"__type":"DefaultPlugin","groupId":"org.apache.maven.plugins","artefactId":"maven-enforcer-plugin","version":"1.0","pluginClassName":null},{"__type":"DefaultPlugin","groupId":"org.apache.maven.plugins","artefactId":"maven-checkstyle-plugin","version":"3.1.0","pluginClassName":null},{"__type":"DefaultPlugin","groupId":"org.apache.maven.plugins","artefactId":"maven-compiler-plugin","version":"3.8.0","pluginClassName":null},{"__type":"DefaultPlugin","groupId":"org.apache.maven.plugins","artefactId":"maven-javadoc-plugin","version":"3.0.1","pluginClassName":null},{"__type":"DefaultPlugin","groupId":"org.apache.maven.plugins","artefactId":"maven-release-plugin","version":"2.5.3","pluginClassName":null},{"__type":"DefaultPlugin","groupId":"org.apache.maven.plugins","artefactId":"maven-clean-plugin","version":"3.2.0","pluginClassName":null},{"__type":"DefaultPlugin","groupId":"org.apache.maven.plugins","artefactId":"maven-resources-plugin","version":"3.3.1","pluginClassName":null},{"__type":"DefaultPlugin","groupId":"org.apache.maven.plugins","artefactId":"maven-jar-plugin","version":"3.4.1","pluginClassName":null},{"__type":"DefaultPlugin","groupId":"org.apache.maven.plugins","artefactId":"maven-surefire-plugin","version":"3.0.0-M5","pluginClassName":null},{"__type":"DefaultPlugin","groupId":"org.apache.maven.plugins","artefactId":"maven-install-plugin","version":"3.1.2","pluginClassName":null},{"__type":"DefaultPlugin","groupId":"org.apache.maven.plugins","artefactId":"maven-deploy-plugin","version":"2.8.2","pluginClassName":null},{"__type":"DefaultPlugin","groupId":"org.apache.maven.plugins","artefactId":"maven-site-plugin","version":"3.12.1","pluginClassName":null}],"version":"3.9.12","encoding":"UTF-8","name":"maven","subModules":[],"simpleModuleName":null,"parentModuleName":"com.paritytrading.parity:parity-parent","location":"/home/jbergqvist/diffblue/paritytrading-parity/libraries/book","fullModuleName":"com.paritytrading.parity:parity-book"},{"__type":"DefaultProjectModule","junitReport":["/home/jbergqvist/diffblue/paritytrading-parity/libraries/file/target/surefire-reports"],"jacocoReport":["/home/jbergqvist/diffblue/paritytrading-parity/libraries/file/target/site/jacoco/jacoco.xml"],"jacocoDestFile":["/home/jbergqvist/diffblue/paritytrading-parity/libraries/file/target/jacoco.exec"],"jacocoFormats":["xml"],"jacocoSkipped":false,"classpath":["/home/jbergqvist/diffblue/paritytrading-parity/libraries/file/target/classes","/home/jbergqvist/.m2/repository/org/junit/jupiter/junit-jupiter/5.7.0/junit-jupiter-5.7.0.jar","/home/jbergqvist/.m2/repository/org/junit/jupiter/junit-jupiter-api/5.7.0/junit-jupiter-api-5.7.0.jar","/home/jbergqvist/.m2/repository/org/apiguardian/apiguardian-api/1.1.0/apiguardian-api-1.1.0.jar","/home/jbergqvist/.m2/repository/org/opentest4j/opentest4j/1.2.0/opentest4j-1.2.0.jar","/home/jbergqvist/.m2/repository/org/junit/platform/junit-platform-commons/1.7.0/junit-platform-commons-1.7.0.jar","/home/jbergqvist/.m2/repository/org/junit/jupiter/junit-jupiter-params/5.7.0/junit-jupiter-params-5.7.0.jar","/home/jbergqvist/.m2/repository/org/junit/jupiter/junit-jupiter-engine/5.7.0/junit-jupiter-engine-5.7.0.jar","/home/jbergqvist/.m2/repository/org/junit/platform/junit-platform-engine/1.7.0/junit-platform-engine-1.7.0.jar","/home/jbergqvist/.m2/repository/com/diffblue/cover/cover-annotations/1.9.0/cover-annotations-1.9.0.jar","/home/jbergqvist/.m2/repository/org/mockito/mockito-core/4.11.0/mockito-core-4.11.0.jar","/home/jbergqvist/.m2/repository/net/bytebuddy/byte-buddy/1.12.19/byte-buddy-1.12.19.jar","/home/jbergqvist/.m2/repository/net/bytebuddy/byte-buddy-agent/1.12.19/byte-buddy-agent-1.12.19.jar","/home/jbergqvist/.m2/repository/org/objenesis/objenesis/3.3/objenesis-3.3.jar","/home/jbergqvist/.m2/repository/org/mockito/mockito-junit-jupiter/4.11.0/mockito-junit-jupiter-4.11.0.jar"],"complianceLevel":"1.8","productionSources":["/home/jbergqvist/diffblue/paritytrading-parity/libraries/file/src/main/java"],"testSources":["/home/jbergqvist/diffblue/paritytrading-parity/libraries/file/src/test/java"],"productionClasses":"/home/jbergqvist/diffblue/paritytrading-parity/libraries/file/target/classes","testClasses":"/home/jbergqvist/diffblue/paritytrading-parity/libraries/file/target/test-classes","sourceToBuildPathMap":null,"testSourceToBuildPathMap":null,"buildDirectory":"/home/jbergqvist/diffblue/paritytrading-parity/libraries/file/target","plugins":[{"__type":"DefaultPlugin","groupId":"org.apache.maven.plugins","artefactId":"maven-enforcer-plugin","version":"1.0","pluginClassName":null},{"__type":"DefaultPlugin","groupId":"org.apache.maven.plugins","artefactId":"maven-checkstyle-plugin","version":"3.1.0","pluginClassName":null},{"__type":"DefaultPlugin","groupId":"org.apache.maven.plugins","artefactId":"maven-compiler-plugin","version":"3.8.0","pluginClassName":null},{"__type":"DefaultPlugin","groupId":"org.apache.maven.plugins","artefactId":"maven-javadoc-plugin","version":"3.0.1","pluginClassName":null},{"__type":"DefaultPlugin","groupId":"org.apache.maven.plugins","artefactId":"maven-release-plugin","version":"2.5.3","pluginClassName":null},{"__type":"DefaultPlugin","groupId":"org.apache.maven.plugins","artefactId":"maven-clean-plugin","version":"3.2.0","pluginClassName":null},{"__type":"DefaultPlugin","groupId":"org.apache.maven.plugins","artefactId":"maven-resources-plugin","version":"3.3.1","pluginClassName":null},{"__type":"DefaultPlugin","groupId":"org.apache.maven.plugins","artefactId":"maven-jar-plugin","version":"3.4.1","pluginClassName":null},{"__type":"DefaultPlugin","groupId":"org.apache.maven.plugins","artefactId":"maven-surefire-plugin","version":"3.0.0-M5","pluginClassName":null},{"__type":"DefaultPlugin","groupId":"org.apache.maven.plugins","artefactId":"maven-install-plugin","version":"3.1.2","pluginClassName":null},{"__type":"DefaultPlugin","groupId":"org.apache.maven.plugins","artefactId":"maven-deploy-plugin","version":"2.8.2","pluginClassName":null},{"__type":"DefaultPlugin","groupId":"org.apache.maven.plugins","artefactId":"maven-site-plugin","version":"3.12.1","pluginClassName":null}],"version":"3.9.12","encoding":"UTF-8","name":"maven","subModules":[],"simpleModuleName":null,"parentModuleName":"com.paritytrading.parity:parity-parent","location":"/home/jbergqvist/diffblue/paritytrading-parity/libraries/file","fullModuleName":"com.paritytrading.parity:parity-file"},{"__type":"DefaultProjectModule","junitReport":["/home/jbergqvist/diffblue/paritytrading-parity/libraries/match/target/surefire-reports"],"jacocoReport":["/home/jbergqvist/diffblue/paritytrading-parity/libraries/match/target/site/jacoco/jacoco.xml"],"jacocoDestFile":["/home/jbergqvist/diffblue/paritytrading-parity/libraries/match/target/jacoco.exec"],"jacocoFormats":["xml"],"jacocoSkipped":false,"classpath":["/home/jbergqvist/diffblue/paritytrading-parity/libraries/match/target/classes"],"complianceLevel":"1.8","productionSources":["/home/jbergqvist/diffblue/paritytrading-parity/libraries/match/src/main/java"],"testSources":["/home/jbergqvist/diffblue/paritytrading-parity/libraries/match/src/test/java"],"productionClasses":"/home/jbergqvist/diffblue/paritytrading-parity/libraries/match/target/classes","testClasses":"/home/jbergqvist/diffblue/paritytrading-parity/libraries/match/target/test-classes","sourceToBuildPathMap":null,"testSourceToBuildPathMap":null,"buildDirectory":"/home/jbergqvist/diffblue/paritytrading-parity/libraries/match/target","plugins":[{"__type":"DefaultPlugin","groupId":"org.apache.maven.plugins","artefactId":"maven-enforcer-plugin","version":"1.0","pluginClassName":null},{"__type":"DefaultPlugin","groupId":"org.apache.maven.plugins","artefactId":"maven-checkstyle-plugin","version":"3.1.0","pluginClassName":null},{"__type":"DefaultPlugin","groupId":"org.apache.maven.plugins","artefactId":"maven-compiler-plugin","version":"3.8.0","pluginClassName":null},{"__type":"DefaultPlugin","groupId":"org.apache.maven.plugins","artefactId":"maven-javadoc-plugin","version":"3.0.1","pluginClassName":null},{"__type":"DefaultPlugin","groupId":"org.apache.maven.plugins","artefactId":"maven-release-plugin","version":"2.5.3","pluginClassName":null},{"__type":"DefaultPlugin","groupId":"org.apache.maven.plugins","artefactId":"maven-clean-plugin","version":"3.2.0","pluginClassName":null},{"__type":"DefaultPlugin","groupId":"org.apache.maven.plugins","artefactId":"maven-resources-plugin","version":"3.3.1","pluginClassName":null},{"__type":"DefaultPlugin","groupId":"org.apache.maven.plugins","artefactId":"maven-jar-plugin","version":"3.4.1","pluginClassName":null},{"__type":"DefaultPlugin","groupId":"org.apache.maven.plugins","artefactId":"maven-surefire-plugin","version":"3.0.0-M5","pluginClassName":null},{"__type":"DefaultPlugin","groupId":"org.apache.maven.plugins","artefactId":"maven-install-plugin","version":"3.1.2","pluginClassName":null},{"__type":"DefaultPlugin","groupId":"org.apache.maven.plugins","artefactId":"maven-deploy-plugin","version":"2.8.2","pluginClassName":null},{"__type":"DefaultPlugin","groupId":"org.apache.maven.plugins","artefactId":"maven-site-plugin","version":"3.12.1","pluginClassName":null}],"version":"3.9.12","encoding":"UTF-8","name":"maven","subModules":[],"simpleModuleName":null,"parentModuleName":"com.paritytrading.parity:parity-parent","location":"/home/jbergqvist/diffblue/paritytrading-parity/libraries/match","fullModuleName":"com.paritytrading.parity:parity-match"},{"__type":"DefaultProjectModule","junitReport":["/home/jbergqvist/diffblue/paritytrading-parity/libraries/net/target/surefire-reports"],"jacocoReport":["/home/jbergqvist/diffblue/paritytrading-parity/libraries/net/target/site/jacoco/jacoco.xml"],"jacocoDestFile":["/home/jbergqvist/diffblue/paritytrading-parity/libraries/net/target/jacoco.exec"],"jacocoFormats":["xml"],"jacocoSkipped":false,"classpath":["/home/jbergqvist/diffblue/paritytrading-parity/libraries/net/target/classes"],"complianceLevel":"1.8","productionSources":["/home/jbergqvist/diffblue/paritytrading-parity/libraries/net/src/main/java"],"testSources":["/home/jbergqvist/diffblue/paritytrading-parity/libraries/net/src/test/java"],"productionClasses":"/home/jbergqvist/diffblue/paritytrading-parity/libraries/net/target/classes","testClasses":"/home/jbergqvist/diffblue/paritytrading-parity/libraries/net/target/test-classes","sourceToBuildPathMap":null,"testSourceToBuildPathMap":null,"buildDirectory":"/home/jbergqvist/diffblue/paritytrading-parity/libraries/net/target","plugins":[{"__type":"DefaultPlugin","groupId":"org.apache.maven.plugins","artefactId":"maven-enforcer-plugin","version":"1.0","pluginClassName":null},{"__type":"DefaultPlugin","groupId":"org.apache.maven.plugins","artefactId":"maven-checkstyle-plugin","version":"3.1.0","pluginClassName":null},{"__type":"DefaultPlugin","groupId":"org.apache.maven.plugins","artefactId":"maven-compiler-plugin","version":"3.8.0","pluginClassName":null},{"__type":"DefaultPlugin","groupId":"org.apache.maven.plugins","artefactId":"maven-javadoc-plugin","version":"3.0.1","pluginClassName":null},{"__type":"DefaultPlugin","groupId":"org.apache.maven.plugins","artefactId":"maven-release-plugin","version":"2.5.3","pluginClassName":null},{"__type":"DefaultPlugin","groupId":"org.apache.maven.plugins","artefactId":"maven-clean-plugin","version":"3.2.0","pluginClassName":null},{"__type":"DefaultPlugin","groupId":"org.apache.maven.plugins","artefactId":"maven-resources-plugin","version":"3.3.1","pluginClassName":null},{"__type":"DefaultPlugin","groupId":"org.apache.maven.plugins","artefactId":"maven-jar-plugin","version":"3.4.1","pluginClassName":null},{"__type":"DefaultPlugin","groupId":"org.apache.maven.plugins","artefactId":"maven-surefire-plugin","version":"3.0.0-M5","pluginClassName":null},{"__type":"DefaultPlugin","groupId":"org.apache.maven.plugins","artefactId":"maven-install-plugin","version":"3.1.2","pluginClassName":null},{"__type":"DefaultPlugin","groupId":"org.apache.maven.plugins","artefactId":"maven-deploy-plugin","version":"2.8.2","pluginClassName":null},{"__type":"DefaultPlugin","groupId":"org.apache.maven.plugins","artefactId":"maven-site-plugin","version":"3.12.1","pluginClassName":null}],"version":"3.9.12","encoding":"UTF-8","name":"maven","subModules":[],"simpleModuleName":null,"parentModuleName":"com.paritytrading.parity:parity-parent","location":"/home/jbergqvist/diffblue/paritytrading-parity/libraries/net","fullModuleName":"com.paritytrading.parity:parity-net"},{"__type":"DefaultProjectModule","junitReport":["/home/jbergqvist/diffblue/paritytrading-parity/libraries/util/target/surefire-reports"],"jacocoReport":["/home/jbergqvist/diffblue/paritytrading-parity/libraries/util/target/site/jacoco/jacoco.xml"],"jacocoDestFile":["/home/jbergqvist/diffblue/paritytrading-parity/libraries/util/target/jacoco.exec"],"jacocoFormats":["xml"],"jacocoSkipped":false,"classpath":["/home/jbergqvist/diffblue/paritytrading-parity/libraries/util/target/classes"],"complianceLevel":"1.8","productionSources":["/home/jbergqvist/diffblue/paritytrading-parity/libraries/util/src/main/java"],"testSources":["/home/jbergqvist/diffblue/paritytrading-parity/libraries/util/src/test/java"],"productionClasses":"/home/jbergqvist/diffblue/paritytrading-parity/libraries/util/target/classes","testClasses":"/home/jbergqvist/diffblue/paritytrading-parity/libraries/util/target/test-classes","sourceToBuildPathMap":null,"testSourceToBuildPathMap":null,"buildDirectory":"/home/jbergqvist/diffblue/paritytrading-parity/libraries/util/target","plugins":[{"__type":"DefaultPlugin","groupId":"org.apache.maven.plugins","artefactId":"maven-enforcer-plugin","version":"1.0","pluginClassName":null},{"__type":"DefaultPlugin","groupId":"org.apache.maven.plugins","artefactId":"maven-checkstyle-plugin","version":"3.1.0","pluginClassName":null},{"__type":"DefaultPlugin","groupId":"org.apache.maven.plugins","artefactId":"maven-compiler-plugin","version":"3.8.0","pluginClassName":null},{"__type":"DefaultPlugin","groupId":"org.apache.maven.plugins","artefactId":"maven-javadoc-plugin","version":"3.0.1","pluginClassName":null},{"__type":"DefaultPlugin","groupId":"org.apache.maven.plugins","artefactId":"maven-release-plugin","version":"2.5.3","pluginClassName":null},{"__type":"DefaultPlugin","groupId":"org.apache.maven.plugins","artefactId":"maven-clean-plugin","version":"3.2.0","pluginClassName":null},{"__type":"DefaultPlugin","groupId":"org.apache.maven.plugins","artefactId":"maven-resources-plugin","version":"3.3.1","pluginClassName":null},{"__type":"DefaultPlugin","groupId":"org.apache.maven.plugins","artefactId":"maven-jar-plugin","version":"3.4.1","pluginClassName":null},{"__type":"DefaultPlugin","groupId":"org.apache.maven.plugins","artefactId":"maven-surefire-plugin","version":"3.0.0-M5","pluginClassName":null},{"__type":"DefaultPlugin","groupId":"org.apache.maven.plugins","artefactId":"maven-install-plugin","version":"3.1.2","pluginClassName":null},{"__type":"DefaultPlugin","groupId":"org.apache.maven.plugins","artefactId":"maven-deploy-plugin","version":"2.8.2","pluginClassName":null},{"__type":"DefaultPlugin","groupId":"org.apache.maven.plugins","artefactId":"maven-site-plugin","version":"3.12.1","pluginClassName":null}],"version":"3.9.12","encoding":"UTF-8","name":"maven","subModules":[],"simpleModuleName":null,"parentModuleName":"com.paritytrading.parity:parity-parent","location":"/home/jbergqvist/diffblue/paritytrading-parity/libraries/util","fullModuleName":"com.paritytrading.parity:parity-util"},{"__type":"DefaultProjectModule","junitReport":["/home/jbergqvist/diffblue/paritytrading-parity/applications/client/target/surefire-reports"],"jacocoReport":["/home/jbergqvist/diffblue/paritytrading-parity/applications/client/target/site/jacoco/jacoco.xml"],"jacocoDestFile":["/home/jbergqvist/diffblue/paritytrading-parity/applications/client/target/jacoco.exec"],"jacocoFormats":["xml"],"jacocoSkipped":false,"classpath":["/home/jbergqvist/diffblue/paritytrading-parity/applications/client/target/classes"],"complianceLevel":"1.8","productionSources":["/home/jbergqvist/diffblue/paritytrading-parity/applications/client/src/main/java"],"testSources":["/home/jbergqvist/diffblue/paritytrading-parity/applications/client/src/test/java"],"productionClasses":"/home/jbergqvist/diffblue/paritytrading-parity/applications/client/target/classes","testClasses":"/home/jbergqvist/diffblue/paritytrading-parity/applications/client/target/test-classes","sourceToBuildPathMap":null,"testSourceToBuildPathMap":null,"buildDirectory":"/home/jbergqvist/diffblue/paritytrading-parity/applications/client/target","plugins":[{"__type":"DefaultPlugin","groupId":"org.apache.maven.plugins","artefactId":"maven-enforcer-plugin","version":"1.0","pluginClassName":null},{"__type":"DefaultPlugin","groupId":"org.apache.maven.plugins","artefactId":"maven-checkstyle-plugin","version":"3.1.0","pluginClassName":null},{"__type":"DefaultPlugin","groupId":"org.apache.maven.plugins","artefactId":"maven-compiler-plugin","version":"3.8.0","pluginClassName":null},{"__type":"DefaultPlugin","groupId":"org.apache.maven.plugins","artefactId":"maven-javadoc-plugin","version":"3.0.1","pluginClassName":null},{"__type":"DefaultPlugin","groupId":"org.apache.maven.plugins","artefactId":"maven-release-plugin","version":"2.5.3","pluginClassName":null},{"__type":"DefaultPlugin","groupId":"org.apache.maven.plugins","artefactId":"maven-deploy-plugin","version":"2.8.2","pluginClassName":null},{"__type":"DefaultPlugin","groupId":"org.apache.maven.plugins","artefactId":"maven-shade-plugin","version":"3.2.1","pluginClassName":null},{"__type":"DefaultPlugin","groupId":"org.apache.maven.plugins","artefactId":"maven-clean-plugin","version":"3.2.0","pluginClassName":null},{"__type":"DefaultPlugin","groupId":"org.apache.maven.plugins","artefactId":"maven-resources-plugin","version":"3.3.1","pluginClassName":null},{"__type":"DefaultPlugin","groupId":"org.apache.maven.plugins","artefactId":"maven-jar-plugin","version":"3.4.1","pluginClassName":null},{"__type":"DefaultPlugin","groupId":"org.apache.maven.plugins","artefactId":"maven-surefire-plugin","version":"3.0.0-M5","pluginClassName":null},{"__type":"DefaultPlugin","groupId":"org.apache.maven.plugins","artefactId":"maven-install-plugin","version":"3.1.2","pluginClassName":null},{"__type":"DefaultPlugin","groupId":"org.apache.maven.plugins","artefactId":"maven-site-plugin","version":"3.12.1","pluginClassName":null}],"version":"3.9.12","encoding":"UTF-8","name":"maven","subModules":[],"simpleModuleName":null,"parentModuleName":"com.paritytrading.parity:parity-parent","location":"/home/jbergqvist/diffblue/paritytrading-parity/applications/client","fullModuleName":"com.paritytrading.parity:parity-client"},{"__type":"DefaultProjectModule","junitReport":["/home/jbergqvist/diffblue/paritytrading-parity/applications/fix/target/surefire-reports"],"jacocoReport":["/home/jbergqvist/diffblue/paritytrading-parity/applications/fix/target/site/jacoco/jacoco.xml"],"jacocoDestFile":["/home/jbergqvist/diffblue/paritytrading-parity/applications/fix/target/jacoco.exec"],"jacocoFormats":["xml"],"jacocoSkipped":false,"classpath":["/home/jbergqvist/diffblue/paritytrading-parity/applications/fix/target/classes"],"complianceLevel":"1.8","productionSources":["/home/jbergqvist/diffblue/paritytrading-parity/applications/fix/src/main/java"],"testSources":["/home/jbergqvist/diffblue/paritytrading-parity/applications/fix/src/test/java"],"productionClasses":"/home/jbergqvist/diffblue/paritytrading-parity/applications/fix/target/classes","testClasses":"/home/jbergqvist/diffblue/paritytrading-parity/applications/fix/target/test-classes","sourceToBuildPathMap":null,"testSourceToBuildPathMap":null,"buildDirectory":"/home/jbergqvist/diffblue/paritytrading-parity/applications/fix/target","plugins":[{"__type":"DefaultPlugin","groupId":"org.apache.maven.plugins","artefactId":"maven-enforcer-plugin","version":"1.0","pluginClassName":null},{"__type":"DefaultPlugin","groupId":"org.apache.maven.plugins","artefactId":"maven-checkstyle-plugin","version":"3.1.0","pluginClassName":null},{"__type":"DefaultPlugin","groupId":"org.apache.maven.plugins","artefactId":"maven-compiler-plugin","version":"3.8.0","pluginClassName":null},{"__type":"DefaultPlugin","groupId":"org.apache.maven.plugins","artefactId":"maven-javadoc-plugin","version":"3.0.1","pluginClassName":null},{"__type":"DefaultPlugin","groupId":"org.apache.maven.plugins","artefactId":"maven-release-plugin","version":"2.5.3","pluginClassName":null},{"__type":"DefaultPlugin","groupId":"org.apache.maven.plugins","artefactId":"maven-deploy-plugin","version":"2.8.2","pluginClassName":null},{"__type":"DefaultPlugin","groupId":"org.apache.maven.plugins","artefactId":"maven-shade-plugin","version":"3.2.1","pluginClassName":null},{"__type":"DefaultPlugin","groupId":"org.apache.maven.plugins","artefactId":"maven-clean-plugin","version":"3.2.0","pluginClassName":null},{"__type":"DefaultPlugin","groupId":"org.apache.maven.plugins","artefactId":"maven-resources-plugin","version":"3.3.1","pluginClassName":null},{"__type":"DefaultPlugin","groupId":"org.apache.maven.plugins","artefactId":"maven-jar-plugin","version":"3.4.1","pluginClassName":null},{"__type":"DefaultPlugin","groupId":"org.apache.maven.plugins","artefactId":"maven-surefire-plugin","version":"3.0.0-M5","pluginClassName":null},{"__type":"DefaultPlugin","groupId":"org.apache.maven.plugins","artefactId":"maven-install-plugin","version":"3.1.2","pluginClassName":null},{"__type":"DefaultPlugin","groupId":"org.apache.maven.plugins","artefactId":"maven-site-plugin","version":"3.12.1","pluginClassName":null}],"version":"3.9.12","encoding":"UTF-8","name":"maven","subModules":[],"simpleModuleName":null,"parentModuleName":"com.paritytrading.parity:parity-parent","location":"/home/jbergqvist/diffblue/paritytrading-parity/applications/fix","fullModuleName":"com.paritytrading.parity:parity-fix"},{"__type":"DefaultProjectModule","junitReport":["/home/jbergqvist/diffblue/paritytrading-parity/applications/reporter/target/surefire-reports"],"jacocoReport":["/home/jbergqvist/diffblue/paritytrading-parity/applications/reporter/target/site/jacoco/jacoco.xml"],"jacocoDestFile":["/home/jbergqvist/diffblue/paritytrading-parity/applications/reporter/target/jacoco.exec"],"jacocoFormats":["xml"],"jacocoSkipped":false,"classpath":["/home/jbergqvist/diffblue/paritytrading-parity/applications/reporter/target/classes"],"complianceLevel":"1.8","productionSources":["/home/jbergqvist/diffblue/paritytrading-parity/applications/reporter/src/main/java"],"testSources":["/home/jbergqvist/diffblue/paritytrading-parity/applications/reporter/src/test/java"],"productionClasses":"/home/jbergqvist/diffblue/paritytrading-parity/applications/reporter/target/classes","testClasses":"/home/jbergqvist/diffblue/paritytrading-parity/applications/reporter/target/test-classes","sourceToBuildPathMap":null,"testSourceToBuildPathMap":null,"buildDirectory":"/home/jbergqvist/diffblue/paritytrading-parity/applications/reporter/target","plugins":[{"__type":"DefaultPlugin","groupId":"org.apache.maven.plugins","artefactId":"maven-enforcer-plugin","version":"1.0","pluginClassName":null},{"__type":"DefaultPlugin","groupId":"org.apache.maven.plugins","artefactId":"maven-checkstyle-plugin","version":"3.1.0","pluginClassName":null},{"__type":"DefaultPlugin","groupId":"org.apache.maven.plugins","artefactId":"maven-compiler-plugin","version":"3.8.0","pluginClassName":null},{"__type":"DefaultPlugin","groupId":"org.apache.maven.plugins","artefactId":"maven-javadoc-plugin","version":"3.0.1","pluginClassName":null},{"__type":"DefaultPlugin","groupId":"org.apache.maven.plugins","artefactId":"maven-release-plugin","version":"2.5.3","pluginClassName":null},{"__type":"DefaultPlugin","groupId":"org.apache.maven.plugins","artefactId":"maven-deploy-plugin","version":"2.8.2","pluginClassName":null},{"__type":"DefaultPlugin","groupId":"org.apache.maven.plugins","artefactId":"maven-shade-plugin","version":"3.2.1","pluginClassName":null},{"__type":"DefaultPlugin","groupId":"org.apache.maven.plugins","artefactId":"maven-clean-plugin","version":"3.2.0","pluginClassName":null},{"__type":"DefaultPlugin","groupId":"org.apache.maven.plugins","artefactId":"maven-resources-plugin","version":"3.3.1","pluginClassName":null},{"__type":"DefaultPlugin","groupId":"org.apache.maven.plugins","artefactId":"maven-jar-plugin","version":"3.4.1","pluginClassName":null},{"__type":"DefaultPlugin","groupId":"org.apache.maven.plugins","artefactId":"maven-surefire-plugin","version":"3.0.0-M5","pluginClassName":null},{"__type":"DefaultPlugin","groupId":"org.apache.maven.plugins","artefactId":"maven-install-plugin","version":"3.1.2","pluginClassName":null},{"__type":"DefaultPlugin","groupId":"org.apache.maven.plugins","artefactId":"maven-site-plugin","version":"3.12.1","pluginClassName":null}],"version":"3.9.12","encoding":"UTF-8","name":"maven","subModules":[],"simpleModuleName":null,"parentModuleName":"com.paritytrading.parity:parity-parent","location":"/home/jbergqvist/diffblue/paritytrading-parity/applications/reporter","fullModuleName":"com.paritytrading.parity:parity-reporter"},{"__type":"DefaultProjectModule","junitReport":["/home/jbergqvist/diffblue/paritytrading-parity/applications/system/target/surefire-reports"],"jacocoReport":["/home/jbergqvist/diffblue/paritytrading-parity/applications/system/target/site/jacoco/jacoco.xml"],"jacocoDestFile":["/home/jbergqvist/diffblue/paritytrading-parity/applications/system/target/jacoco.exec"],"jacocoFormats":["xml"],"jacocoSkipped":false,"classpath":["/home/jbergqvist/diffblue/paritytrading-parity/applications/system/target/classes"],"complianceLevel":"1.8","productionSources":["/home/jbergqvist/diffblue/paritytrading-parity/applications/system/src/main/java"],"testSources":["/home/jbergqvist/diffblue/paritytrading-parity/applications/system/src/test/java"],"productionClasses":"/home/jbergqvist/diffblue/paritytrading-parity/applications/system/target/classes","testClasses":"/home/jbergqvist/diffblue/paritytrading-parity/applications/system/target/test-classes","sourceToBuildPathMap":null,"testSourceToBuildPathMap":null,"buildDirectory":"/home/jbergqvist/diffblue/paritytrading-parity/applications/system/target","plugins":[{"__type":"DefaultPlugin","groupId":"org.apache.maven.plugins","artefactId":"maven-enforcer-plugin","version":"1.0","pluginClassName":null},{"__type":"DefaultPlugin","groupId":"org.apache.maven.plugins","artefactId":"maven-checkstyle-plugin","version":"3.1.0","pluginClassName":null},{"__type":"DefaultPlugin","groupId":"org.apache.maven.plugins","artefactId":"maven-compiler-plugin","version":"3.8.0","pluginClassName":null},{"__type":"DefaultPlugin","groupId":"org.apache.maven.plugins","artefactId":"maven-javadoc-plugin","version":"3.0.1","pluginClassName":null},{"__type":"DefaultPlugin","groupId":"org.apache.maven.plugins","artefactId":"maven-release-plugin","version":"2.5.3","pluginClassName":null},{"__type":"DefaultPlugin","groupId":"org.apache.maven.plugins","artefactId":"maven-deploy-plugin","version":"2.8.2","pluginClassName":null},{"__type":"DefaultPlugin","groupId":"org.apache.maven.plugins","artefactId":"maven-shade-plugin","version":"3.2.1","pluginClassName":null},{"__type":"DefaultPlugin","groupId":"org.apache.maven.plugins","artefactId":"maven-clean-plugin","version":"3.2.0","pluginClassName":null},{"__type":"DefaultPlugin","groupId":"org.apache.maven.plugins","artefactId":"maven-resources-plugin","version":"3.3.1","pluginClassName":null},{"__type":"DefaultPlugin","groupId":"org.apache.maven.plugins","artefactId":"maven-jar-plugin","version":"3.4.1","pluginClassName":null},{"__type":"DefaultPlugin","groupId":"org.apache.maven.plugins","artefactId":"maven-surefire-plugin","version":"3.0.0-M5","pluginClassName":null},{"__type":"DefaultPlugin","groupId":"org.apache.maven.plugins","artefactId":"maven-install-plugin","version":"3.1.2","pluginClassName":null},{"__type":"DefaultPlugin","groupId":"org.apache.maven.plugins","artefactId":"maven-site-plugin","version":"3.12.1","pluginClassName":null}],"version":"3.9.12","encoding":"UTF-8","name":"maven","subModules":[],"simpleModuleName":null,"parentModuleName":"com.paritytrading.parity:parity-parent","location":"/home/jbergqvist/diffblue/paritytrading-parity/applications/system","fullModuleName":"com.paritytrading.parity:parity-system"},{"__type":"DefaultProjectModule","junitReport":["/home/jbergqvist/diffblue/paritytrading-parity/applications/ticker/target/surefire-reports"],"jacocoReport":["/home/jbergqvist/diffblue/paritytrading-parity/applications/ticker/target/site/jacoco/jacoco.xml"],"jacocoDestFile":["/home/jbergqvist/diffblue/paritytrading-parity/applications/ticker/target/jacoco.exec"],"jacocoFormats":["xml"],"jacocoSkipped":false,"classpath":["/home/jbergqvist/diffblue/paritytrading-parity/applications/ticker/target/classes"],"complianceLevel":"1.8","productionSources":["/home/jbergqvist/diffblue/paritytrading-parity/applications/ticker/src/main/java"],"testSources":["/home/jbergqvist/diffblue/paritytrading-parity/applications/ticker/src/test/java"],"productionClasses":"/home/jbergqvist/diffblue/paritytrading-parity/applications/ticker/target/classes","testClasses":"/home/jbergqvist/diffblue/paritytrading-parity/applications/ticker/target/test-classes","sourceToBuildPathMap":null,"testSourceToBuildPathMap":null,"buildDirectory":"/home/jbergqvist/diffblue/paritytrading-parity/applications/ticker/target","plugins":[{"__type":"DefaultPlugin","groupId":"org.apache.maven.plugins","artefactId":"maven-enforcer-plugin","version":"1.0","pluginClassName":null},{"__type":"DefaultPlugin","groupId":"org.apache.maven.plugins","artefactId":"maven-checkstyle-plugin","version":"3.1.0","pluginClassName":null},{"__type":"DefaultPlugin","groupId":"org.apache.maven.plugins","artefactId":"maven-compiler-plugin","version":"3.8.0","pluginClassName":null},{"__type":"DefaultPlugin","groupId":"org.apache.maven.plugins","artefactId":"maven-javadoc-plugin","version":"3.0.1","pluginClassName":null},{"__type":"DefaultPlugin","groupId":"org.apache.maven.plugins","artefactId":"maven-release-plugin","version":"2.5.3","pluginClassName":null},{"__type":"DefaultPlugin","groupId":"org.apache.maven.plugins","artefactId":"maven-deploy-plugin","version":"2.8.2","pluginClassName":null},{"__type":"DefaultPlugin","groupId":"org.apache.maven.plugins","artefactId":"maven-shade-plugin","version":"3.2.1","pluginClassName":null},{"__type":"DefaultPlugin","groupId":"org.apache.maven.plugins","artefactId":"maven-clean-plugin","version":"3.2.0","pluginClassName":null},{"__type":"DefaultPlugin","groupId":"org.apache.maven.plugins","artefactId":"maven-resources-plugin","version":"3.3.1","pluginClassName":null},{"__type":"DefaultPlugin","groupId":"org.apache.maven.plugins","artefactId":"maven-jar-plugin","version":"3.4.1","pluginClassName":null},{"__type":"DefaultPlugin","groupId":"org.apache.maven.plugins","artefactId":"maven-surefire-plugin","version":"3.0.0-M5","pluginClassName":null},{"__type":"DefaultPlugin","groupId":"org.apache.maven.plugins","artefactId":"maven-install-plugin","version":"3.1.2","pluginClassName":null},{"__type":"DefaultPlugin","groupId":"org.apache.maven.plugins","artefactId":"maven-site-plugin","version":"3.12.1","pluginClassName":null}],"version":"3.9.12","encoding":"UTF-8","name":"maven","subModules":[],"simpleModuleName":null,"parentModuleName":"com.paritytrading.parity:parity-parent","location":"/home/jbergqvist/diffblue/paritytrading-parity/applications/ticker","fullModuleName":"com.paritytrading.parity:parity-ticker"},{"__type":"DefaultProjectModule","junitReport":["/home/jbergqvist/diffblue/paritytrading-parity/tests/book-perf-test/target/surefire-reports"],"jacocoReport":["/home/jbergqvist/diffblue/paritytrading-parity/tests/book-perf-test/target/site/jacoco/jacoco.xml"],"jacocoDestFile":["/home/jbergqvist/diffblue/paritytrading-parity/tests/book-perf-test/target/jacoco.exec"],"jacocoFormats":["xml"],"jacocoSkipped":false,"classpath":["/home/jbergqvist/diffblue/paritytrading-parity/tests/book-perf-test/target/classes"],"complianceLevel":"1.8","productionSources":["/home/jbergqvist/diffblue/paritytrading-parity/tests/book-perf-test/src/main/java"],"testSources":["/home/jbergqvist/diffblue/paritytrading-parity/tests/book-perf-test/src/test/java"],"productionClasses":"/home/jbergqvist/diffblue/paritytrading-parity/tests/book-perf-test/target/classes","testClasses":"/home/jbergqvist/diffblue/paritytrading-parity/tests/book-perf-test/target/test-classes","sourceToBuildPathMap":null,"testSourceToBuildPathMap":null,"buildDirectory":"/home/jbergqvist/diffblue/paritytrading-parity/tests/book-perf-test/target","plugins":[{"__type":"DefaultPlugin","groupId":"org.apache.maven.plugins","artefactId":"maven-enforcer-plugin","version":"1.0","pluginClassName":null},{"__type":"DefaultPlugin","groupId":"org.apache.maven.plugins","artefactId":"maven-checkstyle-plugin","version":"3.1.0","pluginClassName":null},{"__type":"DefaultPlugin","groupId":"org.apache.maven.plugins","artefactId":"maven-compiler-plugin","version":"3.8.0","pluginClassName":null},{"__type":"DefaultPlugin","groupId":"org.apache.maven.plugins","artefactId":"maven-javadoc-plugin","version":"3.0.1","pluginClassName":null},{"__type":"DefaultPlugin","groupId":"org.apache.maven.plugins","artefactId":"maven-release-plugin","version":"2.5.3","pluginClassName":null},{"__type":"DefaultPlugin","groupId":"org.apache.maven.plugins","artefactId":"maven-deploy-plugin","version":"2.8.2","pluginClassName":null},{"__type":"DefaultPlugin","groupId":"org.apache.maven.plugins","artefactId":"maven-shade-plugin","version":"3.2.1","pluginClassName":null},{"__type":"DefaultPlugin","groupId":"org.apache.maven.plugins","artefactId":"maven-clean-plugin","version":"3.2.0","pluginClassName":null},{"__type":"DefaultPlugin","groupId":"org.apache.maven.plugins","artefactId":"maven-resources-plugin","version":"3.3.1","pluginClassName":null},{"__type":"DefaultPlugin","groupId":"org.apache.maven.plugins","artefactId":"maven-jar-plugin","version":"3.4.1","pluginClassName":null},{"__type":"DefaultPlugin","groupId":"org.apache.maven.plugins","artefactId":"maven-surefire-plugin","version":"3.0.0-M5","pluginClassName":null},{"__type":"DefaultPlugin","groupId":"org.apache.maven.plugins","artefactId":"maven-install-plugin","version":"3.1.2","pluginClassName":null},{"__type":"DefaultPlugin","groupId":"org.apache.maven.plugins","artefactId":"maven-site-plugin","version":"3.12.1","pluginClassName":null}],"version":"3.9.12","encoding":"UTF-8","name":"maven","subModules":[],"simpleModuleName":null,"parentModuleName":"com.paritytrading.parity:parity-parent","location":"/home/jbergqvist/diffblue/paritytrading-parity/tests/book-perf-test","fullModuleName":"com.paritytrading.parity:parity-book-perf-test"},{"__type":"DefaultProjectModule","junitReport":["/home/jbergqvist/diffblue/paritytrading-parity/tests/match-perf-test/target/surefire-reports"],"jacocoReport":["/home/jbergqvist/diffblue/paritytrading-parity/tests/match-perf-test/target/site/jacoco/jacoco.xml"],"jacocoDestFile":["/home/jbergqvist/diffblue/paritytrading-parity/tests/match-perf-test/target/jacoco.exec"],"jacocoFormats":["xml"],"jacocoSkipped":false,"classpath":["/home/jbergqvist/diffblue/paritytrading-parity/tests/match-perf-test/target/classes"],"complianceLevel":"1.8","productionSources":["/home/jbergqvist/diffblue/paritytrading-parity/tests/match-perf-test/src/main/java"],"testSources":["/home/jbergqvist/diffblue/paritytrading-parity/tests/match-perf-test/src/test/java"],"productionClasses":"/home/jbergqvist/diffblue/paritytrading-parity/tests/match-perf-test/target/classes","testClasses":"/home/jbergqvist/diffblue/paritytrading-parity/tests/match-perf-test/target/test-classes","sourceToBuildPathMap":null,"testSourceToBuildPathMap":null,"buildDirectory":"/home/jbergqvist/diffblue/paritytrading-parity/tests/match-perf-test/target","plugins":[{"__type":"DefaultPlugin","groupId":"org.apache.maven.plugins","artefactId":"maven-enforcer-plugin","version":"1.0","pluginClassName":null},{"__type":"DefaultPlugin","groupId":"org.apache.maven.plugins","artefactId":"maven-checkstyle-plugin","version":"3.1.0","pluginClassName":null},{"__type":"DefaultPlugin","groupId":"org.apache.maven.plugins","artefactId":"maven-compiler-plugin","version":"3.8.0","pluginClassName":null},{"__type":"DefaultPlugin","groupId":"org.apache.maven.plugins","artefactId":"maven-javadoc-plugin","version":"3.0.1","pluginClassName":null},{"__type":"DefaultPlugin","groupId":"org.apache.maven.plugins","artefactId":"maven-release-plugin","version":"2.5.3","pluginClassName":null},{"__type":"DefaultPlugin","groupId":"org.apache.maven.plugins","artefactId":"maven-deploy-plugin","version":"2.8.2","pluginClassName":null},{"__type":"DefaultPlugin","groupId":"org.apache.maven.plugins","artefactId":"maven-shade-plugin","version":"3.2.1","pluginClassName":null},{"__type":"DefaultPlugin","groupId":"org.apache.maven.plugins","artefactId":"maven-clean-plugin","version":"3.2.0","pluginClassName":null},{"__type":"DefaultPlugin","groupId":"org.apache.maven.plugins","artefactId":"maven-resources-plugin","version":"3.3.1","pluginClassName":null},{"__type":"DefaultPlugin","groupId":"org.apache.maven.plugins","artefactId":"maven-jar-plugin","version":"3.4.1","pluginClassName":null},{"__type":"DefaultPlugin","groupId":"org.apache.maven.plugins","artefactId":"maven-surefire-plugin","version":"3.0.0-M5","pluginClassName":null},{"__type":"DefaultPlugin","groupId":"org.apache.maven.plugins","artefactId":"maven-install-plugin","version":"3.1.2","pluginClassName":null},{"__type":"DefaultPlugin","groupId":"org.apache.maven.plugins","artefactId":"maven-site-plugin","version":"3.12.1","pluginClassName":null}],"version":"3.9.12","encoding":"UTF-8","name":"maven","subModules":[],"simpleModuleName":null,"parentModuleName":"com.paritytrading.parity:parity-parent","location":"/home/jbergqvist/diffblue/paritytrading-parity/tests/match-perf-test","fullModuleName":"com.paritytrading.parity:parity-match-perf-test"}],"simpleModuleName":null,"parentModuleName":"org.sonatype.oss:oss-parent","location":"/home/jbergqvist/diffblue/paritytrading-parity","fullModuleName":"com.paritytrading.parity:parity-parent"}}
10:21:44.508 [INFO]   [Validating]  out: [INFO] ------------------------------------------------------------------------
10:21:44.509 [INFO]   [Validating]  out: [INFO] Reactor Summary for Parity (Parent) 0.7.1-SNAPSHOT:
10:21:44.509 [INFO]   [Validating]  out: [INFO] 
10:21:44.509 [INFO]   [Validating]  out: [INFO] Parity (Parent) .................................... SUCCESS [  0.705 s]
10:21:44.509 [INFO]   [Validating]  out: [INFO] Parity File Formats ................................ SUCCESS [  0.090 s]
10:21:44.509 [INFO]   [Validating]  out: [INFO] ------------------------------------------------------------------------
10:21:44.509 [INFO]   [Validating]  out: [INFO] BUILD SUCCESS
10:21:44.509 [INFO]   [Validating]  out: [INFO] ------------------------------------------------------------------------
10:21:44.509 [INFO]   [Validating]  out: [INFO] Total time:  0.974 s
10:21:44.509 [INFO]   [Validating]  out: [INFO] Finished at: 2026-01-20T10:21:44Z
10:21:44.509 [INFO]   [Validating]  out: [INFO] ------------------------------------------------------------------------
10:21:44.509 [INFO]   [Validating]  deserializing line [DIFFBLUE]{"__type":"com.diffblue.cover.buildsystem.model.ProjectInfoMessage","projectName":"com.paritytrading.parity:parity-parent","productionSources":["/home/jbergqvist/diffblue/paritytrading-parity/src/main/java"],"testSources":["/home/jbergqvist/diffblue/paritytrading-parity/src/test/java"],"location":"/home/jbergqvist/diffblue/paritytrading-parity"}
10:21:44.509 [INFO]   [Validating]  deserializing line [DIFFBLUE]{"__type":"com.diffblue.cover.buildsystem.model.ProjectInfoMessage","projectName":"com.paritytrading.parity:parity-book","productionSources":["/home/jbergqvist/diffblue/paritytrading-parity/libraries/book/src/main/java"],"testSources":["/home/jbergqvist/diffblue/paritytrading-parity/libraries/book/src/test/java"],"location":"/home/jbergqvist/diffblue/paritytrading-parity/libraries/book"}
10:21:44.510 [INFO]   [Validating]  deserializing line [DIFFBLUE]{"__type":"com.diffblue.cover.buildsystem.model.ProjectInfoMessage","projectName":"com.paritytrading.parity:parity-file","productionSources":["/home/jbergqvist/diffblue/paritytrading-parity/libraries/file/src/main/java"],"testSources":["/home/jbergqvist/diffblue/paritytrading-parity/libraries/file/src/test/java"],"location":"/home/jbergqvist/diffblue/paritytrading-parity/libraries/file"}
10:21:44.512 [INFO]   [Validating]  deserializing line [DIFFBLUE]{"__type":"com.diffblue.cover.buildsystem.model.ProjectInfoMessage","projectName":"com.paritytrading.parity:parity-match","productionSources":["/home/jbergqvist/diffblue/paritytrading-parity/libraries/match/src/main/java"],"testSources":["/home/jbergqvist/diffblue/paritytrading-parity/libraries/match/src/test/java"],"location":"/home/jbergqvist/diffblue/paritytrading-parity/libraries/match"}
10:21:44.513 [INFO]   [Validating]  deserializing line [DIFFBLUE]{"__type":"com.diffblue.cover.buildsystem.model.ProjectInfoMessage","projectName":"com.paritytrading.parity:parity-net","productionSources":["/home/jbergqvist/diffblue/paritytrading-parity/libraries/net/src/main/java"],"testSources":["/home/jbergqvist/diffblue/paritytrading-parity/libraries/net/src/test/java"],"location":"/home/jbergqvist/diffblue/paritytrading-parity/libraries/net"}
10:21:44.514 [INFO]   [Validating]  deserializing line [DIFFBLUE]{"__type":"com.diffblue.cover.buildsystem.model.ProjectInfoMessage","projectName":"com.paritytrading.parity:parity-util","productionSources":["/home/jbergqvist/diffblue/paritytrading-parity/libraries/util/src/main/java"],"testSources":["/home/jbergqvist/diffblue/paritytrading-parity/libraries/util/src/test/java"],"location":"/home/jbergqvist/diffblue/paritytrading-parity/libraries/util"}
10:21:44.515 [INFO]   [Validating]  deserializing line [DIFFBLUE]{"__type":"com.diffblue.cover.buildsystem.model.ProjectInfoMessage","projectName":"com.paritytrading.parity:parity-client","productionSources":["/home/jbergqvist/diffblue/paritytrading-parity/applications/client/src/main/java"],"testSources":["/home/jbergqvist/diffblue/paritytrading-parity/applications/client/src/test/java"],"location":"/home/jbergqvist/diffblue/paritytrading-parity/applications/client"}
10:21:44.517 [INFO]   [Validating]  deserializing line [DIFFBLUE]{"__type":"com.diffblue.cover.buildsystem.model.ProjectInfoMessage","projectName":"com.paritytrading.parity:parity-fix","productionSources":["/home/jbergqvist/diffblue/paritytrading-parity/applications/fix/src/main/java"],"testSources":["/home/jbergqvist/diffblue/paritytrading-parity/applications/fix/src/test/java"],"location":"/home/jbergqvist/diffblue/paritytrading-parity/applications/fix"}
10:21:44.518 [INFO]   [Validating]  deserializing line [DIFFBLUE]{"__type":"com.diffblue.cover.buildsystem.model.ProjectInfoMessage","projectName":"com.paritytrading.parity:parity-reporter","productionSources":["/home/jbergqvist/diffblue/paritytrading-parity/applications/reporter/src/main/java"],"testSources":["/home/jbergqvist/diffblue/paritytrading-parity/applications/reporter/src/test/java"],"location":"/home/jbergqvist/diffblue/paritytrading-parity/applications/reporter"}
10:21:44.519 [INFO]   [Validating]  deserializing line [DIFFBLUE]{"__type":"com.diffblue.cover.buildsystem.model.ProjectInfoMessage","projectName":"com.paritytrading.parity:parity-system","productionSources":["/home/jbergqvist/diffblue/paritytrading-parity/applications/system/src/main/java"],"testSources":["/home/jbergqvist/diffblue/paritytrading-parity/applications/system/src/test/java"],"location":"/home/jbergqvist/diffblue/paritytrading-parity/applications/system"}
10:21:44.520 [INFO]   [Validating]  deserializing line [DIFFBLUE]{"__type":"com.diffblue.cover.buildsystem.model.ProjectInfoMessage","projectName":"com.paritytrading.parity:parity-ticker","productionSources":["/home/jbergqvist/diffblue/paritytrading-parity/applications/ticker/src/main/java"],"testSources":["/home/jbergqvist/diffblue/paritytrading-parity/applications/ticker/src/test/java"],"location":"/home/jbergqvist/diffblue/paritytrading-parity/applications/ticker"}
10:21:44.521 [INFO]   [Validating]  deserializing line [DIFFBLUE]{"__type":"com.diffblue.cover.buildsystem.model.ProjectInfoMessage","projectName":"com.paritytrading.parity:parity-book-perf-test","productionSources":["/home/jbergqvist/diffblue/paritytrading-parity/tests/book-perf-test/src/main/java"],"testSources":["/home/jbergqvist/diffblue/paritytrading-parity/tests/book-perf-test/src/test/java"],"location":"/home/jbergqvist/diffblue/paritytrading-parity/tests/book-perf-test"}
10:21:44.522 [INFO]   [Validating]  deserializing line [DIFFBLUE]{"__type":"com.diffblue.cover.buildsystem.model.ProjectInfoMessage","projectName":"com.paritytrading.parity:parity-match-perf-test","productionSources":["/home/jbergqvist/diffblue/paritytrading-parity/tests/match-perf-test/src/main/java"],"testSources":["/home/jbergqvist/diffblue/paritytrading-parity/tests/match-perf-test/src/test/java"],"location":"/home/jbergqvist/diffblue/paritytrading-parity/tests/match-perf-test"}
10:21:44.550 [INFO]   [Validating]  maven:err process not stopped, joining thread
10:21:44.551 [INFO]   [Validating]  maven:out process not stopped, joining thread
10:21:44.552 [INFO]   [Validating]  This can take a couple of minutes.
10:21:44.552 [INFO]   [Validating]  Using default build rules as no custom rules found in any of [/home/jbergqvist/diffblue/paritytrading-parity/libraries/file, /home/jbergqvist/diffblue/paritytrading-parity]
10:21:44.553 [INFO]   [Validating]  Attempting to invoke mvnw in working directory: /home/jbergqvist/diffblue/paritytrading-parity
10:21:44.553 [INFO]   [Validating]  Attempting to invoke /home/jbergqvist/.sdkman/candidates/maven/current/bin/mvn in working directory: /home/jbergqvist/diffblue/paritytrading-parity
10:21:44.554 [INFO]   [Validating]  Started "/home/jbergqvist/.sdkman/candidates/maven/current/bin/mvn -Dmaven.ext.class.path=/opt/cover/cover-buildsystem-maven-spy-jar-with-dependencies.jar -Dcom.diffblue.cover.skipTests=true -DskipTestOptimizer --batch-mode --projects=com.paritytrading.parity:parity-file --global-settings=/home/jbergqvist/.sdkman/candidates/maven/current/conf/settings.xml org.apache.maven.plugins:maven-checkstyle-plugin:check -Dcheckstyle.failOnViolation=false clean test"
10:21:45.315 [INFO]   [Validating]  out: [INFO] Scanning for projects...
10:21:45.452 [INFO]   [Validating]  out: [INFO] 
10:21:45.452 [INFO]   [Validating]  out: [INFO] ----------------< com.paritytrading.parity:parity-file >----------------
10:21:45.452 [INFO]   [Validating]  out: [INFO] Building Parity File Formats 0.7.1-SNAPSHOT
10:21:45.452 [INFO]   [Validating]  out: [INFO]   from pom.xml
10:21:45.452 [INFO]   [Validating]  out: [INFO] --------------------------------[ jar ]---------------------------------
10:21:45.713 [INFO]   [Validating]  deserializing line [DIFFBLUE]{"__type":"com.diffblue.cover.buildsystem.model.DefaultEventMessage","project":"com.paritytrading.parity:parity-file","goal":"check","cause":null,"state":"STARTED"}
10:21:45.714 [INFO]   [Validating]  out: [INFO] 
10:21:45.714 [INFO]   [Validating]  out: [INFO] --- checkstyle:3.1.0:check (default-cli) @ parity-file ---
10:21:46.148 [INFO]   [Validating]  deserializing line [DIFFBLUE]{"__type":"com.diffblue.cover.buildsystem.model.DefaultEventMessage","project":"com.paritytrading.parity:parity-file","goal":"check","cause":null,"state":"SUCCESS"}
10:21:46.149 [INFO]   [Validating]  deserializing line [DIFFBLUE]{"__type":"com.diffblue.cover.buildsystem.model.DefaultEventMessage","project":"com.paritytrading.parity:parity-file","goal":"clean","cause":null,"state":"STARTED"}
10:21:46.150 [INFO]   [Validating]  out: [INFO] 
10:21:46.150 [INFO]   [Validating]  out: [INFO] --- clean:3.2.0:clean (default-clean) @ parity-file ---
10:21:46.173 [INFO]   [Validating]  out: [INFO] Deleting /home/jbergqvist/diffblue/paritytrading-parity/libraries/file/target
10:21:46.177 [INFO]   [Validating]  deserializing line [DIFFBLUE]{"__type":"com.diffblue.cover.buildsystem.model.DefaultEventMessage","project":"com.paritytrading.parity:parity-file","goal":"clean","cause":null,"state":"SUCCESS"}
10:21:46.179 [INFO]   [Validating]  deserializing line [DIFFBLUE]{"__type":"com.diffblue.cover.buildsystem.model.DefaultEventMessage","project":"com.paritytrading.parity:parity-file","goal":"enforce","cause":null,"state":"STARTED"}
10:21:46.179 [INFO]   [Validating]  out: [INFO] 
10:21:46.179 [INFO]   [Validating]  out: [INFO] --- enforcer:1.0:enforce (enforce-maven) @ parity-file ---
10:21:46.237 [INFO]   [Validating]  deserializing line [DIFFBLUE]{"__type":"com.diffblue.cover.buildsystem.model.DefaultEventMessage","project":"com.paritytrading.parity:parity-file","goal":"enforce","cause":null,"state":"SUCCESS"}
10:21:46.238 [INFO]   [Validating]  deserializing line [DIFFBLUE]{"__type":"com.diffblue.cover.buildsystem.model.DefaultEventMessage","project":"com.paritytrading.parity:parity-file","goal":"resources","cause":null,"state":"STARTED"}
10:21:46.238 [INFO]   [Validating]  out: [INFO] 
10:21:46.238 [INFO]   [Validating]  out: [INFO] --- resources:3.3.1:resources (default-resources) @ parity-file ---
10:21:46.274 [INFO]   [Validating]  out: [INFO] skip non existing resourceDirectory /home/jbergqvist/diffblue/paritytrading-parity/libraries/file/src/main/resources
10:21:46.275 [INFO]   [Validating]  deserializing line [DIFFBLUE]{"__type":"com.diffblue.cover.buildsystem.model.DefaultEventMessage","project":"com.paritytrading.parity:parity-file","goal":"resources","cause":null,"state":"SUCCESS"}
10:21:46.277 [INFO]   [Validating]  deserializing line [DIFFBLUE]{"__type":"com.diffblue.cover.buildsystem.model.DefaultEventMessage","project":"com.paritytrading.parity:parity-file","goal":"compile","cause":null,"state":"STARTED"}
10:21:46.278 [INFO]   [Validating]  out: [INFO] 
10:21:46.278 [INFO]   [Validating]  out: [INFO] --- compiler:3.8.0:compile (default-compile) @ parity-file ---
10:21:46.362 [INFO]   [Validating]  out: [INFO] Changes detected - recompiling the module!
10:21:46.366 [INFO]   [Validating]  out: [INFO] Compiling 4 source files to /home/jbergqvist/diffblue/paritytrading-parity/libraries/file/target/classes
10:21:46.663 [INFO]   [Validating]  deserializing line [DIFFBLUE]{"__type":"com.diffblue.cover.buildsystem.model.DefaultEventMessage","project":"com.paritytrading.parity:parity-file","goal":"compile","cause":null,"state":"SUCCESS"}
10:21:46.664 [INFO]   [Validating]  deserializing line [DIFFBLUE]{"__type":"com.diffblue.cover.buildsystem.model.DefaultEventMessage","project":"com.paritytrading.parity:parity-file","goal":"testResources","cause":null,"state":"STARTED"}
10:21:46.664 [INFO]   [Validating]  out: [INFO] 
10:21:46.664 [INFO]   [Validating]  out: [INFO] --- resources:3.3.1:testResources (default-testResources) @ parity-file ---
10:21:46.667 [INFO]   [Validating]  out: [INFO] skip non existing resourceDirectory /home/jbergqvist/diffblue/paritytrading-parity/libraries/file/src/test/resources
10:21:46.668 [INFO]   [Validating]  deserializing line [DIFFBLUE]{"__type":"com.diffblue.cover.buildsystem.model.DefaultEventMessage","project":"com.paritytrading.parity:parity-file","goal":"testResources","cause":null,"state":"SUCCESS"}
10:21:46.669 [INFO]   [Validating]  deserializing line [DIFFBLUE]{"__type":"com.diffblue.cover.buildsystem.model.DefaultEventMessage","project":"com.paritytrading.parity:parity-file","goal":"testCompile","cause":null,"state":"STARTED"}
10:21:46.670 [INFO]   [Validating]  out: [INFO] 
10:21:46.670 [INFO]   [Validating]  out: [INFO] --- compiler:3.8.0:testCompile (default-testCompile) @ parity-file ---
10:21:46.673 [INFO]   [Validating]  out: [INFO] Changes detected - recompiling the module!
10:21:46.673 [INFO]   [Validating]  out: [INFO] Compiling 5 source files to /home/jbergqvist/diffblue/paritytrading-parity/libraries/file/target/test-classes
10:21:46.774 [INFO]   [Validating]  out: [INFO] /home/jbergqvist/diffblue/paritytrading-parity/libraries/file/src/test/java/com/paritytrading/parity/file/taq/TAQConfigDiffblueTest.java: /home/jbergqvist/diffblue/paritytrading-parity/libraries/file/src/test/java/com/paritytrading/parity/file/taq/TAQConfigDiffblueTest.java uses unchecked or unsafe operations.
10:21:46.774 [INFO]   [Validating]  out: [INFO] /home/jbergqvist/diffblue/paritytrading-parity/libraries/file/src/test/java/com/paritytrading/parity/file/taq/TAQConfigDiffblueTest.java: Recompile with -Xlint:unchecked for details.
10:21:46.776 [INFO]   [Validating]  deserializing line [DIFFBLUE]{"__type":"com.diffblue.cover.buildsystem.model.DefaultEventMessage","project":"com.paritytrading.parity:parity-file","goal":"testCompile","cause":null,"state":"SUCCESS"}
10:21:46.777 [INFO]   [Validating]  deserializing line [DIFFBLUE]{"__type":"com.diffblue.cover.buildsystem.model.DefaultEventMessage","project":"com.paritytrading.parity:parity-file","goal":"test","cause":null,"state":"STARTED"}
10:21:46.778 [INFO]   [Validating]  out: [INFO] 
10:21:46.778 [INFO]   [Validating]  out: [INFO] --- surefire:3.0.0-M5:test (default-test) @ parity-file ---
10:21:47.005 [INFO]   [Validating]  out: [INFO] 
10:21:47.005 [INFO]   [Validating]  out: [INFO] -------------------------------------------------------
10:21:47.005 [INFO]   [Validating]  out: [INFO]  T E S T S
10:21:47.005 [INFO]   [Validating]  out: [INFO] -------------------------------------------------------
10:21:47.332 [INFO]   [Validating]  out: [INFO] Running com.paritytrading.parity.file.taq.TAQConfigDiffblueTest
10:21:47.638 [INFO]   [Validating]  out: [INFO] Tests run: 9, Failures: 0, Errors: 0, Skipped: 0, Time elapsed: 0.302 s - in com.paritytrading.parity.file.taq.TAQConfigDiffblueTest
10:21:47.638 [INFO]   [Validating]  out: [INFO] Running com.paritytrading.parity.file.taq.TAQWriterTest
10:21:47.641 [INFO]   [Validating]  out: [INFO] Tests run: 2, Failures: 0, Errors: 0, Skipped: 0, Time elapsed: 0.011 s - in com.paritytrading.parity.file.taq.TAQWriterTest
10:21:47.642 [INFO]   [Validating]  out: [INFO] Running com.paritytrading.parity.file.taq.TAQDiffblueTest
10:21:47.644 [INFO]   [Validating]  out: [INFO] Tests run: 2, Failures: 0, Errors: 0, Skipped: 0, Time elapsed: 0.001 s - in com.paritytrading.parity.file.taq.TAQDiffblueTest
10:21:47.644 [INFO]   [Validating]  out: [INFO] Running com.paritytrading.parity.file.taq.TAQWriterDiffblueTest
10:21:47.650 [INFO]   [Validating]  out: [INFO] Tests run: 6, Failures: 0, Errors: 0, Skipped: 0, Time elapsed: 0.004 s - in com.paritytrading.parity.file.taq.TAQWriterDiffblueTest
10:21:47.674 [INFO]   [Validating]  out: [INFO] 
10:21:47.674 [INFO]   [Validating]  out: [INFO] Results:
10:21:47.674 [INFO]   [Validating]  out: [INFO] 
10:21:47.674 [INFO]   [Validating]  out: [INFO] Tests run: 19, Failures: 0, Errors: 0, Skipped: 0
10:21:47.674 [INFO]   [Validating]  out: [INFO] 
10:21:47.678 [INFO]   [Validating]  deserializing line [DIFFBLUE]{"__type":"com.diffblue.cover.buildsystem.model.DefaultEventMessage","project":"com.paritytrading.parity:parity-file","goal":"test","cause":null,"state":"SUCCESS"}
10:21:47.704 [INFO]   [Validating]  deserializing line [DIFFBLUE]{"__type":"com.diffblue.cover.buildsystem.model.DefaultProjectModuleMessage","project":{"__type":"DefaultProjectModule","junitReport":["/home/jbergqvist/diffblue/paritytrading-parity/libraries/file/target/surefire-reports"],"jacocoReport":["/home/jbergqvist/diffblue/paritytrading-parity/libraries/file/target/site/jacoco/jacoco.xml"],"jacocoDestFile":["/home/jbergqvist/diffblue/paritytrading-parity/libraries/file/target/jacoco.exec"],"jacocoFormats":["xml"],"jacocoSkipped":false,"classpath":["/home/jbergqvist/diffblue/paritytrading-parity/libraries/file/target/classes","/home/jbergqvist/.m2/repository/org/junit/jupiter/junit-jupiter/5.7.0/junit-jupiter-5.7.0.jar","/home/jbergqvist/.m2/repository/org/junit/jupiter/junit-jupiter-api/5.7.0/junit-jupiter-api-5.7.0.jar","/home/jbergqvist/.m2/repository/org/apiguardian/apiguardian-api/1.1.0/apiguardian-api-1.1.0.jar","/home/jbergqvist/.m2/repository/org/opentest4j/opentest4j/1.2.0/opentest4j-1.2.0.jar","/home/jbergqvist/.m2/repository/org/junit/platform/junit-platform-commons/1.7.0/junit-platform-commons-1.7.0.jar","/home/jbergqvist/.m2/repository/org/junit/jupiter/junit-jupiter-params/5.7.0/junit-jupiter-params-5.7.0.jar","/home/jbergqvist/.m2/repository/org/junit/jupiter/junit-jupiter-engine/5.7.0/junit-jupiter-engine-5.7.0.jar","/home/jbergqvist/.m2/repository/org/junit/platform/junit-platform-engine/1.7.0/junit-platform-engine-1.7.0.jar","/home/jbergqvist/.m2/repository/com/diffblue/cover/cover-annotations/1.9.0/cover-annotations-1.9.0.jar","/home/jbergqvist/.m2/repository/org/mockito/mockito-core/4.11.0/mockito-core-4.11.0.jar","/home/jbergqvist/.m2/repository/net/bytebuddy/byte-buddy/1.12.19/byte-buddy-1.12.19.jar","/home/jbergqvist/.m2/repository/net/bytebuddy/byte-buddy-agent/1.12.19/byte-buddy-agent-1.12.19.jar","/home/jbergqvist/.m2/repository/org/objenesis/objenesis/3.3/objenesis-3.3.jar","/home/jbergqvist/.m2/repository/org/mockito/mockito-junit-jupiter/4.11.0/mockito-junit-jupiter-4.11.0.jar"],"complianceLevel":"1.8","productionSources":["/home/jbergqvist/diffblue/paritytrading-parity/libraries/file/src/main/java"],"testSources":["/home/jbergqvist/diffblue/paritytrading-parity/libraries/file/src/test/java"],"productionClasses":"/home/jbergqvist/diffblue/paritytrading-parity/libraries/file/target/classes","testClasses":"/home/jbergqvist/diffblue/paritytrading-parity/libraries/file/target/test-classes","sourceToBuildPathMap":null,"testSourceToBuildPathMap":null,"buildDirectory":"/home/jbergqvist/diffblue/paritytrading-parity/libraries/file/target","plugins":[{"__type":"DefaultPlugin","groupId":"org.apache.maven.plugins","artefactId":"maven-enforcer-plugin","version":"1.0","pluginClassName":null},{"__type":"DefaultPlugin","groupId":"org.apache.maven.plugins","artefactId":"maven-checkstyle-plugin","version":"3.1.0","pluginClassName":null},{"__type":"DefaultPlugin","groupId":"org.apache.maven.plugins","artefactId":"maven-compiler-plugin","version":"3.8.0","pluginClassName":null},{"__type":"DefaultPlugin","groupId":"org.apache.maven.plugins","artefactId":"maven-javadoc-plugin","version":"3.0.1","pluginClassName":null},{"__type":"DefaultPlugin","groupId":"org.apache.maven.plugins","artefactId":"maven-release-plugin","version":"2.5.3","pluginClassName":null},{"__type":"DefaultPlugin","groupId":"org.apache.maven.plugins","artefactId":"maven-clean-plugin","version":"3.2.0","pluginClassName":null},{"__type":"DefaultPlugin","groupId":"org.apache.maven.plugins","artefactId":"maven-resources-plugin","version":"3.3.1","pluginClassName":null},{"__type":"DefaultPlugin","groupId":"org.apache.maven.plugins","artefactId":"maven-jar-plugin","version":"3.4.1","pluginClassName":null},{"__type":"DefaultPlugin","groupId":"org.apache.maven.plugins","artefactId":"maven-surefire-plugin","version":"3.0.0-M5","pluginClassName":null},{"__type":"DefaultPlugin","groupId":"org.apache.maven.plugins","artefactId":"maven-install-plugin","version":"3.1.2","pluginClassName":null},{"__type":"DefaultPlugin","groupId":"org.apache.maven.plugins","artefactId":"maven-deploy-plugin","version":"2.8.2","pluginClassName":null},{"__type":"DefaultPlugin","groupId":"org.apache.maven.plugins","artefactId":"maven-site-plugin","version":"3.12.1","pluginClassName":null}],"version":"3.9.12","encoding":"UTF-8","name":"maven","subModules":[],"simpleModuleName":null,"parentModuleName":"com.paritytrading.parity:parity-parent","location":"/home/jbergqvist/diffblue/paritytrading-parity/libraries/file","fullModuleName":"com.paritytrading.parity:parity-file"}}
10:21:47.707 [INFO]   [Validating]  out: [INFO] ------------------------------------------------------------------------
10:21:47.707 [INFO]   [Validating]  out: [INFO] BUILD SUCCESS
10:21:47.707 [INFO]   [Validating]  out: [INFO] ------------------------------------------------------------------------
10:21:47.707 [INFO]   [Validating]  out: [INFO] Total time:  2.406 s
10:21:47.708 [INFO]   [Validating]  out: [INFO] Finished at: 2026-01-20T10:21:47Z
10:21:47.708 [INFO]   [Validating]  out: [INFO] ------------------------------------------------------------------------
10:21:47.708 [INFO]   [Validating]  deserializing line [DIFFBLUE]{"__type":"com.diffblue.cover.buildsystem.model.ProjectInfoMessage","projectName":"com.paritytrading.parity:parity-file","productionSources":["/home/jbergqvist/diffblue/paritytrading-parity/libraries/file/src/main/java","/home/jbergqvist/diffblue/paritytrading-parity/libraries/file/target/generated-sources/annotations"],"testSources":["/home/jbergqvist/diffblue/paritytrading-parity/libraries/file/src/test/java","/home/jbergqvist/diffblue/paritytrading-parity/libraries/file/target/generated-test-sources/test-annotations"],"location":"/home/jbergqvist/diffblue/paritytrading-parity/libraries/file"}
10:21:47.730 [INFO]   [Validating]  maven:err process not stopped, joining thread
10:21:47.731 [INFO]   [Validating]  maven:out process not stopped, joining thread
10:21:47.781 [INFO]   [Validating]  All 17 created tests were successfully validated.
10:21:47.799 [INFO]   [Measuring]   Calculating coverage from Diffblue tests.
10:21:47.801 [INFO]   [Measuring]   Using default build rules as no custom rules found in any of [/home/jbergqvist/diffblue/paritytrading-parity/libraries/file, /home/jbergqvist/diffblue/paritytrading-parity]
10:21:47.801 [INFO]   [Measuring]   Using default build rules as no custom rules found in any of [/home/jbergqvist/diffblue/paritytrading-parity/libraries/file, /home/jbergqvist/diffblue/paritytrading-parity]
10:21:47.802 [INFO]   [Measuring]   Attempting to invoke mvnw in working directory: /home/jbergqvist/diffblue/paritytrading-parity
10:21:47.802 [INFO]   [Measuring]   Attempting to invoke /home/jbergqvist/.sdkman/candidates/maven/current/bin/mvn in working directory: /home/jbergqvist/diffblue/paritytrading-parity
10:21:47.802 [INFO]   [Measuring]   Started "/home/jbergqvist/.sdkman/candidates/maven/current/bin/mvn -Dmaven.ext.class.path=/opt/cover/cover-buildsystem-maven-spy-jar-with-dependencies.jar -Dcom.diffblue.cover.skipTests=true -DskipTestOptimizer --batch-mode --projects=com.paritytrading.parity:parity-file --global-settings=/home/jbergqvist/.sdkman/candidates/maven/current/conf/settings.xml org.apache.maven.plugins:maven-checkstyle-plugin:check -Dcheckstyle.failOnViolation=false org.jacoco:jacoco-maven-plugin:0.8.11:prepare-agent -Djacoco.skip=false test -DfailIfNoTests=false -Dsurefire.failIfNoSpecifiedTests=false -Dmaven.test.failure.ignore=True -Dtest=*DiffblueTest org.jacoco:jacoco-maven-plugin:0.8.11:report -Djacoco.skip=false"
10:21:48.591 [INFO]   [Measuring]   out: [INFO] Scanning for projects...
10:21:48.748 [INFO]   [Measuring]   out: [INFO] 
10:21:48.748 [INFO]   [Measuring]   out: [INFO] ----------------< com.paritytrading.parity:parity-file >----------------
10:21:48.748 [INFO]   [Measuring]   out: [INFO] Building Parity File Formats 0.7.1-SNAPSHOT
10:21:48.748 [INFO]   [Measuring]   out: [INFO]   from pom.xml
10:21:48.748 [INFO]   [Measuring]   out: [INFO] --------------------------------[ jar ]---------------------------------
10:21:49.009 [INFO]   [Measuring]   deserializing line [DIFFBLUE]{"__type":"com.diffblue.cover.buildsystem.model.DefaultEventMessage","project":"com.paritytrading.parity:parity-file","goal":"check","cause":null,"state":"STARTED"}
10:21:49.010 [INFO]   [Measuring]   out: [INFO] 
10:21:49.010 [INFO]   [Measuring]   out: [INFO] --- checkstyle:3.1.0:check (default-cli) @ parity-file ---
10:21:49.545 [INFO]   [Measuring]   deserializing line [DIFFBLUE]{"__type":"com.diffblue.cover.buildsystem.model.DefaultEventMessage","project":"com.paritytrading.parity:parity-file","goal":"check","cause":null,"state":"SUCCESS"}
10:21:49.547 [INFO]   [Measuring]   deserializing line [DIFFBLUE]{"__type":"com.diffblue.cover.buildsystem.model.DefaultEventMessage","project":"com.paritytrading.parity:parity-file","goal":"prepare-agent","cause":null,"state":"STARTED"}
10:21:49.547 [INFO]   [Measuring]   out: [INFO] 
10:21:49.547 [INFO]   [Measuring]   out: [INFO] --- jacoco:0.8.11:prepare-agent (default-cli) @ parity-file ---
10:21:49.588 [INFO]   [Measuring]   out: [INFO] argLine set to -javaagent:/home/jbergqvist/.m2/repository/org/jacoco/org.jacoco.agent/0.8.11/org.jacoco.agent-0.8.11-runtime.jar=destfile=/home/jbergqvist/diffblue/paritytrading-parity/libraries/file/target/jacoco.exec
10:21:49.590 [INFO]   [Measuring]   deserializing line [DIFFBLUE]{"__type":"com.diffblue.cover.buildsystem.model.DefaultEventMessage","project":"com.paritytrading.parity:parity-file","goal":"prepare-agent","cause":null,"state":"SUCCESS"}
10:21:49.591 [INFO]   [Measuring]   deserializing line [DIFFBLUE]{"__type":"com.diffblue.cover.buildsystem.model.DefaultEventMessage","project":"com.paritytrading.parity:parity-file","goal":"enforce","cause":null,"state":"STARTED"}
10:21:49.592 [INFO]   [Measuring]   out: [INFO] 
10:21:49.592 [INFO]   [Measuring]   out: [INFO] --- enforcer:1.0:enforce (enforce-maven) @ parity-file ---
10:21:49.647 [INFO]   [Measuring]   deserializing line [DIFFBLUE]{"__type":"com.diffblue.cover.buildsystem.model.DefaultEventMessage","project":"com.paritytrading.parity:parity-file","goal":"enforce","cause":null,"state":"SUCCESS"}
10:21:49.648 [INFO]   [Measuring]   deserializing line [DIFFBLUE]{"__type":"com.diffblue.cover.buildsystem.model.DefaultEventMessage","project":"com.paritytrading.parity:parity-file","goal":"resources","cause":null,"state":"STARTED"}
10:21:49.649 [INFO]   [Measuring]   out: [INFO] 
10:21:49.649 [INFO]   [Measuring]   out: [INFO] --- resources:3.3.1:resources (default-resources) @ parity-file ---
10:21:49.683 [INFO]   [Measuring]   out: [INFO] skip non existing resourceDirectory /home/jbergqvist/diffblue/paritytrading-parity/libraries/file/src/main/resources
10:21:49.684 [INFO]   [Measuring]   deserializing line [DIFFBLUE]{"__type":"com.diffblue.cover.buildsystem.model.DefaultEventMessage","project":"com.paritytrading.parity:parity-file","goal":"resources","cause":null,"state":"SUCCESS"}
10:21:49.685 [INFO]   [Measuring]   deserializing line [DIFFBLUE]{"__type":"com.diffblue.cover.buildsystem.model.DefaultEventMessage","project":"com.paritytrading.parity:parity-file","goal":"compile","cause":null,"state":"STARTED"}
10:21:49.685 [INFO]   [Measuring]   out: [INFO] 
10:21:49.686 [INFO]   [Measuring]   out: [INFO] --- compiler:3.8.0:compile (default-compile) @ parity-file ---
10:21:49.772 [INFO]   [Measuring]   out: [INFO] Changes detected - recompiling the module!
10:21:49.775 [INFO]   [Measuring]   out: [INFO] Compiling 4 source files to /home/jbergqvist/diffblue/paritytrading-parity/libraries/file/target/classes
10:21:50.087 [INFO]   [Measuring]   deserializing line [DIFFBLUE]{"__type":"com.diffblue.cover.buildsystem.model.DefaultEventMessage","project":"com.paritytrading.parity:parity-file","goal":"compile","cause":null,"state":"SUCCESS"}
10:21:50.088 [INFO]   [Measuring]   deserializing line [DIFFBLUE]{"__type":"com.diffblue.cover.buildsystem.model.DefaultEventMessage","project":"com.paritytrading.parity:parity-file","goal":"testResources","cause":null,"state":"STARTED"}
10:21:50.088 [INFO]   [Measuring]   out: [INFO] 
10:21:50.088 [INFO]   [Measuring]   out: [INFO] --- resources:3.3.1:testResources (default-testResources) @ parity-file ---
10:21:50.090 [INFO]   [Measuring]   out: [INFO] skip non existing resourceDirectory /home/jbergqvist/diffblue/paritytrading-parity/libraries/file/src/test/resources
10:21:50.091 [INFO]   [Measuring]   deserializing line [DIFFBLUE]{"__type":"com.diffblue.cover.buildsystem.model.DefaultEventMessage","project":"com.paritytrading.parity:parity-file","goal":"testResources","cause":null,"state":"SUCCESS"}
10:21:50.093 [INFO]   [Measuring]   deserializing line [DIFFBLUE]{"__type":"com.diffblue.cover.buildsystem.model.DefaultEventMessage","project":"com.paritytrading.parity:parity-file","goal":"testCompile","cause":null,"state":"STARTED"}
10:21:50.094 [INFO]   [Measuring]   out: [INFO] 
10:21:50.094 [INFO]   [Measuring]   out: [INFO] --- compiler:3.8.0:testCompile (default-testCompile) @ parity-file ---
10:21:50.097 [INFO]   [Measuring]   out: [INFO] Nothing to compile - all classes are up to date
10:21:50.098 [INFO]   [Measuring]   deserializing line [DIFFBLUE]{"__type":"com.diffblue.cover.buildsystem.model.DefaultEventMessage","project":"com.paritytrading.parity:parity-file","goal":"testCompile","cause":null,"state":"SUCCESS"}
10:21:50.100 [INFO]   [Measuring]   deserializing line [DIFFBLUE]{"__type":"com.diffblue.cover.buildsystem.model.DefaultEventMessage","project":"com.paritytrading.parity:parity-file","goal":"test","cause":null,"state":"STARTED"}
10:21:50.100 [INFO]   [Measuring]   out: [INFO] 
10:21:50.100 [INFO]   [Measuring]   out: [INFO] --- surefire:3.0.0-M5:test (default-test) @ parity-file ---
10:21:50.262 [INFO]   [Measuring]   out: [INFO] 
10:21:50.262 [INFO]   [Measuring]   out: [INFO] -------------------------------------------------------
10:21:50.262 [INFO]   [Measuring]   out: [INFO]  T E S T S
10:21:50.262 [INFO]   [Measuring]   out: [INFO] -------------------------------------------------------
10:21:50.818 [INFO]   [Measuring]   out: [INFO] Running com.paritytrading.parity.file.taq.TAQConfigDiffblueTest
10:21:51.361 [INFO]   [Measuring]   out: [INFO] Tests run: 9, Failures: 0, Errors: 0, Skipped: 0, Time elapsed: 0.54 s - in com.paritytrading.parity.file.taq.TAQConfigDiffblueTest
10:21:51.362 [INFO]   [Measuring]   out: [INFO] Running com.paritytrading.parity.file.taq.TAQDiffblueTest
10:21:51.364 [INFO]   [Measuring]   out: [INFO] Tests run: 2, Failures: 0, Errors: 0, Skipped: 0, Time elapsed: 0.002 s - in com.paritytrading.parity.file.taq.TAQDiffblueTest
10:21:51.364 [INFO]   [Measuring]   out: [INFO] Running com.paritytrading.parity.file.taq.TAQWriterDiffblueTest
10:21:51.374 [INFO]   [Measuring]   out: [INFO] Tests run: 6, Failures: 0, Errors: 0, Skipped: 0, Time elapsed: 0.015 s - in com.paritytrading.parity.file.taq.TAQWriterDiffblueTest
10:21:51.420 [INFO]   [Measuring]   out: [INFO] 
10:21:51.420 [INFO]   [Measuring]   out: [INFO] Results:
10:21:51.420 [INFO]   [Measuring]   out: [INFO] 
10:21:51.420 [INFO]   [Measuring]   out: [INFO] Tests run: 17, Failures: 0, Errors: 0, Skipped: 0
10:21:51.420 [INFO]   [Measuring]   out: [INFO] 
10:21:51.424 [INFO]   [Measuring]   deserializing line [DIFFBLUE]{"__type":"com.diffblue.cover.buildsystem.model.DefaultEventMessage","project":"com.paritytrading.parity:parity-file","goal":"test","cause":null,"state":"SUCCESS"}
10:21:51.425 [INFO]   [Measuring]   deserializing line [DIFFBLUE]{"__type":"com.diffblue.cover.buildsystem.model.DefaultEventMessage","project":"com.paritytrading.parity:parity-file","goal":"report","cause":null,"state":"STARTED"}
10:21:51.426 [INFO]   [Measuring]   out: [INFO] 
10:21:51.426 [INFO]   [Measuring]   out: [INFO] --- jacoco:0.8.11:report (default-cli) @ parity-file ---
10:21:51.429 [INFO]   [Measuring]   out: [INFO] Loading execution data file /home/jbergqvist/diffblue/paritytrading-parity/libraries/file/target/jacoco.exec
10:21:51.477 [INFO]   [Measuring]   out: [INFO] Analyzed bundle 'Parity File Formats' with 5 classes
10:21:51.518 [INFO]   [Measuring]   deserializing line [DIFFBLUE]{"__type":"com.diffblue.cover.buildsystem.model.DefaultEventMessage","project":"com.paritytrading.parity:parity-file","goal":"report","cause":null,"state":"SUCCESS"}
10:21:51.543 [INFO]   [Measuring]   deserializing line [DIFFBLUE]{"__type":"com.diffblue.cover.buildsystem.model.DefaultProjectModuleMessage","project":{"__type":"DefaultProjectModule","junitReport":["/home/jbergqvist/diffblue/paritytrading-parity/libraries/file/target/surefire-reports"],"jacocoReport":["/home/jbergqvist/diffblue/paritytrading-parity/libraries/file/target/site/jacoco/jacoco.xml"],"jacocoDestFile":["/home/jbergqvist/diffblue/paritytrading-parity/libraries/file/target/jacoco.exec"],"jacocoFormats":["xml"],"jacocoSkipped":false,"classpath":["/home/jbergqvist/diffblue/paritytrading-parity/libraries/file/target/classes","/home/jbergqvist/.m2/repository/org/junit/jupiter/junit-jupiter/5.7.0/junit-jupiter-5.7.0.jar","/home/jbergqvist/.m2/repository/org/junit/jupiter/junit-jupiter-api/5.7.0/junit-jupiter-api-5.7.0.jar","/home/jbergqvist/.m2/repository/org/apiguardian/apiguardian-api/1.1.0/apiguardian-api-1.1.0.jar","/home/jbergqvist/.m2/repository/org/opentest4j/opentest4j/1.2.0/opentest4j-1.2.0.jar","/home/jbergqvist/.m2/repository/org/junit/platform/junit-platform-commons/1.7.0/junit-platform-commons-1.7.0.jar","/home/jbergqvist/.m2/repository/org/junit/jupiter/junit-jupiter-params/5.7.0/junit-jupiter-params-5.7.0.jar","/home/jbergqvist/.m2/repository/org/junit/jupiter/junit-jupiter-engine/5.7.0/junit-jupiter-engine-5.7.0.jar","/home/jbergqvist/.m2/repository/org/junit/platform/junit-platform-engine/1.7.0/junit-platform-engine-1.7.0.jar","/home/jbergqvist/.m2/repository/com/diffblue/cover/cover-annotations/1.9.0/cover-annotations-1.9.0.jar","/home/jbergqvist/.m2/repository/org/mockito/mockito-core/4.11.0/mockito-core-4.11.0.jar","/home/jbergqvist/.m2/repository/net/bytebuddy/byte-buddy/1.12.19/byte-buddy-1.12.19.jar","/home/jbergqvist/.m2/repository/net/bytebuddy/byte-buddy-agent/1.12.19/byte-buddy-agent-1.12.19.jar","/home/jbergqvist/.m2/repository/org/objenesis/objenesis/3.3/objenesis-3.3.jar","/home/jbergqvist/.m2/repository/org/mockito/mockito-junit-jupiter/4.11.0/mockito-junit-jupiter-4.11.0.jar"],"complianceLevel":"1.8","productionSources":["/home/jbergqvist/diffblue/paritytrading-parity/libraries/file/src/main/java"],"testSources":["/home/jbergqvist/diffblue/paritytrading-parity/libraries/file/src/test/java"],"productionClasses":"/home/jbergqvist/diffblue/paritytrading-parity/libraries/file/target/classes","testClasses":"/home/jbergqvist/diffblue/paritytrading-parity/libraries/file/target/test-classes","sourceToBuildPathMap":null,"testSourceToBuildPathMap":null,"buildDirectory":"/home/jbergqvist/diffblue/paritytrading-parity/libraries/file/target","plugins":[{"__type":"DefaultPlugin","groupId":"org.apache.maven.plugins","artefactId":"maven-enforcer-plugin","version":"1.0","pluginClassName":null},{"__type":"DefaultPlugin","groupId":"org.apache.maven.plugins","artefactId":"maven-checkstyle-plugin","version":"3.1.0","pluginClassName":null},{"__type":"DefaultPlugin","groupId":"org.apache.maven.plugins","artefactId":"maven-compiler-plugin","version":"3.8.0","pluginClassName":null},{"__type":"DefaultPlugin","groupId":"org.apache.maven.plugins","artefactId":"maven-javadoc-plugin","version":"3.0.1","pluginClassName":null},{"__type":"DefaultPlugin","groupId":"org.apache.maven.plugins","artefactId":"maven-release-plugin","version":"2.5.3","pluginClassName":null},{"__type":"DefaultPlugin","groupId":"org.apache.maven.plugins","artefactId":"maven-clean-plugin","version":"3.2.0","pluginClassName":null},{"__type":"DefaultPlugin","groupId":"org.apache.maven.plugins","artefactId":"maven-resources-plugin","version":"3.3.1","pluginClassName":null},{"__type":"DefaultPlugin","groupId":"org.apache.maven.plugins","artefactId":"maven-jar-plugin","version":"3.4.1","pluginClassName":null},{"__type":"DefaultPlugin","groupId":"org.apache.maven.plugins","artefactId":"maven-surefire-plugin","version":"3.0.0-M5","pluginClassName":null},{"__type":"DefaultPlugin","groupId":"org.apache.maven.plugins","artefactId":"maven-install-plugin","version":"3.1.2","pluginClassName":null},{"__type":"DefaultPlugin","groupId":"org.apache.maven.plugins","artefactId":"maven-deploy-plugin","version":"2.8.2","pluginClassName":null},{"__type":"DefaultPlugin","groupId":"org.apache.maven.plugins","artefactId":"maven-site-plugin","version":"3.12.1","pluginClassName":null}],"version":"3.9.12","encoding":"UTF-8","name":"maven","subModules":[],"simpleModuleName":null,"parentModuleName":"com.paritytrading.parity:parity-parent","location":"/home/jbergqvist/diffblue/paritytrading-parity/libraries/file","fullModuleName":"com.paritytrading.parity:parity-file"}}
10:21:51.545 [INFO]   [Measuring]   out: [INFO] ------------------------------------------------------------------------
10:21:51.546 [INFO]   [Measuring]   out: [INFO] BUILD SUCCESS
10:21:51.546 [INFO]   [Measuring]   out: [INFO] ------------------------------------------------------------------------
10:21:51.546 [INFO]   [Measuring]   out: [INFO] Total time:  2.975 s
10:21:51.546 [INFO]   [Measuring]   out: [INFO] Finished at: 2026-01-20T10:21:51Z
10:21:51.546 [INFO]   [Measuring]   out: [INFO] ------------------------------------------------------------------------
10:21:51.547 [INFO]   [Measuring]   deserializing line [DIFFBLUE]{"__type":"com.diffblue.cover.buildsystem.model.ProjectInfoMessage","projectName":"com.paritytrading.parity:parity-file","productionSources":["/home/jbergqvist/diffblue/paritytrading-parity/libraries/file/src/main/java","/home/jbergqvist/diffblue/paritytrading-parity/libraries/file/target/generated-sources/annotations"],"testSources":["/home/jbergqvist/diffblue/paritytrading-parity/libraries/file/src/test/java","/home/jbergqvist/diffblue/paritytrading-parity/libraries/file/target/generated-test-sources/test-annotations"],"location":"/home/jbergqvist/diffblue/paritytrading-parity/libraries/file"}
10:21:51.570 [INFO]   [Measuring]   maven:err process not stopped, joining thread
10:21:51.571 [INFO]   [Measuring]   maven:out process not stopped, joining thread
10:21:51.571 [INFO]   [Measuring]   Attempting to invoke mvnw in working directory: /home/jbergqvist/diffblue/paritytrading-parity
10:21:51.572 [INFO]   [Measuring]   Attempting to invoke /home/jbergqvist/.sdkman/candidates/maven/current/bin/mvn in working directory: /home/jbergqvist/diffblue/paritytrading-parity
10:21:51.572 [INFO]   [Measuring]   Started "/home/jbergqvist/.sdkman/candidates/maven/current/bin/mvn -Dmaven.ext.class.path=/opt/cover/cover-buildsystem-maven-spy-jar-with-dependencies.jar -Dcom.diffblue.cover.skipTests=true -DskipTestOptimizer --batch-mode --projects=com.paritytrading.parity:parity-file --global-settings=/home/jbergqvist/.sdkman/candidates/maven/current/conf/settings.xml org.apache.maven.plugins:maven-checkstyle-plugin:check -Dcheckstyle.failOnViolation=false org.jacoco:jacoco-maven-plugin:0.8.11:prepare-agent -Djacoco.skip=false test -DfailIfNoTests=false -Dsurefire.failIfNoSpecifiedTests=false -Dmaven.test.failure.ignore=True -Dtest=!*DiffblueTest,**/Test*.java,**/*Test.java,**/*Tests.java,**/*TestCase.java -Dgroups=MaintainedByDiffblue,ContributionFromDiffblue org.jacoco:jacoco-maven-plugin:0.8.11:report -Djacoco.skip=false"
10:21:52.341 [INFO]   [Measuring]   out: [INFO] Scanning for projects...
10:21:52.500 [INFO]   [Measuring]   out: [INFO] 
10:21:52.500 [INFO]   [Measuring]   out: [INFO] ----------------< com.paritytrading.parity:parity-file >----------------
10:21:52.500 [INFO]   [Measuring]   out: [INFO] Building Parity File Formats 0.7.1-SNAPSHOT
10:21:52.501 [INFO]   [Measuring]   out: [INFO]   from pom.xml
10:21:52.501 [INFO]   [Measuring]   out: [INFO] --------------------------------[ jar ]---------------------------------
10:21:52.754 [INFO]   [Measuring]   deserializing line [DIFFBLUE]{"__type":"com.diffblue.cover.buildsystem.model.DefaultEventMessage","project":"com.paritytrading.parity:parity-file","goal":"check","cause":null,"state":"STARTED"}
10:21:52.755 [INFO]   [Measuring]   out: [INFO] 
10:21:52.755 [INFO]   [Measuring]   out: [INFO] --- checkstyle:3.1.0:check (default-cli) @ parity-file ---
10:21:53.213 [INFO]   [Measuring]   deserializing line [DIFFBLUE]{"__type":"com.diffblue.cover.buildsystem.model.DefaultEventMessage","project":"com.paritytrading.parity:parity-file","goal":"check","cause":null,"state":"SUCCESS"}
10:21:53.215 [INFO]   [Measuring]   deserializing line [DIFFBLUE]{"__type":"com.diffblue.cover.buildsystem.model.DefaultEventMessage","project":"com.paritytrading.parity:parity-file","goal":"prepare-agent","cause":null,"state":"STARTED"}
10:21:53.216 [INFO]   [Measuring]   out: [INFO] 
10:21:53.216 [INFO]   [Measuring]   out: [INFO] --- jacoco:0.8.11:prepare-agent (default-cli) @ parity-file ---
10:21:53.254 [INFO]   [Measuring]   out: [INFO] argLine set to -javaagent:/home/jbergqvist/.m2/repository/org/jacoco/org.jacoco.agent/0.8.11/org.jacoco.agent-0.8.11-runtime.jar=destfile=/home/jbergqvist/diffblue/paritytrading-parity/libraries/file/target/jacoco.exec
10:21:53.256 [INFO]   [Measuring]   deserializing line [DIFFBLUE]{"__type":"com.diffblue.cover.buildsystem.model.DefaultEventMessage","project":"com.paritytrading.parity:parity-file","goal":"prepare-agent","cause":null,"state":"SUCCESS"}
10:21:53.257 [INFO]   [Measuring]   deserializing line [DIFFBLUE]{"__type":"com.diffblue.cover.buildsystem.model.DefaultEventMessage","project":"com.paritytrading.parity:parity-file","goal":"enforce","cause":null,"state":"STARTED"}
10:21:53.257 [INFO]   [Measuring]   out: [INFO] 
10:21:53.257 [INFO]   [Measuring]   out: [INFO] --- enforcer:1.0:enforce (enforce-maven) @ parity-file ---
10:21:53.312 [INFO]   [Measuring]   deserializing line [DIFFBLUE]{"__type":"com.diffblue.cover.buildsystem.model.DefaultEventMessage","project":"com.paritytrading.parity:parity-file","goal":"enforce","cause":null,"state":"SUCCESS"}
10:21:53.313 [INFO]   [Measuring]   deserializing line [DIFFBLUE]{"__type":"com.diffblue.cover.buildsystem.model.DefaultEventMessage","project":"com.paritytrading.parity:parity-file","goal":"resources","cause":null,"state":"STARTED"}
10:21:53.313 [INFO]   [Measuring]   out: [INFO] 
10:21:53.313 [INFO]   [Measuring]   out: [INFO] --- resources:3.3.1:resources (default-resources) @ parity-file ---
10:21:53.344 [INFO]   [Measuring]   out: [INFO] skip non existing resourceDirectory /home/jbergqvist/diffblue/paritytrading-parity/libraries/file/src/main/resources
10:21:53.345 [INFO]   [Measuring]   deserializing line [DIFFBLUE]{"__type":"com.diffblue.cover.buildsystem.model.DefaultEventMessage","project":"com.paritytrading.parity:parity-file","goal":"resources","cause":null,"state":"SUCCESS"}
10:21:53.346 [INFO]   [Measuring]   deserializing line [DIFFBLUE]{"__type":"com.diffblue.cover.buildsystem.model.DefaultEventMessage","project":"com.paritytrading.parity:parity-file","goal":"compile","cause":null,"state":"STARTED"}
10:21:53.347 [INFO]   [Measuring]   out: [INFO] 
10:21:53.347 [INFO]   [Measuring]   out: [INFO] --- compiler:3.8.0:compile (default-compile) @ parity-file ---
10:21:53.427 [INFO]   [Measuring]   out: [INFO] Changes detected - recompiling the module!
10:21:53.432 [INFO]   [Measuring]   out: [INFO] Compiling 4 source files to /home/jbergqvist/diffblue/paritytrading-parity/libraries/file/target/classes
10:21:53.728 [INFO]   [Measuring]   deserializing line [DIFFBLUE]{"__type":"com.diffblue.cover.buildsystem.model.DefaultEventMessage","project":"com.paritytrading.parity:parity-file","goal":"compile","cause":null,"state":"SUCCESS"}
10:21:53.730 [INFO]   [Measuring]   deserializing line [DIFFBLUE]{"__type":"com.diffblue.cover.buildsystem.model.DefaultEventMessage","project":"com.paritytrading.parity:parity-file","goal":"testResources","cause":null,"state":"STARTED"}
10:21:53.731 [INFO]   [Measuring]   out: [INFO] 
10:21:53.731 [INFO]   [Measuring]   out: [INFO] --- resources:3.3.1:testResources (default-testResources) @ parity-file ---
10:21:53.732 [INFO]   [Measuring]   out: [INFO] skip non existing resourceDirectory /home/jbergqvist/diffblue/paritytrading-parity/libraries/file/src/test/resources
10:21:53.733 [INFO]   [Measuring]   deserializing line [DIFFBLUE]{"__type":"com.diffblue.cover.buildsystem.model.DefaultEventMessage","project":"com.paritytrading.parity:parity-file","goal":"testResources","cause":null,"state":"SUCCESS"}
10:21:53.734 [INFO]   [Measuring]   deserializing line [DIFFBLUE]{"__type":"com.diffblue.cover.buildsystem.model.DefaultEventMessage","project":"com.paritytrading.parity:parity-file","goal":"testCompile","cause":null,"state":"STARTED"}
10:21:53.735 [INFO]   [Measuring]   out: [INFO] 
10:21:53.735 [INFO]   [Measuring]   out: [INFO] --- compiler:3.8.0:testCompile (default-testCompile) @ parity-file ---
10:21:53.739 [INFO]   [Measuring]   out: [INFO] Nothing to compile - all classes are up to date
10:21:53.740 [INFO]   [Measuring]   deserializing line [DIFFBLUE]{"__type":"com.diffblue.cover.buildsystem.model.DefaultEventMessage","project":"com.paritytrading.parity:parity-file","goal":"testCompile","cause":null,"state":"SUCCESS"}
10:21:53.741 [INFO]   [Measuring]   deserializing line [DIFFBLUE]{"__type":"com.diffblue.cover.buildsystem.model.DefaultEventMessage","project":"com.paritytrading.parity:parity-file","goal":"test","cause":null,"state":"STARTED"}
10:21:53.741 [INFO]   [Measuring]   out: [INFO] 
10:21:53.741 [INFO]   [Measuring]   out: [INFO] --- surefire:3.0.0-M5:test (default-test) @ parity-file ---
10:21:53.903 [INFO]   [Measuring]   out: [INFO] 
10:21:53.903 [INFO]   [Measuring]   out: [INFO] -------------------------------------------------------
10:21:53.903 [INFO]   [Measuring]   out: [INFO]  T E S T S
10:21:53.903 [INFO]   [Measuring]   out: [INFO] -------------------------------------------------------
10:21:54.451 [INFO]   [Measuring]   out: [INFO] 
10:21:54.451 [INFO]   [Measuring]   out: [INFO] Results:
10:21:54.451 [INFO]   [Measuring]   out: [INFO] 
10:21:54.452 [INFO]   [Measuring]   out: [INFO] Tests run: 0, Failures: 0, Errors: 0, Skipped: 0
10:21:54.452 [INFO]   [Measuring]   out: [INFO] 
10:21:54.456 [INFO]   [Measuring]   deserializing line [DIFFBLUE]{"__type":"com.diffblue.cover.buildsystem.model.DefaultEventMessage","project":"com.paritytrading.parity:parity-file","goal":"test","cause":null,"state":"SUCCESS"}
10:21:54.457 [INFO]   [Measuring]   deserializing line [DIFFBLUE]{"__type":"com.diffblue.cover.buildsystem.model.DefaultEventMessage","project":"com.paritytrading.parity:parity-file","goal":"report","cause":null,"state":"STARTED"}
10:21:54.457 [INFO]   [Measuring]   out: [INFO] 
10:21:54.457 [INFO]   [Measuring]   out: [INFO] --- jacoco:0.8.11:report (default-cli) @ parity-file ---
10:21:54.461 [INFO]   [Measuring]   out: [INFO] Loading execution data file /home/jbergqvist/diffblue/paritytrading-parity/libraries/file/target/jacoco.exec
10:21:54.510 [INFO]   [Measuring]   out: [INFO] Analyzed bundle 'Parity File Formats' with 5 classes
10:21:54.546 [INFO]   [Measuring]   deserializing line [DIFFBLUE]{"__type":"com.diffblue.cover.buildsystem.model.DefaultEventMessage","project":"com.paritytrading.parity:parity-file","goal":"report","cause":null,"state":"SUCCESS"}
10:21:54.574 [INFO]   [Measuring]   deserializing line [DIFFBLUE]{"__type":"com.diffblue.cover.buildsystem.model.DefaultProjectModuleMessage","project":{"__type":"DefaultProjectModule","junitReport":["/home/jbergqvist/diffblue/paritytrading-parity/libraries/file/target/surefire-reports"],"jacocoReport":["/home/jbergqvist/diffblue/paritytrading-parity/libraries/file/target/site/jacoco/jacoco.xml"],"jacocoDestFile":["/home/jbergqvist/diffblue/paritytrading-parity/libraries/file/target/jacoco.exec"],"jacocoFormats":["xml"],"jacocoSkipped":false,"classpath":["/home/jbergqvist/diffblue/paritytrading-parity/libraries/file/target/classes","/home/jbergqvist/.m2/repository/org/junit/jupiter/junit-jupiter/5.7.0/junit-jupiter-5.7.0.jar","/home/jbergqvist/.m2/repository/org/junit/jupiter/junit-jupiter-api/5.7.0/junit-jupiter-api-5.7.0.jar","/home/jbergqvist/.m2/repository/org/apiguardian/apiguardian-api/1.1.0/apiguardian-api-1.1.0.jar","/home/jbergqvist/.m2/repository/org/opentest4j/opentest4j/1.2.0/opentest4j-1.2.0.jar","/home/jbergqvist/.m2/repository/org/junit/platform/junit-platform-commons/1.7.0/junit-platform-commons-1.7.0.jar","/home/jbergqvist/.m2/repository/org/junit/jupiter/junit-jupiter-params/5.7.0/junit-jupiter-params-5.7.0.jar","/home/jbergqvist/.m2/repository/org/junit/jupiter/junit-jupiter-engine/5.7.0/junit-jupiter-engine-5.7.0.jar","/home/jbergqvist/.m2/repository/org/junit/platform/junit-platform-engine/1.7.0/junit-platform-engine-1.7.0.jar","/home/jbergqvist/.m2/repository/com/diffblue/cover/cover-annotations/1.9.0/cover-annotations-1.9.0.jar","/home/jbergqvist/.m2/repository/org/mockito/mockito-core/4.11.0/mockito-core-4.11.0.jar","/home/jbergqvist/.m2/repository/net/bytebuddy/byte-buddy/1.12.19/byte-buddy-1.12.19.jar","/home/jbergqvist/.m2/repository/net/bytebuddy/byte-buddy-agent/1.12.19/byte-buddy-agent-1.12.19.jar","/home/jbergqvist/.m2/repository/org/objenesis/objenesis/3.3/objenesis-3.3.jar","/home/jbergqvist/.m2/repository/org/mockito/mockito-junit-jupiter/4.11.0/mockito-junit-jupiter-4.11.0.jar"],"complianceLevel":"1.8","productionSources":["/home/jbergqvist/diffblue/paritytrading-parity/libraries/file/src/main/java"],"testSources":["/home/jbergqvist/diffblue/paritytrading-parity/libraries/file/src/test/java"],"productionClasses":"/home/jbergqvist/diffblue/paritytrading-parity/libraries/file/target/classes","testClasses":"/home/jbergqvist/diffblue/paritytrading-parity/libraries/file/target/test-classes","sourceToBuildPathMap":null,"testSourceToBuildPathMap":null,"buildDirectory":"/home/jbergqvist/diffblue/paritytrading-parity/libraries/file/target","plugins":[{"__type":"DefaultPlugin","groupId":"org.apache.maven.plugins","artefactId":"maven-enforcer-plugin","version":"1.0","pluginClassName":null},{"__type":"DefaultPlugin","groupId":"org.apache.maven.plugins","artefactId":"maven-checkstyle-plugin","version":"3.1.0","pluginClassName":null},{"__type":"DefaultPlugin","groupId":"org.apache.maven.plugins","artefactId":"maven-compiler-plugin","version":"3.8.0","pluginClassName":null},{"__type":"DefaultPlugin","groupId":"org.apache.maven.plugins","artefactId":"maven-javadoc-plugin","version":"3.0.1","pluginClassName":null},{"__type":"DefaultPlugin","groupId":"org.apache.maven.plugins","artefactId":"maven-release-plugin","version":"2.5.3","pluginClassName":null},{"__type":"DefaultPlugin","groupId":"org.apache.maven.plugins","artefactId":"maven-clean-plugin","version":"3.2.0","pluginClassName":null},{"__type":"DefaultPlugin","groupId":"org.apache.maven.plugins","artefactId":"maven-resources-plugin","version":"3.3.1","pluginClassName":null},{"__type":"DefaultPlugin","groupId":"org.apache.maven.plugins","artefactId":"maven-jar-plugin","version":"3.4.1","pluginClassName":null},{"__type":"DefaultPlugin","groupId":"org.apache.maven.plugins","artefactId":"maven-surefire-plugin","version":"3.0.0-M5","pluginClassName":null},{"__type":"DefaultPlugin","groupId":"org.apache.maven.plugins","artefactId":"maven-install-plugin","version":"3.1.2","pluginClassName":null},{"__type":"DefaultPlugin","groupId":"org.apache.maven.plugins","artefactId":"maven-deploy-plugin","version":"2.8.2","pluginClassName":null},{"__type":"DefaultPlugin","groupId":"org.apache.maven.plugins","artefactId":"maven-site-plugin","version":"3.12.1","pluginClassName":null}],"version":"3.9.12","encoding":"UTF-8","name":"maven","subModules":[],"simpleModuleName":null,"parentModuleName":"com.paritytrading.parity:parity-parent","location":"/home/jbergqvist/diffblue/paritytrading-parity/libraries/file","fullModuleName":"com.paritytrading.parity:parity-file"}}
10:21:54.577 [INFO]   [Measuring]   out: [INFO] ------------------------------------------------------------------------
10:21:54.577 [INFO]   [Measuring]   out: [INFO] BUILD SUCCESS
10:21:54.577 [INFO]   [Measuring]   out: [INFO] ------------------------------------------------------------------------
10:21:54.577 [INFO]   [Measuring]   out: [INFO] Total time:  2.250 s
10:21:54.577 [INFO]   [Measuring]   out: [INFO] Finished at: 2026-01-20T10:21:54Z
10:21:54.577 [INFO]   [Measuring]   out: [INFO] ------------------------------------------------------------------------
10:21:54.579 [INFO]   [Measuring]   deserializing line [DIFFBLUE]{"__type":"com.diffblue.cover.buildsystem.model.ProjectInfoMessage","projectName":"com.paritytrading.parity:parity-file","productionSources":["/home/jbergqvist/diffblue/paritytrading-parity/libraries/file/src/main/java","/home/jbergqvist/diffblue/paritytrading-parity/libraries/file/target/generated-sources/annotations"],"testSources":["/home/jbergqvist/diffblue/paritytrading-parity/libraries/file/src/test/java","/home/jbergqvist/diffblue/paritytrading-parity/libraries/file/target/generated-test-sources/test-annotations"],"location":"/home/jbergqvist/diffblue/paritytrading-parity/libraries/file"}
10:21:54.615 [INFO]   [Measuring]   maven:err process not stopped, joining thread
10:21:54.615 [INFO]   [Measuring]   maven:out process not stopped, joining thread
10:21:54.625 [INFO]   [Measuring]   JaCoCo report file created in /home/jbergqvist/diffblue/paritytrading-parity/libraries/file/.diffblue/reports/diffblue-tests-jacoco-report.xml
10:21:54.642 [INFO]   [Measuring]   Calculating coverage from manual tests.
10:21:54.643 [INFO]   [Measuring]   Using default build rules as no custom rules found in any of [/home/jbergqvist/diffblue/paritytrading-parity/libraries/file, /home/jbergqvist/diffblue/paritytrading-parity]
10:21:54.643 [INFO]   [Measuring]   Attempting to invoke mvnw in working directory: /home/jbergqvist/diffblue/paritytrading-parity
10:21:54.644 [INFO]   [Measuring]   Attempting to invoke /home/jbergqvist/.sdkman/candidates/maven/current/bin/mvn in working directory: /home/jbergqvist/diffblue/paritytrading-parity
10:21:54.644 [INFO]   [Measuring]   Started "/home/jbergqvist/.sdkman/candidates/maven/current/bin/mvn -Dmaven.ext.class.path=/opt/cover/cover-buildsystem-maven-spy-jar-with-dependencies.jar -Dcom.diffblue.cover.skipTests=true -DskipTestOptimizer --batch-mode --projects=com.paritytrading.parity:parity-file --global-settings=/home/jbergqvist/.sdkman/candidates/maven/current/conf/settings.xml org.apache.maven.plugins:maven-checkstyle-plugin:check -Dcheckstyle.failOnViolation=false org.jacoco:jacoco-maven-plugin:0.8.11:prepare-agent -Djacoco.skip=false test -DfailIfNoTests=false -Dsurefire.failIfNoSpecifiedTests=false -Dmaven.test.failure.ignore=True -Dtest=!*DiffblueTest,**/Test*.java,**/*Test.java,**/*Tests.java,**/*TestCase.java -DexcludedGroups=MaintainedByDiffblue,ContributionFromDiffblue org.jacoco:jacoco-maven-plugin:0.8.11:report -Djacoco.skip=false"
10:21:55.433 [INFO]   [Measuring]   out: [INFO] Scanning for projects...
10:21:55.585 [INFO]   [Measuring]   out: [INFO] 
10:21:55.585 [INFO]   [Measuring]   out: [INFO] ----------------< com.paritytrading.parity:parity-file >----------------
10:21:55.585 [INFO]   [Measuring]   out: [INFO] Building Parity File Formats 0.7.1-SNAPSHOT
10:21:55.585 [INFO]   [Measuring]   out: [INFO]   from pom.xml
10:21:55.585 [INFO]   [Measuring]   out: [INFO] --------------------------------[ jar ]---------------------------------
10:21:55.848 [INFO]   [Measuring]   deserializing line [DIFFBLUE]{"__type":"com.diffblue.cover.buildsystem.model.DefaultEventMessage","project":"com.paritytrading.parity:parity-file","goal":"check","cause":null,"state":"STARTED"}
10:21:55.850 [INFO]   [Measuring]   out: [INFO] 
10:21:55.850 [INFO]   [Measuring]   out: [INFO] --- checkstyle:3.1.0:check (default-cli) @ parity-file ---
10:21:56.273 [INFO]   [Measuring]   deserializing line [DIFFBLUE]{"__type":"com.diffblue.cover.buildsystem.model.DefaultEventMessage","project":"com.paritytrading.parity:parity-file","goal":"check","cause":null,"state":"SUCCESS"}
10:21:56.275 [INFO]   [Measuring]   deserializing line [DIFFBLUE]{"__type":"com.diffblue.cover.buildsystem.model.DefaultEventMessage","project":"com.paritytrading.parity:parity-file","goal":"prepare-agent","cause":null,"state":"STARTED"}
10:21:56.276 [INFO]   [Measuring]   out: [INFO] 
10:21:56.276 [INFO]   [Measuring]   out: [INFO] --- jacoco:0.8.11:prepare-agent (default-cli) @ parity-file ---
10:21:56.316 [INFO]   [Measuring]   out: [INFO] argLine set to -javaagent:/home/jbergqvist/.m2/repository/org/jacoco/org.jacoco.agent/0.8.11/org.jacoco.agent-0.8.11-runtime.jar=destfile=/home/jbergqvist/diffblue/paritytrading-parity/libraries/file/target/jacoco.exec
10:21:56.318 [INFO]   [Measuring]   deserializing line [DIFFBLUE]{"__type":"com.diffblue.cover.buildsystem.model.DefaultEventMessage","project":"com.paritytrading.parity:parity-file","goal":"prepare-agent","cause":null,"state":"SUCCESS"}
10:21:56.319 [INFO]   [Measuring]   deserializing line [DIFFBLUE]{"__type":"com.diffblue.cover.buildsystem.model.DefaultEventMessage","project":"com.paritytrading.parity:parity-file","goal":"enforce","cause":null,"state":"STARTED"}
10:21:56.320 [INFO]   [Measuring]   out: [INFO] 
10:21:56.320 [INFO]   [Measuring]   out: [INFO] --- enforcer:1.0:enforce (enforce-maven) @ parity-file ---
10:21:56.378 [INFO]   [Measuring]   deserializing line [DIFFBLUE]{"__type":"com.diffblue.cover.buildsystem.model.DefaultEventMessage","project":"com.paritytrading.parity:parity-file","goal":"enforce","cause":null,"state":"SUCCESS"}
10:21:56.379 [INFO]   [Measuring]   deserializing line [DIFFBLUE]{"__type":"com.diffblue.cover.buildsystem.model.DefaultEventMessage","project":"com.paritytrading.parity:parity-file","goal":"resources","cause":null,"state":"STARTED"}
10:21:56.379 [INFO]   [Measuring]   out: [INFO] 
10:21:56.379 [INFO]   [Measuring]   out: [INFO] --- resources:3.3.1:resources (default-resources) @ parity-file ---
10:21:56.412 [INFO]   [Measuring]   out: [INFO] skip non existing resourceDirectory /home/jbergqvist/diffblue/paritytrading-parity/libraries/file/src/main/resources
10:21:56.413 [INFO]   [Measuring]   deserializing line [DIFFBLUE]{"__type":"com.diffblue.cover.buildsystem.model.DefaultEventMessage","project":"com.paritytrading.parity:parity-file","goal":"resources","cause":null,"state":"SUCCESS"}
10:21:56.415 [INFO]   [Measuring]   deserializing line [DIFFBLUE]{"__type":"com.diffblue.cover.buildsystem.model.DefaultEventMessage","project":"com.paritytrading.parity:parity-file","goal":"compile","cause":null,"state":"STARTED"}
10:21:56.415 [INFO]   [Measuring]   out: [INFO] 
10:21:56.416 [INFO]   [Measuring]   out: [INFO] --- compiler:3.8.0:compile (default-compile) @ parity-file ---
10:21:56.502 [INFO]   [Measuring]   out: [INFO] Changes detected - recompiling the module!
10:21:56.505 [INFO]   [Measuring]   out: [INFO] Compiling 4 source files to /home/jbergqvist/diffblue/paritytrading-parity/libraries/file/target/classes
10:21:56.806 [INFO]   [Measuring]   deserializing line [DIFFBLUE]{"__type":"com.diffblue.cover.buildsystem.model.DefaultEventMessage","project":"com.paritytrading.parity:parity-file","goal":"compile","cause":null,"state":"SUCCESS"}
10:21:56.807 [INFO]   [Measuring]   deserializing line [DIFFBLUE]{"__type":"com.diffblue.cover.buildsystem.model.DefaultEventMessage","project":"com.paritytrading.parity:parity-file","goal":"testResources","cause":null,"state":"STARTED"}
10:21:56.808 [INFO]   [Measuring]   out: [INFO] 
10:21:56.808 [INFO]   [Measuring]   out: [INFO] --- resources:3.3.1:testResources (default-testResources) @ parity-file ---
10:21:56.809 [INFO]   [Measuring]   out: [INFO] skip non existing resourceDirectory /home/jbergqvist/diffblue/paritytrading-parity/libraries/file/src/test/resources
10:21:56.810 [INFO]   [Measuring]   deserializing line [DIFFBLUE]{"__type":"com.diffblue.cover.buildsystem.model.DefaultEventMessage","project":"com.paritytrading.parity:parity-file","goal":"testResources","cause":null,"state":"SUCCESS"}
10:21:56.811 [INFO]   [Measuring]   deserializing line [DIFFBLUE]{"__type":"com.diffblue.cover.buildsystem.model.DefaultEventMessage","project":"com.paritytrading.parity:parity-file","goal":"testCompile","cause":null,"state":"STARTED"}
10:21:56.812 [INFO]   [Measuring]   out: [INFO] 
10:21:56.812 [INFO]   [Measuring]   out: [INFO] --- compiler:3.8.0:testCompile (default-testCompile) @ parity-file ---
10:21:56.815 [INFO]   [Measuring]   out: [INFO] Nothing to compile - all classes are up to date
10:21:56.816 [INFO]   [Measuring]   deserializing line [DIFFBLUE]{"__type":"com.diffblue.cover.buildsystem.model.DefaultEventMessage","project":"com.paritytrading.parity:parity-file","goal":"testCompile","cause":null,"state":"SUCCESS"}
10:21:56.817 [INFO]   [Measuring]   deserializing line [DIFFBLUE]{"__type":"com.diffblue.cover.buildsystem.model.DefaultEventMessage","project":"com.paritytrading.parity:parity-file","goal":"test","cause":null,"state":"STARTED"}
10:21:56.818 [INFO]   [Measuring]   out: [INFO] 
10:21:56.818 [INFO]   [Measuring]   out: [INFO] --- surefire:3.0.0-M5:test (default-test) @ parity-file ---
10:21:56.978 [INFO]   [Measuring]   out: [INFO] 
10:21:56.978 [INFO]   [Measuring]   out: [INFO] -------------------------------------------------------
10:21:56.978 [INFO]   [Measuring]   out: [INFO]  T E S T S
10:21:56.978 [INFO]   [Measuring]   out: [INFO] -------------------------------------------------------
10:21:57.512 [INFO]   [Measuring]   out: [INFO] Running com.paritytrading.parity.file.taq.TAQWriterTest
10:21:57.568 [INFO]   [Measuring]   out: [INFO] Tests run: 2, Failures: 0, Errors: 0, Skipped: 0, Time elapsed: 0.052 s - in com.paritytrading.parity.file.taq.TAQWriterTest
10:21:57.592 [INFO]   [Measuring]   out: [INFO] 
10:21:57.593 [INFO]   [Measuring]   out: [INFO] Results:
10:21:57.593 [INFO]   [Measuring]   out: [INFO] 
10:21:57.593 [INFO]   [Measuring]   out: [INFO] Tests run: 2, Failures: 0, Errors: 0, Skipped: 0
10:21:57.593 [INFO]   [Measuring]   out: [INFO] 
10:21:57.597 [INFO]   [Measuring]   deserializing line [DIFFBLUE]{"__type":"com.diffblue.cover.buildsystem.model.DefaultEventMessage","project":"com.paritytrading.parity:parity-file","goal":"test","cause":null,"state":"SUCCESS"}
10:21:57.597 [INFO]   [Measuring]   deserializing line [DIFFBLUE]{"__type":"com.diffblue.cover.buildsystem.model.DefaultEventMessage","project":"com.paritytrading.parity:parity-file","goal":"report","cause":null,"state":"STARTED"}
10:21:57.598 [INFO]   [Measuring]   out: [INFO] 
10:21:57.598 [INFO]   [Measuring]   out: [INFO] --- jacoco:0.8.11:report (default-cli) @ parity-file ---
10:21:57.601 [INFO]   [Measuring]   out: [INFO] Loading execution data file /home/jbergqvist/diffblue/paritytrading-parity/libraries/file/target/jacoco.exec
10:21:57.646 [INFO]   [Measuring]   out: [INFO] Analyzed bundle 'Parity File Formats' with 5 classes
10:21:57.670 [INFO]   [Measuring]   deserializing line [DIFFBLUE]{"__type":"com.diffblue.cover.buildsystem.model.DefaultEventMessage","project":"com.paritytrading.parity:parity-file","goal":"report","cause":null,"state":"SUCCESS"}
10:21:57.696 [INFO]   [Measuring]   deserializing line [DIFFBLUE]{"__type":"com.diffblue.cover.buildsystem.model.DefaultProjectModuleMessage","project":{"__type":"DefaultProjectModule","junitReport":["/home/jbergqvist/diffblue/paritytrading-parity/libraries/file/target/surefire-reports"],"jacocoReport":["/home/jbergqvist/diffblue/paritytrading-parity/libraries/file/target/site/jacoco/jacoco.xml"],"jacocoDestFile":["/home/jbergqvist/diffblue/paritytrading-parity/libraries/file/target/jacoco.exec"],"jacocoFormats":["xml"],"jacocoSkipped":false,"classpath":["/home/jbergqvist/diffblue/paritytrading-parity/libraries/file/target/classes","/home/jbergqvist/.m2/repository/org/junit/jupiter/junit-jupiter/5.7.0/junit-jupiter-5.7.0.jar","/home/jbergqvist/.m2/repository/org/junit/jupiter/junit-jupiter-api/5.7.0/junit-jupiter-api-5.7.0.jar","/home/jbergqvist/.m2/repository/org/apiguardian/apiguardian-api/1.1.0/apiguardian-api-1.1.0.jar","/home/jbergqvist/.m2/repository/org/opentest4j/opentest4j/1.2.0/opentest4j-1.2.0.jar","/home/jbergqvist/.m2/repository/org/junit/platform/junit-platform-commons/1.7.0/junit-platform-commons-1.7.0.jar","/home/jbergqvist/.m2/repository/org/junit/jupiter/junit-jupiter-params/5.7.0/junit-jupiter-params-5.7.0.jar","/home/jbergqvist/.m2/repository/org/junit/jupiter/junit-jupiter-engine/5.7.0/junit-jupiter-engine-5.7.0.jar","/home/jbergqvist/.m2/repository/org/junit/platform/junit-platform-engine/1.7.0/junit-platform-engine-1.7.0.jar","/home/jbergqvist/.m2/repository/com/diffblue/cover/cover-annotations/1.9.0/cover-annotations-1.9.0.jar","/home/jbergqvist/.m2/repository/org/mockito/mockito-core/4.11.0/mockito-core-4.11.0.jar","/home/jbergqvist/.m2/repository/net/bytebuddy/byte-buddy/1.12.19/byte-buddy-1.12.19.jar","/home/jbergqvist/.m2/repository/net/bytebuddy/byte-buddy-agent/1.12.19/byte-buddy-agent-1.12.19.jar","/home/jbergqvist/.m2/repository/org/objenesis/objenesis/3.3/objenesis-3.3.jar","/home/jbergqvist/.m2/repository/org/mockito/mockito-junit-jupiter/4.11.0/mockito-junit-jupiter-4.11.0.jar"],"complianceLevel":"1.8","productionSources":["/home/jbergqvist/diffblue/paritytrading-parity/libraries/file/src/main/java"],"testSources":["/home/jbergqvist/diffblue/paritytrading-parity/libraries/file/src/test/java"],"productionClasses":"/home/jbergqvist/diffblue/paritytrading-parity/libraries/file/target/classes","testClasses":"/home/jbergqvist/diffblue/paritytrading-parity/libraries/file/target/test-classes","sourceToBuildPathMap":null,"testSourceToBuildPathMap":null,"buildDirectory":"/home/jbergqvist/diffblue/paritytrading-parity/libraries/file/target","plugins":[{"__type":"DefaultPlugin","groupId":"org.apache.maven.plugins","artefactId":"maven-enforcer-plugin","version":"1.0","pluginClassName":null},{"__type":"DefaultPlugin","groupId":"org.apache.maven.plugins","artefactId":"maven-checkstyle-plugin","version":"3.1.0","pluginClassName":null},{"__type":"DefaultPlugin","groupId":"org.apache.maven.plugins","artefactId":"maven-compiler-plugin","version":"3.8.0","pluginClassName":null},{"__type":"DefaultPlugin","groupId":"org.apache.maven.plugins","artefactId":"maven-javadoc-plugin","version":"3.0.1","pluginClassName":null},{"__type":"DefaultPlugin","groupId":"org.apache.maven.plugins","artefactId":"maven-release-plugin","version":"2.5.3","pluginClassName":null},{"__type":"DefaultPlugin","groupId":"org.apache.maven.plugins","artefactId":"maven-clean-plugin","version":"3.2.0","pluginClassName":null},{"__type":"DefaultPlugin","groupId":"org.apache.maven.plugins","artefactId":"maven-resources-plugin","version":"3.3.1","pluginClassName":null},{"__type":"DefaultPlugin","groupId":"org.apache.maven.plugins","artefactId":"maven-jar-plugin","version":"3.4.1","pluginClassName":null},{"__type":"DefaultPlugin","groupId":"org.apache.maven.plugins","artefactId":"maven-surefire-plugin","version":"3.0.0-M5","pluginClassName":null},{"__type":"DefaultPlugin","groupId":"org.apache.maven.plugins","artefactId":"maven-install-plugin","version":"3.1.2","pluginClassName":null},{"__type":"DefaultPlugin","groupId":"org.apache.maven.plugins","artefactId":"maven-deploy-plugin","version":"2.8.2","pluginClassName":null},{"__type":"DefaultPlugin","groupId":"org.apache.maven.plugins","artefactId":"maven-site-plugin","version":"3.12.1","pluginClassName":null}],"version":"3.9.12","encoding":"UTF-8","name":"maven","subModules":[],"simpleModuleName":null,"parentModuleName":"com.paritytrading.parity:parity-parent","location":"/home/jbergqvist/diffblue/paritytrading-parity/libraries/file","fullModuleName":"com.paritytrading.parity:parity-file"}}
10:21:57.698 [INFO]   [Measuring]   out: [INFO] ------------------------------------------------------------------------
10:21:57.698 [INFO]   [Measuring]   out: [INFO] BUILD SUCCESS
10:21:57.698 [INFO]   [Measuring]   out: [INFO] ------------------------------------------------------------------------
10:21:57.698 [INFO]   [Measuring]   out: [INFO] Total time:  2.281 s
10:21:57.699 [INFO]   [Measuring]   out: [INFO] Finished at: 2026-01-20T10:21:57Z
10:21:57.699 [INFO]   [Measuring]   out: [INFO] ------------------------------------------------------------------------
10:21:57.700 [INFO]   [Measuring]   deserializing line [DIFFBLUE]{"__type":"com.diffblue.cover.buildsystem.model.ProjectInfoMessage","projectName":"com.paritytrading.parity:parity-file","productionSources":["/home/jbergqvist/diffblue/paritytrading-parity/libraries/file/src/main/java","/home/jbergqvist/diffblue/paritytrading-parity/libraries/file/target/generated-sources/annotations"],"testSources":["/home/jbergqvist/diffblue/paritytrading-parity/libraries/file/src/test/java","/home/jbergqvist/diffblue/paritytrading-parity/libraries/file/target/generated-test-sources/test-annotations"],"location":"/home/jbergqvist/diffblue/paritytrading-parity/libraries/file"}
10:21:57.776 [INFO]   [Measuring]   maven:err process not stopped, joining thread
10:21:57.776 [INFO]   [Measuring]   maven:out process not stopped, joining thread
10:21:57.780 [INFO]   [Measuring]   JaCoCo report file created in /home/jbergqvist/diffblue/paritytrading-parity/libraries/file/.diffblue/reports/manual-tests-jacoco-report.xml
10:21:57.786 [INFO]   [Measuring]   
10:21:57.797 [INFO]   [Measuring]   Diffblue tests cover 108 of 117 lines to cover (92.3%)
10:21:57.802 [INFO]   [Measuring]   Manual tests cover 103 of 117 lines to cover (88.0%)
10:21:57.920 [INFO]   [Reporting]   Writing JSON report to /home/jbergqvist/diffblue/paritytrading-parity/libraries/file/.diffblue/reports/report.json
10:21:58.060 [INFO]   [Reporting]   
10:21:58.060 [INFO]   [Reporting]   Log file: /home/jbergqvist/diffblue/paritytrading-parity/.diffblue/log/user-20260120T102105.log
10:21:58.061 [INFO]   [Reporting]   Finished in 44s
